client_id,valeur_vie_client_eur,revenu_mensuel_recurrent_eur,sieges_souscrits,utilisateurs_actifs,taille_entreprise_ge,plan_ent,fonctionnalites_utilisees,delai_reponse_support_h,taille_entreprise_tpe,plan_str,taille_entreprise_pme
CLI-002447,689.0,40.0,3,0,0,0,0,14.2,1,1,0
CLI-000087,701.0,171.02,10,2,0,0,0,17.7,1,0,0
CLI-001671,300.0,50.01,4,3,0,0,6,31.8,1,1,0
CLI-002103,7133.0,280.62,11,7,0,0,4,14.5,1,0,0
CLI-001474,101714.0,2000.67,39,26,0,0,13,6.4,0,0,1
CLI-002414,1510126.0,47220.94,593,334,1,1,12,1.8,0,0,0
CLI-000475,117188.0,3862.48,49,31,0,1,14,1.7,0,0,0
CLI-004297,32693.0,595.07,48,27,0,0,4,10.65,0,1,1
CLI-004909,1033.0,90.0,6,1,0,0,0,2.7,1,0,0
CLI-000115,52095.0,2117.68,48,13,0,0,7,5.7,0,0,1
CLI-000107,2907.0,73.85,3,2,0,0,6,12.3,1,0,0
CLI-001247,5072.0,562.28,42,20,0,0,2,24.1,0,1,0
CLI-000692,594.0,72.4,4,2,0,0,7,6.5,1,0,0
CLI-002448,122037.0,9921.7,184,77,0,0,15,10.3,0,0,0
CLI-003079,37763.0,3289.48,121,98,0,0,8,9.8,0,0,0
CLI-002633,412.0,45.66,2,1,0,0,5,12.0,1,0,0
CLI-004722,2242.0,151.9,8,4,0,0,5,13.2,1,0,0
CLI-001960,10710.0,567.89,20,0,0,0,0,1.2,0,0,1
CLI-003759,19676.0,1499.72,52,41,0,0,7,14.5,0,0,1
CLI-000604,18804.0,214.32,4,4,0,0,20,7.5,1,0,0
CLI-002683,14275.0,1339.11,53,0,0,0,0,3.8,0,0,1
CLI-000814,1626.0,180.29,7,5,0,0,9,5.6,0,0,1
CLI-003067,32264.0,4371.79,43,13,0,1,25,1.4,0,0,0
CLI-001415,411.0,45.51,2,1,0,0,4,10.65,1,0,0
CLI-004462,112852.0,1619.11,35,23,0,0,8,10.65,0,0,1
CLI-004512,9334.0,252.96,18,15,0,0,3,29.9,0,1,1
CLI-002415,5325.0,721.48,30,8,0,0,4,10.9,0,0,1
CLI-001170,13628.0,615.55,54,10,0,0,0,18.5,0,1,1
CLI-002570,192814.0,6531.64,134,103,0,0,9,6.7,0,0,0
CLI-001260,4368.0,57.9,2,2,0,0,9,17.4,1,0,0
CLI-003900,387970.0,11828.34,123,101,0,1,24,5.4,0,0,0
CLI-001946,957300.0,23825.28,833,475,1,0,6,16.3,0,0,0
CLI-001861,5339.0,591.9,38,5,0,0,4,7.9,0,0,1
CLI-001821,2130.0,288.58,11,9,0,0,12,6.7,1,0,0
CLI-004313,24432.0,1103.52,102,0,0,0,0,26.7,0,1,0
CLI-001782,35093.0,8559.39,112,52,0,1,20,2.1,0,0,0
CLI-004849,5121.0,1249.04,36,6,0,0,1,7.2,0,0,1
CLI-001981,27650.0,717.44,26,7,0,0,7,10.65,0,0,1
CLI-003391,300.0,10.22,1,1,0,0,4,11.4,1,1,0
CLI-002551,17307.0,781.7,32,14,0,0,7,13.6,0,0,1
CLI-003042,66985.0,2475.44,209,98,0,0,2,16.5,0,1,0
CLI-001556,138600.0,5282.03,114,49,0,0,14,9.3,0,0,0
CLI-004929,2135.0,86.8,7,5,0,0,3,34.3,1,1,0
CLI-003366,54732.0,1516.96,54,18,0,0,2,10.65,0,0,1
CLI-000940,20376.0,955.72,35,10,0,0,3,14.1,0,0,1
CLI-000246,3363.0,132.31,10,5,0,0,2,10.65,1,1,0
CLI-004718,37181.0,1333.62,50,37,0,0,5,10.65,0,0,1
CLI-003141,382432.0,46638.01,688,529,1,1,19,4.4,0,0,0
CLI-004803,401.0,37.59,4,3,0,0,4,17.6,1,1,0
CLI-003869,300.0,18.63,2,1,0,0,3,22.8,1,1,0
CLI-003939,444272.0,31870.33,727,76,1,0,8,4.6,0,0,0
CLI-000212,11642.0,887.36,37,36,0,0,9,13.6,0,0,1
CLI-001626,11078.0,409.4,38,16,0,0,2,9.2,0,1,1
CLI-000199,28659.0,944.61,24,5,0,0,5,0.5,0,0,1
CLI-003393,54520.0,1072.39,32,24,0,0,6,10.4,0,0,1
CLI-002214,2256.0,114.63,10,5,0,0,3,20.5,1,1,0
CLI-002489,306521.0,20767.02,814,285,1,0,3,14.7,0,0,0
CLI-002384,557.0,35.77,1,1,0,0,7,3.6,1,0,0
CLI-003396,24840.0,2524.44,52,0,0,1,0,0.5,0,0,1
CLI-001672,21551.0,5256.39,103,22,0,0,2,5.9,0,0,0
CLI-001784,701.0,142.55,7,5,0,0,7,11.6,1,0,0
CLI-000569,2378.0,131.82,10,2,0,0,1,20.0,0,1,1
CLI-004258,472.0,26.19,1,1,0,0,6,13.5,1,0,0
CLI-003022,60624.0,724.82,53,34,0,0,2,9.8,0,1,1
CLI-002375,5991.0,143.26,5,4,0,0,6,12.2,1,0,0
CLI-001113,4731.0,87.41,3,1,0,0,5,14.8,1,0,0
CLI-001779,2622.0,56.1,4,3,0,0,4,22.4,1,1,0
CLI-000967,300.0,10.82,1,0,0,0,0,32.4,1,1,0
CLI-002730,19255.0,1956.77,39,30,0,0,18,8.6,0,0,1
CLI-004757,1324.0,38.45,1,1,0,0,17,11.0,1,0,0
CLI-001182,2820.0,83.89,6,5,0,0,5,10.65,0,1,1
CLI-002780,300.0,43.47,5,1,0,0,4,38.7,1,1,0
CLI-004049,2927.0,72.84,7,5,0,0,3,10.7,1,1,0
CLI-002390,1054.0,67.68,5,2,0,0,4,18.2,1,1,0
CLI-002800,1309.0,106.41,9,0,0,0,0,34.7,1,1,0
CLI-003000,40937.0,1085.29,50,23,0,0,6,14.4,0,0,1
CLI-002226,60641.0,1120.5,39,12,0,0,2,13.8,0,0,1
CLI-000056,19035.0,859.76,39,18,0,0,4,10.65,0,0,1
CLI-001522,18564.0,754.63,58,0,0,0,0,18.6,0,1,1
CLI-000436,3294.0,223.14,5,1,0,0,4,3.0,1,0,0
CLI-004998,64427.0,1671.69,63,56,0,0,9,10.65,0,0,0
CLI-001303,40114.0,978.38,30,21,0,0,9,15.0,0,0,1
CLI-002263,182923.0,4957.26,206,31,0,0,0,10.65,0,0,0
CLI-002156,250489.0,4073.0,135,38,0,0,8,10.65,0,0,0
CLI-001104,300.0,14.76,2,1,0,0,1,10.65,1,1,0
CLI-000208,3421.0,260.72,10,3,0,0,4,10.2,1,0,0
CLI-002944,44441.0,903.27,39,14,0,0,4,13.6,0,0,1
CLI-001712,8860.0,372.59,10,6,0,0,9,4.9,1,0,0
CLI-002324,13399.0,371.37,17,9,0,0,5,10.5,0,0,1
CLI-001124,1636531.0,64379.68,884,126,1,1,13,2.7,0,0,0
CLI-000082,29561.0,1386.53,55,22,0,0,5,13.1,0,0,1
CLI-002580,5957.0,382.33,16,5,0,0,1,23.4,0,0,1
CLI-001562,17628.0,767.76,30,13,0,0,7,9.8,0,0,1
CLI-002698,2394.0,139.0,13,5,0,0,3,17.9,0,1,1
CLI-003819,7671.0,584.71,51,12,0,0,2,38.1,0,1,1
CLI-002655,44614.0,2176.31,46,28,0,0,10,10.6,0,0,1
CLI-000946,18383.0,1868.21,201,79,0,0,1,47.8,0,1,0
CLI-002463,508.0,56.32,5,2,0,0,3,24.3,1,1,0
CLI-004281,77197.0,1344.89,47,14,0,0,1,15.0,0,0,1
CLI-004963,29316.0,1324.11,26,7,0,0,6,0.5,0,0,1
CLI-004330,1103.0,122.3,10,3,0,0,2,24.4,1,1,0
CLI-002372,10497.0,753.03,15,6,0,0,8,10.3,0,0,1
CLI-000642,7841.0,239.07,9,6,0,0,7,10.65,0,0,1
CLI-002355,43158.0,2024.31,43,31,0,0,15,4.8,0,0,1
CLI-000990,297369.0,36264.48,855,451,1,0,8,9.4,0,0,0
CLI-002793,2000000.0,55542.77,621,497,1,1,8,1.4,0,0,0
CLI-001911,300.0,23.37,2,2,0,0,4,32.7,1,1,0
CLI-003539,428.0,104.29,9,5,0,0,5,27.9,1,1,0
CLI-001644,3414.0,101.54,4,0,0,0,0,6.7,1,0,0
CLI-004111,3524.0,214.86,10,3,0,0,4,15.0,1,0,0
CLI-000262,16589.0,2890.12,137,70,0,0,5,8.4,0,0,0
CLI-000432,27803.0,1883.7,37,22,0,0,6,3.2,0,0,0
CLI-000718,37647.0,1350.31,48,34,0,0,9,10.65,0,0,1
CLI-003114,25551.0,1483.8,33,17,0,0,13,6.9,0,0,1
CLI-003679,4164.0,298.73,25,8,0,0,2,38.8,0,1,1
CLI-004907,699.0,31.57,2,2,0,0,5,2.0,1,1,0
CLI-000693,15910.0,1077.91,42,31,0,0,5,14.6,0,0,1
CLI-001262,13749.0,644.91,23,11,0,0,1,9.0,0,0,1
CLI-004754,797.0,40.48,1,1,0,0,10,6.0,1,0,0
CLI-001202,991.0,22.38,2,1,0,0,2,31.2,1,1,0
CLI-002577,15018.0,1144.63,40,18,0,0,6,10.65,0,0,1
CLI-000787,2448.0,114.84,8,3,0,0,3,10.65,1,1,0
CLI-003523,20383.0,1462.18,40,25,0,0,12,5.6,0,0,1
CLI-001321,24961.0,2536.66,58,27,0,0,5,10.65,0,0,1
CLI-004613,3653.0,193.68,9,6,0,0,6,9.5,1,0,0
CLI-003330,10251.0,735.37,10,6,0,1,16,5.2,1,0,0
CLI-003834,1020.0,62.21,5,4,0,0,3,27.6,1,1,0
CLI-002335,3165.0,107.21,4,2,0,0,4,4.9,1,0,0
CLI-003823,21310.0,5197.48,217,145,0,0,8,13.1,0,0,0
CLI-002907,3621.0,102.69,8,1,0,0,0,24.4,1,1,0
CLI-000200,4701.0,382.21,15,12,0,0,4,14.4,0,0,1
CLI-000083,6508.0,1133.76,49,29,0,0,6,15.3,0,0,1
CLI-004231,77172.0,904.92,28,22,0,0,5,12.5,0,0,1
CLI-000622,19209.0,509.25,20,9,0,0,7,0.8,0,0,1
CLI-004242,4521.0,918.91,39,29,0,0,7,10.65,0,0,1
CLI-002439,2040.0,85.77,7,4,0,0,5,26.6,1,1,0
CLI-004388,11888.0,1812.27,55,12,0,0,2,3.6,0,0,1
CLI-004468,68252.0,5202.14,59,47,0,1,20,3.7,0,0,1
CLI-000157,3164.0,107.18,8,5,0,0,3,25.8,1,1,0
CLI-001932,1158240.0,61412.53,796,694,1,1,16,0.5,0,0,0
CLI-001049,16880.0,298.33,7,4,0,0,11,7.8,1,0,0
CLI-001465,46035.0,4010.04,47,35,0,1,18,0.5,0,0,1
CLI-002336,3444.0,1049.88,52,0,0,0,0,15.4,0,0,1
CLI-004088,1335.0,95.8,4,2,0,0,4,10.65,1,0,0
CLI-003359,2130.0,371.09,16,0,0,0,0,3.7,0,0,1
CLI-001423,3497.0,284.27,11,7,0,0,9,23.0,1,0,0
CLI-001031,4593.0,74.68,6,3,0,0,2,15.4,1,1,0
CLI-000272,26718.0,1551.59,138,83,0,0,1,25.7,0,1,0
CLI-002472,21611.0,752.98,32,16,0,0,2,8.1,0,0,1
CLI-003821,857.0,87.12,4,1,0,0,9,9.8,1,0,0
CLI-004306,4714.0,179.66,7,2,0,0,4,9.2,0,0,1
CLI-004801,13288.0,3241.09,53,10,0,1,9,2.9,0,0,1
CLI-002646,113211.0,2604.95,48,29,0,0,15,8.2,0,0,1
CLI-003309,29558.0,1441.85,60,13,0,0,4,10.65,0,0,0
CLI-004575,31865.0,2285.86,46,36,0,0,14,7.2,0,0,1
CLI-000947,91909.0,3029.31,145,94,0,0,8,14.9,0,0,0
CLI-004690,482.0,73.49,7,0,0,0,0,10.65,1,1,0
CLI-000474,632.0,38.56,3,2,0,0,4,29.3,1,1,0
CLI-001537,3856.0,213.73,3,2,0,1,20,10.65,1,0,0
CLI-004617,954.0,68.42,5,3,0,0,4,44.6,1,1,0
CLI-004175,5723.0,872.4,19,13,0,0,16,5.5,0,0,1
CLI-003582,5311.0,323.83,12,7,0,0,11,14.2,0,0,1
CLI-003920,8742.0,1332.58,36,20,0,0,10,2.6,0,0,1
CLI-004481,20197.0,1539.38,35,27,0,0,13,10.65,0,0,0
CLI-003332,52313.0,2199.88,41,35,0,0,17,9.7,0,0,1
CLI-000323,96362.0,4352.38,198,0,0,0,0,16.6,0,0,0
CLI-004060,8648.0,376.65,9,4,0,0,10,3.3,0,0,1
CLI-004280,2421.0,155.36,6,3,0,0,6,17.9,1,0,0
CLI-000864,21942.0,2229.87,52,41,0,0,16,6.2,0,0,1
CLI-004752,20715.0,616.14,12,10,0,0,18,5.3,0,0,1
CLI-002166,19246.0,1466.95,34,15,0,0,9,1.0,0,0,1
CLI-003019,16081.0,632.6,26,14,0,0,9,10.65,0,0,1
CLI-001209,1343.0,65.52,6,1,0,0,2,35.5,1,1,0
CLI-000929,201903.0,11191.94,167,89,0,1,3,2.7,0,0,0
CLI-004760,1224.0,124.37,10,2,0,0,2,6.9,0,1,1
CLI-002625,685.0,83.56,10,4,0,0,2,18.4,0,1,1
CLI-001797,73863.0,2814.91,55,33,0,0,10,9.4,0,0,0
CLI-000100,16931.0,860.31,46,9,0,0,8,11.2,0,0,1
CLI-001469,3964.0,268.59,27,0,0,0,0,10.65,0,1,1
CLI-004679,6184.0,279.32,9,4,0,0,3,6.8,1,0,0
CLI-001935,2434.0,129.05,11,4,0,0,2,11.2,1,1,0
CLI-000844,1114405.0,59088.28,782,339,1,1,15,3.1,0,0,0
CLI-000125,5206.0,171.59,6,3,0,0,8,10.9,0,0,1
CLI-002748,8668.0,106.78,7,6,0,0,3,9.2,1,1,0
CLI-002671,4494.0,182.69,8,5,0,0,9,12.6,0,0,1
CLI-002293,20846.0,1495.41,141,40,0,0,1,10.65,0,1,0
CLI-001803,1915.0,27.48,2,1,0,0,3,21.0,1,1,0
CLI-001175,153830.0,12506.49,171,88,0,1,18,2.3,0,0,0
CLI-003660,577.0,46.91,5,2,0,0,4,12.5,1,1,0
CLI-004215,37428.0,5071.61,212,81,0,0,1,20.7,0,0,0
CLI-003071,16406.0,1176.87,46,17,0,0,4,13.6,0,0,1
CLI-002585,3966.0,120.92,10,5,0,0,5,41.8,1,1,0
CLI-003827,39746.0,745.7,14,8,0,0,10,4.3,0,0,1
CLI-004316,15707.0,1915.54,186,50,0,0,1,24.4,0,1,0
CLI-004249,81862.0,9075.64,430,73,1,0,4,16.5,0,0,0
CLI-000322,2846.0,105.18,3,1,0,0,7,10.65,1,0,0
CLI-002874,6628.0,621.72,49,38,0,0,7,21.0,0,1,1
CLI-004652,73064.0,1350.04,47,22,0,0,5,7.9,0,0,1
CLI-000599,2521.0,236.45,10,7,0,0,8,16.8,1,0,0
CLI-000807,21017.0,985.78,28,11,0,0,11,5.3,0,0,1
CLI-004144,1472.0,41.75,3,1,0,0,2,10.65,1,1,0
CLI-004506,6403.0,867.56,47,9,0,0,3,17.3,0,0,1
CLI-002020,15100.0,1227.63,56,25,0,0,5,12.7,0,0,1
CLI-001968,79294.0,5688.25,134,51,0,0,11,10.65,0,0,0
CLI-004047,9677.0,655.62,29,6,0,0,0,13.6,0,0,1
CLI-004656,4498.0,1371.47,36,12,0,0,4,5.2,0,0,1
CLI-001966,2000000.0,73524.22,764,510,1,1,7,3.7,0,0,0
CLI-002545,25787.0,2096.48,49,28,0,0,11,7.0,0,0,1
CLI-001650,1916.0,93.46,8,4,0,0,3,32.5,1,1,0
CLI-002048,69221.0,6493.52,75,48,0,1,12,0.5,0,0,0
CLI-000917,261187.0,8847.81,198,92,0,0,15,2.5,0,0,0
CLI-003853,50789.0,2293.98,57,8,0,0,9,10.65,0,0,1
CLI-001685,75655.0,8387.42,207,90,0,0,10,9.1,0,0,0
CLI-001885,17358.0,1924.44,53,15,0,0,2,0.5,0,0,0
CLI-004480,11945.0,1324.32,53,45,0,0,8,12.2,0,0,1
CLI-001659,33937.0,1118.56,42,36,0,0,12,7.8,0,0,1
CLI-004466,271073.0,4591.35,180,140,0,0,10,7.8,0,0,0
CLI-004122,970806.0,43848.49,514,247,1,1,20,0.5,0,0,0
CLI-002973,316329.0,10715.76,129,36,0,1,5,3.7,0,0,0
CLI-000591,60965.0,2009.38,38,14,0,0,4,8.9,0,0,1
CLI-004925,1152.0,93.63,8,0,0,0,0,30.0,1,1,0
CLI-002159,7269.0,110.81,7,6,0,0,5,1.2,1,1,0
CLI-003663,414.0,24.05,2,1,0,0,1,10.65,1,1,0
CLI-001357,22979.0,266.89,9,6,0,0,10,8.8,1,0,0
CLI-003591,968282.0,69460.69,817,30,1,1,5,0.5,0,0,0
CLI-003959,285034.0,10533.42,258,37,1,0,1,4.4,0,0,0
CLI-003447,3092.0,53.86,4,3,0,0,3,28.4,1,1,0
CLI-003888,6986.0,473.3,18,8,0,0,9,12.4,0,0,1
CLI-004326,6363.0,323.33,16,5,0,0,3,11.6,0,0,1
CLI-003788,528.0,107.37,4,3,0,0,4,14.5,1,0,0
CLI-003149,5099.0,282.66,14,9,0,0,9,4.6,0,0,1
CLI-004416,86345.0,6194.08,160,94,0,0,9,10.65,0,0,0
CLI-004158,2417.0,173.4,8,3,0,0,5,18.1,1,0,0
CLI-002093,14354.0,514.84,19,14,0,0,10,8.4,0,0,1
CLI-002492,2977.0,453.77,45,19,0,0,4,11.8,0,1,1
CLI-001369,9721.0,382.43,8,8,0,0,13,12.1,1,0,0
CLI-002768,60885.0,1178.58,27,19,0,0,14,6.3,0,0,1
CLI-001814,55933.0,682.11,58,31,0,0,4,10.65,0,1,1
CLI-003148,8978.0,119.01,4,3,0,0,8,10.65,1,0,0
CLI-001585,78580.0,1597.15,57,32,0,0,7,10.65,0,0,1
CLI-004853,2497.0,108.75,9,6,0,0,3,0.5,1,1,0
CLI-003136,295201.0,9230.8,105,0,0,1,0,4.3,0,0,0
CLI-001475,300.0,34.05,3,1,0,0,1,23.0,1,1,0
CLI-002540,27219.0,6400.0,80,44,0,1,7,6.1,0,0,0
CLI-001835,53253.0,2497.8,51,44,0,0,5,4.9,0,0,1
CLI-004457,13866.0,560.0,7,6,0,1,21,4.5,1,0,0
CLI-000414,41009.0,2941.85,59,25,0,0,8,8.0,0,0,1
CLI-004095,582.0,101.37,9,5,0,0,3,28.5,1,1,0
CLI-002537,104785.0,10648.88,158,0,1,1,0,1.9,0,0,0
CLI-001662,524.0,106.55,9,4,0,0,2,17.3,1,1,0
CLI-000131,10715.0,945.0,21,5,0,0,3,8.2,0,0,1
CLI-002756,2896.0,271.63,11,0,0,0,0,15.1,1,0,0
CLI-000114,1881.0,99.76,8,6,0,0,4,41.6,1,1,0
CLI-000072,12064.0,774.31,16,9,0,0,13,8.3,0,0,1
CLI-000625,11500.0,1001.74,38,16,0,0,8,13.9,0,0,1
CLI-001073,1434.0,218.57,10,6,0,0,4,18.2,1,0,0
CLI-001230,16441.0,455.68,17,8,0,0,8,16.2,0,0,1
CLI-003968,150469.0,13107.05,541,457,1,0,9,6.3,0,0,0
CLI-001760,34444.0,1615.57,19,12,0,1,21,3.6,0,0,1
CLI-002119,3558.0,114.17,9,6,0,0,3,11.9,1,1,0
CLI-003842,306.0,13.83,1,1,0,0,2,12.8,1,1,0
CLI-002433,47623.0,2525.1,85,76,0,0,10,10.65,0,0,0
CLI-000952,23455.0,2043.12,40,32,0,0,17,6.4,0,0,1
CLI-004100,21340.0,839.5,37,10,0,0,4,11.4,0,0,1
CLI-003678,18373.0,2240.62,57,0,0,0,0,11.0,0,0,1
CLI-004424,2381.0,132.0,11,4,0,0,2,17.6,1,1,0
CLI-004301,68566.0,733.48,50,0,0,0,0,35.2,0,1,1
CLI-004423,8758.0,508.6,16,15,0,0,5,13.6,0,0,1
CLI-000823,4005.0,257.06,13,7,0,0,5,15.7,0,0,1
CLI-001141,3995.0,270.66,11,8,0,0,7,14.7,0,0,1
CLI-001401,8389.0,730.78,31,28,0,0,9,8.9,0,0,1
CLI-001000,5277.0,93.26,3,2,0,0,8,12.5,1,0,0
CLI-002735,3161.0,50.73,1,1,0,0,11,4.0,1,0,0
CLI-004320,3201.0,487.98,22,2,0,0,0,9.4,0,0,1
CLI-000571,2997.0,117.9,9,6,0,0,2,9.6,1,1,0
CLI-000184,16255.0,1238.96,46,35,0,0,9,11.5,0,0,1
CLI-004598,10238.0,960.44,47,8,0,0,4,14.4,0,0,1
CLI-000469,38133.0,2214.47,48,20,0,0,8,3.0,0,0,1
CLI-000076,80460.0,817.68,29,8,0,0,7,13.0,0,0,1
CLI-003062,19367.0,2147.17,54,8,0,0,3,3.7,0,0,0
CLI-003687,4991.0,760.76,40,27,0,0,7,5.4,0,0,1
CLI-000332,2638.0,201.07,9,5,0,0,3,10.3,1,0,0
CLI-004692,4857.0,1395.0,31,11,0,0,9,4.8,0,0,1
CLI-004883,1285.0,223.85,13,4,0,0,3,10.6,0,0,1
CLI-003075,52040.0,3966.47,104,51,0,0,8,4.8,0,0,0
CLI-002356,2160.0,188.13,8,2,0,0,4,12.6,1,0,0
CLI-003825,13202.0,1788.87,47,21,0,0,9,10.65,0,0,1
CLI-000273,385918.0,10458.47,206,143,0,0,13,3.5,0,0,0
CLI-004261,3777.0,658.0,11,1,0,1,1,0.5,1,0,0
CLI-002387,5445.0,316.21,11,9,0,0,9,20.9,1,0,0
CLI-002270,706.0,95.65,8,5,0,0,4,28.5,1,1,0
CLI-002666,84633.0,2293.57,189,122,0,0,3,11.3,0,1,0
CLI-004624,1208.0,113.36,10,5,0,0,3,24.0,1,1,0
CLI-000118,302890.0,12737.16,159,0,0,1,0,5.4,0,0,0
CLI-003255,14128.0,615.35,7,4,0,1,9,4.2,0,0,1
CLI-004890,988.0,80.29,4,3,0,0,8,9.2,1,0,0
CLI-003414,1143.0,99.57,4,0,0,0,0,10.9,1,0,0
CLI-000677,74157.0,1884.08,45,20,0,0,10,8.8,0,0,1
CLI-000012,300.0,12.35,1,1,0,0,4,27.2,1,1,0
CLI-002346,103343.0,2172.9,40,12,0,0,13,9.5,0,0,1
CLI-002731,18400.0,1068.55,44,0,0,0,0,15.0,0,0,1
CLI-001651,324801.0,18861.83,419,135,1,0,14,4.4,0,0,0
CLI-002459,8720.0,817.98,22,9,0,0,9,5.6,0,0,1
CLI-001341,130008.0,9909.16,185,101,0,0,6,5.8,0,0,0
CLI-003771,4042.0,44.01,3,2,0,0,2,33.4,1,1,0
CLI-000911,2354.0,191.39,8,7,0,0,10,14.2,1,0,0
CLI-003972,34271.0,485.97,9,4,0,0,11,9.5,0,0,1
CLI-003423,1564.0,190.68,15,6,0,0,2,16.1,0,1,1
CLI-003911,20364.0,1241.69,48,16,0,0,2,15.2,0,0,0
CLI-004460,3610.0,293.5,14,1,0,0,2,10.65,0,0,1
CLI-003754,1300.0,29.36,1,1,0,0,11,10.65,1,0,0
CLI-003937,2120.0,258.52,7,2,0,0,4,5.6,0,0,1
CLI-004245,9079.0,178.58,6,5,0,0,11,13.3,1,0,0
CLI-000080,286686.0,4370.22,43,10,0,1,11,3.8,0,0,0
CLI-001934,24280.0,1558.43,38,0,0,0,0,0.8,0,0,1
CLI-001410,15608.0,366.03,4,0,0,1,0,5.2,1,0,0
CLI-000313,75142.0,2863.66,54,24,0,0,4,5.1,0,0,1
CLI-004381,14966.0,793.53,14,9,0,0,13,10.65,0,0,1
CLI-003624,2526.0,146.69,6,4,0,0,6,18.6,1,0,0
CLI-003739,201385.0,14446.57,535,133,1,0,2,14.2,0,0,0
CLI-001454,8258.0,457.75,43,12,0,0,3,25.9,0,1,1
CLI-000271,76825.0,1398.34,49,25,0,0,10,18.5,0,0,1
CLI-003002,253322.0,2574.41,45,21,0,0,17,10.6,0,0,0
CLI-000944,5922.0,267.47,8,5,0,0,1,10.65,1,0,0
CLI-001603,479.0,48.68,2,1,0,0,6,6.8,1,0,0
CLI-003674,14596.0,1271.4,49,34,0,0,7,9.5,0,0,1
CLI-000934,9765.0,1190.81,69,54,0,0,8,10.65,0,0,0
CLI-003083,23795.0,4836.44,182,148,0,0,8,7.6,0,0,0
CLI-001770,19437.0,658.45,48,26,0,0,2,10.65,0,1,1
CLI-003605,336788.0,8381.99,84,23,0,1,16,10.65,0,0,0
CLI-004296,3494.0,85.23,7,6,0,0,3,26.5,1,1,0
CLI-000296,6100.0,130.51,11,3,0,0,1,18.9,1,1,0
CLI-001181,3370.0,228.29,5,3,0,0,8,8.1,1,0,0
CLI-001306,5762.0,212.93,8,5,0,0,6,12.2,1,0,0
CLI-002650,590.0,13.83,1,1,0,0,3,39.8,1,1,0
CLI-002397,4118.0,135.74,11,7,0,0,4,29.8,1,1,0
CLI-003208,98711.0,4458.51,172,85,0,0,6,11.7,0,0,0
CLI-001894,8691.0,675.0,27,14,0,0,10,13.7,0,0,1
CLI-001705,182004.0,11097.82,251,103,1,0,10,8.1,0,0,0
CLI-001497,69021.0,2338.11,172,50,0,0,1,32.6,0,1,0
CLI-000503,3512.0,79.32,6,5,0,0,5,22.1,1,1,0
CLI-004470,300.0,10.92,1,1,0,0,4,36.2,1,1,0
CLI-000255,155688.0,3218.02,63,0,0,0,0,6.4,0,0,0
CLI-001679,2704.0,173.53,8,2,0,0,2,4.9,1,0,0
CLI-000133,23248.0,914.55,38,19,0,0,4,18.1,0,0,1
CLI-004730,1753.0,97.17,9,3,0,0,1,32.8,1,1,0
CLI-002076,1952.0,113.35,8,6,0,0,3,34.3,1,1,0
CLI-000282,11433.0,1080.0,24,9,0,0,8,0.5,0,0,1
CLI-000214,490249.0,24911.02,876,594,1,0,7,9.1,0,0,0
CLI-003569,149692.0,15212.65,173,156,1,1,16,3.6,0,0,0
CLI-004324,3471.0,151.16,10,9,0,0,4,20.2,1,1,0
CLI-002661,7167.0,397.26,18,6,0,0,5,11.0,0,0,1
CLI-001320,538639.0,54739.74,783,533,1,1,16,2.2,0,0,0
CLI-004916,9357.0,1426.31,30,0,0,0,0,10.0,0,0,0
CLI-001296,703320.0,32988.72,653,196,1,0,11,2.6,0,0,0
CLI-001102,9704.0,394.48,24,17,0,0,3,25.5,0,1,1
CLI-002831,168472.0,4466.39,72,39,0,0,14,9.7,0,0,0
CLI-001757,17123.0,1392.14,58,22,0,0,5,15.8,0,0,1
CLI-000149,995.0,71.36,6,2,0,0,4,19.7,1,1,0
CLI-002365,37548.0,1761.14,41,23,0,0,6,5.2,0,0,1
CLI-000068,153255.0,8899.84,118,0,0,1,0,4.9,0,0,0
CLI-003638,5103.0,444.51,21,12,0,0,6,6.8,0,0,1
CLI-000875,3181.0,352.63,26,15,0,0,3,10.65,0,1,1
CLI-004065,9187.0,1244.8,17,10,0,1,19,1.4,0,0,1
CLI-000415,2302.0,65.3,5,4,0,0,5,7.6,1,1,0
CLI-002275,562.0,31.18,3,1,0,0,5,14.9,1,1,0
CLI-001598,230429.0,2341.76,44,24,0,0,13,1.9,0,0,1
CLI-001434,1882176.0,76511.23,884,829,1,1,22,4.5,0,0,0
CLI-002915,48625.0,1289.1,43,36,0,0,9,14.7,0,0,1
CLI-004209,1968.0,119.99,9,4,0,0,1,19.2,1,1,0
CLI-003440,37877.0,5773.9,201,174,0,0,10,8.9,0,0,0
CLI-001633,8845.0,674.14,15,5,0,0,1,8.3,0,0,1
CLI-003994,47274.0,4434.74,126,45,0,0,11,5.8,0,0,0
CLI-001242,1602.0,36.0,3,1,0,0,2,24.3,1,1,0
CLI-001236,40205.0,1751.1,42,19,0,0,7,9.6,0,0,0
CLI-001309,48380.0,4916.69,108,72,0,0,12,4.1,0,0,0
CLI-000889,300.0,28.8,2,1,0,0,4,23.4,1,1,0
CLI-002110,28757.0,2697.62,40,21,0,1,11,2.4,0,0,1
CLI-004333,99236.0,1920.95,35,12,0,0,5,2.4,0,0,1
CLI-002724,13187.0,2297.43,52,0,0,0,0,5.1,0,0,1
CLI-001865,4190.0,81.1,9,1,0,0,1,10.65,0,1,1
CLI-003348,5644.0,129.86,9,5,0,0,3,37.3,1,1,0
CLI-001687,2244.0,160.95,7,2,0,0,0,0.5,1,0,0
CLI-000549,18261.0,927.91,11,3,0,1,6,2.6,1,0,0
CLI-000798,4170.0,726.45,35,17,0,0,5,10.65,0,0,1
CLI-000249,17646.0,1344.94,53,44,0,0,3,7.6,0,0,1
CLI-002253,15258.0,432.74,18,11,0,0,7,16.2,0,0,1
CLI-001762,278596.0,14771.81,201,17,0,1,1,10.65,0,0,0
CLI-003432,145646.0,5224.02,199,0,0,0,0,9.2,0,0,0
CLI-003558,35862.0,3644.47,96,35,0,0,5,10.1,0,0,0
CLI-002118,160932.0,14018.45,164,57,0,1,12,5.6,0,0,0
CLI-000071,7896.0,875.41,44,24,0,0,6,10.65,0,0,1
CLI-000073,1455.0,104.37,10,3,0,0,2,6.9,1,1,0
CLI-000773,17236.0,3002.72,37,3,0,1,4,2.6,0,0,0
CLI-003229,2137.0,173.74,5,2,0,0,8,8.4,1,0,0
CLI-003537,270869.0,55054.74,824,159,1,1,5,6.0,0,0,0
CLI-001833,3397.0,414.22,38,22,0,0,1,3.1,0,1,1
CLI-003814,33646.0,1865.09,42,20,0,0,10,12.6,0,0,1
CLI-004766,12179.0,781.72,30,8,0,0,9,13.3,0,0,1
CLI-000094,698.0,77.39,6,1,0,0,2,10.65,1,1,0
CLI-004716,1759.0,165.03,14,1,0,0,2,9.6,0,1,1
CLI-004257,19730.0,1503.83,52,40,0,0,4,12.5,0,0,1
CLI-004572,23004.0,239.77,8,5,0,0,7,6.0,1,0,0
CLI-002281,21044.0,1222.06,55,24,0,0,5,10.65,0,0,1
CLI-001888,68609.0,3637.79,154,121,0,0,5,15.0,0,0,0
CLI-001854,1371.0,185.8,8,5,0,0,6,11.9,1,0,0
CLI-000610,300.0,48.89,4,1,0,0,3,34.6,1,1,0
CLI-001952,59340.0,2495.39,52,22,0,0,9,8.6,0,0,1
CLI-004970,103191.0,33360.0,417,103,1,1,7,4.4,0,0,0
CLI-002716,333530.0,8134.88,175,111,0,0,7,0.6,0,0,0
CLI-000753,122450.0,2074.02,42,25,0,0,12,9.0,0,0,1
CLI-004812,161413.0,8145.0,181,70,1,0,6,4.8,0,0,0
CLI-002857,6171.0,250.84,9,5,0,0,8,10.65,0,0,1
CLI-004392,300.0,23.38,2,1,0,0,1,39.1,1,1,0
CLI-001133,2934.0,149.11,6,1,0,0,8,20.5,0,0,1
CLI-004746,496.0,50.41,2,1,0,0,7,11.0,1,0,0
CLI-000037,20143.0,1889.58,38,14,0,0,15,7.4,0,0,1
CLI-004043,13670.0,757.78,31,17,0,0,3,2.3,0,0,1
CLI-000893,28926.0,4409.41,115,12,0,0,3,7.8,0,0,0
CLI-004262,17511.0,260.43,10,4,0,0,6,10.3,1,0,0
CLI-003227,35877.0,1215.33,52,23,0,0,6,10.1,0,0,1
CLI-002687,5145.0,216.37,15,8,0,0,4,16.3,0,1,1
CLI-001584,44406.0,1547.26,31,0,0,0,0,7.6,0,0,1
CLI-004161,9355.0,1267.55,35,8,0,0,3,6.0,0,0,1
CLI-000606,2000000.0,30555.0,679,151,1,0,11,10.65,0,0,0
CLI-000824,16315.0,537.73,53,14,0,0,2,7.3,0,1,1
CLI-002734,13832.0,887.83,19,8,0,0,11,6.4,0,0,1
CLI-000338,537872.0,40996.35,891,708,1,0,11,9.7,0,0,0
CLI-000861,1630.0,75.0,3,1,0,0,2,10.2,1,0,0
CLI-004318,234998.0,9552.76,206,143,0,0,14,1.4,0,0,0
CLI-002443,118383.0,3915.0,87,52,0,0,16,9.7,0,0,0
CLI-001197,22317.0,256.75,8,4,0,0,7,11.2,1,0,0
CLI-000969,34738.0,985.2,37,27,0,0,8,10.5,0,0,0
CLI-002946,4439.0,98.43,9,7,0,0,1,32.0,1,1,0
CLI-003602,2638.0,268.08,22,7,0,0,3,19.7,0,1,1
CLI-003082,229012.0,3933.57,43,32,0,1,19,2.4,0,0,1
CLI-003984,300.0,21.56,1,1,0,0,4,8.9,1,0,0
CLI-002504,28671.0,1589.32,59,22,0,0,7,13.7,0,0,1
CLI-003711,3073.0,936.86,47,9,0,0,0,16.9,0,0,1
CLI-003331,1513.0,141.95,11,4,0,0,1,31.1,1,1,0
CLI-001583,16864.0,587.6,19,12,0,0,5,5.2,0,0,1
CLI-003102,43297.0,643.91,45,42,0,0,7,30.1,0,1,1
CLI-004796,300.0,21.41,2,1,0,0,3,33.4,1,1,0
CLI-001367,1837.0,50.92,4,2,0,0,3,23.3,1,1,0
CLI-003462,26597.0,3603.94,86,24,0,0,4,5.9,0,0,0
CLI-002803,5705.0,108.71,9,4,0,0,3,16.9,1,1,0
CLI-002363,6394.0,173.29,6,3,0,0,9,7.6,0,0,1
CLI-001674,10742.0,1091.62,52,35,0,0,5,17.5,0,0,1
CLI-004896,1818.0,116.68,9,5,0,0,3,20.8,1,1,0
CLI-004192,145452.0,12670.05,195,113,0,1,15,0.5,0,0,0
CLI-003386,1603.0,279.26,9,0,0,0,0,5.6,1,0,0
CLI-003273,300.0,11.77,1,1,0,0,3,18.4,1,1,0
CLI-002413,4955.0,140.52,11,2,0,0,2,20.8,1,1,0
CLI-001059,8555.0,163.02,2,1,0,1,17,10.65,1,0,0
CLI-004868,913072.0,31814.34,643,202,1,0,6,2.9,0,0,0
CLI-000226,35302.0,7175.2,173,0,0,0,0,4.1,0,0,0
CLI-000297,300.0,12.3,1,1,0,0,4,32.8,1,1,0
CLI-002805,1120.0,71.88,3,1,0,0,4,14.5,1,0,0
CLI-001649,2286.0,199.11,8,2,0,0,0,13.5,1,0,0
CLI-002894,10966.0,1028.69,42,14,0,0,3,15.3,0,0,1
CLI-000901,8946.0,1818.38,52,29,0,0,9,3.0,0,0,0
CLI-004731,316736.0,8218.38,179,34,0,0,1,2.7,0,0,0
CLI-003168,25527.0,317.66,7,2,0,0,9,10.65,0,0,1
CLI-003970,1096.0,51.43,2,1,0,0,6,10.65,1,0,0
CLI-001420,3267.0,78.13,6,5,0,0,5,20.9,1,1,0
CLI-000190,1826.0,76.78,6,2,0,0,2,25.2,1,1,0
CLI-000697,2656.0,462.65,10,6,0,0,14,10.1,0,0,1
CLI-003699,489914.0,49788.0,882,635,1,0,16,6.0,0,0,0
CLI-004946,8905.0,528.0,44,31,0,0,3,14.5,0,1,1
CLI-004393,61045.0,5317.55,118,104,0,0,17,0.5,0,0,0
CLI-004196,25330.0,1404.09,48,30,0,0,9,13.7,0,0,1
CLI-003284,2240.0,68.28,5,4,0,0,3,19.2,1,1,0
CLI-002893,17430.0,850.22,11,9,0,1,19,1.3,1,0,0
CLI-003216,2327.0,202.71,7,4,0,0,6,11.3,0,0,1
CLI-000498,122160.0,3169.69,46,26,0,1,12,0.9,0,0,1
CLI-003693,1977826.0,70940.69,870,0,1,1,0,2.1,0,0,0
CLI-000920,1759.0,178.75,7,2,0,0,3,15.1,1,0,0
CLI-002475,1565.0,190.89,4,2,0,0,11,3.5,1,0,0
CLI-003995,1995.0,62.38,5,1,0,0,2,16.0,1,1,0
CLI-003603,1180.0,53.3,2,1,0,0,5,7.3,1,0,0
CLI-004758,8140.0,275.75,10,0,0,0,0,10.65,0,0,1
CLI-001737,5002.0,210.33,7,5,0,0,10,11.7,1,0,0
CLI-002617,35129.0,1044.88,22,9,0,0,5,3.5,0,0,1
CLI-001592,1713.0,90.81,7,4,0,0,0,23.9,1,1,0
CLI-003867,48950.0,14923.89,207,51,0,1,10,2.9,0,0,0
CLI-003065,13876.0,545.87,44,33,0,0,3,17.8,0,1,1
CLI-004240,1649.0,80.42,6,1,0,0,3,31.5,1,1,0
CLI-002241,14881.0,864.17,34,8,0,0,6,13.2,0,0,0
CLI-003373,4350.0,156.03,12,3,0,0,3,29.9,0,1,1
CLI-004530,23715.0,1928.01,38,0,0,0,0,10.65,0,0,1
CLI-003574,372.0,32.4,3,2,0,0,5,22.3,1,1,0
CLI-001445,41085.0,2277.46,47,30,0,0,11,7.5,0,0,1
CLI-004413,23835.0,1162.7,42,0,0,0,0,9.3,0,0,1
CLI-002964,976.0,54.1,2,1,0,0,5,13.9,1,0,0
CLI-003235,1752.0,237.43,8,6,0,0,10,13.2,1,0,0
CLI-004361,314152.0,15324.48,352,94,1,0,3,9.5,0,0,0
CLI-000095,33131.0,1122.33,43,6,0,0,3,9.7,0,0,1
CLI-000842,404687.0,10071.86,209,167,0,0,11,2.0,0,0,0
CLI-002665,2457.0,124.83,10,0,0,0,0,23.0,1,1,0
CLI-002406,66848.0,3544.44,89,56,0,0,9,5.1,0,0,0
CLI-000390,1010.0,153.91,6,3,0,0,6,7.9,1,0,0
CLI-002663,17477.0,926.69,39,29,0,0,8,2.4,0,0,1
CLI-003681,22657.0,2763.07,39,31,0,1,18,1.2,0,0,1
CLI-003996,3070.0,624.02,9,2,0,1,11,4.2,1,0,0
CLI-003684,458169.0,4656.19,164,70,0,0,4,10.0,0,0,0
CLI-000053,58549.0,5492.41,168,126,0,0,7,1.1,0,0,0
CLI-001191,19048.0,929.18,23,18,0,0,11,7.2,0,0,1
CLI-004805,209672.0,17046.51,216,40,0,1,4,7.6,0,0,0
CLI-002424,4778.0,264.86,11,6,0,0,6,9.5,1,0,0
CLI-003549,13853.0,1535.85,37,0,0,0,0,10.65,0,0,1
CLI-004969,6068.0,924.98,35,6,0,0,4,6.9,0,0,1
CLI-004188,48977.0,4594.49,107,81,0,0,9,10.3,0,0,0
CLI-003899,735.0,74.66,7,5,0,0,3,22.2,1,1,0
CLI-003529,224343.0,7816.83,205,37,0,0,11,4.7,0,0,0
CLI-002268,2600.0,93.25,7,1,0,0,3,10.65,1,1,0
CLI-002826,70899.0,1695.34,56,44,0,0,8,21.8,0,0,1
CLI-000544,20781.0,873.88,36,15,0,0,6,7.4,0,0,0
CLI-004214,3674.0,149.34,11,7,0,0,4,24.0,1,1,0
CLI-003044,300.0,12.3,1,1,0,0,1,31.3,1,1,0
CLI-000409,5710.0,198.97,8,5,0,0,5,20.9,1,0,0
CLI-004610,3929.0,319.4,29,14,0,0,4,19.1,0,1,1
CLI-001563,30656.0,1699.35,65,27,0,0,4,9.9,0,0,0
CLI-001586,906445.0,42516.2,826,701,1,0,11,9.8,0,0,0
CLI-003580,1800.0,84.41,7,1,0,0,1,25.1,1,1,0
CLI-002259,11343.0,658.73,56,0,0,0,0,23.0,0,1,1
CLI-001448,229433.0,5829.08,205,0,0,0,0,11.5,0,0,0
CLI-004053,300.0,10.12,1,0,0,0,0,10.65,1,1,0
CLI-001269,663.0,14.19,1,1,0,0,3,10.65,1,1,0
CLI-001776,439671.0,18489.09,378,328,1,0,12,6.3,0,0,0
CLI-003052,3705.0,265.77,11,6,0,0,4,14.7,0,0,1
CLI-001694,2689.0,252.27,11,3,0,0,2,15.4,1,0,0
CLI-004494,153886.0,4468.23,58,27,0,1,10,1.6,0,0,1
CLI-004063,28504.0,1241.45,37,5,0,0,1,10.65,0,0,0
CLI-001545,310.0,34.41,4,2,0,0,4,20.5,1,1,0
CLI-002880,66899.0,1854.18,37,19,0,0,14,4.0,0,0,1
CLI-004434,78523.0,4560.0,107,48,0,0,4,6.5,0,0,0
CLI-003116,476.0,25.0,1,1,0,0,6,16.4,1,0,0
CLI-004676,80163.0,6517.29,161,39,0,0,3,7.8,0,0,0
CLI-001264,14417.0,2511.65,58,33,0,0,9,4.3,0,0,1
CLI-000725,3415.0,320.35,15,3,0,0,4,13.3,0,0,1
CLI-004655,749.0,83.01,2,1,0,0,11,8.7,1,0,0
CLI-004908,352.0,23.88,2,1,0,0,3,16.3,1,1,0
CLI-002124,371870.0,41227.25,502,410,1,1,15,0.5,0,0,0
CLI-002009,1673.0,88.69,7,2,0,0,0,19.5,1,1,0
CLI-002657,990.0,86.2,3,1,0,0,6,15.2,1,0,0
CLI-001910,15516.0,652.47,30,15,0,0,4,15.7,0,0,0
CLI-002229,10516.0,188.59,8,4,0,0,5,18.6,0,0,1
CLI-001933,78871.0,2236.84,46,30,0,0,10,8.5,0,0,1
CLI-000851,11461.0,635.29,36,21,0,0,6,17.6,0,0,1
CLI-002155,2720.0,125.0,5,4,0,0,7,9.6,1,0,0
CLI-004809,72181.0,1760.51,74,47,0,0,10,12.5,0,0,0
CLI-003194,188962.0,4608.83,167,107,0,0,10,2.0,0,0,0
CLI-002941,725655.0,18828.62,274,218,1,1,23,3.5,0,0,0
CLI-002328,665.0,90.15,4,2,0,0,5,8.1,1,0,0
CLI-004256,856.0,61.43,3,1,0,0,4,5.1,1,0,0
CLI-000545,200430.0,4526.42,89,48,0,0,6,10.1,0,0,0
CLI-002700,289688.0,17663.9,199,157,0,1,28,7.4,0,0,0
CLI-004464,725.0,80.36,4,1,0,0,10,3.7,1,0,0
CLI-003801,1513.0,205.05,9,1,0,0,2,13.2,1,0,0
CLI-004442,3794.0,154.23,10,5,0,0,4,7.1,0,1,1
CLI-001551,79713.0,6075.71,168,120,0,0,11,2.4,0,0,0
CLI-004186,667.0,73.94,6,0,0,0,0,15.1,1,1,0
CLI-001368,1759.0,165.0,11,6,0,0,6,10.65,1,0,0
CLI-003619,409.0,71.31,6,0,0,0,0,20.4,1,1,0
CLI-004002,37524.0,1345.91,48,37,0,0,7,13.5,0,0,1
CLI-004814,10304.0,546.33,52,21,0,0,0,10.65,0,1,1
CLI-004529,4088.0,453.2,6,0,0,1,0,7.5,0,0,1
CLI-004543,309.0,31.38,3,1,0,0,1,29.4,1,1,0
CLI-000218,115057.0,7015.68,152,53,0,0,6,4.4,0,0,0
CLI-004500,30185.0,2454.05,108,68,0,0,7,12.9,0,0,0
CLI-002184,90030.0,2111.39,39,19,0,0,11,6.6,0,0,1
CLI-003772,132881.0,3057.54,54,37,0,0,11,10.65,0,0,0
CLI-003800,1050.0,42.7,3,1,0,0,1,28.4,1,1,0
CLI-004082,108995.0,3164.77,218,142,0,0,4,23.1,0,1,0
CLI-000516,5565.0,91.71,7,3,0,0,2,32.1,1,1,0
CLI-002339,33731.0,839.5,58,23,0,0,4,17.9,0,1,1
CLI-001052,9688.0,492.26,42,4,0,0,2,25.9,0,1,1
CLI-002367,1751.0,125.64,5,4,0,0,8,16.5,1,0,0
CLI-000205,12449.0,1025.0,41,18,0,0,2,20.6,0,0,1
CLI-003480,56157.0,1956.69,42,29,0,0,14,6.4,0,0,1
CLI-003803,282166.0,15641.13,330,151,1,0,7,5.2,0,0,0
CLI-003326,2855.0,580.27,10,7,0,1,26,4.8,0,0,1
CLI-004672,34105.0,3465.93,46,38,0,1,26,2.6,0,0,1
CLI-004436,335070.0,58374.49,802,202,1,1,4,0.5,0,0,0
CLI-002937,4431.0,200.15,4,1,0,0,4,5.2,1,0,0
CLI-003343,661.0,44.8,1,1,0,0,1,5.3,1,0,0
CLI-001639,23059.0,1406.05,33,25,0,0,14,0.5,0,0,1
CLI-000507,4888.0,397.42,32,26,0,0,3,31.7,0,1,1
CLI-001513,3133.0,212.24,5,1,0,0,6,7.4,1,0,0
CLI-000279,6536.0,1138.63,45,21,0,0,9,18.5,0,0,1
CLI-004286,7416.0,904.34,50,26,0,0,5,15.6,0,0,0
CLI-001766,300.0,41.55,4,2,0,0,2,25.1,1,1,0
CLI-003281,231570.0,12836.49,174,24,0,1,6,4.4,0,0,0
CLI-004876,3553.0,254.85,11,2,0,0,2,6.0,1,0,0
CLI-002512,23364.0,662.63,59,14,0,0,2,29.2,0,1,1
CLI-003021,704.0,122.67,11,3,0,0,1,18.0,1,1,0
CLI-003839,1873.0,126.92,11,8,0,0,2,18.8,1,1,0
CLI-001294,10959.0,1336.52,36,14,0,0,9,6.5,0,0,1
CLI-001120,4993.0,507.42,52,17,0,0,4,10.65,0,1,1
CLI-000287,72109.0,3664.1,74,24,0,0,10,10.3,0,0,0
CLI-000968,204329.0,20765.16,621,477,1,0,7,15.6,0,0,0
CLI-002784,958.0,64.93,7,6,0,0,3,14.6,1,1,0
CLI-003552,222322.0,12910.68,267,115,1,0,9,4.5,0,0,0
CLI-003571,62746.0,910.94,57,27,0,0,4,36.3,0,1,1
CLI-004756,19892.0,622.02,22,14,0,0,7,17.8,0,0,1
CLI-002494,2555.0,275.0,11,5,0,0,6,16.5,0,0,1
CLI-000705,787.0,79.97,6,4,0,0,4,28.1,1,1,0
CLI-002744,968.0,65.58,3,1,0,0,4,14.2,1,0,0
CLI-000670,333452.0,18484.05,199,0,0,1,0,2.0,0,0,0
CLI-003631,77540.0,1153.19,40,25,0,0,5,17.3,0,0,1
CLI-002939,151896.0,7409.56,95,56,0,1,20,3.3,0,0,0
CLI-002741,2194.0,78.68,8,4,0,0,0,26.4,0,1,1
CLI-002792,119160.0,5812.66,141,0,0,0,0,4.7,0,0,0
CLI-004647,397.0,48.4,5,2,0,0,4,29.2,1,1,0
CLI-003608,1023.0,41.6,3,2,0,0,4,30.6,1,1,0
CLI-000220,103739.0,9036.52,169,138,0,0,7,6.1,0,0,0
CLI-000741,64700.0,2254.37,44,10,0,0,6,3.9,0,0,1
CLI-002297,363354.0,4923.5,202,164,0,0,7,13.5,0,0,0
CLI-000910,36664.0,1397.26,28,0,0,0,0,8.8,0,0,1
CLI-003978,86684.0,3020.34,123,106,0,0,5,7.2,0,0,0
CLI-001559,8554.0,474.15,20,0,0,0,0,9.1,0,0,1
CLI-001554,1382.0,120.37,11,5,0,0,2,22.5,1,1,0
CLI-004892,90000.0,4221.41,180,131,0,0,7,15.2,0,0,0
CLI-004419,31394.0,1320.19,27,5,0,0,7,8.3,0,0,1
CLI-003666,2593.0,451.68,10,8,0,0,13,8.7,1,0,0
CLI-004852,676.0,24.99,1,1,0,0,9,5.6,1,0,0
CLI-001713,78025.0,2378.8,46,38,0,0,14,3.7,0,0,1
CLI-003665,1345.0,96.45,8,4,0,0,5,29.2,1,1,0
CLI-002212,79280.0,6905.92,210,122,0,0,10,2.3,0,0,0
CLI-004449,300.0,21.54,1,1,0,0,8,9.9,1,0,0
CLI-002474,826675.0,30549.69,814,0,1,0,0,1.5,0,0,0
CLI-000446,16993.0,323.8,12,8,0,0,8,14.4,0,0,1
CLI-000737,553.0,112.4,9,3,0,0,3,17.3,1,1,0
CLI-002578,3889.0,225.83,9,6,0,0,7,14.1,1,0,0
CLI-003320,262639.0,15251.95,179,99,0,1,7,5.7,0,0,0
CLI-000090,5423.0,275.54,11,7,0,0,8,22.0,0,0,1
CLI-004750,3327.0,338.06,27,0,0,0,0,27.6,0,1,1
CLI-002294,31238.0,3463.2,49,18,0,1,1,6.2,0,0,0
CLI-001949,10524.0,754.95,29,14,0,0,3,14.2,0,0,1
CLI-003850,6745.0,235.03,9,6,0,0,5,14.4,1,0,0
CLI-003686,1306.0,318.51,14,8,0,0,7,13.4,0,0,1
CLI-001292,32088.0,2608.78,53,5,0,0,3,10.65,0,0,1
CLI-004115,2193.0,83.59,7,5,0,0,2,10.65,1,1,0
CLI-001466,118857.0,4026.32,51,38,0,1,22,2.8,0,0,1
CLI-001244,2056.0,80.87,7,4,0,0,4,47.7,1,1,0
CLI-002403,10542.0,988.96,42,9,0,0,0,14.0,0,0,1
CLI-001711,2708.0,66.06,5,4,0,0,4,28.2,1,1,0
CLI-003301,45156.0,1223.74,57,25,0,0,4,6.4,0,0,1
CLI-002747,3381.0,206.15,7,6,0,0,7,16.5,1,0,0
CLI-004239,2733.0,107.5,4,1,0,0,4,9.4,1,0,0
CLI-002298,1489837.0,40374.98,880,453,1,0,11,6.9,0,0,0
CLI-002043,300.0,31.68,3,1,0,0,2,19.2,1,1,0
CLI-001376,300.0,12.27,1,1,0,0,2,21.2,1,1,0
CLI-002932,25184.0,1335.29,52,14,0,0,3,16.0,0,0,1
CLI-000904,22462.0,1014.53,34,27,0,0,8,16.7,0,0,1
CLI-004465,12234.0,621.65,52,26,0,0,3,20.3,0,1,1
CLI-001051,2303.0,72.0,6,2,0,0,2,30.2,1,1,0
CLI-002383,53633.0,4087.87,47,39,0,1,32,0.5,0,0,1
CLI-004879,855121.0,69522.07,836,657,1,1,16,10.65,0,0,0
CLI-004221,262105.0,4501.98,143,131,0,0,10,3.5,0,0,0
CLI-002643,13981.0,811.93,41,17,0,0,4,0.5,0,0,1
CLI-000626,1596.0,121.65,10,3,0,0,1,12.4,1,1,0
CLI-001093,13466.0,714.02,25,14,0,0,8,9.7,0,0,1
CLI-001353,126906.0,2120.05,51,37,0,0,6,0.5,0,0,1
CLI-001808,5947.0,196.01,21,11,0,0,4,17.5,0,1,1
CLI-001753,1347078.0,60843.62,695,285,1,1,16,2.8,0,0,0
CLI-001066,601190.0,6109.65,123,87,0,0,15,5.4,0,0,0
CLI-002154,800202.0,39034.24,831,151,1,0,3,3.8,0,0,0
CLI-000730,20375.0,460.14,34,30,0,0,4,33.7,0,1,1
CLI-001322,70559.0,2325.61,51,34,0,0,9,7.9,0,0,1
CLI-002757,6967.0,249.9,9,5,0,0,10,6.4,1,0,0
CLI-004640,61966.0,2361.5,46,27,0,0,17,10.65,0,0,0
CLI-001850,7343.0,389.33,33,17,0,0,3,10.65,0,1,1
CLI-004917,62098.0,8190.0,182,62,0,0,2,5.9,0,0,0
CLI-000806,300.0,12.01,1,1,0,0,1,20.7,1,1,0
CLI-002662,514709.0,29890.16,431,37,1,1,4,1.2,0,0,0
CLI-001205,2153.0,375.12,16,10,0,0,8,11.7,0,0,1
CLI-004182,92757.0,6654.05,140,115,0,0,19,5.8,0,0,0
CLI-003586,135531.0,2542.79,99,67,0,0,5,17.6,0,0,0
CLI-000260,72710.0,2607.96,49,18,0,0,8,0.5,0,0,1
CLI-000174,508.0,68.8,6,5,0,0,4,15.6,0,1,1
CLI-003865,1273.0,129.37,11,1,0,0,1,17.4,1,1,0
CLI-003737,56580.0,3285.69,124,92,0,0,9,11.6,0,0,0
CLI-002719,718957.0,10824.4,234,160,1,0,14,7.0,0,0,0
CLI-000607,25642.0,900.0,36,25,0,0,7,15.2,0,0,1
CLI-001995,1131.0,229.96,11,6,0,0,4,10.65,1,0,0
CLI-004555,127711.0,8197.13,186,91,0,0,13,6.1,0,0,0
CLI-000490,370.0,37.61,3,2,0,0,3,21.9,1,1,0
CLI-003478,123468.0,6273.76,140,80,0,0,9,7.8,0,0,0
CLI-000978,304.0,10.91,1,1,0,0,1,21.0,1,1,0
CLI-000876,7381.0,105.89,8,1,0,0,0,16.8,1,1,0
CLI-001927,43172.0,5264.91,136,35,1,0,3,5.7,0,0,0
CLI-002828,6757.0,588.62,8,1,0,1,1,10.65,1,0,0
CLI-003328,106493.0,9276.36,185,149,0,0,12,8.8,0,0,0
CLI-000324,8071.0,193.0,8,3,0,0,4,11.4,1,0,0
CLI-004903,3012.0,99.26,2,2,0,0,12,0.8,1,0,0
CLI-001412,5301.0,972.0,81,56,0,0,4,34.0,0,1,0
CLI-000182,17705.0,981.43,38,28,0,0,6,15.7,0,0,1
CLI-002057,13164.0,1234.89,49,35,0,0,7,13.3,0,0,1
CLI-000723,300.0,10.85,1,1,0,0,3,20.3,1,1,0
CLI-002430,22623.0,1225.0,49,29,0,0,7,10.1,0,0,0
CLI-004027,132688.0,5393.84,204,93,0,0,4,7.0,0,0,0
CLI-003612,227995.0,9268.09,194,65,0,0,12,2.2,0,0,0
CLI-001413,36352.0,1231.43,51,32,0,0,5,11.0,0,0,1
CLI-001984,3287.0,121.47,10,3,0,0,2,33.1,1,1,0
CLI-003791,1597.0,54.09,2,1,0,0,10,13.0,1,0,0
CLI-004128,102362.0,1664.42,56,36,0,0,6,12.8,0,0,1
CLI-000266,2110.0,183.84,4,2,0,0,6,3.3,1,0,0
CLI-002622,5384.0,1094.41,48,18,0,0,4,11.9,0,0,1
CLI-001335,19037.0,1221.86,52,38,0,0,10,10.5,0,0,1
CLI-004103,14623.0,743.06,30,6,0,0,0,14.2,0,0,1
CLI-000027,12526.0,636.49,23,16,0,0,7,14.2,0,0,1
CLI-002206,76232.0,1787.81,72,32,0,0,7,19.9,0,0,0
CLI-002849,663.0,40.44,2,1,0,0,6,9.4,1,0,0
CLI-003380,4140.0,219.52,3,1,0,1,23,0.5,1,0,0
CLI-003904,36946.0,1408.02,58,0,0,0,0,9.7,0,0,1
CLI-001352,1130.0,76.59,3,2,0,0,13,8.1,1,0,0
CLI-000708,2741.0,417.79,21,10,0,0,5,10.3,0,0,1
CLI-001780,2258.0,50.99,4,1,0,0,0,10.8,1,1,0
CLI-002121,2444.0,114.62,9,0,0,0,0,21.1,1,1,0
CLI-002244,21820.0,1330.49,57,15,0,0,3,10.2,0,0,1
CLI-003993,1092.0,88.77,8,1,0,0,1,15.7,1,1,0
CLI-003504,3633.0,340.78,32,0,0,0,0,16.3,0,1,1
CLI-003725,2903.0,590.01,8,1,0,1,16,2.3,0,0,1
CLI-001926,300.0,18.24,1,1,0,0,5,11.5,1,0,0
CLI-004528,1744.0,36.67,3,2,0,0,2,16.3,1,1,0
CLI-001482,20114.0,2229.9,53,20,0,0,4,7.8,0,0,1
CLI-004396,14373.0,1460.66,55,0,0,0,0,10.1,0,0,0
CLI-000101,82092.0,3850.49,49,8,0,1,14,0.5,0,0,0
CLI-003272,23719.0,1522.38,58,35,0,0,8,8.0,0,0,1
CLI-003473,12341.0,836.09,37,9,0,0,5,20.3,0,0,1
CLI-000669,3902.0,216.28,5,2,0,0,4,13.4,1,0,0
CLI-003139,3408.0,67.04,3,1,0,0,1,7.9,1,0,0
CLI-003270,28557.0,3482.56,86,44,0,0,6,2.2,0,0,0
CLI-001595,22601.0,1312.47,56,19,0,0,0,12.4,0,0,1
CLI-000412,136501.0,18496.1,260,122,1,1,26,4.0,0,0,0
CLI-004233,2337.0,91.95,7,5,0,0,4,27.8,1,1,0
CLI-004848,175289.0,6680.23,116,86,0,0,14,4.5,0,0,0
CLI-001506,94038.0,5734.01,106,83,0,0,9,3.3,0,0,0
CLI-004859,20107.0,700.59,24,21,0,0,10,10.65,0,0,1
CLI-000841,4594.0,93.37,7,4,0,0,4,21.2,0,1,1
CLI-002300,454.0,32.59,3,1,0,0,1,16.4,1,1,0
CLI-004373,608.0,57.01,5,3,0,0,4,23.3,1,1,0
CLI-003043,8733.0,532.52,23,13,0,0,8,11.9,0,0,1
CLI-002794,179248.0,4752.07,57,37,0,1,18,2.9,0,0,0
CLI-001667,3188.0,129.59,9,6,0,0,2,22.1,1,1,0
CLI-002564,32265.0,1967.36,84,56,0,0,8,9.9,0,0,0
CLI-003751,79746.0,3890.07,45,13,0,1,7,2.1,0,0,1
CLI-004006,767.0,49.21,2,1,0,0,10,8.7,1,0,0
CLI-000735,7898.0,2407.78,44,6,0,1,4,4.2,0,0,0
CLI-004410,57982.0,2618.87,53,41,0,0,3,3.2,0,0,1
CLI-002464,300.0,10.67,1,1,0,0,0,4.7,1,1,0
CLI-002402,12757.0,740.81,35,8,0,0,3,10.65,0,0,1
CLI-004894,49884.0,3802.1,166,76,0,0,12,4.1,0,0,0
CLI-002074,47707.0,4848.23,101,29,0,0,12,0.5,0,0,0
CLI-001628,5375.0,104.05,4,2,0,0,6,10.9,1,0,0
CLI-001284,103565.0,4355.14,106,48,0,0,6,11.2,0,0,0
CLI-001729,8290.0,722.12,34,0,0,0,0,18.9,0,0,1
CLI-000310,13617.0,221.41,8,6,0,0,8,13.3,1,0,0
CLI-002990,2028.0,274.77,10,3,0,0,1,12.3,1,0,0
CLI-004048,39549.0,1121.64,114,35,0,0,2,26.4,0,1,0
CLI-001900,300.0,19.81,1,1,0,0,5,13.7,1,0,0
CLI-000651,48814.0,1653.59,32,23,0,0,13,5.1,0,0,1
CLI-002838,925.0,38.88,1,1,0,0,5,10.65,1,0,0
CLI-002132,1289.0,27.11,2,2,0,0,5,12.7,1,1,0
CLI-003917,132391.0,16145.25,218,31,0,1,9,0.5,0,0,0
CLI-004260,43860.0,862.71,30,16,0,0,3,9.1,0,0,1
CLI-000126,148475.0,4115.17,49,37,0,1,14,4.2,0,0,0
CLI-002055,51507.0,1395.86,17,10,0,1,28,4.6,0,0,1
CLI-001988,32206.0,1454.63,32,18,0,0,8,9.4,0,0,1
CLI-000219,25007.0,1219.87,29,0,0,0,0,7.0,0,0,1
CLI-003106,15737.0,242.93,10,5,0,0,7,16.9,1,0,0
CLI-000882,3507.0,475.17,57,33,0,0,0,20.8,0,1,1
CLI-003171,9635.0,470.0,20,6,0,0,4,14.4,0,0,1
CLI-002579,2763.0,240.65,10,5,0,0,7,14.4,1,0,0
CLI-004323,13727.0,558.01,23,20,0,0,9,16.6,0,0,1
CLI-002429,11708.0,178.48,8,2,0,0,6,11.3,1,0,0
CLI-000794,1625.0,198.15,9,4,0,0,6,7.7,1,0,0
CLI-000586,3746.0,95.18,8,6,0,0,6,31.3,1,1,0
CLI-001338,1924.0,213.32,6,0,0,0,0,4.4,1,0,0
CLI-004988,36905.0,2045.75,50,0,0,0,0,2.8,0,0,1
CLI-004382,778.0,39.54,3,2,0,0,2,5.3,1,1,0
CLI-002718,43503.0,1396.13,34,17,0,0,14,5.1,0,0,1
CLI-003419,1878.0,120.57,5,4,0,0,5,8.9,1,0,0
CLI-003290,56867.0,4334.4,52,21,0,1,14,10.65,0,0,1
CLI-002274,5395.0,438.63,21,15,0,0,7,16.7,0,0,1
CLI-000630,50411.0,2794.42,117,30,0,0,4,13.5,0,0,0
CLI-004295,68999.0,1476.24,48,32,0,0,6,8.6,0,0,1
CLI-001379,10345.0,331.99,32,2,0,0,1,32.6,0,1,1
CLI-000425,29349.0,1084.59,24,19,0,0,8,10.65,0,0,1
CLI-000680,1300.0,83.42,8,1,0,0,0,38.5,1,1,0
CLI-004522,3739.0,130.27,11,8,0,0,3,15.0,1,1,0
CLI-000719,8006.0,1627.32,37,13,0,0,1,3.8,0,0,1
CLI-004243,32222.0,1455.39,52,0,0,0,0,13.1,0,0,1
CLI-002864,42892.0,830.27,50,39,0,0,2,25.5,0,1,1
CLI-000706,12750.0,536.15,21,11,0,0,9,11.5,0,0,1
CLI-003251,5365.0,327.14,7,3,0,0,5,4.2,1,0,0
CLI-004997,7050.0,781.6,28,17,0,0,7,8.1,0,0,1
CLI-004342,20124.0,1115.54,41,32,0,0,7,11.0,0,0,1
CLI-003565,1601.0,108.45,5,4,0,0,7,10.6,1,0,0
CLI-004078,101739.0,4278.33,95,48,0,0,8,10.65,0,0,0
CLI-002313,1879.0,61.93,2,1,0,0,6,14.7,1,0,0
CLI-000333,26659.0,1354.61,54,21,0,0,8,18.5,0,0,1
CLI-002814,1013124.0,49420.66,618,554,1,1,25,5.7,0,0,0
CLI-004866,23715.0,997.26,42,20,0,0,5,10.65,0,0,0
CLI-001535,14131.0,783.29,20,16,0,0,10,9.8,0,0,1
CLI-004038,124859.0,4758.36,107,59,0,0,13,9.3,0,0,0
CLI-002916,46940.0,2044.44,45,22,0,0,9,7.9,0,0,1
CLI-000290,23775.0,3221.59,144,65,0,0,5,10.6,0,0,0
CLI-001973,49920.0,1520.0,19,10,0,1,16,1.9,0,0,1
CLI-003460,2206.0,179.34,4,3,0,0,10,2.8,1,0,0
CLI-000489,300.0,21.5,2,1,0,0,2,26.0,1,1,0
CLI-001380,362.0,12.98,1,1,0,0,5,10.65,1,1,0
CLI-001846,10055.0,1362.49,29,12,0,0,7,6.8,0,0,1
CLI-003190,3605.0,732.67,9,2,0,1,8,9.0,0,0,1
CLI-003209,21083.0,1117.87,39,27,0,0,6,10.65,0,0,1
CLI-003555,24448.0,993.81,23,7,0,0,8,7.6,0,0,1
CLI-002520,464852.0,4724.11,48,46,0,1,33,2.6,0,0,0
CLI-000354,71373.0,3956.37,155,75,0,0,5,7.7,0,0,0
CLI-001546,1315.0,48.61,4,2,0,0,3,18.8,1,1,0
CLI-004573,744737.0,27521.69,390,226,1,1,18,4.1,0,0,0
CLI-000982,25349.0,1188.98,43,6,0,0,2,11.8,0,0,1
CLI-004305,107518.0,8194.96,183,0,1,0,0,6.3,0,0,0
CLI-004412,731.0,46.95,2,2,0,0,7,17.0,1,0,0
CLI-000970,34667.0,1565.81,55,5,0,0,6,9.0,0,0,1
CLI-001989,1266.0,257.3,11,8,0,0,8,14.7,0,0,1
CLI-002264,1300990.0,54709.41,650,407,1,1,18,2.5,0,0,0
CLI-004294,13345.0,581.23,24,9,0,0,5,14.9,0,0,1
CLI-003874,935.0,162.91,17,6,0,0,1,23.4,0,1,1
CLI-002435,25078.0,1529.13,59,47,0,0,5,10.65,0,0,1
CLI-002207,2672.0,116.38,4,2,0,0,7,14.1,1,0,0
CLI-004547,697.0,29.31,2,1,0,0,1,14.7,1,1,0
CLI-002279,1450.0,117.9,11,0,0,0,0,26.4,1,1,0
CLI-003140,16145.0,656.31,29,4,0,0,3,10.3,0,0,1
CLI-000650,31536.0,9614.64,249,64,1,0,6,7.3,0,0,0
CLI-001602,1869.0,108.0,9,5,0,0,1,31.3,0,1,1
CLI-001696,24994.0,1088.59,106,12,0,0,1,10.65,0,1,0
CLI-003430,5606.0,402.18,31,16,0,0,4,15.0,0,1,1
CLI-002130,128355.0,6805.69,169,90,0,0,16,5.9,0,0,0
CLI-001111,139207.0,1414.71,55,35,0,0,6,11.4,0,0,1
CLI-000612,365.0,26.19,2,1,0,0,1,37.0,1,1,0
CLI-003167,59836.0,7297.02,142,126,0,0,12,6.4,0,0,0
CLI-003851,1978.0,30.93,2,1,0,0,1,24.8,1,1,0
CLI-002843,62970.0,2399.79,184,52,0,0,3,29.8,0,1,0
CLI-001992,141063.0,8191.81,99,24,0,1,17,0.5,0,0,0
CLI-000951,527534.0,11091.97,194,12,0,0,1,10.65,0,0,0
CLI-001429,48878.0,14160.0,177,105,0,1,23,4.2,0,0,0
CLI-000722,300.0,21.62,1,1,0,0,2,18.4,1,0,0
CLI-004645,17175.0,2618.18,102,51,0,0,3,6.3,0,0,0
CLI-004069,19358.0,983.63,24,3,0,0,1,10.65,0,0,1
CLI-002721,109614.0,2621.1,58,21,0,0,10,6.0,0,0,1
CLI-001107,9060.0,245.54,9,8,0,0,4,10.65,0,0,1
CLI-003014,62296.0,4525.0,181,116,0,0,4,14.0,0,0,0
CLI-003581,26918.0,2525.17,111,40,0,0,3,10.65,0,0,0
CLI-002641,1113.0,104.45,8,2,0,0,2,15.4,1,1,0
CLI-004009,8356.0,849.21,33,21,0,0,5,10.0,0,0,1
CLI-000288,30260.0,997.36,37,11,0,0,3,10.9,0,0,1
CLI-003705,2653.0,129.42,9,5,0,0,3,20.1,0,1,1
CLI-001548,64486.0,7864.13,200,67,0,0,6,6.3,0,0,0
CLI-004308,90476.0,3677.87,126,16,0,0,3,13.9,0,0,0
CLI-002928,9959.0,134.94,5,2,0,0,2,10.65,1,0,0
CLI-000491,11014.0,746.23,31,13,0,0,3,14.6,0,0,1
CLI-004230,1165.0,142.03,16,2,0,0,0,17.1,0,1,1
CLI-004961,7404.0,501.63,10,9,0,0,12,4.2,1,0,0
CLI-001072,1420.0,82.45,3,2,0,0,7,9.1,1,0,0
CLI-004877,15386.0,469.1,21,7,0,0,3,16.3,0,0,1
CLI-001332,7127.0,310.42,26,16,0,0,1,17.6,0,1,1
CLI-001680,381.0,23.23,2,1,0,0,2,27.0,1,1,0
CLI-003935,38739.0,2486.47,57,40,0,0,13,0.5,0,0,1
CLI-003695,300.0,12.0,1,1,0,0,4,22.7,1,1,0
CLI-004822,57327.0,1456.49,33,14,0,0,9,9.1,0,0,0
CLI-002704,300.0,26.12,2,1,0,0,1,24.3,1,1,0
CLI-002913,356.0,12.07,1,1,0,0,2,37.9,1,1,0
CLI-002777,2791.0,170.18,4,2,0,0,12,1.2,1,0,0
CLI-003999,19879.0,1275.94,58,19,0,0,3,10.4,0,0,1
CLI-001370,115667.0,4701.92,172,0,1,0,0,3.9,0,0,0
CLI-000127,1939.0,90.96,8,1,0,0,2,10.65,1,1,0
CLI-002164,192484.0,9389.44,189,73,0,0,6,4.0,0,0,0
CLI-000106,96033.0,1411.01,51,29,0,0,3,19.4,0,0,0
CLI-003658,35970.0,1253.3,49,29,0,0,9,7.5,0,0,1
CLI-002097,6989.0,1065.44,24,9,0,0,14,6.6,0,0,1
CLI-002886,28269.0,1378.98,59,13,0,0,4,12.5,0,0,1
CLI-001692,2690.0,99.41,9,6,0,0,3,21.7,1,1,0
CLI-000216,6994.0,852.96,39,21,0,0,4,16.0,0,0,1
CLI-002867,9385.0,97.82,7,3,0,0,3,10.65,1,1,0
CLI-001793,2920.0,89.02,3,2,0,0,8,7.9,1,0,0
CLI-003855,6970.0,500.03,10,6,0,0,11,4.8,0,0,1
CLI-003180,19909.0,867.1,36,12,0,0,5,15.2,0,0,1
CLI-001461,836.0,42.48,3,2,0,0,4,19.1,1,1,0
CLI-000796,793.0,84.0,7,5,0,0,3,32.7,1,1,0
CLI-000502,18536.0,1412.82,59,12,0,0,7,10.65,0,0,1
CLI-003672,85505.0,2543.28,52,28,0,0,12,8.2,0,0,1
CLI-004918,2308.0,234.55,6,3,0,0,5,10.65,1,0,0
CLI-003367,20051.0,1630.14,22,10,0,1,18,0.5,0,0,1
CLI-004099,22148.0,1080.41,13,10,0,1,24,3.5,0,0,1
CLI-000480,7914.0,357.44,16,8,0,0,2,20.9,0,0,1
CLI-003157,179564.0,8422.32,184,136,0,0,11,8.3,0,0,0
CLI-004120,233825.0,5380.23,100,54,0,0,9,8.2,0,0,0
CLI-002981,209226.0,17010.24,847,402,1,0,1,14.1,0,0,0
CLI-000353,7825.0,636.21,25,14,0,0,8,15.1,0,0,1
CLI-002006,656.0,47.05,2,1,0,0,5,5.8,1,0,0
CLI-000783,1779.0,197.18,10,2,0,0,2,17.9,1,0,0
CLI-002613,4692.0,272.46,9,8,0,0,9,14.9,1,0,0
CLI-000033,27256.0,977.61,46,9,0,0,6,11.4,0,0,1
CLI-003929,3458.0,351.45,15,5,0,0,7,10.65,0,0,1
CLI-002883,300.0,13.98,1,1,0,0,3,32.0,1,1,0
CLI-003982,23818.0,2420.5,90,47,0,0,7,22.2,0,0,0
CLI-001079,300.0,9.75,1,1,0,0,5,23.2,1,1,0
CLI-002644,51371.0,7830.91,179,148,0,0,13,3.4,0,0,0
CLI-003448,24994.0,5080.14,186,131,0,0,7,14.2,0,0,0
CLI-001505,261929.0,9679.58,194,164,0,0,19,8.2,0,0,0
CLI-000301,80594.0,24571.43,376,306,1,1,31,2.1,0,0,0
CLI-002316,8308.0,1266.42,53,13,0,0,8,16.2,0,0,1
CLI-004364,7636.0,665.19,59,5,0,0,1,10.65,0,1,1
CLI-002682,959.0,61.58,5,1,0,0,0,35.1,1,1,0
CLI-003530,5515.0,203.82,8,4,0,0,2,6.3,1,0,0
CLI-003288,116478.0,6456.67,209,184,0,0,7,14.3,0,0,0
CLI-000363,3565.0,255.76,10,6,0,0,6,7.7,1,0,0
CLI-000369,88159.0,2905.7,58,30,0,0,6,9.3,0,0,1
CLI-003988,10515.0,512.94,10,4,0,0,8,7.2,1,0,0
CLI-003038,99902.0,1310.02,95,36,0,0,3,21.6,0,1,0
CLI-000637,12917.0,1980.0,44,36,0,0,16,9.5,0,0,0
CLI-003338,4703.0,318.64,13,7,0,0,6,11.5,0,0,1
CLI-000248,801.0,51.41,2,1,0,0,9,15.8,1,0,0
CLI-001061,13202.0,575.0,23,19,0,0,10,10.65,0,0,1
CLI-003572,177262.0,3860.23,58,0,0,1,0,0.5,0,0,1
CLI-000207,13725.0,341.59,7,3,0,0,6,10.65,1,0,0
CLI-000478,2655.0,215.86,10,3,0,0,6,12.6,1,0,0
CLI-002645,3577.0,155.81,11,1,0,0,1,33.7,1,1,0
CLI-004792,23123.0,1484.12,22,9,0,1,8,1.4,0,0,1
CLI-004636,66481.0,3860.71,59,44,0,1,16,2.5,0,0,1
CLI-004156,239096.0,19438.72,495,0,1,0,0,8.1,0,0,0
CLI-001198,1363.0,110.85,8,5,0,0,3,28.7,1,1,0
CLI-000661,24071.0,481.22,16,3,0,0,3,8.9,0,0,1
CLI-001091,579.0,24.36,1,1,0,0,0,10.65,1,0,0
CLI-002183,241386.0,3546.67,53,40,0,0,13,5.7,0,0,1
CLI-001523,840.0,256.23,24,0,0,0,0,23.3,0,1,1
CLI-002953,12934.0,1213.29,58,20,0,0,5,14.1,0,0,1
CLI-000004,32814.0,1600.67,42,25,0,0,10,10.65,0,0,1
CLI-003698,40758.0,1506.21,124,24,0,0,2,25.7,0,1,0
CLI-001402,1731.0,351.82,15,8,0,0,4,17.2,0,0,1
CLI-002541,6508.0,240.49,10,5,0,0,7,11.6,0,0,1
CLI-002807,873233.0,24202.68,504,295,1,0,14,6.8,0,0,0
CLI-001455,11214.0,455.87,33,8,0,0,4,28.2,0,1,1
CLI-003740,1356.0,275.63,11,9,0,0,5,12.2,1,0,0
CLI-004171,14091.0,859.23,42,25,0,0,9,6.1,0,0,0
CLI-001971,1626.0,110.17,11,6,0,0,0,16.4,0,1,1
CLI-001856,8206.0,555.93,24,9,0,0,5,10.4,0,0,1
CLI-002830,5175.0,146.77,9,6,0,0,5,32.1,1,1,0
CLI-004974,363761.0,9438.53,209,150,0,0,8,10.65,0,0,0
CLI-004994,26824.0,2516.31,89,20,0,0,5,5.1,0,0,0
CLI-001552,14131.0,1723.25,57,30,0,0,11,7.3,0,0,1
CLI-003926,455.0,55.44,4,3,0,0,5,26.8,1,1,0
CLI-004254,13943.0,894.94,17,7,0,0,16,6.4,0,0,1
CLI-004514,16256.0,600.75,21,9,0,0,6,10.65,0,0,1
CLI-004786,7998.0,650.28,32,18,0,0,7,10.65,0,0,1
CLI-001788,33252.0,2027.56,41,13,0,0,12,2.6,0,0,1
CLI-004191,47175.0,7191.25,162,111,1,0,14,5.5,0,0,0
CLI-003056,27278.0,1125.0,45,15,0,0,5,15.7,0,0,1
CLI-004285,101087.0,1540.96,52,35,0,0,10,8.7,0,0,1
CLI-004431,2438.0,228.73,9,7,0,0,5,18.0,0,0,1
CLI-001561,968.0,73.81,6,3,0,0,2,0.5,1,1,0
CLI-004646,457.0,37.16,3,2,0,0,5,19.4,1,1,0
CLI-004350,148895.0,2453.77,45,22,0,0,13,9.4,0,0,1
CLI-001270,40697.0,2363.36,136,38,1,0,1,10.3,0,0,0
CLI-002153,70583.0,2001.78,47,32,0,0,4,1.3,0,0,1
CLI-004802,7972.0,810.17,34,8,0,0,4,11.3,0,0,0
CLI-004355,1273.0,129.34,10,6,0,0,3,21.1,1,1,0
CLI-004108,61783.0,15069.12,217,104,0,1,7,10.65,0,0,0
CLI-001715,32530.0,2833.64,54,43,0,0,5,4.1,0,0,1
CLI-004177,2816.0,245.31,11,8,0,0,9,19.4,0,0,1
CLI-002529,2544.0,310.2,7,4,0,0,7,5.8,0,0,1
CLI-003706,5301.0,431.01,17,2,0,0,0,14.7,0,0,1
CLI-002936,1974.0,218.83,19,6,0,0,1,19.7,0,1,1
CLI-001345,10496.0,752.92,40,11,0,0,3,7.3,0,0,1
CLI-002586,719.0,79.73,11,0,0,0,0,10.65,0,1,1
CLI-000277,1645.0,133.78,7,0,0,0,0,10.6,0,0,1
CLI-002148,13043.0,1060.44,40,19,0,0,4,10.65,0,0,1
CLI-001215,19262.0,3355.8,171,89,0,0,7,10.65,0,0,0
CLI-001898,62171.0,1263.64,32,20,0,0,7,5.8,0,0,1
CLI-003477,2126.0,432.17,55,7,0,0,2,45.8,0,1,1
CLI-002839,7513.0,704.8,50,27,0,0,3,23.6,0,1,1
CLI-002835,415941.0,24154.52,505,181,1,0,4,5.8,0,0,0
CLI-001239,21870.0,808.2,35,20,0,0,3,14.4,0,0,1
CLI-002934,1766.0,51.28,4,2,0,0,5,24.4,1,1,0
CLI-004781,82416.0,1322.46,29,17,0,0,13,8.7,0,0,1
CLI-002291,42142.0,1468.36,59,32,0,0,0,22.1,0,0,1
CLI-003528,913.0,79.49,7,5,0,0,5,24.4,1,1,0
CLI-000002,6760.0,824.37,37,6,0,0,3,16.3,0,0,1
CLI-003457,12569.0,127.73,9,6,0,0,4,21.2,0,1,1
CLI-004728,2647.0,134.49,5,3,0,0,2,19.0,1,0,0
CLI-002955,27232.0,5535.0,205,22,0,0,1,5.3,0,0,0
CLI-004870,73236.0,1653.94,40,8,0,0,1,2.1,0,0,1
CLI-004885,22212.0,1041.82,91,40,0,0,3,40.3,0,1,0
CLI-000109,43538.0,536.32,38,24,0,0,3,24.6,0,1,1
CLI-004784,4440.0,150.4,13,2,0,0,1,26.6,0,1,1
CLI-004921,3683.0,641.59,10,5,0,1,20,2.8,1,0,0
CLI-001540,1835.0,172.17,7,3,0,0,5,8.8,1,0,0
CLI-000049,37272.0,454.54,10,5,0,0,10,5.8,1,0,0
CLI-002231,4433.0,245.71,10,4,0,0,4,16.9,1,0,0
CLI-003655,28663.0,1747.77,21,7,0,1,14,10.65,0,0,1
CLI-001936,112716.0,9818.47,137,75,0,1,16,4.3,0,0,0
CLI-004546,34629.0,1456.23,59,51,0,0,7,7.8,0,0,1
CLI-004033,420.0,56.92,4,3,0,0,6,10.65,1,1,0
CLI-002493,59431.0,1421.11,51,41,0,0,13,18.6,0,0,1
CLI-000098,12989.0,480.0,10,4,0,0,16,4.5,1,0,0
CLI-004695,18834.0,1276.04,55,45,0,0,13,10.1,0,0,1
CLI-003535,9488.0,642.84,15,6,0,0,13,5.2,0,0,1
CLI-002962,13921.0,1212.63,45,38,0,0,10,19.6,0,0,1
CLI-002373,24403.0,419.16,30,14,0,0,3,17.2,0,1,1
CLI-004583,15284.0,423.61,8,3,0,0,15,5.0,0,0,1
CLI-003427,5967.0,250.93,7,4,0,0,9,5.6,1,0,0
CLI-003401,564607.0,22211.12,572,475,1,0,18,9.5,0,0,0
CLI-001842,38640.0,1884.9,34,27,0,0,19,2.2,0,0,1
CLI-003566,1174.0,238.52,12,9,0,0,8,11.8,0,0,1
CLI-000074,12724.0,862.07,55,48,0,0,5,19.0,0,1,1
CLI-004251,870277.0,16583.03,183,34,0,1,8,2.6,0,0,0
CLI-000158,27940.0,1622.54,47,33,0,0,6,10.1,0,0,1
CLI-000011,300.0,11.74,1,1,0,0,3,10.65,1,1,0
CLI-001501,11289.0,983.35,37,13,0,0,9,10.65,0,0,0
CLI-004273,9262.0,594.49,7,3,0,1,12,3.5,1,0,0
CLI-000561,421.0,57.04,5,3,0,0,3,10.65,1,1,0
CLI-003928,748497.0,7606.68,180,91,0,0,11,1.2,0,0,0
CLI-001579,5552.0,211.58,9,0,0,0,0,21.4,1,0,0
CLI-003769,5809.0,708.47,32,19,0,0,9,8.6,0,0,1
CLI-003268,63676.0,1991.12,64,51,0,0,12,16.6,0,0,0
CLI-001301,15235.0,154.83,5,4,0,0,9,20.2,1,0,0
CLI-003634,4865.0,164.79,11,7,0,0,4,30.4,1,1,0
CLI-004862,82289.0,1393.78,58,49,0,0,8,15.2,0,0,1
CLI-002816,149498.0,7292.57,142,77,0,0,14,7.3,0,0,0
CLI-001964,11639.0,675.9,23,19,0,0,4,12.5,0,0,1
CLI-001436,634.0,59.43,4,2,0,0,3,23.9,1,1,0
CLI-000481,16128.0,1311.18,27,9,0,0,5,5.4,0,0,1
CLI-002453,1165.0,101.52,7,4,0,0,3,39.0,1,1,0
CLI-000326,92488.0,4511.61,108,78,0,0,13,0.7,0,0,0
CLI-002037,159092.0,7185.71,141,118,0,0,12,2.1,0,0,0
CLI-001652,4593.0,622.29,55,21,0,0,0,8.2,0,1,1
CLI-004345,12366.0,1005.33,45,12,0,0,2,10.65,0,0,1
CLI-001263,991.0,80.6,8,6,0,0,4,21.5,1,1,0
CLI-003575,23855.0,2424.31,57,40,0,0,14,7.7,0,0,1
CLI-001025,2166.0,48.92,2,1,0,0,4,12.9,1,0,0
CLI-003398,179226.0,14571.18,318,255,1,0,15,10.65,0,0,0
CLI-000254,7452.0,233.01,9,2,0,0,1,10.65,1,0,0
CLI-000795,54904.0,1969.29,39,0,0,0,0,6.9,0,0,1
CLI-003129,9365.0,300.56,28,0,0,0,0,25.4,0,1,1
CLI-000339,24665.0,1074.26,45,28,0,0,10,12.7,0,0,1
CLI-002696,186054.0,5534.02,64,29,0,1,9,6.8,0,0,0
CLI-000437,2649.0,75.14,3,2,0,0,7,15.8,1,0,0
CLI-004649,1447725.0,23858.36,335,60,1,1,6,2.2,0,0,0
CLI-001531,14019.0,534.27,10,4,0,0,8,6.2,1,0,0
CLI-002606,2903.0,252.89,10,8,0,0,9,6.8,1,0,0
CLI-004600,22949.0,368.24,14,8,0,0,9,11.9,0,0,1
CLI-003892,40361.0,1093.79,47,26,0,0,3,11.3,0,0,1
CLI-003310,38209.0,1370.48,54,24,0,0,6,14.5,0,0,1
CLI-001640,5933.0,233.39,8,7,0,0,10,12.3,1,0,0
CLI-004193,5115.0,222.79,9,7,0,0,7,11.7,1,0,0
CLI-002636,70636.0,1412.16,31,25,0,0,11,7.5,0,0,0
CLI-002306,4385.0,254.64,23,15,0,0,3,18.5,0,1,1
CLI-003507,3416.0,73.09,5,3,0,0,3,30.5,1,1,0
CLI-002727,37642.0,566.73,12,6,0,0,11,8.6,0,0,1
CLI-004167,18636.0,688.68,59,28,0,0,2,23.4,0,1,1
CLI-003459,22136.0,6748.93,198,38,0,0,7,4.9,0,0,0
CLI-001538,3794.0,140.19,10,6,0,0,3,34.2,1,1,0
CLI-003849,139050.0,2691.63,56,42,0,0,7,11.6,0,0,1
CLI-003951,22345.0,3027.77,40,28,0,1,25,2.8,0,0,1
CLI-003770,307906.0,37549.49,536,37,1,1,1,2.7,0,0,0
CLI-000391,90467.0,3343.2,72,38,0,0,8,1.0,0,0,0
CLI-004769,12357.0,655.22,27,19,0,0,5,10.1,0,0,1
CLI-003533,340.0,69.01,3,2,0,0,2,5.9,1,0,0
CLI-003765,866273.0,29345.3,547,517,1,0,12,5.2,0,0,0
CLI-000797,20844.0,770.29,36,16,0,0,7,1.9,0,0,1
CLI-002515,4960.0,504.02,18,14,0,0,9,4.7,0,0,1
CLI-002808,10027.0,643.55,44,3,0,0,0,24.2,0,1,1
CLI-001863,5777.0,234.82,19,15,0,0,4,31.8,0,1,1
CLI-002583,300.0,31.99,3,2,0,0,4,25.1,1,1,0
CLI-001050,14841.0,696.13,27,11,0,0,1,16.9,0,0,1
CLI-004678,34135.0,770.89,55,40,0,0,3,11.5,0,1,1
CLI-004620,2731.0,555.09,27,21,0,0,7,15.2,0,0,1
CLI-002818,2451.0,103.06,2,1,0,0,8,10.65,1,0,0
CLI-000240,65366.0,2657.17,57,25,0,0,8,8.0,0,0,1
CLI-000748,24912.0,2025.39,46,36,0,0,15,2.1,0,0,1
CLI-003998,17133.0,746.19,33,25,0,0,6,11.4,0,0,1
CLI-001874,23482.0,1245.05,50,15,0,0,6,14.2,0,0,1
CLI-001676,3218.0,156.96,11,7,0,0,3,39.5,1,1,0
CLI-002498,99383.0,6378.87,86,0,0,1,0,10.65,0,0,0
CLI-004958,30629.0,1436.65,28,14,0,0,10,7.4,0,0,1
CLI-004685,1181311.0,27704.29,292,161,1,1,16,3.6,0,0,0
CLI-004347,300.0,17.61,2,0,0,0,0,6.3,1,1,0
CLI-002958,152851.0,9320.18,205,25,0,0,6,5.8,0,0,0
CLI-004097,2668.0,112.2,9,5,0,0,2,32.1,1,1,0
CLI-003503,300.0,10.82,1,1,0,0,2,10.65,1,1,0
CLI-004456,4460.0,494.48,52,11,0,0,2,23.7,0,1,1
CLI-001499,13530.0,3300.11,47,31,0,1,19,2.5,0,0,1
CLI-001234,300.0,12.41,1,1,0,0,3,10.65,1,1,0
CLI-003787,726549.0,15017.55,164,76,0,1,21,3.9,0,0,0
CLI-004275,98323.0,5995.3,147,118,0,0,15,8.2,0,0,0
CLI-001081,24176.0,2680.28,49,19,0,1,10,1.4,0,0,0
CLI-002882,68948.0,9342.55,203,76,0,0,4,10.8,0,0,0
CLI-001857,197296.0,8020.18,196,109,0,0,10,6.5,0,0,0
CLI-003675,48614.0,1602.32,57,39,0,0,7,18.8,0,0,1
CLI-003450,425.0,103.58,10,5,0,0,1,19.3,1,1,0
CLI-000335,40821.0,1131.39,22,9,0,0,13,3.8,0,0,1
CLI-001076,14361.0,648.64,24,8,0,0,3,12.9,0,0,1
CLI-004905,36066.0,975.0,39,33,0,0,8,8.3,0,0,0
CLI-004867,12021.0,276.6,10,7,0,0,7,9.2,0,0,1
CLI-000815,19490.0,1398.16,58,34,0,0,5,14.1,0,0,1
CLI-003124,820.0,37.04,3,2,0,0,4,35.6,1,1,0
CLI-004823,164689.0,5738.28,130,78,0,0,12,5.4,0,0,0
CLI-000870,8936.0,217.94,4,3,0,0,10,6.3,1,0,0
CLI-003322,471864.0,44264.93,715,573,1,1,20,4.8,0,0,0
CLI-004833,1506954.0,35341.33,639,0,1,0,0,4.1,0,0,0
CLI-004340,300.0,9.91,1,1,0,0,2,14.4,1,1,0
CLI-000383,14071.0,2451.33,32,12,0,1,11,2.2,0,0,1
CLI-002129,1082.0,59.98,5,3,0,0,4,22.3,1,1,0
CLI-000686,4177.0,566.02,24,5,0,0,4,8.4,0,0,1
CLI-004861,32477.0,430.5,16,11,0,0,3,5.0,0,0,1
CLI-004179,62614.0,2181.68,24,18,0,1,17,1.9,0,0,1
CLI-003006,61211.0,7464.79,159,108,0,0,14,3.1,0,0,0
CLI-004062,1785.0,94.62,5,1,0,0,0,3.2,1,0,0
CLI-000105,34453.0,5252.03,88,76,0,1,35,2.2,0,0,0
CLI-002338,17877.0,1038.15,11,4,0,1,17,1.8,1,0,0
CLI-003096,27482.0,698.22,37,12,0,0,3,13.1,0,0,1
CLI-003066,87523.0,7115.69,97,30,0,1,18,0.5,0,0,0
CLI-000385,239357.0,9729.97,151,94,0,1,12,4.5,0,0,0
CLI-000638,551.0,67.19,6,5,0,0,4,14.1,1,1,0
CLI-000121,1824.0,123.58,5,3,0,0,8,11.4,1,0,0
CLI-003189,60728.0,861.15,18,6,0,0,8,5.9,0,0,1
CLI-002508,2063.0,93.19,8,3,0,0,3,15.9,1,1,0
CLI-001012,488.0,28.35,2,1,0,0,5,10.65,1,1,0
CLI-003860,1255.0,85.04,7,5,0,0,4,19.0,1,1,0
CLI-004681,23031.0,492.74,20,13,0,0,6,1.3,0,0,1
CLI-000018,115025.0,2032.97,71,60,0,0,10,14.6,0,0,0
CLI-003262,9675.0,536.3,12,8,0,0,14,11.6,0,0,1
CLI-002109,4105.0,178.79,4,4,0,0,16,10.8,1,0,0
CLI-002196,4877.0,396.54,11,2,0,0,1,6.8,0,0,1
CLI-004950,1332.0,108.31,4,2,0,0,5,19.9,1,0,0
CLI-002204,3082.0,250.53,6,3,0,0,11,1.6,0,0,1
CLI-002381,8722.0,443.21,9,5,0,0,12,1.6,1,0,0
CLI-004983,30877.0,2896.51,54,47,0,0,17,5.9,0,0,1
CLI-003404,4854.0,370.0,32,23,0,0,2,32.4,0,1,1
CLI-002904,27909.0,1547.07,40,13,0,0,5,10.1,0,0,1
CLI-004200,23014.0,1477.13,59,29,0,0,6,14.6,0,0,1
CLI-004443,6839.0,521.24,30,6,0,0,8,12.2,0,0,1
CLI-002576,106837.0,6857.32,131,76,1,0,10,8.3,0,0,0
CLI-001837,18226.0,740.88,49,44,0,0,4,10.65,0,1,1
CLI-004493,13091.0,514.98,17,13,0,0,7,15.7,0,0,1
CLI-003237,24119.0,2941.34,58,52,0,0,10,6.3,0,0,1
CLI-004429,14903.0,790.19,18,12,0,0,10,4.9,0,0,1
CLI-004121,1455.0,52.19,4,2,0,0,3,16.9,1,1,0
CLI-002467,92366.0,4171.89,136,113,0,0,7,11.2,0,0,0
CLI-000563,237267.0,5166.96,95,65,0,0,13,4.2,0,0,0
CLI-001646,2746.0,478.34,42,13,0,0,4,10.5,0,1,1
CLI-003228,646.0,56.23,5,2,0,0,3,29.7,1,1,0
CLI-000458,6697.0,480.42,17,3,0,0,7,10.9,0,0,1
CLI-000171,8099.0,617.27,34,4,0,0,4,10.65,0,0,1
CLI-000846,14534.0,1107.76,44,24,0,0,6,11.1,0,0,1
CLI-003445,87483.0,10668.67,133,0,0,1,0,2.1,0,0,0
CLI-003053,3476.0,211.98,11,2,0,0,0,13.0,1,0,0
CLI-001009,214381.0,4668.57,169,141,0,0,7,16.1,0,0,0
CLI-002319,3088.0,144.83,6,3,0,0,6,12.2,1,0,0
CLI-000084,56811.0,1732.03,21,18,0,1,19,0.5,0,0,1
CLI-003461,5463.0,740.24,10,2,0,1,7,10.65,1,0,0
CLI-004664,719.0,38.12,3,1,0,0,2,30.2,1,1,0
CLI-001963,15724.0,266.33,9,8,0,0,7,11.5,0,0,1
CLI-001847,10460.0,579.81,44,19,0,0,3,19.6,0,1,1
CLI-002251,2434.0,98.95,8,2,0,0,3,18.3,1,1,0
CLI-003561,17862.0,418.91,36,23,0,0,0,31.6,0,1,1
CLI-002672,21698.0,1025.0,41,16,0,0,8,10.8,0,0,1
CLI-004712,5228.0,375.0,25,5,0,0,4,19.9,0,0,1
CLI-000309,23459.0,2200.65,51,22,0,0,13,9.7,0,0,1
CLI-004096,82606.0,5036.98,126,80,0,0,11,11.0,0,0,0
CLI-003806,2925.0,509.62,45,14,0,0,3,17.8,0,1,1
CLI-004090,863.0,80.97,7,4,0,0,2,25.3,1,1,0
CLI-000649,854.0,94.65,4,1,0,0,5,14.8,1,0,0
CLI-000048,300.0,22.15,2,1,0,0,1,22.2,1,1,0
CLI-004143,137646.0,6217.08,167,38,0,0,9,3.6,0,0,0
CLI-000152,1360.0,66.35,6,2,0,0,3,10.65,1,1,0
CLI-002064,945.0,50.12,4,3,0,0,2,26.6,1,1,0
CLI-003616,62810.0,1367.82,58,12,0,0,3,7.3,0,0,1
CLI-001730,241137.0,14003.33,206,102,0,1,11,4.4,0,0,0
CLI-002405,504.0,87.74,7,0,0,0,0,24.9,1,1,0
CLI-001231,352802.0,21512.33,439,360,1,0,14,3.0,0,0,0
CLI-004634,63032.0,4045.71,55,4,0,1,1,1.7,0,0,1
CLI-002290,153309.0,8902.98,179,111,0,0,13,9.8,0,0,0
CLI-004222,300.0,11.37,1,1,0,0,2,15.0,1,1,0
CLI-002314,1743.0,88.58,7,1,0,0,0,18.6,1,1,0
CLI-000624,5017.0,874.12,43,13,0,0,7,9.9,0,0,1
CLI-000215,26628.0,1202.73,25,14,0,0,12,7.3,0,0,1
CLI-004996,10872.0,697.8,31,12,0,0,6,9.1,0,0,1
CLI-001290,9487.0,2313.79,59,4,0,0,1,5.5,0,0,1
CLI-004979,4445.0,208.5,8,6,0,0,6,14.6,1,0,0
CLI-003437,47650.0,1709.11,37,27,0,0,8,12.0,0,0,1
CLI-002899,845.0,54.21,2,1,0,0,7,16.1,1,0,0
CLI-000614,39224.0,2391.73,107,57,0,0,10,4.6,0,0,0
CLI-004871,9315.0,157.78,6,2,0,0,3,22.9,0,0,1
CLI-003173,18718.0,1755.9,48,36,0,0,14,0.5,0,0,1
CLI-001789,1482.0,164.26,8,1,0,0,1,9.1,1,0,0
CLI-001089,502.0,61.17,5,1,0,0,3,10.65,1,1,0
CLI-004482,21905.0,3339.16,77,39,0,0,13,11.7,0,0,0
CLI-002717,1687.0,108.27,8,3,0,0,3,20.8,1,1,0
CLI-003155,1415.0,100.0,4,0,0,0,0,9.5,1,0,0
CLI-000608,2272.0,307.82,8,5,0,0,10,3.8,1,0,0
CLI-003325,1896.0,115.6,9,3,0,0,3,33.4,1,1,0
CLI-001913,20811.0,939.96,32,18,0,0,6,14.1,0,0,1
CLI-002764,6425.0,559.71,12,7,0,0,7,8.3,0,0,1
CLI-001813,15363.0,4683.99,186,74,0,0,4,9.1,0,0,0
CLI-002468,13561.0,344.53,30,11,0,0,2,19.6,0,1,1
CLI-004688,1147.0,73.6,3,1,0,0,1,9.4,1,0,0
CLI-004826,47600.0,1319.3,28,15,0,0,5,9.3,0,0,1
CLI-002187,300.0,10.84,1,1,0,0,3,18.7,1,1,0
CLI-004683,19578.0,1136.91,45,20,0,0,9,9.1,0,0,1
CLI-001062,22001.0,813.03,27,21,0,0,9,15.2,0,0,1
CLI-001930,6385.0,865.12,34,20,0,0,8,7.9,0,0,0
CLI-003514,43999.0,1166.46,27,14,0,0,8,6.2,0,0,1
CLI-004378,2366.0,206.14,8,0,0,0,0,10.1,1,0,0
CLI-000938,42003.0,2695.96,58,21,0,0,12,0.5,0,0,0
CLI-004759,3982.0,173.44,7,1,0,0,0,9.4,1,0,0
CLI-003095,5445.0,948.56,42,23,0,0,6,16.3,0,0,1
CLI-003101,14326.0,272.98,9,8,0,0,8,17.0,1,0,0
CLI-004389,46799.0,3003.79,123,0,0,0,0,17.3,0,0,0
CLI-001077,554404.0,52007.86,714,226,1,1,7,4.3,0,0,0
CLI-003991,17839.0,1977.7,44,20,0,0,10,4.0,0,0,0
CLI-000729,42109.0,1426.47,112,107,0,0,4,31.3,0,1,0
CLI-002922,134201.0,2597.77,53,48,0,0,19,4.7,0,0,1
CLI-001634,199088.0,12139.53,195,34,0,1,11,10.65,0,0,0
CLI-002860,300.0,11.33,1,1,0,0,3,18.2,1,1,0
CLI-002364,22440.0,977.34,37,29,0,0,8,10.65,0,0,1
CLI-001830,1812.0,71.3,5,4,0,0,3,27.2,1,1,0
CLI-004352,77506.0,1294.78,36,32,0,0,12,9.7,0,0,1
CLI-003271,21472.0,623.47,50,40,0,0,6,32.7,0,1,1
CLI-002542,1650.0,64.9,5,2,0,0,1,25.4,1,1,0
CLI-004515,5888.0,897.63,38,10,0,0,5,10.7,0,0,0
CLI-001943,22493.0,1097.24,25,20,0,0,21,8.2,0,0,1
CLI-004545,9338.0,1423.45,37,18,0,0,6,2.6,0,0,1
CLI-002219,71571.0,2385.0,53,43,0,0,15,3.4,0,0,1
CLI-001858,482.0,48.99,4,3,0,0,5,10.65,1,1,0
CLI-002881,2543.0,125.0,5,4,0,0,9,14.9,1,0,0
CLI-002340,1436.0,60.4,7,1,0,0,1,24.3,1,1,0
CLI-001629,667.0,120.0,10,4,0,0,2,15.8,1,1,0
CLI-003311,5515.0,140.12,3,2,0,0,12,7.5,1,0,0
CLI-000928,69216.0,12058.6,613,85,1,0,0,11.0,0,0,0
CLI-002847,3092.0,45.99,1,1,0,0,15,11.0,1,0,0
CLI-003501,139854.0,6091.21,108,63,0,0,16,2.8,0,0,0
CLI-004178,8155.0,672.0,56,48,0,0,4,0.5,0,1,1
CLI-004406,21025.0,2848.86,39,25,0,1,19,3.3,0,0,1
CLI-003567,1651.0,335.6,16,9,0,0,5,10.65,0,0,1
CLI-004581,2471.0,602.68,28,8,0,0,5,21.4,0,0,1
CLI-002555,6347.0,1289.97,37,2,0,0,2,1.3,0,0,1
CLI-003858,288911.0,10676.68,215,137,0,0,8,6.1,0,0,0
CLI-001764,16259.0,566.5,43,24,0,0,5,10.65,0,1,1
CLI-003792,66288.0,6736.6,175,87,0,0,8,2.1,0,0,0
CLI-000103,3334.0,127.07,6,4,0,0,3,9.2,1,0,0
CLI-002639,1080.0,109.8,11,6,0,0,2,22.7,1,1,0
CLI-004571,733.0,33.13,1,1,0,0,6,10.3,1,0,0
CLI-002896,3533.0,195.87,7,6,0,0,5,16.6,0,0,1
CLI-004461,1557.0,37.22,3,1,0,0,2,0.5,1,1,0
CLI-001969,16420.0,1053.9,41,23,0,0,7,10.65,0,0,1
CLI-000542,15747.0,1200.21,55,25,0,0,7,8.9,0,0,1
CLI-004255,39049.0,3663.17,152,72,0,0,3,10.65,0,0,0
CLI-003795,11303.0,696.0,58,0,0,0,0,12.2,0,1,1
CLI-000307,621.0,68.9,6,2,0,0,6,13.0,1,1,0
CLI-003579,26132.0,1274.72,47,27,0,0,10,9.1,0,0,1
CLI-000358,4530.0,46.42,4,3,0,0,4,38.6,1,1,0
CLI-003499,11663.0,1580.42,41,23,0,0,6,3.6,0,0,1
CLI-001718,10255.0,357.3,12,7,0,0,3,13.4,0,0,1
CLI-002147,24774.0,1118.97,48,27,0,0,5,18.1,0,0,1
CLI-004891,433.0,12.89,1,1,0,0,3,23.3,1,1,0
CLI-001373,59161.0,1898.61,32,28,0,0,17,4.9,0,0,1
CLI-000384,89125.0,6793.03,142,27,0,0,11,4.4,0,0,0
CLI-001008,250729.0,4131.99,49,14,0,1,19,6.2,0,0,0
CLI-002362,13933.0,377.6,27,0,0,0,0,19.9,0,1,1
CLI-000031,17433.0,3037.11,98,10,0,0,2,4.8,0,0,0
CLI-002539,15207.0,1685.97,49,28,0,0,9,5.7,0,0,1
CLI-004556,376.0,26.98,1,1,0,0,3,10.65,1,0,0
CLI-004626,2068.0,114.61,9,7,0,0,4,28.8,1,1,0
CLI-000780,2478.0,111.91,9,6,0,0,3,17.2,1,1,0
CLI-000521,630.0,34.92,3,2,0,0,4,10.65,1,1,0
CLI-001010,68897.0,2800.7,106,62,0,0,5,4.2,0,0,0
CLI-000710,34994.0,3556.34,133,80,0,0,5,16.1,0,0,0
CLI-004832,2163.0,131.88,6,0,0,0,0,18.5,1,0,0
CLI-000448,2144.0,104.6,7,6,0,0,5,7.7,1,1,0
CLI-001627,2418.0,92.15,2,1,0,0,14,8.4,1,0,0
CLI-001761,81052.0,5202.3,215,0,0,0,0,9.7,0,0,0
CLI-002223,18607.0,333.7,13,0,0,0,0,12.7,0,0,1
CLI-003656,52985.0,2153.88,52,12,0,0,12,10.65,0,0,1
CLI-004557,1358.0,33.11,3,2,0,0,3,40.8,1,1,0
CLI-001906,177630.0,2565.0,57,36,0,0,14,5.6,0,0,1
CLI-000698,5866.0,894.25,35,15,0,0,7,15.1,0,0,1
CLI-003594,2986.0,364.13,13,8,0,0,4,14.0,0,0,1
CLI-004595,161398.0,3785.13,43,34,0,1,17,2.2,0,0,1
CLI-000191,54100.0,4712.51,92,36,0,0,4,6.4,0,0,0
CLI-000574,72543.0,1325.0,53,38,0,0,7,19.5,0,0,1
CLI-000178,449.0,78.31,5,0,0,0,0,12.7,1,0,0
CLI-003946,36471.0,1347.8,54,15,0,0,6,10.65,0,0,1
CLI-001990,275464.0,15269.61,193,164,0,1,26,7.8,0,0,0
CLI-000540,7890.0,320.73,14,8,0,0,9,15.6,0,0,1
CLI-003234,1773.0,102.95,9,6,0,0,2,6.8,1,1,0
CLI-003531,13067.0,612.92,50,40,0,0,5,35.2,0,1,1
CLI-002943,79853.0,2264.69,44,28,0,0,10,2.3,0,0,0
CLI-002890,68243.0,3963.02,179,108,0,0,7,17.2,0,0,0
CLI-002299,300.0,21.33,2,2,0,0,5,30.5,1,1,0
CLI-000493,46189.0,599.23,52,21,0,0,1,25.4,0,1,1
CLI-001137,5956.0,726.32,20,9,0,0,7,6.0,0,0,1
CLI-002927,1768.0,143.72,6,2,0,0,5,16.2,1,0,0
CLI-000732,738.0,112.46,10,5,0,0,3,27.7,1,1,0
CLI-003719,98919.0,4308.32,172,123,0,0,10,12.2,0,0,0
CLI-002781,723.0,12.41,1,0,0,0,0,25.0,1,1,0
CLI-002480,7330.0,1489.79,38,18,0,0,13,10.65,0,0,1
CLI-004492,1447.0,196.06,10,3,0,0,5,12.0,0,0,1
CLI-002401,11408.0,1070.19,39,7,0,0,1,5.8,0,0,1
CLI-002974,2768.0,99.28,8,5,0,0,5,27.0,1,1,0
CLI-000135,2921.0,254.4,5,4,0,0,12,6.9,1,0,0
CLI-001319,341955.0,5957.41,192,93,0,0,7,6.8,0,0,0
CLI-004857,70708.0,2781.58,57,19,0,0,8,3.8,0,0,1
CLI-000726,29776.0,1344.9,52,0,0,0,0,11.3,0,0,1
CLI-000566,300.0,12.04,1,1,0,0,4,33.6,1,1,0
CLI-000147,448611.0,18865.05,194,74,0,1,18,3.8,0,0,0
CLI-004869,300.0,24.46,2,2,0,0,3,37.9,1,1,0
CLI-004471,2785.0,109.55,10,3,0,0,4,29.4,1,1,0
CLI-001030,8820.0,977.86,56,35,0,0,1,11.9,0,0,1
CLI-003870,1284.0,52.18,4,2,0,0,3,28.2,1,1,0
CLI-003607,1688.0,73.51,6,0,0,0,0,26.5,0,1,1
CLI-002844,22088.0,1924.07,43,9,0,0,5,7.6,0,0,1
CLI-003578,5455.0,289.22,22,11,0,0,4,24.3,0,1,1
CLI-000623,85173.0,3245.93,112,13,0,0,2,18.6,0,0,0
CLI-000535,3151.0,125.0,5,2,0,0,9,10.65,1,0,0
CLI-001235,49473.0,1283.69,53,40,0,0,6,21.3,0,0,1
CLI-003282,12116.0,2110.83,51,34,0,0,10,10.65,0,0,1
CLI-002979,26947.0,1263.93,51,15,0,0,3,8.0,0,0,1
CLI-000244,98113.0,9970.85,135,63,0,1,8,3.5,0,0,0
CLI-004943,300.0,44.01,4,1,0,0,2,43.5,1,1,0
CLI-001555,40274.0,1403.28,49,10,0,0,6,9.3,0,0,1
CLI-002891,2000000.0,58331.06,646,0,1,1,0,3.3,0,0,0
CLI-004863,165795.0,3159.2,201,109,0,0,2,10.65,0,1,0
CLI-003364,7151.0,969.02,35,18,0,0,6,10.65,0,0,1
CLI-003610,21764.0,1396.91,50,5,0,0,1,13.8,0,0,1
CLI-004451,2134.0,83.93,7,3,0,0,4,32.5,1,1,0
CLI-001063,29252.0,2229.54,57,17,0,0,2,11.2,0,0,0
CLI-001653,292527.0,29728.4,722,396,1,0,8,11.9,0,0,0
CLI-001100,2668.0,90.39,4,2,0,0,5,12.4,1,0,0
CLI-002126,1870.0,78.64,3,1,0,0,0,10.7,1,0,0
CLI-001035,12986.0,406.06,16,7,0,0,5,12.3,0,0,1
CLI-003522,7595.0,421.0,30,21,0,0,4,24.0,0,1,1
CLI-001147,7448.0,567.71,7,4,0,1,13,4.9,1,0,0
CLI-000714,8305.0,1012.86,40,36,0,0,6,17.6,0,0,1
CLI-002242,135803.0,4476.05,92,67,0,0,16,3.7,0,0,0
CLI-001250,8318.0,1014.38,40,0,0,0,0,9.4,0,0,0
CLI-002361,4610.0,702.77,26,17,0,0,10,14.4,0,0,1
CLI-000268,64463.0,9826.75,261,30,1,0,1,7.9,0,0,0
CLI-004112,645.0,46.25,4,3,0,0,3,29.9,1,1,0
CLI-004956,189779.0,5510.42,203,104,0,0,3,19.7,0,0,0
CLI-003050,3377.0,137.27,6,2,0,0,5,10.65,1,0,0
CLI-000752,1395.0,141.72,6,4,0,0,3,10.2,1,0,0
CLI-004747,822.0,111.4,5,2,0,0,7,11.8,1,0,0
CLI-004202,90170.0,5498.16,57,43,0,1,22,0.5,0,0,1
CLI-003274,120607.0,4202.33,44,37,0,1,22,1.0,0,0,0
CLI-000738,37331.0,2845.35,107,75,0,0,9,15.8,0,0,0
CLI-001116,2606.0,288.95,11,3,0,0,5,11.4,1,0,0
CLI-003944,11118.0,301.29,11,7,0,0,7,12.5,1,0,0
CLI-004432,52241.0,950.88,34,25,0,0,10,13.0,0,0,1
CLI-003868,20926.0,255.2,19,9,0,0,3,22.4,0,1,1
CLI-003070,15557.0,311.02,11,9,0,0,11,6.3,1,0,0
CLI-002341,9616.0,366.48,14,13,0,0,11,9.0,0,0,1
CLI-004669,38624.0,3140.16,181,49,0,0,4,13.9,0,0,0
CLI-003444,1118.0,170.43,9,0,0,0,0,9.4,1,0,0
CLI-004657,1374.0,98.54,8,5,0,0,2,9.9,1,1,0
CLI-003340,123402.0,7166.21,177,60,0,0,5,3.8,0,0,0
CLI-003033,2922.0,222.68,8,5,0,0,4,9.6,1,0,0
CLI-002823,1336.0,101.8,9,5,0,0,4,22.2,1,1,0
CLI-003490,3843.0,223.16,9,3,0,0,8,6.3,0,0,1
CLI-001043,3205.0,57.48,5,2,0,0,3,10.65,1,1,0
CLI-004860,14969.0,493.37,52,25,0,0,4,7.4,0,1,0
CLI-000367,6556.0,307.52,12,4,0,0,6,8.0,0,0,1
CLI-004680,1134.0,69.14,6,2,0,0,4,20.4,1,1,0
CLI-001334,46084.0,1812.89,42,13,0,0,12,7.9,0,0,1
CLI-000145,300.0,21.35,1,1,0,0,6,18.4,1,0,0
CLI-000554,25826.0,984.22,43,27,0,0,7,8.1,0,0,1
CLI-003843,83007.0,2249.52,40,12,0,0,16,8.5,0,0,1
CLI-000871,1266.0,128.64,10,8,0,0,4,21.3,0,1,1
CLI-000040,116032.0,5442.41,95,53,0,0,5,4.7,0,0,0
CLI-004560,399.0,54.05,4,3,0,0,4,13.6,1,1,0
CLI-002594,10769.0,336.74,15,0,0,0,0,14.9,0,0,1
CLI-001873,5362.0,502.97,48,11,0,0,2,13.8,0,1,0
CLI-000148,30058.0,678.82,55,44,0,0,5,25.2,0,1,1
CLI-001346,2468.0,136.81,9,0,0,0,0,25.0,0,1,1
CLI-004840,13289.0,279.42,9,2,0,0,4,6.9,1,0,0
CLI-002081,3163.0,385.75,35,0,0,0,0,27.9,0,1,1
CLI-000576,1272.0,129.31,5,2,0,0,3,9.2,1,0,0
CLI-000343,2101.0,197.09,9,1,0,0,3,13.8,1,0,0
CLI-000514,804526.0,31649.35,418,141,1,1,15,0.5,0,0,0
CLI-002133,1824.0,55.62,1,1,0,0,15,5.8,1,0,0
CLI-001517,75167.0,2619.07,112,28,0,0,1,9.0,0,0,0
CLI-000392,518.0,78.99,2,2,0,0,10,9.7,1,0,0
CLI-004660,756.0,115.28,10,2,0,0,2,27.3,1,1,0
CLI-000257,4970.0,1010.12,57,3,0,0,4,10.2,0,0,1
CLI-003553,13461.0,1262.79,53,41,0,0,7,11.4,0,0,1
CLI-000060,819821.0,58810.66,849,244,1,1,19,4.7,0,0,0
CLI-004370,784.0,39.84,3,2,0,0,2,25.2,1,1,0
CLI-001565,4496.0,609.26,47,11,0,0,0,20.1,0,1,1
CLI-004259,1635.0,84.0,7,0,0,0,0,15.4,1,1,0
CLI-004995,13501.0,392.02,14,8,0,0,11,10.5,0,0,1
CLI-001101,1491.0,200.0,8,5,0,0,2,0.9,1,0,0
CLI-001058,136600.0,4899.58,110,93,0,0,9,6.3,0,0,0
CLI-003645,7183.0,336.92,32,10,0,0,0,10.65,0,1,1
CLI-002554,4544.0,79.16,7,5,0,0,3,28.1,1,1,0
CLI-003315,3796.0,201.25,9,3,0,0,1,9.7,1,0,0
CLI-004880,148477.0,8622.35,184,69,0,0,6,9.7,0,0,0
CLI-004878,12010.0,457.71,16,3,0,0,6,11.9,0,0,1
CLI-002389,965755.0,21031.25,466,172,1,0,9,7.6,0,0,0
CLI-003258,63313.0,11030.21,210,134,0,0,14,9.7,0,0,0
CLI-000330,204772.0,15607.62,181,144,0,1,15,1.2,0,0,0
CLI-000471,1324.0,107.68,11,3,0,0,2,26.7,1,1,0
CLI-004788,4196.0,176.45,13,9,0,0,3,13.0,0,1,1
CLI-002411,15196.0,2059.02,46,20,0,0,10,10.65,0,0,1
CLI-000286,7525.0,262.21,21,17,0,0,4,12.4,0,1,1
CLI-000821,1114.0,31.58,4,1,0,0,0,12.5,1,1,0
CLI-000450,56284.0,1806.28,43,30,0,0,10,12.1,0,0,1
CLI-000897,2063.0,279.56,11,6,0,0,8,14.4,1,0,0
CLI-003188,31888.0,1944.39,43,26,0,0,17,3.0,0,0,1
CLI-003238,6655.0,901.74,43,19,0,0,4,9.1,0,0,1
CLI-000086,576.0,78.05,9,1,0,0,0,18.0,1,1,0
CLI-004208,1253182.0,17566.33,208,0,0,1,0,10.65,0,0,0
CLI-000763,6321.0,770.88,32,15,0,0,5,7.5,0,0,1
CLI-002358,3684.0,320.92,11,6,0,0,5,20.6,1,0,0
CLI-001363,23377.0,1357.54,17,3,0,1,20,6.5,0,0,1
CLI-001625,185748.0,12584.54,575,309,1,0,5,13.8,0,0,0
CLI-001710,1061.0,80.89,3,2,0,0,6,12.5,1,0,0
CLI-001503,20270.0,1074.74,47,40,0,0,11,15.0,0,0,1
CLI-001174,22060.0,1222.86,44,34,0,0,11,13.9,0,0,1
CLI-003747,54461.0,1071.23,35,31,0,0,9,13.2,0,0,0
CLI-001508,73003.0,3424.16,149,36,0,0,2,10.6,0,0,0
CLI-003054,40897.0,1662.46,59,12,0,0,5,11.5,0,0,1
CLI-002146,38544.0,783.41,37,8,0,0,6,13.8,0,0,1
CLI-002669,3116.0,542.87,8,7,0,1,17,3.7,1,0,0
CLI-003496,407.0,45.07,4,2,0,0,2,19.5,1,1,0
CLI-004303,269214.0,7816.91,183,83,0,0,9,3.1,0,0,0
CLI-001396,56716.0,3458.3,128,67,0,0,9,12.6,0,0,0
CLI-003176,852.0,173.27,8,2,0,0,3,12.6,1,0,0
CLI-003300,29318.0,1232.87,53,44,0,0,3,10.65,0,0,1
CLI-002651,7370.0,345.68,15,10,0,0,9,12.5,0,0,1
CLI-001959,22900.0,962.98,36,13,0,0,4,10.6,0,0,1
CLI-001727,72035.0,1203.39,52,33,0,0,5,19.3,0,0,1
CLI-003786,2488.0,337.09,8,5,0,0,11,9.1,1,0,0
CLI-002193,5387.0,273.73,10,2,0,0,3,14.6,0,0,1
CLI-000099,300.0,62.76,7,5,0,0,4,22.1,1,1,0
CLI-003954,2080.0,362.39,15,6,0,0,6,10.65,0,0,1
CLI-002660,15243.0,1327.81,27,17,0,0,16,9.0,0,0,1
CLI-001176,808.0,70.39,6,1,0,0,3,15.4,1,1,0
CLI-000888,1870.0,29.62,1,0,0,0,0,9.1,1,0,0
CLI-000227,3273.0,120.94,10,6,0,0,4,22.7,1,1,0
CLI-003943,87881.0,5358.6,141,0,0,0,0,8.3,0,0,0
CLI-003324,4377.0,75.18,6,3,0,0,4,25.2,1,1,0
CLI-003431,3270.0,234.58,9,1,0,0,0,10.0,1,0,0
CLI-001636,14122.0,1013.07,48,39,0,0,12,5.2,0,0,1
CLI-001132,279798.0,4674.21,167,118,0,0,10,14.4,0,0,0
CLI-004328,320576.0,43438.47,785,304,1,1,3,10.65,0,0,0
CLI-004835,4093.0,155.99,6,2,0,0,6,9.5,1,0,0
CLI-003502,55872.0,2197.96,28,15,0,1,15,3.4,0,0,1
CLI-000427,89647.0,6073.66,120,83,0,0,8,6.6,0,0,0
CLI-003196,10415.0,309.78,21,8,0,0,4,21.8,0,1,1
CLI-003863,35468.0,2544.34,56,16,0,0,4,10.65,0,0,1
CLI-001831,3963.0,483.27,11,3,0,0,9,7.7,0,0,1
CLI-004291,4481.0,1366.27,46,29,0,0,2,4.3,0,0,1
CLI-000983,169931.0,5756.46,113,100,0,0,20,6.5,0,0,0
CLI-002098,26892.0,910.97,30,20,0,0,5,9.5,0,0,1
CLI-004654,1136916.0,30810.72,621,546,1,0,11,4.8,0,0,0
CLI-003847,2276.0,198.27,5,3,0,0,9,2.9,1,0,0
CLI-003170,30415.0,2853.19,72,51,0,0,12,10.7,0,0,0
CLI-003540,19241.0,1564.33,32,17,0,0,5,0.5,0,0,0
CLI-004035,439.0,12.74,1,1,0,0,4,10.65,1,1,0
CLI-000170,992.0,241.98,25,22,0,0,3,27.2,0,1,1
CLI-001355,3327.0,96.6,7,3,0,0,3,12.9,1,1,0
CLI-000541,2448.0,186.58,9,4,0,0,4,8.9,1,0,0
CLI-000592,2623.0,139.07,9,3,0,0,0,10.4,1,0,0
CLI-004742,690.0,93.44,9,2,0,0,1,23.5,1,1,0
CLI-004851,38163.0,581.76,22,15,0,0,8,10.8,0,0,1
CLI-000485,16025.0,1503.32,30,21,0,0,10,6.0,0,0,1
CLI-004017,14425.0,199.9,7,1,0,0,5,15.6,1,0,0
CLI-000096,300.0,11.03,1,1,0,0,1,26.0,1,1,0
CLI-000154,1702.0,122.09,5,3,0,0,5,12.0,1,0,0
CLI-001717,902399.0,30569.07,546,181,1,0,9,5.1,0,0,0
CLI-001578,6434.0,1307.7,56,26,0,0,9,11.5,0,0,1
CLI-004220,12489.0,276.92,27,12,0,0,3,28.1,0,1,1
CLI-004615,1991.0,97.12,9,7,0,0,3,31.8,1,1,0
CLI-001358,83505.0,4427.64,92,53,0,0,8,10.65,0,0,0
CLI-000573,207548.0,9734.89,214,154,0,0,14,8.7,0,0,0
CLI-004800,10936.0,1481.82,59,15,0,0,4,12.7,0,0,1
CLI-003335,2658.0,90.04,2,1,0,0,10,7.5,1,0,0
CLI-002285,468406.0,23801.13,285,188,1,1,11,2.4,0,0,0
CLI-000804,9209.0,561.54,45,10,0,0,2,7.7,0,1,1
CLI-000232,7451.0,567.93,45,34,0,0,4,30.6,0,1,1
CLI-001859,9689.0,171.25,11,4,0,0,3,19.9,1,1,0
CLI-003709,6617.0,336.22,12,10,0,0,11,2.3,0,0,1
CLI-003662,2015.0,245.72,7,4,0,0,6,11.1,0,0,1
CLI-003107,13321.0,676.86,53,0,0,0,0,28.2,0,1,1
CLI-004187,1214.0,211.47,28,2,0,0,0,35.8,0,1,1
CLI-000019,17556.0,856.39,21,8,0,0,9,6.7,0,0,1
CLI-002745,1370.0,128.53,11,8,0,0,2,19.1,1,1,0
CLI-002351,539.0,36.54,3,1,0,0,3,20.7,1,1,0
CLI-003055,99273.0,5044.38,199,123,0,0,8,10.65,0,0,0
CLI-004584,737.0,99.86,8,5,0,0,3,10.65,1,1,0
CLI-000758,48179.0,4519.64,196,33,0,0,1,8.3,0,0,0
CLI-003637,870.0,96.42,9,8,0,0,6,26.6,1,1,0
CLI-001518,4842.0,109.34,8,7,0,0,3,31.8,1,1,0
CLI-003395,6040.0,491.03,23,14,0,0,8,21.7,0,0,1
CLI-001532,1237.0,107.75,9,4,0,0,5,4.9,1,1,0
CLI-003317,5366.0,436.26,11,9,0,0,17,3.2,0,0,1
CLI-000994,300.0,71.43,7,2,0,0,1,38.2,1,1,0
CLI-002122,538.0,46.86,5,1,0,0,1,40.1,1,1,0
CLI-002418,9371.0,1269.72,55,27,0,0,8,17.9,0,0,1
CLI-004360,4230.0,368.5,10,6,0,0,15,10.65,0,0,1
CLI-002609,8888.0,516.12,22,10,0,0,6,10.65,0,0,1
CLI-001275,1781.0,36.0,3,2,0,0,6,10.65,1,1,0
CLI-003390,2743.0,223.03,11,1,0,0,2,10.2,0,0,1
CLI-003024,9805.0,797.13,16,7,0,0,14,8.5,0,0,1
CLI-001912,1601.0,108.44,8,0,0,0,0,15.0,1,1,0
CLI-002421,11816.0,600.43,13,8,0,0,9,7.1,0,0,1
CLI-000925,1306.0,13.27,1,1,0,0,5,40.1,1,1,0
CLI-002073,6297.0,1919.79,85,68,0,0,8,19.6,0,0,0
CLI-000294,6730.0,88.25,3,2,0,0,6,10.65,1,0,0
CLI-000112,20348.0,751.95,13,11,0,0,14,1.1,0,0,1
CLI-001371,12494.0,1904.54,39,17,0,0,10,4.5,0,0,1
CLI-002476,11385.0,213.61,10,1,0,0,0,10.3,1,0,0
CLI-001453,911380.0,9261.99,197,137,0,0,13,2.4,0,0,0
CLI-000468,4174.0,299.42,7,3,0,0,11,3.9,1,0,0
CLI-003689,7412.0,564.95,18,16,0,0,9,18.9,0,0,1
CLI-000850,3138.0,201.38,5,2,0,0,6,0.8,1,0,0
CLI-004051,887.0,63.65,6,2,0,0,0,33.4,0,1,1
CLI-004206,81315.0,9810.0,218,87,0,0,10,7.0,0,0,0
CLI-003518,620.0,27.02,1,1,0,0,11,10.1,1,0,0
CLI-004195,582861.0,22929.24,258,201,1,1,32,1.9,0,0,0
CLI-001597,1447.0,84.02,7,4,0,0,4,30.8,1,1,0
CLI-004576,267191.0,4863.32,101,15,0,0,3,5.5,0,0,0
CLI-001114,613.0,83.11,8,2,0,0,3,22.9,1,1,0
CLI-000942,51540.0,2417.45,97,77,0,0,8,11.0,0,0,0
CLI-000933,10143.0,458.12,7,0,0,1,0,5.1,1,0,0
CLI-002685,49875.0,1414.48,51,25,0,0,3,12.8,0,0,1
CLI-000430,18525.0,806.84,54,48,0,0,3,23.4,0,1,1
CLI-002112,32981.0,855.76,34,23,0,0,7,13.0,0,0,1
CLI-003370,1032.0,40.6,3,1,0,0,4,17.9,1,1,0
CLI-003389,1396.0,24.0,2,1,0,0,3,20.0,1,1,0
CLI-000041,300.0,17.95,1,1,0,0,3,10.1,1,0,0
CLI-004309,2291.0,116.43,11,6,0,0,3,11.6,1,1,0
CLI-003936,313.0,42.45,4,1,0,0,2,10.65,1,1,0
CLI-004990,180977.0,18391.96,188,125,0,1,17,4.4,0,0,0
CLI-001007,11157.0,907.1,33,22,0,0,8,12.2,0,0,1
CLI-004183,100601.0,6134.2,71,37,0,1,13,10.65,0,0,0
CLI-002802,78712.0,6856.45,155,52,0,0,7,6.2,0,0,0
CLI-000894,1355.0,118.06,4,3,0,0,6,10.65,1,0,0
CLI-004611,579.0,33.6,3,2,0,0,5,16.6,1,1,0
CLI-001148,14468.0,1960.42,40,10,0,0,10,0.7,0,0,0
CLI-002963,2865.0,139.77,5,2,0,0,2,16.2,1,0,0
CLI-003841,8399.0,512.14,13,12,0,0,18,10.65,0,0,1
CLI-001991,117899.0,2614.17,49,18,0,0,9,4.1,0,0,1
CLI-002929,69600.0,1571.81,56,45,0,0,7,14.1,0,0,1
CLI-003233,40325.0,1490.2,55,42,0,0,6,11.2,0,0,1
CLI-003635,7259.0,553.25,56,33,0,0,2,20.2,0,1,1
CLI-001268,300.0,9.11,1,1,0,0,2,19.8,1,1,0
CLI-000129,54349.0,2367.1,28,21,0,1,25,3.0,0,0,1
CLI-003896,110245.0,4636.02,50,32,0,1,22,0.5,0,0,0
CLI-002950,397.0,48.41,2,1,0,0,1,3.7,1,0,0
CLI-001110,10926.0,888.26,40,18,0,0,6,10.5,0,0,1
CLI-000962,59412.0,8050.34,179,117,0,0,11,4.8,0,0,0
CLI-004197,9467.0,149.93,11,3,0,0,2,11.0,1,1,0
CLI-000831,20155.0,847.56,11,6,0,1,3,4.9,1,0,0
CLI-004124,6090.0,1856.64,97,31,0,0,9,17.6,0,0,0
CLI-003046,3618.0,259.57,10,6,0,0,6,10.0,1,0,0
CLI-002359,9425.0,547.32,10,4,0,0,5,8.3,0,0,1
CLI-001444,13578.0,331.18,13,7,0,0,5,1.1,0,0,1
CLI-002162,7781.0,287.56,11,10,0,0,7,15.5,1,0,0
CLI-004635,591944.0,11834.14,215,138,1,0,15,5.3,0,0,0
CLI-004999,7649.0,1865.51,41,18,0,0,6,2.9,0,0,1
CLI-004726,973201.0,47473.24,604,202,1,1,1,7.3,0,0,0
CLI-000793,6417.0,355.71,28,14,0,0,1,17.9,0,1,1
CLI-001237,19191.0,1170.16,27,8,0,0,6,6.7,0,0,1
CLI-003012,16212.0,1235.64,56,19,0,0,3,4.9,0,0,1
CLI-004452,11601.0,392.98,16,11,0,0,6,13.0,0,0,1
CLI-004872,25389.0,1407.37,54,16,0,0,3,7.7,0,0,0
CLI-002331,2610.0,109.74,8,3,0,0,0,32.9,0,1,1
CLI-002729,8748.0,136.78,11,4,0,0,3,21.2,1,1,0
CLI-000907,450.0,11.92,1,1,0,0,3,34.4,1,1,0
CLI-004430,7137.0,193.42,7,5,0,0,13,10.1,1,0,0
CLI-000352,55900.0,3098.68,128,116,0,0,9,12.8,0,0,0
CLI-004517,399.0,60.78,6,2,0,0,2,23.8,1,1,0
CLI-002951,20390.0,956.38,45,27,0,0,5,10.8,0,0,1
CLI-001127,1564.0,73.37,6,2,0,0,0,27.6,1,1,0
CLI-002022,8062.0,446.9,17,7,0,0,3,15.4,0,0,1
CLI-002607,6535.0,318.77,25,13,0,0,3,35.6,0,1,1
CLI-000564,33965.0,8284.23,116,0,0,1,0,3.7,0,0,0
CLI-000600,3351.0,240.37,9,4,0,0,6,10.65,0,0,1
CLI-002257,31010.0,1800.79,46,10,0,0,7,10.65,0,0,1
CLI-001161,469.0,43.99,4,2,0,0,2,15.2,1,1,0
CLI-000791,260227.0,26445.87,679,81,1,0,4,11.0,0,0,0
CLI-000594,1287.0,87.2,3,3,0,0,13,17.5,1,0,0
CLI-004290,1767.0,55.24,4,1,0,0,2,15.9,1,1,0
CLI-004450,27933.0,2620.38,57,25,0,0,10,3.8,0,0,1
CLI-004207,10427.0,794.72,22,10,0,0,10,4.2,0,0,1
CLI-001385,46207.0,3314.74,76,22,0,0,11,4.7,0,0,0
CLI-003887,5281.0,322.01,11,8,0,0,7,19.9,0,0,1
CLI-000689,57680.0,1099.09,41,27,0,0,7,8.9,0,0,1
CLI-002511,535.0,20.4,1,1,0,0,7,5.7,1,0,0
CLI-004638,65737.0,1484.57,56,44,0,0,11,10.1,0,0,1
CLI-000407,11812.0,134.62,6,2,0,0,0,15.3,1,0,0
CLI-004787,219300.0,9905.13,231,159,1,0,15,4.0,0,0,0
CLI-004618,91808.0,4306.18,88,29,0,0,9,6.0,0,0,0
CLI-001096,27508.0,1242.47,48,14,0,0,3,11.5,0,0,1
CLI-002603,1542.0,156.74,7,3,0,0,9,12.7,1,0,0
CLI-004070,4259.0,115.41,8,7,0,0,3,26.1,1,1,0
CLI-000743,146662.0,1987.29,37,25,0,0,14,9.0,0,0,1
CLI-004409,8749.0,288.35,22,12,0,0,4,14.0,0,1,1
CLI-003113,17758.0,1203.14,43,17,0,0,5,11.4,0,0,0
CLI-001978,19828.0,1209.05,32,9,0,0,9,5.0,0,0,1
CLI-004025,81100.0,2104.31,72,66,0,0,8,11.5,0,0,0
CLI-002985,52538.0,3203.53,136,66,0,0,6,5.5,0,0,0
CLI-000546,376371.0,10928.3,274,229,1,0,12,9.8,0,0,0
CLI-004794,65625.0,2964.09,36,24,0,1,16,2.3,0,0,1
CLI-000999,17180.0,952.33,37,14,0,0,9,9.2,0,0,1
CLI-000833,104338.0,8482.77,116,53,0,1,16,2.5,0,0,0
CLI-001343,43089.0,1695.1,26,14,0,1,10,1.5,0,0,1
CLI-001184,2266.0,110.56,9,3,0,0,1,19.6,1,1,0
CLI-003947,13243.0,1076.69,42,25,0,0,5,10.65,0,0,1
CLI-003383,89129.0,905.78,28,21,0,0,8,7.8,0,0,1
CLI-004964,11305.0,626.64,11,3,0,0,9,7.0,0,0,1
CLI-004335,1083.0,69.49,7,3,0,0,0,35.6,1,1,0
CLI-003682,3657.0,85.76,7,2,0,0,2,22.3,1,1,0
CLI-004374,10771.0,437.85,15,11,0,0,8,19.1,0,0,1
CLI-002611,89713.0,9117.22,192,138,0,0,6,10.3,0,0,0
CLI-000653,2916.0,253.99,13,11,0,0,6,15.2,0,0,1
CLI-003468,561028.0,5701.5,58,53,0,1,25,2.7,0,0,1
CLI-001986,13328.0,478.04,18,14,0,0,9,12.6,0,0,1
CLI-002992,2966.0,226.05,7,2,0,0,3,6.7,0,0,1
CLI-000881,1310489.0,34003.36,615,588,1,0,17,8.7,0,0,0
CLI-003347,300.0,9.22,1,1,0,0,0,17.9,1,1,0
CLI-000356,62410.0,3171.24,132,98,0,0,6,10.65,0,0,0
CLI-002519,694.0,169.34,2,1,0,1,7,2.7,1,0,0
CLI-004744,300.0,10.72,1,1,0,0,1,10.7,1,1,0
CLI-002392,10274.0,447.49,41,27,0,0,3,22.0,0,1,1
CLI-002236,300.0,12.28,1,1,0,0,4,24.2,1,1,0
CLI-000543,22868.0,2535.28,115,42,0,0,4,6.4,0,0,0
CLI-003688,3659.0,343.21,34,11,0,0,2,41.3,0,1,1
CLI-003433,680.0,46.05,4,1,0,0,3,18.2,1,1,0
CLI-004536,47468.0,1564.54,59,7,0,0,0,14.8,0,0,1
CLI-001430,3754.0,147.68,7,4,0,0,6,14.8,1,0,0
CLI-002061,1514.0,150.0,6,4,0,0,5,7.8,1,0,0
CLI-003676,1638.0,252.0,21,13,0,0,3,14.4,0,1,1
CLI-004010,487.0,118.72,12,5,0,0,3,14.2,0,1,1
CLI-002070,68479.0,6423.94,149,126,0,0,10,7.3,0,0,0
CLI-001222,300.0,17.98,2,1,0,0,0,21.8,1,1,0
CLI-003664,241854.0,42134.9,467,297,1,1,27,4.6,0,0,0
CLI-000803,10456.0,607.21,13,6,0,0,6,6.7,0,0,1
CLI-002040,841.0,68.39,6,3,0,0,1,22.3,1,1,0
CLI-002025,943.0,47.93,5,2,0,0,3,10.65,1,1,0
CLI-003321,392159.0,11121.92,134,42,0,1,5,4.1,0,0,0
CLI-002080,54705.0,3511.22,278,125,1,0,1,12.9,0,1,0
CLI-000778,589177.0,44906.77,524,219,1,1,12,6.6,0,0,0
CLI-004473,162694.0,6400.23,116,42,0,0,5,10.65,0,0,0
CLI-003204,3360.0,409.78,38,0,0,0,0,28.5,0,1,1
CLI-000826,4669.0,632.69,9,5,0,1,27,4.4,1,0,0
CLI-001928,1531.0,71.83,6,4,0,0,3,10.0,1,1,0
CLI-000634,544.0,73.7,8,2,0,0,3,25.5,1,1,0
CLI-002505,18073.0,918.34,49,0,0,0,0,13.2,0,0,1
CLI-002806,30426.0,1952.88,46,13,0,0,1,10.65,0,0,1
CLI-001342,1155.0,100.64,11,1,0,0,2,24.7,1,1,0
CLI-004394,313461.0,54609.99,789,506,1,1,25,3.6,0,0,0
CLI-000066,411063.0,14744.01,360,158,1,0,15,7.4,0,0,0
CLI-001144,3818.0,81.69,3,1,0,0,3,14.6,1,0,0
CLI-000386,478798.0,29194.97,468,128,1,1,1,4.9,0,0,0
CLI-000028,752272.0,33977.96,348,293,1,1,20,3.8,0,0,0
CLI-000050,4413.0,85.43,7,4,0,0,3,20.7,0,1,1
CLI-001115,5463.0,666.24,18,5,0,0,7,5.2,0,0,1
CLI-004152,1114965.0,11426.16,229,144,1,0,9,5.0,0,0,0
CLI-002667,536.0,46.68,4,2,0,0,5,23.6,1,1,0
CLI-000433,4006.0,407.07,19,6,0,0,5,16.4,0,0,1
CLI-004007,3226.0,262.3,11,5,0,0,1,23.0,1,0,0
CLI-003169,27419.0,1194.22,56,37,0,0,6,10.5,0,0,0
CLI-000014,2227.0,90.53,3,1,0,0,3,7.7,1,0,0
CLI-000874,98754.0,3884.89,88,36,0,0,3,8.5,0,0,0
CLI-000932,13823.0,1873.04,38,22,0,0,16,6.7,0,0,1
CLI-003906,674.0,82.2,7,1,0,0,1,10.65,1,1,0
CLI-003897,234245.0,23805.4,306,60,1,1,4,5.5,0,0,0
CLI-004135,17037.0,1222.14,46,39,0,0,9,11.6,0,0,0
CLI-004034,1506.0,175.0,7,4,0,0,4,7.3,1,0,0
CLI-000368,1365.0,288.0,24,11,0,0,3,8.9,0,1,1
CLI-000381,16762.0,567.83,25,14,0,0,7,11.6,0,0,1
CLI-003488,52043.0,1547.97,29,8,0,0,3,5.1,0,0,1
CLI-003810,35149.0,3572.09,48,10,0,1,13,4.0,0,0,1
CLI-000828,300.0,25.96,2,1,0,0,4,26.0,1,1,0
CLI-004793,300.0,12.51,1,1,0,0,5,24.2,1,1,0
CLI-003086,23065.0,2344.0,51,29,0,0,13,7.5,0,0,1
CLI-003333,10463.0,1063.29,43,23,0,0,4,12.8,0,0,1
CLI-000890,41085.0,1284.71,24,15,0,0,12,3.6,0,0,1
CLI-000974,1785.0,87.09,3,2,0,0,8,11.5,1,0,0
CLI-001677,1500.0,130.67,10,7,0,0,5,33.5,1,1,0
CLI-003283,146290.0,16218.35,200,141,0,1,17,3.4,0,0,0
CLI-004376,1521.0,132.51,11,5,0,0,3,0.5,1,1,0
CLI-004663,2682.0,142.21,11,2,0,0,2,36.7,1,1,0
CLI-003388,5376.0,177.18,7,3,0,0,6,15.8,1,0,0
CLI-002876,2829.0,127.76,11,9,0,0,2,22.1,1,1,0
CLI-001738,1670049.0,45258.77,556,207,1,1,10,10.65,0,0,0
CLI-004496,34735.0,1114.72,26,23,0,0,16,1.9,0,0,1
CLI-001573,4132.0,119.98,10,9,0,0,4,27.5,1,1,0
CLI-000801,21385.0,1738.63,90,18,0,0,6,17.7,0,0,0
CLI-002497,377140.0,32851.93,497,96,1,1,1,6.5,0,0,0
CLI-004607,268057.0,8602.59,160,124,0,0,14,7.9,0,0,0
CLI-000197,840.0,73.19,7,2,0,0,2,6.8,1,1,0
CLI-004490,15642.0,1734.17,21,17,0,1,21,4.9,0,0,1
CLI-002590,91837.0,8145.0,181,80,0,0,12,7.5,0,0,0
CLI-001736,31946.0,4328.68,167,92,1,0,3,14.4,0,0,0
CLI-003884,6190.0,62.91,4,4,0,0,6,26.5,1,1,0
CLI-004927,3646.0,555.83,54,0,0,0,0,24.3,0,1,1
CLI-001055,2625.0,48.0,4,3,0,0,4,9.9,1,1,0
CLI-003525,53116.0,2944.33,124,65,0,0,6,10.7,0,0,0
CLI-002817,1688.0,114.34,4,1,0,0,7,10.7,1,0,0
CLI-003099,3832.0,245.96,11,6,0,0,9,12.5,1,0,0
CLI-003154,368.0,40.82,5,0,0,0,0,50.6,1,1,0
CLI-004155,1159668.0,47140.98,479,310,1,1,23,10.65,0,0,0
CLI-000457,2617.0,319.18,9,4,0,0,9,3.9,0,0,1
CLI-000915,34788.0,1844.54,58,15,0,0,1,7.4,0,0,1
CLI-001580,9825.0,460.82,22,9,0,0,3,16.3,0,0,1
CLI-000024,21712.0,2647.81,130,94,0,0,4,14.0,0,0,0
CLI-001394,4493.0,74.04,5,4,0,0,5,36.0,1,1,0
CLI-004015,5772.0,97.76,4,2,0,0,6,13.4,1,0,0
CLI-004510,365723.0,22300.21,502,137,1,0,9,9.0,0,0,0
CLI-000404,5944.0,517.81,52,15,0,0,0,27.0,0,1,1
CLI-004748,53370.0,619.86,57,13,0,0,2,23.5,0,1,1
CLI-003861,29105.0,2218.39,57,42,0,0,13,10.65,0,0,1
CLI-002862,4870.0,456.87,22,3,0,0,0,2.5,0,0,1
CLI-000042,46258.0,940.21,37,34,0,0,12,20.1,0,0,0
CLI-003828,6897.0,262.83,27,8,0,0,1,28.9,0,1,1
CLI-003278,358430.0,16189.26,191,108,0,1,12,2.1,0,0,0
CLI-001033,39248.0,1063.63,38,16,0,0,4,10.8,0,0,1
CLI-000659,20657.0,1095.26,55,11,0,0,4,8.3,0,0,1
CLI-004924,158649.0,4116.48,46,39,0,1,22,4.4,0,0,1
CLI-000949,2835.0,82.32,6,2,0,0,2,31.4,1,1,0
CLI-000596,172833.0,10538.61,197,162,0,0,10,12.5,0,0,0
CLI-003047,14978.0,1014.74,38,16,0,0,6,23.0,0,0,1
CLI-000575,1195.0,132.43,6,3,0,0,5,11.4,1,0,0
CLI-004591,26588.0,1351.04,52,43,0,0,9,9.7,0,0,1
CLI-000948,260329.0,5380.92,99,30,0,0,1,8.8,0,0,0
CLI-001702,586341.0,26483.33,319,110,1,1,13,4.7,0,0,0
CLI-002514,359.0,54.7,2,2,0,0,4,16.0,1,0,0
CLI-003905,385.0,42.73,4,1,0,0,4,30.4,1,1,0
CLI-003908,40382.0,4103.83,57,28,0,1,14,1.0,0,0,1
CLI-000487,126258.0,12831.1,168,61,0,1,11,1.3,0,0,0
CLI-002230,204568.0,13859.61,161,110,1,1,24,1.2,0,0,0
CLI-000761,792.0,23.0,2,1,0,0,1,10.7,1,1,0
CLI-001456,16451.0,691.8,29,13,0,0,4,15.6,0,0,1
CLI-002422,3114.0,949.31,39,20,0,0,6,9.5,0,0,1
CLI-002582,357.0,12.82,1,1,0,0,2,28.6,1,1,0
CLI-003028,1784.0,168.0,14,7,0,0,4,21.7,0,1,1
CLI-000269,17750.0,1202.6,45,14,0,0,4,8.6,0,0,1
CLI-003097,15666.0,293.92,10,1,0,0,7,12.3,1,0,0
CLI-003642,1798.0,548.15,15,9,0,0,9,2.3,0,0,1
CLI-000995,44829.0,1607.92,43,26,0,0,11,3.8,0,0,1
CLI-000318,3109.0,114.91,2,1,0,0,14,12.7,1,0,0
CLI-003796,553.0,84.35,4,1,0,0,2,8.1,1,0,0
CLI-001344,740.0,53.1,2,1,0,0,5,13.4,1,0,0
CLI-001065,1444.0,440.24,11,5,0,0,12,10.65,1,0,0
CLI-004036,22157.0,2702.05,54,51,0,0,19,3.1,0,0,1
CLI-002283,191637.0,9737.65,130,67,1,1,16,2.1,0,0,0
CLI-001600,1284.0,120.45,5,3,0,0,1,15.6,1,0,0
CLI-003026,5733.0,291.31,7,3,0,0,12,7.9,1,0,0
CLI-004602,3951.0,401.5,17,5,0,0,0,8.9,0,0,1
CLI-000194,3473.0,282.33,11,5,0,0,4,6.4,1,0,0
CLI-004507,7060.0,717.46,25,15,0,0,5,7.8,0,0,1
CLI-003336,1537.0,89.28,7,4,0,0,2,31.9,1,1,0
CLI-003221,1043.0,90.82,4,1,0,0,3,11.8,1,0,0
CLI-001340,40194.0,2883.33,80,11,0,0,2,10.6,0,0,0
CLI-002451,4442.0,85.99,7,6,0,0,6,20.6,1,1,0
CLI-004334,1230.0,149.99,6,3,0,0,4,20.4,1,0,0
CLI-001145,66863.0,3136.15,149,36,0,0,3,18.9,0,0,0
CLI-003152,46962.0,1145.41,42,30,0,0,9,15.6,0,0,1
CLI-001942,18230.0,1587.94,32,0,0,0,0,4.2,0,0,1
CLI-001722,40812.0,638.09,24,15,0,0,6,20.5,0,0,1
CLI-001186,22036.0,1279.7,57,22,0,0,4,8.5,0,0,1
CLI-003426,907.0,52.69,2,1,0,0,4,10.9,1,0,0
CLI-003622,5015.0,76.45,6,3,0,0,3,27.1,1,1,0
CLI-003618,5393.0,469.77,11,9,0,0,13,5.5,0,0,1
CLI-004559,14673.0,1192.93,53,18,0,0,4,10.2,0,0,1
CLI-004315,51741.0,589.71,48,27,0,0,3,38.8,0,1,1
CLI-002385,22544.0,2114.79,41,35,0,0,17,10.65,0,0,1
CLI-002005,10869.0,473.38,37,9,0,0,1,7.5,0,1,1
CLI-004674,253561.0,14724.81,366,174,1,0,9,6.1,0,0,0
CLI-003789,627.0,40.26,1,1,0,0,12,2.3,1,0,0
CLI-001605,7218.0,303.54,11,9,0,0,10,14.0,1,0,0
CLI-004864,149953.0,2949.51,54,29,0,0,6,10.65,0,0,0
CLI-003736,355.0,22.81,1,1,0,0,4,15.5,1,0,0
CLI-001735,7331.0,1117.55,43,28,0,0,7,11.0,0,0,1
CLI-001142,26311.0,1887.46,25,18,0,1,19,4.3,0,0,1
CLI-003752,2619.0,399.21,20,4,0,0,4,15.1,0,0,1
CLI-003250,53457.0,4074.48,147,92,0,0,7,4.4,0,0,0
CLI-004671,895.0,26.61,1,1,0,0,9,11.6,1,0,0
CLI-004292,70855.0,2618.45,50,6,0,0,6,4.5,0,0,1
CLI-001838,334537.0,4162.98,83,68,0,0,11,7.5,0,0,0
CLI-002377,9879.0,1003.94,26,15,0,0,5,4.3,0,0,1
CLI-004302,6063.0,492.89,13,2,0,0,3,4.3,0,0,1
CLI-000089,15661.0,795.78,32,26,0,0,13,14.5,0,0,1
CLI-001252,1881.0,114.7,10,4,0,0,0,6.7,0,1,1
CLI-003971,47337.0,1202.66,46,25,0,0,7,16.9,0,0,1
CLI-000572,1527.0,97.98,3,2,0,0,7,15.6,1,0,0
CLI-000525,2784.0,30.87,2,1,0,0,2,41.7,1,1,0
CLI-000924,22454.0,1521.28,59,0,0,0,0,7.0,0,0,1
CLI-000263,300.0,29.54,3,1,0,0,2,15.6,1,1,0
CLI-000162,851.0,39.91,3,2,0,0,4,28.1,1,1,0
CLI-002100,13331.0,369.48,7,4,0,0,6,2.1,1,0,0
CLI-002766,20718.0,1403.69,15,14,0,1,26,3.6,0,0,1
CLI-003202,10060.0,395.76,16,13,0,0,10,10.65,0,0,1
CLI-000023,357271.0,9682.14,190,85,0,0,11,5.2,0,0,0
CLI-000615,26212.0,532.77,40,26,0,0,2,37.6,0,1,1
CLI-002315,51972.0,1195.86,33,29,0,0,12,9.7,0,0,1
CLI-000552,10234.0,2080.09,58,28,0,0,5,5.2,0,0,1
CLI-000883,5105.0,200.82,9,3,0,0,3,17.1,1,0,0
CLI-004972,4142.0,126.29,8,6,0,0,2,7.8,1,1,0
CLI-002491,1060875.0,28749.99,297,122,1,1,6,1.3,0,0,0
CLI-003098,26155.0,1275.87,18,7,0,1,12,3.5,0,0,1
CLI-001647,11083.0,3378.97,217,98,1,0,5,20.1,0,0,0
CLI-001109,16779.0,889.67,37,14,0,0,1,24.3,0,0,1
CLI-001339,51128.0,1385.59,58,31,0,0,6,13.8,0,0,1
CLI-003922,6081.0,674.19,26,7,0,0,5,13.7,0,0,1
CLI-000530,3151.0,600.0,24,14,0,0,4,8.2,0,0,1
CLI-000187,76174.0,1857.91,39,28,0,0,13,7.3,0,0,1
CLI-004714,1432.0,174.68,6,2,0,0,7,9.0,1,0,0
CLI-001771,7252.0,982.67,56,11,0,0,3,8.6,0,0,1
CLI-003871,45318.0,3250.95,84,19,0,0,6,8.9,0,0,0
CLI-001802,126289.0,1283.42,55,19,0,0,4,9.2,0,0,1
CLI-004404,151257.0,10850.55,173,42,0,1,1,0.8,0,0,0
CLI-003483,15380.0,721.39,55,45,0,0,4,21.8,0,1,1
CLI-001221,12912.0,342.3,18,9,0,0,2,10.1,0,0,1
CLI-001460,104655.0,7976.79,175,66,0,0,7,7.5,0,0,0
CLI-002949,1223.0,51.45,4,3,0,0,2,19.2,1,1,0
CLI-001251,82285.0,7167.65,111,7,0,1,1,0.5,0,0,0
CLI-001372,1330.0,202.82,8,8,0,0,9,10.4,0,0,1
CLI-000863,5990.0,429.69,18,8,0,0,10,18.7,0,0,1
CLI-002790,300.0,10.72,1,1,0,0,1,9.6,1,1,0
CLI-003805,9822.0,630.43,8,3,0,1,25,6.6,1,0,0
CLI-000688,12027.0,222.22,7,5,0,0,5,6.7,0,0,1
CLI-000034,5158.0,64.18,5,3,0,0,4,24.0,1,1,0
CLI-004902,866.0,96.06,8,4,0,0,3,33.8,1,1,0
CLI-004580,8594.0,873.41,50,14,0,0,3,11.8,0,0,1
CLI-002393,2528.0,93.41,7,5,0,0,5,15.7,1,1,0
CLI-003479,2039.0,63.77,6,3,0,0,3,36.5,1,1,0
CLI-000496,563.0,38.16,4,2,0,0,2,18.1,1,1,0
CLI-001383,24333.0,581.84,22,15,0,0,6,17.2,0,0,1
CLI-003596,32762.0,1536.66,54,41,0,0,6,9.9,0,0,1
CLI-003356,2466.0,167.04,8,3,0,0,6,10.65,0,0,1
CLI-004307,885.0,46.93,2,0,0,0,0,19.5,1,0,0
CLI-002010,5795.0,243.7,9,5,0,0,5,6.0,1,0,0
CLI-000701,4712.0,151.22,6,3,0,0,6,13.1,1,0,0
CLI-003034,5928.0,85.05,9,8,0,0,4,22.0,1,1,0
CLI-001265,2906.0,86.43,8,2,0,0,2,4.7,1,1,0
CLI-000452,480.0,38.99,3,1,0,0,2,28.6,1,1,0
CLI-003685,5644.0,275.31,7,3,0,0,9,5.4,0,0,1
CLI-001083,110782.0,2412.49,25,20,0,1,21,3.4,0,0,1
CLI-001921,16350.0,1049.45,23,5,0,0,6,4.2,0,0,1
CLI-004527,9304.0,630.36,26,22,0,0,7,12.5,0,0,1
CLI-000784,81171.0,3535.31,70,58,0,0,13,9.5,0,0,0
CLI-003700,530.0,34.04,3,2,0,0,5,10.65,1,1,0
CLI-003224,84035.0,1626.7,59,48,0,0,11,22.7,0,0,1
CLI-001855,34946.0,1522.04,36,4,0,0,1,4.4,0,0,1
CLI-001108,10363.0,972.1,35,19,0,0,6,10.65,0,0,1
CLI-002854,2239.0,303.39,29,6,0,0,2,10.65,0,1,1
CLI-001046,28958.0,1261.24,27,8,0,0,5,8.3,0,0,1
CLI-001314,431411.0,26305.54,534,267,1,0,6,7.1,0,0,0
CLI-004949,9561.0,832.83,44,6,0,0,3,5.5,0,0,1
CLI-001057,300.0,21.69,2,1,0,0,1,19.4,1,1,0
CLI-002775,5375.0,273.11,12,0,0,0,0,13.9,0,0,1
CLI-004304,1493.0,62.79,6,3,0,0,3,15.3,1,1,0
CLI-000285,330.0,12.99,1,1,0,0,5,19.8,1,1,0
CLI-001289,356.0,86.8,4,1,0,0,2,18.8,1,0,0
CLI-003084,978.0,198.76,10,6,0,0,4,12.5,1,0,0
CLI-000302,1310.0,114.1,9,8,0,0,4,21.1,1,1,0
CLI-003763,12881.0,1309.04,35,10,0,0,7,11.2,0,0,0
CLI-001829,2178.0,664.11,35,12,0,0,1,9.9,0,0,1
CLI-001272,11452.0,931.09,38,28,0,0,7,7.5,0,0,1
CLI-004087,9627.0,345.29,13,10,0,0,4,9.5,0,0,1
CLI-001427,14868.0,329.66,26,11,0,0,2,18.2,0,1,1
CLI-000467,4907.0,408.0,34,9,0,0,3,10.65,0,1,1
CLI-002629,30242.0,723.14,57,27,0,0,5,24.2,0,1,1
CLI-001070,67935.0,11835.33,198,18,1,1,9,3.9,0,0,0
CLI-004498,1127.0,152.7,7,1,0,0,3,14.8,1,0,0
CLI-003059,1161.0,44.24,4,2,0,0,4,16.7,1,1,0
CLI-002158,14906.0,826.28,17,4,0,0,8,8.4,0,0,1
CLI-001515,44884.0,3421.0,49,10,0,1,7,0.5,0,0,0
CLI-004169,31071.0,315.76,23,12,0,0,2,15.4,0,1,1
CLI-001038,164685.0,4098.69,106,38,0,0,1,4.5,0,0,0
CLI-003405,670.0,35.53,3,1,0,0,2,37.7,1,1,0
CLI-003183,1200.0,86.09,8,4,0,0,4,33.6,1,1,0
CLI-004648,151559.0,7393.14,169,125,0,0,14,7.5,0,0,0
CLI-004488,196823.0,15001.77,146,84,0,1,9,2.7,0,0,0
CLI-003337,713.0,72.47,6,2,0,0,4,10.65,1,1,0
CLI-003249,8398.0,731.51,19,10,0,0,9,9.0,0,0,1
CLI-002888,1488.0,49.04,1,1,0,0,12,6.1,1,0,0
CLI-003882,7384.0,214.39,7,4,0,0,6,16.0,1,0,0
CLI-001922,3591.0,175.19,8,6,0,0,5,11.8,1,0,0
CLI-000522,13206.0,596.49,21,0,0,0,0,22.2,0,0,1
CLI-003873,1089.0,88.53,7,4,0,0,3,10.65,1,1,0
CLI-003733,3124.0,53.65,4,1,0,0,0,10.65,1,1,0
CLI-002858,3404.0,276.73,10,9,0,0,10,9.2,1,0,0
CLI-002945,1942.0,263.11,10,2,0,0,0,14.5,1,0,0
CLI-000258,2282.0,556.56,31,11,0,0,8,11.9,0,0,1
CLI-000727,7323.0,686.93,15,6,0,0,12,10.65,0,0,1
CLI-002690,715.0,45.88,2,1,0,0,8,12.7,1,0,0
CLI-002948,40102.0,1137.33,12,8,0,1,16,2.8,0,0,1
CLI-002029,6328.0,285.81,11,5,0,0,3,10.65,1,0,0
CLI-000217,30865.0,313.67,7,1,0,0,2,10.0,1,0,0
CLI-004264,13557.0,688.85,42,20,0,0,5,10.65,0,0,1
CLI-003832,481528.0,45171.44,545,183,1,1,18,0.5,0,0,0
CLI-001361,26335.0,1396.34,59,40,0,0,6,11.8,0,0,1
CLI-003354,132321.0,2408.46,50,26,0,0,13,10.8,0,0,1
CLI-003644,13811.0,1684.27,59,29,0,0,9,14.0,0,0,1
CLI-002925,22464.0,537.17,41,22,0,0,3,26.6,0,1,1
CLI-000361,282275.0,8826.61,192,177,0,0,17,0.5,0,0,0
CLI-003025,2606.0,108.0,9,7,0,0,4,35.2,1,1,0
CLI-000063,300.0,13.54,1,1,0,0,3,31.8,1,1,0
CLI-000399,13263.0,278.86,15,7,0,0,5,3.3,0,0,1
CLI-002967,137159.0,4288.91,50,0,0,1,0,4.2,0,0,1
CLI-003342,791566.0,50806.56,678,476,1,1,21,10.65,0,0,0
CLI-001742,625.0,84.63,7,1,0,0,3,15.7,1,1,0
CLI-000720,20610.0,930.88,41,20,0,0,2,11.9,0,0,1
CLI-001256,187486.0,9145.64,217,149,1,0,16,9.7,0,0,0
CLI-001786,45562.0,2057.91,49,18,0,0,2,13.1,0,0,1
CLI-004764,119907.0,6357.74,148,14,0,0,4,5.2,0,0,0
CLI-001473,6687.0,582.48,27,11,0,0,5,10.65,0,0,1
CLI-000348,841.0,205.22,9,4,0,0,5,10.7,1,0,0
CLI-001610,528.0,23.83,1,1,0,0,7,11.0,1,0,0
CLI-000078,65682.0,8010.0,186,12,0,0,5,4.2,0,0,0
CLI-001818,1581.0,214.19,18,9,0,0,3,24.2,0,1,1
CLI-004454,21224.0,1437.95,53,31,0,0,10,13.2,0,0,1
CLI-000926,3033.0,924.74,47,22,0,0,6,10.65,0,0,1
CLI-004702,8793.0,233.12,9,1,0,0,1,0.7,1,0,0
CLI-003670,6866.0,232.6,8,2,0,0,4,22.0,0,0,1
CLI-000093,5355.0,544.2,43,24,0,0,3,22.9,0,1,1
CLI-004749,1859.0,125.94,6,3,0,0,4,13.0,0,0,1
CLI-000691,3254.0,566.84,25,4,0,0,5,11.2,0,0,1
CLI-001834,6869.0,1520.0,19,7,0,1,15,1.3,0,0,1
CLI-000629,27697.0,2814.7,124,85,0,0,3,13.5,0,0,0
CLI-001331,6793.0,460.24,14,8,0,0,10,9.4,0,0,1
CLI-001743,394599.0,16593.74,206,156,0,1,22,4.6,0,0,0
CLI-000124,44814.0,3643.39,188,56,0,0,3,19.0,0,0,0
CLI-003562,407.0,20.68,2,1,0,0,3,25.3,1,1,0
CLI-004631,300.0,13.91,1,1,0,0,2,44.4,1,1,0
CLI-003408,4216.0,200.0,8,6,0,0,6,10.65,1,0,0
CLI-003225,36888.0,1285.31,55,26,0,0,6,10.7,0,0,0
CLI-001875,17595.0,1788.1,22,13,0,1,17,1.4,0,0,1
CLI-002557,923.0,75.08,3,2,0,0,7,13.8,1,0,0
CLI-001763,6012.0,916.45,41,23,0,0,7,12.5,0,0,1
CLI-004168,216030.0,8498.41,86,71,0,1,24,6.7,0,0,0
CLI-004403,17772.0,1444.86,21,4,0,1,5,3.6,0,0,1
CLI-004976,77914.0,879.79,40,20,0,0,8,13.8,0,0,1
CLI-001159,21738.0,2209.19,44,27,0,0,9,8.1,0,0,1
CLI-000421,1217.0,98.93,8,6,0,0,4,14.6,1,1,0
CLI-003302,757.0,115.47,12,6,0,0,2,18.9,0,1,1
CLI-001740,1846.0,140.72,12,1,0,0,0,18.7,0,1,1
CLI-004926,10240.0,416.24,10,6,0,0,11,2.5,1,0,0
CLI-000314,26366.0,1236.68,45,21,0,0,8,9.3,0,0,1
CLI-000872,55265.0,2407.0,52,22,0,0,10,11.3,0,0,1
CLI-000454,63983.0,5201.84,63,56,0,1,29,7.8,0,0,0
CLI-000150,56935.0,6312.13,168,79,0,0,5,11.1,0,0,0
CLI-003657,47495.0,919.37,12,8,0,1,5,5.5,0,0,1
CLI-003650,1130.0,38.27,3,2,0,0,3,16.1,1,1,0
CLI-000327,302.0,72.0,6,1,0,0,3,38.0,1,1,0
CLI-000388,48936.0,4590.64,158,136,0,0,7,1.8,0,0,0
CLI-000601,8552.0,142.87,10,6,0,0,1,28.9,1,1,0
CLI-003162,1132.0,60.01,5,2,0,0,4,30.9,1,1,0
CLI-004589,8291.0,297.38,10,7,0,0,9,14.1,0,0,1
CLI-004820,16131.0,468.37,11,3,0,0,1,4.7,0,0,1
CLI-001951,2018.0,223.78,10,3,0,0,6,16.7,1,0,0
CLI-003409,25449.0,3103.52,79,10,0,0,1,9.4,0,0,0
CLI-001593,400743.0,8011.66,173,29,0,0,14,7.8,0,0,0
CLI-004253,1801.0,99.81,8,3,0,0,2,18.0,1,1,0
CLI-003013,3517.0,270.0,6,4,0,0,12,8.4,0,0,1
CLI-002015,21386.0,3725.87,212,16,0,0,0,13.3,0,0,0
CLI-003952,5708.0,580.11,25,3,0,0,1,21.1,0,0,1
CLI-001886,1444.0,176.06,16,4,0,0,2,21.0,0,1,1
CLI-003741,1465.0,148.88,6,1,0,0,1,8.6,0,0,1
CLI-000176,21079.0,2570.59,34,19,0,1,18,5.9,0,0,0
CLI-004540,824888.0,20119.23,403,145,1,0,1,5.8,0,0,0
CLI-002227,1300.0,48.05,3,2,0,0,4,31.7,1,1,0
CLI-003720,190684.0,16610.12,377,336,1,0,16,10.65,0,0,0
CLI-001424,32076.0,4889.58,116,63,0,0,9,5.5,0,0,0
CLI-003577,11280.0,1528.52,127,0,0,0,0,10.65,0,1,0
CLI-003543,3841.0,203.64,2,2,0,1,27,5.3,1,0,0
CLI-003609,229012.0,12694.67,199,41,0,1,9,6.9,0,0,0
CLI-004267,15606.0,906.3,22,5,0,0,1,9.1,0,0,1
CLI-001442,11418.0,696.22,16,10,0,0,12,10.65,0,0,1
CLI-004131,176371.0,2793.34,55,35,0,0,13,6.1,0,0,1
CLI-002819,15778.0,370.02,32,25,0,0,4,36.7,0,1,1
CLI-002260,1910.0,166.41,7,3,0,0,4,17.6,1,0,0
CLI-001564,9259.0,664.18,27,18,0,0,6,10.65,0,0,1
CLI-000440,3863.0,392.57,15,11,0,0,6,10.9,0,0,1
CLI-000709,8558.0,496.98,18,9,0,0,6,9.1,0,0,1
CLI-004453,178655.0,3351.88,130,91,0,0,7,11.3,0,0,0
CLI-000026,2129.0,236.06,12,7,0,0,8,2.1,0,0,1
CLI-003110,203330.0,7748.84,173,18,0,0,4,5.7,0,0,0
CLI-000418,143319.0,14564.98,209,134,0,1,11,2.6,0,0,0
CLI-003015,21492.0,315.78,10,4,0,0,3,11.1,0,0,1
CLI-001681,300.0,42.05,5,1,0,0,3,11.9,1,1,0
CLI-004831,5038.0,877.65,20,6,0,0,9,2.9,0,0,1
CLI-004089,33169.0,1758.72,39,19,0,0,9,7.0,0,0,1
CLI-003901,443476.0,22534.37,306,82,1,1,11,3.2,0,0,0
CLI-003416,2236.0,545.45,48,15,0,0,1,18.5,0,1,1
CLI-004930,41782.0,5661.51,140,88,1,0,12,4.8,0,0,0
CLI-000141,10661.0,464.31,19,0,0,0,0,20.8,0,0,1
CLI-004588,566.0,43.11,3,1,0,0,4,12.1,1,1,0
CLI-003294,476.0,25.23,2,1,0,0,4,26.2,1,1,0
CLI-001514,41676.0,3176.51,35,12,0,1,10,7.9,0,0,1
CLI-003551,10128.0,1764.48,58,10,0,0,1,3.3,0,0,1
CLI-001441,3993.0,347.8,8,4,0,0,17,0.6,1,0,0
CLI-000350,31610.0,1835.65,43,30,0,0,16,6.8,0,0,1
CLI-002213,160657.0,4778.62,178,112,0,0,4,10.65,0,0,0
CLI-002546,3429.0,348.45,11,3,0,0,4,8.4,1,0,0
CLI-001439,4331.0,195.6,8,6,0,0,11,13.7,1,0,0
CLI-000059,5819.0,788.5,15,5,0,0,10,6.2,0,0,1
CLI-000862,22995.0,1274.65,54,43,0,0,10,12.4,0,0,1
CLI-004312,584.0,27.41,2,1,0,0,4,14.5,1,1,0
CLI-002368,4706.0,124.77,5,3,0,0,5,7.9,1,0,0
CLI-002000,9625.0,733.6,38,17,0,0,4,13.9,0,0,1
CLI-004825,1876938.0,52240.0,653,595,1,1,24,10.65,0,0,0
CLI-001904,67317.0,9121.49,216,85,0,0,8,9.9,0,0,0
CLI-003207,31576.0,437.59,15,14,0,0,10,18.1,0,0,1
CLI-000678,790718.0,41925.64,856,537,1,0,17,8.7,0,0,0
CLI-001364,1243.0,116.62,6,3,0,0,4,14.6,1,0,0
CLI-004845,1817.0,110.79,4,2,0,0,3,6.7,1,0,0
CLI-002906,1527.0,206.9,8,5,0,0,8,11.6,1,0,0
CLI-002262,10834.0,528.48,12,8,0,0,11,12.1,0,0,1
CLI-004704,19635.0,3420.81,100,23,0,0,1,13.4,0,0,0
CLI-003758,36199.0,428.59,32,20,0,0,4,10.65,0,1,1
CLI-004288,1934.0,262.03,24,10,0,0,3,10.65,0,1,1
CLI-001666,3904.0,595.12,27,23,0,0,9,14.8,0,0,1
CLI-002673,414665.0,4957.73,185,156,0,0,2,11.3,0,0,0
CLI-001165,1373745.0,22639.17,503,285,1,0,8,10.65,0,0,0
CLI-002789,71711.0,7287.7,101,58,0,1,21,6.1,0,0,0
CLI-002444,25181.0,1096.75,39,17,0,0,3,8.6,0,0,1
CLI-003669,190278.0,29005.74,468,101,1,1,7,2.4,0,0,0
CLI-002674,12111.0,868.77,32,24,0,0,10,13.1,0,0,1
CLI-000108,210383.0,6578.57,140,60,1,0,7,3.1,0,0,0
CLI-002591,47815.0,1240.67,47,38,0,0,11,8.6,0,0,1
CLI-003653,953.0,165.96,9,4,0,0,5,7.4,1,0,0
CLI-000347,16436.0,954.45,38,9,0,0,5,19.2,0,0,1
CLI-003541,348.0,38.55,3,2,0,0,4,28.7,1,1,0
CLI-004107,509.0,13.2,1,1,0,0,5,33.0,1,1,0
CLI-004211,2472.0,64.15,5,2,0,0,1,12.2,1,1,0
CLI-001157,19162.0,1460.49,62,28,0,0,6,5.1,0,0,0
CLI-003048,10800.0,1013.18,34,32,0,0,15,14.0,0,0,1
CLI-000379,11716.0,432.95,34,18,0,0,1,27.7,0,1,1
CLI-003830,283751.0,6529.01,66,0,0,1,0,3.3,0,0,0
CLI-002012,2363.0,144.09,11,4,0,0,2,22.2,0,1,1
CLI-002350,7973.0,463.0,19,9,0,0,5,18.0,0,0,1
CLI-003242,7970.0,1260.0,28,4,0,0,1,4.4,0,0,1
CLI-002552,3715.0,122.46,9,4,0,0,2,29.6,1,1,0
CLI-004414,110129.0,4974.21,68,57,0,1,21,0.5,0,0,0
CLI-004185,39537.0,4821.58,207,72,0,0,3,7.9,0,0,0
CLI-004734,25923.0,3951.71,169,39,0,0,6,15.9,0,0,0
CLI-001826,1926.0,90.35,8,6,0,0,1,25.9,1,1,0
CLI-000687,9353.0,518.44,38,23,0,0,3,30.0,0,1,1
CLI-004519,71775.0,7294.17,175,89,0,0,3,4.2,0,0,0
CLI-000375,75389.0,8358.03,191,14,0,0,1,4.0,0,0,0
CLI-002726,261472.0,11809.92,132,77,0,1,19,0.5,0,0,0
CLI-002245,11369.0,346.61,27,17,0,0,3,20.9,0,1,1
CLI-001324,15671.0,502.92,18,7,0,0,6,4.2,0,0,1
CLI-002221,180656.0,4875.0,195,105,0,0,4,8.5,0,0,0
CLI-001216,617.0,22.13,2,1,0,0,3,21.6,1,1,0
CLI-004362,12672.0,1717.07,39,27,0,0,10,6.3,0,0,1
CLI-001308,3421.0,278.09,21,3,0,0,1,19.5,0,1,1
CLI-000617,106727.0,2324.2,33,15,0,1,11,5.5,0,0,1
CLI-002845,25642.0,3908.82,154,103,0,0,8,8.2,0,0,0
CLI-002027,11743.0,650.96,22,13,0,0,6,6.8,0,0,1
CLI-000856,2370.0,222.33,9,4,0,0,5,15.5,1,0,0
CLI-001405,10405.0,264.35,18,9,0,0,2,24.3,0,1,1
CLI-002630,2192.0,148.5,12,10,0,0,5,16.8,0,1,1
CLI-000422,3564.0,149.87,7,2,0,0,1,8.5,1,0,0
CLI-004117,8106.0,1647.66,29,16,0,1,6,3.0,0,0,1
CLI-000495,4732.0,79.05,6,3,0,0,2,19.3,1,1,0
CLI-004174,2330.0,236.83,13,2,0,0,2,12.3,0,0,1
CLI-001931,109736.0,2624.01,47,0,0,0,0,4.7,0,0,1
CLI-001416,4873.0,349.59,14,10,0,0,8,13.6,0,0,1
CLI-001014,6450.0,191.85,8,3,0,0,3,12.6,1,0,0
CLI-001749,836.0,101.92,8,2,0,0,2,31.4,1,1,0
CLI-001382,2041.0,132.0,11,5,0,0,3,38.2,1,1,0
CLI-001068,3255.0,141.76,11,5,0,0,2,37.0,1,1,0
CLI-002072,4011.0,119.3,11,1,0,0,0,28.8,1,1,0
CLI-000914,16725.0,849.86,41,16,0,0,4,7.4,0,0,1
CLI-000935,2415.0,101.57,4,2,0,0,8,12.4,1,0,0
CLI-001149,12258.0,155.72,11,9,0,0,3,10.65,1,1,0
CLI-002141,1721.0,39.61,3,3,0,0,5,16.1,1,1,0
CLI-001608,3328.0,312.16,6,3,0,0,4,3.4,0,0,1
CLI-002610,172797.0,1756.07,29,17,0,0,16,9.6,0,0,1
CLI-004073,3267.0,102.15,8,5,0,0,5,10.65,1,1,0
CLI-003362,31926.0,1145.11,50,16,0,0,6,14.8,0,0,1
CLI-002971,22355.0,1360.0,17,9,0,1,16,1.7,0,0,1
CLI-001853,155932.0,13582.92,143,57,1,1,11,6.2,0,0,0
CLI-002776,300.0,17.72,2,1,0,0,4,27.6,1,1,0
CLI-002353,49760.0,5056.94,56,43,0,1,22,1.8,0,0,1
CLI-004508,23986.0,4178.77,178,48,0,0,5,14.9,0,0,0
CLI-002837,7668.0,425.03,34,21,0,0,3,34.9,0,1,1
CLI-001188,180381.0,2499.74,56,50,0,0,20,7.5,0,0,0
CLI-002567,780.0,63.41,5,3,0,0,2,22.9,1,1,0
CLI-002089,1570.0,325.0,13,8,0,0,4,8.9,0,0,1
CLI-000438,2633.0,229.37,11,6,0,0,8,12.1,1,0,0
CLI-000364,12710.0,484.39,10,7,0,0,8,13.1,0,0,1
CLI-004811,2160.0,175.63,6,0,0,0,0,9.5,1,0,0
CLI-003232,205505.0,16707.69,218,73,1,1,16,1.3,0,0,0
CLI-004985,44413.0,531.0,18,8,0,0,6,18.1,0,0,1
CLI-003762,2112.0,515.13,28,7,0,0,3,8.2,0,0,1
CLI-003794,103009.0,2791.56,101,81,0,0,6,10.2,0,0,0
CLI-002989,651.0,88.19,7,3,0,0,2,34.2,1,1,0
CLI-003399,43992.0,5364.85,89,0,0,1,0,4.6,0,0,0
CLI-002254,1011.0,308.37,13,0,0,0,0,18.0,0,0,1
CLI-004329,1838.0,320.17,17,8,0,0,3,3.9,0,0,1
CLI-002249,1536.0,117.09,11,0,0,0,0,10.65,1,1,0
CLI-002342,2251.0,101.69,9,2,0,0,4,30.2,1,1,0
CLI-000884,12737.0,706.04,13,9,0,0,13,9.0,0,0,1
CLI-002013,21284.0,1038.23,49,0,0,0,0,19.1,0,0,1
CLI-001129,660807.0,17518.74,338,27,1,0,6,1.0,0,0,0
CLI-002905,5657.0,65.08,5,0,0,0,0,45.9,1,1,0
CLI-001392,8121.0,341.5,27,9,0,0,3,19.4,0,1,1
CLI-003599,300.0,29.93,3,1,0,0,0,19.2,1,1,0
CLI-000235,177535.0,6560.8,155,62,0,0,8,9.3,0,0,0
CLI-000695,1232.0,166.9,8,3,0,0,6,3.5,0,0,1
CLI-003859,1003056.0,30580.97,350,255,1,1,19,0.5,0,0,0
CLI-001724,741.0,56.49,5,2,0,0,3,14.8,1,1,0
CLI-003728,1118.0,170.39,8,5,0,0,7,16.1,0,0,1
CLI-003715,90778.0,2460.12,26,19,0,1,15,3.3,0,0,1
CLI-002547,476.0,15.28,1,1,0,0,3,15.6,1,1,0
CLI-002091,159200.0,11420.38,131,65,0,1,10,2.2,0,0,0
CLI-003285,300.0,14.59,1,1,0,0,5,30.2,1,1,0
CLI-003198,5114.0,122.28,9,0,0,0,0,10.65,1,1,0
CLI-000857,13110.0,888.24,43,20,0,0,4,7.9,0,0,1
CLI-002379,10903.0,699.79,28,24,0,0,9,9.4,0,0,1
CLI-004142,74024.0,2912.05,54,38,0,0,8,5.8,0,0,0
CLI-002288,7611.0,386.76,14,10,0,0,4,15.6,0,0,1
CLI-001287,2104.0,171.03,6,4,0,0,7,14.8,1,0,0
CLI-001040,18371.0,1600.27,40,9,0,0,1,6.8,0,0,1
CLI-001670,3095.0,377.39,13,7,0,0,4,8.6,0,0,1
CLI-003495,111915.0,12407.41,549,212,1,0,4,10.65,0,0,0
CLI-003546,3313.0,149.63,11,8,0,0,5,21.3,1,1,0
CLI-002559,2731.0,128.11,6,0,0,0,0,11.7,1,0,0
CLI-001225,3012.0,918.4,22,17,0,0,12,2.7,0,0,1
CLI-000845,154009.0,2134.27,36,21,0,0,15,7.3,0,0,1
CLI-001787,107588.0,1580.78,58,0,0,0,0,16.6,0,0,1
CLI-004666,39630.0,5369.89,156,81,0,0,7,8.4,0,0,0
CLI-003974,3144.0,48.54,4,1,0,0,3,30.5,1,1,0
CLI-002450,1374.0,104.7,8,3,0,0,3,10.5,1,1,0
CLI-003844,152081.0,6623.75,144,36,0,0,5,7.5,0,0,0
CLI-001587,1944.0,60.8,5,3,0,0,4,21.3,1,1,0
CLI-002677,60533.0,4101.17,46,0,0,1,0,6.6,0,0,1
CLI-002169,1465.0,127.61,11,4,0,0,2,28.1,1,1,0
CLI-000633,53733.0,3854.6,48,0,0,1,0,6.9,0,0,1
CLI-002675,197629.0,4382.02,147,49,0,0,4,11.5,0,0,0
CLI-003001,56098.0,2736.47,106,36,0,0,4,9.7,0,0,0
CLI-001015,4146.0,202.24,8,7,0,0,9,11.3,1,0,0
CLI-002002,19951.0,1351.67,59,9,0,0,2,16.6,0,0,1
CLI-003781,1253.0,254.59,10,6,0,0,9,10.65,1,0,0
CLI-004426,40706.0,1551.29,53,17,0,0,4,11.4,0,0,1
CLI-004941,7057.0,478.15,11,8,0,0,14,7.6,1,0,0
CLI-001635,31060.0,725.0,29,23,0,0,13,8.0,0,0,1
CLI-003253,11326.0,1973.21,50,35,0,0,17,4.7,0,0,1
CLI-001815,1138.0,138.79,7,5,0,0,8,10.1,1,0,0
CLI-002749,5993.0,609.06,54,33,0,0,1,10.65,0,1,1
CLI-001619,716391.0,31201.7,765,415,1,0,7,11.3,0,0,0
CLI-003683,370.0,112.94,5,1,0,0,6,10.3,1,0,0
CLI-001377,7636.0,125.0,5,4,0,0,9,19.1,1,0,0
CLI-001792,57309.0,4111.14,80,65,0,0,12,4.7,0,0,0
CLI-001286,13352.0,1017.66,19,7,0,0,5,7.7,0,0,1
CLI-004071,3631.0,246.0,19,15,0,0,5,19.7,0,1,1
CLI-003757,105998.0,4457.44,170,46,0,0,3,10.65,0,0,0
CLI-002903,8421.0,1283.62,36,26,0,0,9,7.1,0,0,1
CLI-003713,8789.0,360.0,8,2,0,0,12,5.2,1,0,0
CLI-003945,754.0,76.65,6,2,0,0,3,17.3,1,1,0
CLI-002853,24111.0,2673.08,107,29,0,0,6,5.4,0,0,0
CLI-003422,99335.0,4177.25,54,37,0,1,7,0.5,0,0,0
CLI-001200,322.0,56.03,3,1,0,0,4,11.7,1,0,0
CLI-003254,1618.0,73.06,5,4,0,0,4,34.1,1,1,0
CLI-000172,4139.0,336.54,29,14,0,0,2,22.7,0,1,1
CLI-003625,2451.0,213.47,10,3,0,0,5,10.65,0,0,1
CLI-003060,11385.0,1735.53,26,17,0,1,23,0.5,0,0,1
CLI-004821,300.0,20.92,2,0,0,0,0,33.0,1,1,0
CLI-003614,13811.0,765.55,17,9,0,0,10,10.65,0,0,1
CLI-004819,19805.0,1509.54,57,27,0,0,4,16.4,0,0,1
CLI-003039,232195.0,18877.64,217,155,0,1,14,2.4,0,0,0
CLI-003833,18155.0,1844.98,48,21,0,0,7,4.2,0,0,1
CLI-004149,13477.0,483.38,24,11,0,0,3,6.3,0,0,1
CLI-001233,6783.0,114.89,10,3,0,0,4,22.8,0,1,1
CLI-004549,701.0,106.85,3,1,0,0,9,2.5,1,0,0
CLI-004544,96482.0,6536.71,182,56,0,0,4,5.5,0,0,0
CLI-001212,135124.0,20598.2,499,257,1,0,10,6.5,0,0,0
CLI-004400,1364.0,118.83,10,3,0,0,4,20.3,1,1,0
CLI-004384,158543.0,9206.91,113,90,0,1,14,6.0,0,0,0
CLI-001550,2824.0,137.74,11,8,0,0,3,15.1,1,1,0
CLI-001078,1777.0,86.67,8,5,0,0,3,24.7,1,1,0
CLI-004248,131991.0,11497.46,146,43,0,1,14,1.2,0,0,0
CLI-000785,8163.0,1890.0,42,9,0,0,7,3.7,0,0,1
CLI-004882,5409.0,129.33,9,4,0,0,2,18.3,1,1,0
CLI-001526,489340.0,27125.25,633,282,1,0,6,10.65,0,0,0
CLI-000320,9869.0,191.04,4,1,0,0,6,10.65,1,0,0
CLI-000451,18358.0,1243.77,48,20,0,0,7,14.3,0,0,1
CLI-004477,9868.0,376.08,15,4,0,0,5,3.7,0,0,1
CLI-000462,1188.0,144.87,7,4,0,0,4,12.0,0,0,1
CLI-001976,18789.0,694.36,26,22,0,0,6,12.8,0,0,1
CLI-000964,24219.0,2461.31,102,20,0,0,3,10.5,0,0,0
CLI-001462,390628.0,17013.43,387,194,1,0,8,3.4,0,0,0
CLI-003464,6123.0,311.14,10,7,0,0,7,11.0,1,0,0
CLI-003980,178229.0,6792.25,149,33,0,0,8,10.65,0,0,0
CLI-001836,328.0,80.0,9,0,0,0,0,35.0,0,1,1
CLI-003583,2328.0,118.27,9,8,0,0,6,27.0,1,1,0
CLI-001119,33465.0,551.5,22,0,0,0,0,8.9,0,0,1
CLI-001193,82658.0,9163.84,208,146,0,0,13,1.0,0,0,0
CLI-004190,5933.0,328.86,7,3,0,0,8,8.2,0,0,1
CLI-004272,64198.0,3403.91,124,39,0,0,2,6.1,0,0,0
CLI-003881,331372.0,9184.37,187,115,0,0,2,3.7,0,0,0
CLI-001053,5105.0,172.94,7,6,0,0,8,14.6,1,0,0
CLI-002522,14765.0,409.23,27,13,0,0,1,10.65,0,1,1
CLI-004765,5458.0,605.07,53,22,0,0,4,29.6,0,1,0
CLI-002490,1267.0,257.56,10,5,0,0,5,11.0,1,0,0
CLI-003981,34319.0,1073.14,24,13,0,0,13,9.2,0,0,1
CLI-002398,6348.0,595.5,41,20,0,0,3,35.2,0,1,1
CLI-002280,500.0,50.0,2,1,0,0,3,10.9,1,0,0
CLI-002635,139254.0,24260.32,559,158,1,0,9,7.7,0,0,0
CLI-002914,210093.0,13484.78,199,96,0,1,11,4.4,0,0,0
CLI-002851,5053.0,176.08,11,9,0,0,6,14.3,1,1,0
CLI-003866,11849.0,516.06,47,0,0,0,0,10.65,0,1,1
CLI-000627,748.0,60.85,5,4,0,0,4,26.7,1,1,0
CLI-001488,578940.0,24345.66,618,54,1,0,1,6.1,0,0,0
CLI-004642,21572.0,2192.31,46,27,0,0,10,8.7,0,0,0
CLI-002345,7222.0,382.93,14,10,0,0,4,10.3,0,0,1
CLI-002846,300.0,18.73,2,1,0,0,3,19.8,1,1,0
CLI-001048,55914.0,1196.27,47,26,0,0,6,13.9,0,0,0
CLI-002829,1721045.0,56725.27,866,201,1,1,8,3.0,0,0,0
CLI-002565,3341.0,145.53,11,7,0,0,4,27.3,1,1,0
CLI-003371,10640.0,926.84,24,18,0,0,14,3.4,0,0,1
CLI-003179,32257.0,1873.22,68,21,0,0,4,3.1,0,0,0
CLI-002046,1003916.0,68015.99,844,533,1,1,22,3.7,0,0,0
CLI-002664,302211.0,33504.58,557,72,1,1,1,0.6,0,0,0
CLI-004401,12981.0,465.59,18,13,0,0,6,5.4,0,0,1
CLI-002983,2885.0,121.33,3,1,0,0,7,3.8,1,0,0
CLI-002986,3099.0,175.0,7,2,0,0,4,4.1,1,0,0
CLI-003147,8215.0,556.54,26,4,0,0,0,18.1,0,0,1
CLI-004463,2708.0,78.62,6,3,0,0,3,23.4,1,1,0
CLI-001426,33111.0,984.86,36,31,0,0,10,17.3,0,0,1
CLI-004031,1483.0,86.12,7,3,0,0,0,23.5,1,1,0
CLI-003306,16784.0,1137.15,48,0,0,0,0,14.4,0,0,1
CLI-002400,38168.0,1723.95,42,13,0,0,5,0.5,0,0,1
CLI-002518,919.0,124.48,9,9,0,0,4,19.5,1,1,0
CLI-004844,45972.0,2335.99,58,12,0,0,5,11.2,0,0,1
CLI-003463,5567.0,242.47,9,5,0,0,7,8.2,0,0,1
CLI-002115,1423.0,108.43,8,5,0,0,3,23.2,0,1,1
CLI-004032,8947.0,909.24,45,24,0,0,4,23.0,0,0,1
CLI-002624,106759.0,3616.5,50,32,0,1,15,1.2,0,0,1
CLI-002632,28707.0,1000.23,38,21,0,0,8,10.65,0,0,1
CLI-004435,109754.0,5576.93,102,80,0,0,12,3.2,0,0,0
CLI-004586,2363.0,115.29,9,4,0,0,2,0.5,1,1,0
CLI-004151,11027.0,1120.68,22,18,0,0,16,10.65,0,0,1
CLI-002483,8239.0,772.91,32,10,0,0,4,10.65,0,0,1
CLI-000281,1322.0,76.8,6,3,0,0,2,18.6,1,1,0
CLI-001099,53703.0,1336.57,52,16,0,0,5,5.2,0,0,1
CLI-002561,429.0,60.0,5,3,0,0,3,41.4,1,1,0
CLI-004204,719.0,36.53,3,2,0,0,2,32.5,1,1,0
CLI-004390,823.0,55.79,5,4,0,0,3,20.6,1,1,0
CLI-004469,369.0,49.98,4,2,0,0,2,10.65,1,1,0
CLI-000747,595.0,31.53,3,1,0,0,2,17.6,1,1,0
CLI-004102,1491241.0,27554.34,527,171,1,0,9,0.5,0,0,0
CLI-004922,1130.0,275.73,6,2,0,0,12,8.9,1,0,0
CLI-003497,107599.0,7718.74,190,58,0,0,9,6.7,0,0,0
CLI-002036,2132.0,216.68,6,1,0,0,3,7.1,1,0,0
CLI-003774,4476.0,545.89,25,18,0,0,5,12.7,0,0,1
CLI-003875,3105.0,315.55,11,9,0,0,11,0.5,1,0,0
CLI-000916,12006.0,585.64,41,18,0,0,3,43.8,0,1,1
CLI-003439,3723.0,567.54,27,5,0,0,6,12.3,0,0,1
CLI-004024,890.0,49.35,5,3,0,0,4,14.0,1,1,0
CLI-000464,4739.0,148.2,11,5,0,0,3,47.7,1,1,0
CLI-000134,202947.0,2749.96,71,50,0,0,9,5.8,0,0,0
CLI-001218,32014.0,1394.34,30,14,0,0,7,11.9,0,0,1
CLI-001843,4770.0,646.28,31,10,0,0,6,10.8,0,0,1
CLI-002176,79961.0,1710.76,39,23,0,0,9,2.8,0,0,1
CLI-001790,4231.0,469.07,39,19,0,0,1,38.2,0,1,1
CLI-004934,492.0,37.53,3,2,0,0,3,14.2,1,1,0
CLI-003989,1445.0,160.22,7,1,0,0,8,11.3,0,0,1
CLI-003647,33938.0,827.75,32,0,0,0,0,10.7,0,0,1
CLI-001130,3227.0,33.07,2,2,0,0,6,20.5,1,1,0
CLI-004008,300.0,12.45,1,1,0,0,1,15.8,1,1,0
CLI-002349,36710.0,2238.41,56,47,0,0,18,4.2,0,0,1
CLI-000853,237781.0,14498.82,170,103,0,1,15,10.65,0,0,0
CLI-002897,613.0,93.37,11,3,0,0,3,25.9,1,1,0
CLI-001378,1575.0,213.38,5,2,0,0,8,3.0,1,0,0
CLI-000371,2246.0,46.42,4,1,0,0,3,33.9,1,1,0
CLI-003760,1337.0,50.96,2,1,0,0,5,10.0,1,0,0
CLI-003513,53583.0,1188.1,41,11,0,0,7,7.7,0,0,1
CLI-002326,24319.0,1744.53,30,24,0,0,18,7.9,0,0,1
CLI-004478,236278.0,2401.2,24,21,0,1,19,3.4,0,0,1
CLI-001675,79973.0,1108.28,46,38,0,0,7,18.0,0,0,1
CLI-000132,12228.0,994.13,47,22,0,0,1,18.5,0,0,1
CLI-001452,646.0,112.63,10,3,0,0,4,36.2,1,1,0
CLI-004740,20381.0,776.71,30,13,0,0,5,16.5,0,0,0
CLI-002007,124916.0,19042.01,468,50,1,0,2,7.9,0,0,0
CLI-001027,848.0,24.62,2,1,0,0,4,10.65,1,1,0
CLI-004173,75324.0,8350.81,211,56,1,0,1,10.65,0,0,0
CLI-000229,53074.0,1849.26,45,15,0,0,1,2.2,0,0,1
CLI-004562,9128.0,285.43,10,4,0,0,6,10.65,1,0,0
CLI-001266,8748.0,367.88,32,26,0,0,3,27.0,0,1,1
CLI-000567,2498.0,253.9,7,3,0,0,11,10.65,1,0,0
CLI-004137,2105.0,116.69,10,8,0,0,5,28.0,1,1,0
CLI-002487,8145.0,320.43,23,17,0,0,5,37.7,0,1,1
CLI-002961,27386.0,1669.85,38,13,0,0,5,10.65,0,0,1
CLI-001691,36842.0,4492.88,131,56,0,0,12,4.9,0,0,0
CLI-000903,300.0,11.67,1,1,0,0,4,10.65,1,1,0
CLI-002295,10983.0,446.46,44,20,0,0,2,37.3,0,1,1
CLI-002863,35541.0,3940.29,203,66,0,0,6,15.7,0,0,0
CLI-003387,736.0,99.69,10,0,0,0,0,12.6,1,1,0
CLI-000632,193355.0,2245.7,43,9,0,0,2,4.9,0,0,1
CLI-003247,1005.0,153.16,14,8,0,0,5,27.4,0,1,1
CLI-002075,1233.0,375.86,37,3,0,0,0,10.5,0,1,1
CLI-002841,300.0,67.75,7,4,0,0,4,16.8,1,1,0
CLI-004724,8879.0,492.21,21,10,0,0,6,10.65,0,0,1
CLI-004700,1186.0,206.57,9,0,0,0,0,11.1,1,0,0
CLI-000981,394790.0,60181.41,827,513,1,1,19,4.6,0,0,0
CLI-001022,579.0,22.06,2,1,0,0,3,19.0,1,1,0
CLI-001042,21927.0,1407.36,50,20,0,0,8,16.6,0,0,1
CLI-001915,5576.0,194.3,8,4,0,0,4,10.65,1,0,0
CLI-001903,2642.0,230.16,5,3,0,0,9,9.4,1,0,0
CLI-004606,652.0,39.77,1,1,0,0,4,10.7,1,0,0
CLI-004577,3574.0,435.91,10,5,0,0,11,6.5,0,0,1
CLI-002238,1414.0,61.59,5,2,0,0,3,25.3,1,1,0
CLI-000965,200842.0,9797.15,391,142,1,0,4,11.4,0,0,0
CLI-002371,38773.0,859.71,31,25,0,0,8,19.3,0,0,1
CLI-001817,34384.0,822.2,16,14,0,0,18,0.6,0,0,1
CLI-002889,36759.0,4482.77,218,155,0,0,5,7.3,0,0,0
CLI-002821,1208.0,113.36,10,8,0,0,3,22.1,1,1,0
CLI-000597,58315.0,2031.89,41,23,0,0,13,5.0,0,0,0
CLI-000930,3536.0,165.86,7,3,0,0,3,10.2,1,0,0
CLI-002534,10150.0,263.37,19,7,0,0,1,10.6,0,1,1
CLI-004923,75018.0,4815.03,94,49,0,0,6,4.5,0,0,0
CLI-004601,17818.0,1448.6,61,0,0,0,0,17.7,0,0,0
CLI-001026,32532.0,515.23,24,4,0,0,3,16.2,0,0,1
CLI-003902,1735.0,423.21,9,6,0,0,6,3.8,1,0,0
CLI-001510,16252.0,1801.75,44,15,0,0,16,6.4,0,0,1
CLI-004763,314314.0,5721.05,128,43,1,0,1,9.7,0,0,0
CLI-002692,1557.0,49.96,2,1,0,0,5,10.65,1,0,0
CLI-000860,60545.0,4614.72,176,116,0,0,7,14.5,0,0,0
CLI-001907,28996.0,585.0,13,6,0,0,6,4.8,0,0,1
CLI-004856,448.0,60.65,3,2,0,0,4,8.4,1,0,0
CLI-002587,38606.0,4708.04,72,8,0,1,1,2.9,0,0,0
CLI-003992,1406.0,343.02,7,2,0,0,5,5.2,1,0,0
CLI-000306,7076.0,410.91,36,9,0,0,0,21.9,0,1,1
CLI-002106,34263.0,852.73,30,19,0,0,7,10.9,0,0,1
CLI-004881,7812.0,381.07,46,9,0,0,1,12.3,0,1,1
CLI-001457,5415.0,194.22,8,6,0,0,9,12.1,0,0,1
CLI-002820,2506.0,305.67,7,3,0,0,8,7.7,1,0,0
CLI-001310,480.0,97.62,8,0,0,0,0,40.3,1,1,0
CLI-004686,37876.0,1649.66,40,30,0,0,7,5.0,0,0,1
CLI-001336,6065.0,493.11,21,7,0,0,5,14.2,0,0,1
CLI-002884,7985.0,1081.92,46,32,0,0,9,10.65,0,0,1
CLI-001618,9215.0,561.9,55,34,0,0,5,30.6,0,1,1
CLI-002593,72098.0,837.38,18,9,0,0,14,8.6,0,0,1
CLI-000918,45982.0,2548.9,112,53,0,0,3,17.0,0,0,0
CLI-000810,9004.0,244.02,9,7,0,0,5,17.1,1,0,0
CLI-002658,271399.0,30088.63,362,127,1,1,1,3.2,0,0,0
CLI-001806,55892.0,2350.36,53,30,0,0,18,10.65,0,0,1
CLI-004486,10223.0,958.97,32,18,0,0,8,8.5,0,0,1
CLI-004064,66449.0,723.53,27,22,0,0,9,10.65,0,0,1
CLI-000645,1675.0,107.53,11,6,0,0,4,26.1,1,1,0
CLI-000754,8986.0,421.49,29,18,0,0,3,18.6,0,1,1
CLI-002412,37150.0,888.32,38,7,0,0,0,14.6,0,0,1
CLI-002173,6944.0,445.72,41,38,0,0,6,10.65,0,1,1
CLI-002261,16392.0,1332.68,66,13,0,0,4,14.3,0,0,0
CLI-002558,22086.0,690.62,23,18,0,0,6,10.1,0,0,1
CLI-001695,1430.0,134.17,10,4,0,0,2,27.9,0,1,1
CLI-004936,601.0,29.32,3,1,0,0,3,21.4,1,1,0
CLI-003835,1712.0,521.92,48,20,0,0,3,25.2,0,1,1
CLI-003045,42580.0,12981.8,194,78,1,1,19,1.0,0,0,0
CLI-000663,57596.0,5402.99,206,73,0,0,4,7.7,0,0,0
CLI-000755,22082.0,1035.72,32,0,0,0,0,7.6,0,0,1
CLI-003210,217282.0,5888.41,75,57,0,1,27,5.3,0,0,0
CLI-000613,383734.0,25998.25,530,268,1,0,14,7.4,0,0,0
CLI-003764,2888.0,113.62,9,8,0,0,5,12.3,1,1,0
CLI-003135,110037.0,7455.05,161,113,0,0,16,5.9,0,0,0
CLI-003820,29955.0,2810.04,63,52,0,0,18,5.7,0,0,0
CLI-001224,44573.0,1065.84,28,8,0,0,9,5.6,0,0,1
CLI-000372,129567.0,1628.95,57,29,0,0,8,13.8,0,0,1
CLI-000605,4472.0,151.48,5,4,0,0,7,16.8,1,0,0
CLI-003089,4951.0,503.12,25,14,0,0,9,20.2,0,0,1
CLI-000081,181140.0,10041.03,95,65,0,1,16,2.1,0,0,0
CLI-000308,2142.0,70.59,8,0,0,0,0,44.9,1,1,0
CLI-002855,7079.0,253.92,9,5,0,0,7,22.4,0,0,1
CLI-000036,5841.0,547.95,12,10,0,0,17,12.4,0,0,1
CLI-003470,3896.0,163.85,6,2,0,0,5,4.6,1,0,0
CLI-003297,1008560.0,14301.76,334,135,1,0,3,5.4,0,0,0
CLI-004385,47889.0,2781.02,63,12,0,0,11,6.3,0,0,0
CLI-002859,1223135.0,53272.41,688,545,1,1,25,6.7,0,0,0
CLI-004568,71931.0,3508.82,69,36,0,0,10,6.4,0,0,0
CLI-003606,371652.0,37769.54,628,145,1,1,5,10.65,0,0,0
CLI-004889,116713.0,7907.4,99,77,0,1,16,10.65,0,0,0
CLI-001739,371.0,25.15,1,1,0,0,4,7.9,1,0,0
CLI-002957,300.0,21.44,2,1,0,0,2,28.6,1,1,0
CLI-004978,39398.0,906.53,33,31,0,0,11,6.6,0,0,1
CLI-003323,2049.0,208.24,9,4,0,0,6,7.4,1,0,0
CLI-000684,3451.0,263.02,10,6,0,0,5,16.2,1,0,0
CLI-004408,1470.0,105.42,4,3,0,0,4,9.7,1,0,0
CLI-004944,49084.0,1575.24,53,32,0,0,10,12.7,0,0,1
CLI-000717,19577.0,1256.54,49,10,0,0,2,10.65,0,0,1
CLI-000750,15248.0,4648.77,103,50,0,0,11,10.9,0,0,0
CLI-004900,10320.0,251.7,9,6,0,0,7,12.8,1,0,0
CLI-001872,124360.0,12638.26,386,165,1,0,9,6.6,0,0,0
CLI-003345,2385.0,415.43,45,13,0,0,2,26.7,0,1,1
CLI-001840,178417.0,7502.83,162,116,0,0,8,3.8,0,0,0
CLI-004911,1055.0,21.44,1,1,0,0,3,10.65,1,0,0
CLI-001354,35892.0,1094.27,41,17,0,0,4,13.8,0,0,0
CLI-002563,27297.0,1147.89,44,18,0,0,5,14.5,0,0,0
CLI-001213,2867.0,158.91,6,5,0,0,8,10.65,1,0,0
CLI-003776,3076.0,117.23,9,4,0,0,2,29.0,1,1,0
CLI-000064,873.0,62.66,3,2,0,0,9,10.65,1,0,0
CLI-000483,36716.0,3444.27,41,8,0,1,4,1.2,0,0,1
CLI-002272,16165.0,1971.33,51,32,0,0,6,2.0,0,0,1
CLI-004644,890.0,67.87,6,3,0,0,2,27.7,1,1,0
CLI-001972,82025.0,3847.31,143,87,0,0,9,10.2,0,0,0
CLI-003420,1732.0,84.47,8,1,0,0,2,32.9,1,1,0
CLI-001720,44722.0,2597.1,195,59,0,0,1,13.9,0,1,0
CLI-002128,38155.0,434.87,8,5,0,0,5,5.3,1,0,0
CLI-001759,16760.0,1202.27,48,13,0,0,6,0.6,0,0,1
CLI-003307,11039.0,517.79,11,1,0,0,1,2.3,0,0,1
CLI-001374,9274.0,115.41,8,4,0,0,5,14.1,1,1,0
CLI-004085,12008.0,1046.03,22,18,0,0,18,8.8,0,0,1
CLI-003240,1078.0,93.94,8,3,0,0,3,25.8,1,1,0
CLI-002001,4737.0,1155.36,52,28,0,0,7,17.2,0,0,1
CLI-004965,1157.0,41.5,1,1,0,0,7,0.5,1,0,0
CLI-000869,13161.0,1337.47,138,17,0,0,1,21.9,0,1,0
CLI-002872,6465.0,414.95,9,5,0,0,4,6.0,1,0,0
CLI-001919,82030.0,6252.27,135,85,1,0,6,2.6,0,0,0
CLI-001541,8466.0,1147.16,30,0,0,0,0,7.1,0,0,1
CLI-004975,36321.0,750.75,33,22,0,0,7,15.9,0,0,1
CLI-002374,773.0,134.74,11,7,0,0,4,11.9,0,1,1
CLI-004550,49290.0,1335.77,29,13,0,0,12,6.9,0,0,1
CLI-004693,3328.0,213.59,8,4,0,0,6,17.4,0,0,1
CLI-004524,332387.0,15590.37,757,0,1,0,0,5.1,0,0,0
CLI-003269,24315.0,988.43,13,8,0,1,18,2.5,0,0,1
CLI-002423,2114.0,122.79,9,0,0,0,0,22.1,1,1,0
CLI-001255,8749.0,273.57,9,7,0,0,8,18.9,1,0,0
CLI-003252,1317443.0,20082.97,259,101,1,1,14,0.5,0,0,0
CLI-003186,43298.0,1389.54,57,45,0,0,8,13.2,0,0,1
CLI-002930,1038615.0,33331.66,704,398,1,0,13,8.4,0,0,0
CLI-000280,300.0,11.49,1,1,0,0,3,11.7,1,1,0
CLI-003704,2677.0,141.93,11,9,0,0,2,15.0,1,1,0
CLI-004081,27911.0,756.39,27,21,0,0,6,13.7,0,0,1
CLI-002090,397671.0,37304.99,458,95,1,1,17,0.5,0,0,0
CLI-002993,46838.0,1119.98,53,18,0,0,7,16.2,0,0,1
CLI-003035,914.0,108.0,9,3,0,0,1,23.3,0,1,1
CLI-004153,122257.0,6212.26,143,43,0,0,10,7.3,0,0,0
CLI-002026,644.0,65.41,8,5,0,0,4,18.4,1,1,0
CLI-004247,15435.0,941.17,36,19,0,0,5,10.65,0,0,1
CLI-002343,9680.0,380.82,8,6,0,0,4,2.5,1,0,0
CLI-003748,12541.0,675.0,15,4,0,0,5,4.7,0,0,1
CLI-004391,1939.0,67.56,6,1,0,0,1,31.5,0,1,1
CLI-001002,8830.0,673.01,61,41,0,0,5,12.1,0,1,0
CLI-002750,555.0,75.22,7,0,0,0,0,13.9,1,1,0
CLI-003744,39624.0,1380.64,48,34,0,0,4,12.4,0,0,1
CLI-001139,300.0,17.95,1,1,0,0,4,16.1,1,0,0
CLI-002877,260344.0,9950.0,398,212,1,0,5,18.1,0,0,0
CLI-003895,4725.0,720.31,31,13,0,0,3,10.65,0,0,1
CLI-001827,56288.0,2288.12,47,22,0,0,13,10.1,0,0,1
CLI-002200,204564.0,16631.2,242,51,1,1,17,6.5,0,0,0
CLI-004298,272949.0,9790.13,107,38,0,1,15,7.5,0,0,0
CLI-000704,1484.0,120.66,6,0,0,0,0,14.1,1,0,0
CLI-000537,4684.0,204.0,9,6,0,0,5,7.9,1,0,0
CLI-001240,46409.0,4353.57,200,0,0,0,0,17.4,0,0,0
CLI-003074,16702.0,442.78,10,3,0,0,12,5.3,1,0,0
CLI-000675,289883.0,15370.25,201,153,0,1,19,0.5,0,0,0
CLI-000589,10325.0,503.67,10,8,0,0,12,5.6,1,0,0
CLI-000879,90987.0,3082.21,40,13,0,1,21,4.5,0,0,0
CLI-002440,40006.0,2439.4,50,0,0,0,0,5.9,0,0,1
CLI-002952,10951.0,635.96,25,13,0,0,9,13.6,0,0,1
CLI-004767,3024.0,105.36,8,5,0,0,4,16.9,1,1,0
CLI-001459,526307.0,32091.86,647,365,1,1,19,10.65,0,0,0
CLI-002296,15888.0,842.43,43,0,0,0,0,10.65,0,0,1
CLI-004263,1927.0,261.13,11,8,0,0,8,17.0,1,0,0
CLI-001433,2000000.0,89402.85,845,779,1,1,29,3.7,0,0,0
CLI-003538,57016.0,1139.87,43,27,0,0,6,2.3,0,0,0
CLI-003072,283645.0,11530.27,468,100,1,0,5,20.7,0,0,0
CLI-003485,24731.0,558.52,25,5,0,0,3,10.65,0,0,1
CLI-000168,4551.0,426.89,9,2,0,0,11,9.4,0,0,1
CLI-004422,5566.0,754.24,56,18,0,0,4,11.6,0,1,1
CLI-004354,154088.0,8541.47,158,41,0,0,9,7.4,0,0,0
CLI-002608,599.0,121.7,11,5,0,0,3,27.9,1,1,0
CLI-000283,136430.0,6932.4,166,10,0,0,2,7.1,0,0,0
CLI-004542,228510.0,27867.02,317,133,1,1,10,2.7,0,0,0
CLI-004614,21329.0,4335.25,105,54,0,0,9,10.65,0,0,0
CLI-000986,563.0,76.28,3,2,0,0,8,13.8,1,0,0
CLI-001128,12766.0,973.05,34,15,0,0,6,20.5,0,0,1
CLI-004599,1010.0,26.78,2,1,0,0,4,25.0,1,1,0
CLI-004948,300.0,20.74,2,1,0,0,4,25.1,1,1,0
CLI-003893,7101.0,320.71,25,12,0,0,4,26.3,0,1,1
CLI-001467,34024.0,1975.85,25,5,0,1,12,3.5,0,0,1
CLI-000328,78138.0,4764.53,55,24,0,1,15,4.3,0,0,0
CLI-001267,27657.0,1405.36,51,34,0,0,10,12.5,0,0,1
CLI-001018,1178.0,59.87,5,3,0,0,4,16.7,1,1,0
CLI-001511,39011.0,767.33,30,20,0,0,4,12.3,0,0,1
CLI-004026,21762.0,1263.77,49,42,0,0,6,10.65,0,0,1
CLI-000813,614.0,93.65,11,1,0,0,0,25.9,1,1,0
CLI-003956,264084.0,10388.83,214,0,0,0,0,6.6,0,0,0
CLI-003768,959432.0,29250.97,814,422,1,0,10,7.6,0,0,0
CLI-002177,175236.0,5212.24,199,94,0,0,4,6.6,0,0,0
CLI-001011,194968.0,29720.7,654,362,1,0,13,3.6,0,0,0
CLI-001243,19803.0,2195.4,37,10,0,1,17,0.5,0,0,1
CLI-000598,1013.0,88.2,7,5,0,0,2,42.3,1,1,0
CLI-004066,325912.0,9693.99,130,56,0,1,16,2.5,0,0,0
CLI-002038,223494.0,8259.22,164,70,0,0,6,6.2,0,0,0
CLI-000526,1035.0,26.3,2,1,0,0,4,8.3,1,1,0
CLI-004723,1833.0,186.25,15,13,0,0,3,26.4,0,1,1
CLI-001080,2781.0,169.55,7,5,0,0,7,20.4,1,0,0
CLI-001609,3534.0,538.66,43,25,0,0,3,6.9,0,1,1
CLI-002095,300.0,75.0,5,1,0,0,1,14.9,1,0,0
CLI-001160,3402.0,34.57,3,1,0,0,1,10.65,1,1,0
CLI-000866,767.0,155.96,7,1,0,0,2,18.7,1,0,0
CLI-003933,80771.0,2736.14,54,17,0,0,11,10.2,0,0,0
CLI-003636,1505.0,203.87,10,3,0,0,4,5.6,1,0,0
CLI-001274,38103.0,5808.44,130,59,0,0,5,4.7,0,0,0
CLI-002066,1202.0,66.62,5,3,0,0,1,18.3,1,1,0
CLI-004684,8062.0,819.35,37,17,0,0,0,13.5,0,0,1
CLI-001090,19093.0,862.37,32,17,0,0,8,15.5,0,0,1
CLI-004525,46431.0,1530.35,32,22,0,0,11,9.6,0,0,1
CLI-003643,8514.0,546.46,42,16,0,0,1,19.2,0,1,1
CLI-000077,54113.0,1137.79,45,5,0,0,1,18.5,0,0,1
CLI-001168,554.0,84.45,4,2,0,0,6,19.8,1,0,0
CLI-001599,7099.0,320.63,8,4,0,0,8,3.7,1,0,0
CLI-003912,300.0,17.5,1,1,0,0,4,11.4,1,0,0
CLI-000792,1894.0,192.5,8,4,0,0,6,11.6,1,0,0
CLI-002117,1155.0,11.74,1,1,0,0,4,23.2,1,1,0
CLI-003486,3876.0,248.78,12,5,0,0,4,15.8,0,0,1
CLI-001327,2415.0,109.08,9,7,0,0,2,26.8,1,1,0
CLI-003746,9045.0,108.14,8,5,0,0,1,23.4,1,1,0
CLI-001479,2024.0,112.22,10,4,0,0,3,33.7,1,1,0
CLI-002530,110253.0,2585.66,56,47,0,0,17,10.65,0,0,1
CLI-001751,21322.0,1083.45,47,41,0,0,11,10.65,0,0,1
CLI-002751,9059.0,1004.3,23,14,0,0,13,5.9,0,0,1
CLI-001941,2345.0,178.71,7,5,0,0,10,17.6,0,0,1
CLI-003339,1605.0,72.5,6,4,0,0,5,16.2,1,1,0
CLI-003914,385339.0,24732.91,689,296,1,0,2,4.3,0,0,0
CLI-003677,163373.0,9056.13,120,75,0,1,24,2.6,0,0,0
CLI-004132,12194.0,1351.94,47,24,0,0,9,18.5,0,0,1
CLI-000463,805.0,39.27,3,3,0,0,4,23.3,1,1,0
CLI-004668,2200.0,383.21,41,13,0,0,1,12.4,0,1,1
CLI-001734,54577.0,1331.15,48,24,0,0,3,14.1,0,0,1
CLI-003192,274066.0,19660.42,433,311,1,0,11,5.3,0,0,0
CLI-000960,8163.0,1106.1,52,0,0,0,0,10.5,0,0,1
CLI-002152,109139.0,6337.93,142,44,0,0,9,5.4,0,0,0
CLI-001582,57101.0,6963.51,84,74,0,1,24,2.1,0,0,0
CLI-004109,5757.0,143.28,11,5,0,0,2,14.6,1,1,0
CLI-000245,549956.0,29159.91,860,83,1,0,6,5.2,0,0,0
CLI-002473,648.0,23.94,2,1,0,0,3,10.65,1,1,0
CLI-004226,579527.0,19631.69,339,317,1,0,23,6.2,0,0,0
CLI-002457,30972.0,1180.34,42,22,0,0,4,11.9,0,0,1
CLI-003489,90783.0,27677.65,425,77,1,1,6,2.6,0,0,0
CLI-003121,25235.0,1398.82,51,40,0,0,11,18.1,0,0,1
CLI-001796,6800.0,1184.65,29,8,0,0,11,9.7,0,0,1
CLI-004250,5221.0,289.44,11,2,0,0,5,10.4,1,0,0
CLI-003145,17750.0,1202.55,56,8,0,0,4,10.4,0,0,1
CLI-003548,1902.0,257.77,10,3,0,0,3,11.1,0,0,1
CLI-004982,9224.0,865.25,10,4,0,1,16,8.9,1,0,0
CLI-003654,20709.0,1010.19,45,14,0,0,9,12.8,0,0,1
CLI-002436,127440.0,5756.1,116,57,0,0,8,5.8,0,0,0
CLI-001929,191484.0,9729.89,149,28,0,1,5,7.3,0,0,0
CLI-000110,14719.0,854.75,36,14,0,0,6,0.5,0,0,0
CLI-003125,628107.0,26413.26,574,512,1,0,12,1.9,0,0,0
CLI-000030,26832.0,1487.34,95,70,0,0,2,22.0,0,1,0
CLI-000102,12072.0,272.64,23,0,0,0,0,16.8,0,1,1
CLI-001725,18310.0,930.41,38,2,0,0,0,17.7,0,0,1
CLI-001196,75167.0,2696.08,56,39,0,0,9,2.8,0,0,1
CLI-001525,7319.0,637.57,22,19,0,0,9,15.1,0,0,1
CLI-002640,1285.0,104.48,10,7,0,0,2,29.9,1,1,0
CLI-004319,225500.0,5392.16,54,20,0,1,15,3.3,0,0,1
CLI-004433,1034832.0,36056.85,430,0,1,1,0,10.65,0,0,0
CLI-004632,2660.0,98.29,7,7,0,0,6,17.8,1,1,0
CLI-002918,13251.0,351.29,8,2,0,0,5,5.9,0,0,1
CLI-004371,21527.0,1093.84,49,32,0,0,7,11.4,0,0,1
CLI-004310,10251.0,1250.18,41,37,0,0,12,9.0,0,0,1
CLI-002086,3930.0,435.74,11,7,0,0,10,5.3,1,0,0
CLI-000578,18914.0,2883.24,140,70,0,0,6,9.5,0,0,0
CLI-000479,300.0,74.12,6,5,0,0,6,17.9,1,1,0
CLI-000973,139892.0,8978.92,191,134,0,0,13,4.1,0,0,0
CLI-003857,376873.0,30640.09,653,476,1,0,8,5.7,0,0,0
CLI-001709,23120.0,386.23,7,3,0,0,13,9.1,1,0,0
CLI-000536,237591.0,2414.54,41,34,0,0,10,3.3,0,0,1
CLI-003111,1021.0,103.81,11,3,0,0,3,35.3,1,1,0
CLI-000746,11169.0,277.97,9,6,0,0,8,13.2,0,0,1
CLI-001961,439829.0,6541.18,78,37,0,1,14,2.3,0,0,0
CLI-002799,124166.0,30284.5,442,0,1,1,0,4.9,0,0,0
CLI-003133,6054.0,184.56,7,6,0,0,12,9.4,0,0,1
CLI-000519,4406.0,1074.54,51,7,0,0,4,5.6,0,0,1
CLI-002282,14135.0,522.37,10,9,0,0,15,3.0,0,0,1
CLI-003411,19868.0,563.48,20,18,0,0,15,12.5,0,0,1
CLI-004189,19046.0,1548.44,42,5,0,0,2,8.9,0,0,1
CLI-002676,12025.0,473.07,10,4,0,0,11,8.4,0,0,1
CLI-000891,4306.0,477.35,12,9,0,0,19,5.5,0,0,1
CLI-000156,103540.0,6012.79,172,14,0,0,3,10.65,0,0,0
CLI-002378,1114.0,271.81,13,4,0,0,2,10.65,0,0,1
CLI-002357,14743.0,749.12,9,4,0,1,13,4.3,0,0,1
CLI-001955,30783.0,2887.72,137,80,0,0,7,14.8,0,0,0
CLI-000228,784565.0,63785.75,766,306,1,1,17,5.4,0,0,0
CLI-000300,67866.0,689.7,8,2,0,1,16,2.7,1,0,0
CLI-004955,37738.0,4183.85,161,117,0,0,8,10.1,0,0,0
CLI-004874,4830.0,310.0,7,2,0,0,9,4.9,0,0,1
CLI-001748,9595.0,960.0,80,9,0,0,2,38.1,0,1,0
CLI-002865,76093.0,2379.4,88,81,0,0,11,18.0,0,0,0
CLI-004701,30639.0,1205.32,27,13,0,0,11,8.4,0,0,1
CLI-002127,2904.0,75.34,3,2,0,0,4,10.8,1,0,0
CLI-000700,6658.0,386.62,8,6,0,0,10,1.3,0,0,1
CLI-000238,385.0,10.44,1,1,0,0,3,16.6,1,1,0
CLI-004325,2096.0,511.23,52,32,0,0,3,10.65,0,1,1
CLI-001064,93925.0,2545.38,53,34,0,0,11,6.3,0,0,1
CLI-003648,31292.0,424.01,29,0,0,0,0,24.3,0,1,1
CLI-002087,7825.0,307.81,10,9,0,0,9,14.4,1,0,0
CLI-004653,8753.0,148.25,11,2,0,0,2,25.5,1,1,0
CLI-002900,1906.0,136.76,5,5,0,0,11,6.0,1,0,0
CLI-001869,3517.0,612.77,9,5,0,1,14,2.0,1,0,0
CLI-003357,61005.0,2861.4,30,23,0,1,18,4.2,0,0,1
CLI-004037,2615.0,83.93,6,4,0,0,2,36.4,0,1,1
CLI-000664,2494.0,92.17,8,3,0,0,2,15.1,1,1,0
CLI-000898,14390.0,417.84,38,0,0,0,0,19.8,0,1,1
CLI-000731,15133.0,922.75,22,6,0,0,5,5.9,0,0,1
CLI-000906,300.0,22.08,2,2,0,0,2,24.1,1,1,0
CLI-003632,8388.0,309.99,11,5,0,0,5,10.6,1,0,0
CLI-003153,1903.0,116.03,6,3,0,0,9,10.65,0,0,1
CLI-003934,11270.0,1527.12,43,26,0,0,7,5.8,0,0,1
CLI-004933,4124.0,128.96,10,5,0,0,4,29.1,1,1,0
CLI-004741,4340.0,115.05,10,7,0,0,3,29.6,1,1,0
CLI-004564,7818.0,280.43,9,7,0,0,7,11.6,1,0,0
CLI-002982,12841.0,372.86,13,4,0,0,6,7.2,0,0,1
CLI-003885,1083.0,120.07,5,3,0,0,5,14.2,1,0,0
CLI-004321,2193.0,58.14,1,1,0,0,9,7.7,1,0,0
CLI-004574,8050.0,297.5,11,9,0,0,7,16.1,0,0,1
CLI-004755,684729.0,37956.17,860,359,1,0,5,3.0,0,0,0
CLI-002713,15025.0,2617.56,57,18,0,0,9,4.6,0,0,1
CLI-004448,2645.0,55.61,4,2,0,0,4,10.65,1,1,0
CLI-001700,137886.0,8850.22,194,90,1,0,8,5.0,0,0,0
CLI-002499,7346.0,182.82,6,3,0,0,3,13.5,1,0,0
CLI-003094,852.0,45.0,1,0,0,0,0,5.6,1,0,0
CLI-001207,188535.0,6762.39,78,55,0,1,14,10.65,0,0,0
CLI-000628,300.0,10.41,1,1,0,0,3,32.6,1,1,0
CLI-003923,20381.0,443.83,20,2,0,0,3,12.6,0,0,1
CLI-000976,174765.0,6089.37,141,27,0,0,6,10.65,0,0,0
CLI-000431,1205.0,276.0,23,0,0,0,0,25.9,0,1,1
CLI-003957,48069.0,874.94,10,0,0,1,0,6.0,1,0,0
CLI-002399,9764.0,744.23,21,3,0,0,2,8.3,0,0,1
CLI-001783,657.0,100.21,10,1,0,0,1,23.9,1,1,0
CLI-001477,465084.0,13833.55,204,112,0,1,14,4.3,0,0,0
CLI-001097,8092.0,120.35,8,3,0,0,4,26.4,1,1,0
CLI-002725,59248.0,2580.47,55,20,0,0,6,10.2,0,0,1
CLI-004282,4434.0,450.62,13,7,0,0,11,6.4,0,0,1
CLI-001029,1034.0,252.15,15,0,0,0,0,21.0,0,0,1
CLI-001890,40941.0,942.04,33,13,0,0,4,23.4,0,0,1
CLI-003187,144275.0,2377.64,54,26,0,0,10,5.1,0,0,1
CLI-004639,68831.0,5995.72,151,45,0,0,5,5.6,0,0,0
CLI-003334,52206.0,2053.74,43,28,0,0,10,3.8,0,0,1
CLI-004727,16852.0,1868.27,49,4,0,0,8,7.7,0,0,0
CLI-003081,7831.0,1591.57,57,14,0,0,5,10.65,0,0,0
CLI-004140,44677.0,7783.43,190,0,0,0,0,4.8,0,0,0
CLI-003600,2043.0,62.28,5,4,0,0,5,19.2,1,1,0
CLI-002330,7545.0,438.18,20,4,0,0,1,18.5,0,0,1
CLI-000196,44189.0,1496.93,38,15,0,0,1,12.0,0,0,1
CLI-004238,44844.0,2485.8,32,28,0,1,19,1.5,0,0,0
CLI-001781,2012.0,68.16,6,1,0,0,0,34.5,1,1,0
CLI-004968,5543.0,482.8,49,17,0,0,2,21.3,0,1,1
CLI-004962,6404.0,325.43,15,2,0,0,0,6.3,0,0,1
CLI-004476,26191.0,3992.53,89,21,0,0,10,3.1,0,0,0
CLI-001993,35373.0,1135.2,45,4,0,0,3,6.5,0,0,1
CLI-003112,967.0,90.72,8,4,0,0,3,27.2,1,1,0
CLI-004513,28656.0,1397.83,36,0,0,0,0,3.9,0,0,1
CLI-000565,309715.0,10791.47,134,82,1,1,11,1.8,0,0,0
CLI-004511,300.0,11.55,1,1,0,0,4,9.4,1,1,0
CLI-001493,3403.0,133.89,11,3,0,0,2,16.4,1,1,0
CLI-002631,1028.0,59.67,5,3,0,0,3,10.65,1,1,0
CLI-004339,359330.0,7183.72,90,53,0,1,23,0.7,0,0,0
CLI-001177,575.0,14.92,1,1,0,0,3,37.4,1,1,0
CLI-001642,41213.0,1523.03,17,14,0,1,17,0.5,0,0,1
CLI-003559,232954.0,6606.75,153,108,0,0,14,5.3,0,0,0
CLI-004899,22091.0,2072.32,46,42,0,0,15,3.0,0,0,1
CLI-001606,370.0,112.68,5,4,0,0,6,15.9,1,0,0
CLI-001560,621.0,25.24,2,1,0,0,4,10.65,1,1,0
CLI-000192,26574.0,1080.25,22,15,0,0,9,5.9,0,0,1
CLI-003512,220119.0,4628.24,163,66,0,0,6,8.7,0,0,0
CLI-001162,300.0,19.41,1,1,0,0,9,10.65,1,0,0
CLI-001438,151253.0,5764.21,106,61,0,0,7,7.1,0,0,0
CLI-000955,1218.0,49.53,4,3,0,0,4,40.6,1,1,0
CLI-003191,379076.0,9090.0,202,32,0,0,6,8.9,0,0,0
CLI-003722,549.0,167.53,8,6,0,0,6,14.5,0,0,1
CLI-002503,238895.0,9397.92,139,20,0,1,11,0.5,0,0,0
CLI-003261,120990.0,2500.82,28,24,0,1,40,10.65,0,0,1
CLI-003913,4745.0,526.0,11,3,0,0,8,3.1,0,0,1
CLI-003592,97492.0,9145.62,154,63,0,1,10,3.9,0,0,0
CLI-001418,12285.0,788.51,31,14,0,0,3,11.1,0,0,1
CLI-002999,35417.0,2159.6,44,21,0,0,10,8.4,0,0,0
CLI-003924,18120.0,2008.85,181,61,0,0,2,36.2,0,1,0
CLI-002769,587.0,65.07,6,1,0,0,2,20.5,1,1,0
CLI-003723,4432.0,168.92,13,6,0,0,3,28.8,0,1,1
CLI-002723,530.0,71.87,6,2,0,0,2,15.5,1,1,0
CLI-004553,11107.0,322.5,11,5,0,0,5,18.5,1,0,0
CLI-004935,397885.0,35235.0,783,550,1,0,9,2.5,0,0,0
CLI-003376,2543.0,238.57,11,6,0,0,7,20.4,1,0,0
CLI-002018,61686.0,12537.74,211,58,0,1,14,0.5,0,0,0
CLI-004745,10728.0,568.82,56,28,0,0,4,25.4,0,1,1
CLI-004928,26216.0,2459.3,37,1,0,1,1,0.7,0,0,1
CLI-001447,6370.0,165.28,6,6,0,0,7,10.65,1,0,0
CLI-002032,881.0,89.53,10,3,0,0,5,18.6,1,1,0
CLI-001528,307.0,62.35,3,1,0,0,1,17.3,1,0,0
CLI-004271,32377.0,1361.52,29,8,0,0,8,2.2,0,0,1
CLI-004387,2681.0,155.69,15,12,0,0,5,10.65,0,1,1
CLI-004147,7727.0,495.95,18,15,0,0,8,10.65,0,0,1
CLI-004806,1934.0,589.63,57,13,0,0,1,24.0,0,1,1
CLI-000558,22565.0,1058.41,35,11,0,0,3,15.2,0,0,1
CLI-004797,5642.0,529.25,21,0,0,0,0,14.0,0,0,1
CLI-000989,24395.0,1983.34,57,12,0,0,1,7.0,0,0,1
CLI-001494,73384.0,4140.0,92,21,0,0,9,6.8,0,0,0
CLI-000800,1523.0,464.47,11,5,0,0,9,6.7,0,0,1
CLI-000639,219503.0,15746.24,202,180,0,1,13,0.5,0,0,0
CLI-004077,9512.0,527.3,10,3,0,0,11,1.2,1,0,0
CLI-003717,290595.0,6328.29,136,71,1,0,5,7.9,0,0,0
CLI-004225,7262.0,520.95,46,17,0,0,3,11.8,0,1,1
CLI-000988,756.0,46.07,4,3,0,0,4,35.8,1,1,0
CLI-004229,32180.0,1635.14,56,25,0,0,4,20.1,0,0,1
CLI-002215,108922.0,7379.53,96,21,0,1,25,3.4,0,0,0
CLI-001408,1033.0,96.95,4,2,0,0,4,12.2,1,0,0
CLI-002157,32944.0,913.07,20,9,0,0,8,7.4,0,0,1
CLI-000123,3666.0,279.39,6,1,0,0,6,10.65,0,0,1
CLI-002454,19350.0,1241.98,53,34,0,0,3,4.5,0,0,1
CLI-004605,3897.0,226.29,22,0,0,0,0,35.8,0,1,1
CLI-001726,2565.0,100.9,8,2,0,0,2,11.8,1,1,0
CLI-001365,1946.0,263.63,12,7,0,0,6,11.3,0,0,1
CLI-004842,1358.0,414.14,17,10,0,0,8,11.1,0,0,1
CLI-001019,11348.0,1258.13,52,16,0,0,9,3.6,0,0,1
CLI-001999,9839.0,999.91,28,6,0,0,5,6.2,0,0,1
CLI-003384,1974.0,240.73,11,3,0,0,3,10.8,1,0,0
CLI-000648,32421.0,2080.96,76,45,0,0,4,15.7,0,0,0
CLI-001601,6580.0,364.76,28,16,0,0,2,24.7,0,1,1
CLI-004274,548.0,167.03,10,1,0,0,2,8.1,1,0,0
CLI-000696,390327.0,14424.51,547,84,1,0,6,14.5,0,0,0
CLI-004210,2100.0,128.04,10,9,0,0,3,13.9,1,1,0
CLI-003211,28660.0,3883.46,95,60,0,0,9,10.65,0,0,0
CLI-000213,3623.0,276.13,6,4,0,0,11,12.6,0,0,1
CLI-000065,7663.0,622.99,29,13,0,0,8,3.8,0,0,1
CLI-002416,24674.0,1432.87,56,41,0,0,10,9.0,0,0,1
CLI-000284,8026.0,362.5,8,5,0,0,13,10.1,1,0,0
CLI-004379,468778.0,6017.69,212,17,0,0,4,14.5,0,0,0
CLI-000547,3484.0,118.01,5,2,0,0,6,17.6,1,0,0
CLI-001637,29612.0,1128.49,38,15,0,0,2,12.3,0,0,1
CLI-001001,5472.0,1668.16,42,22,0,0,10,10.65,0,0,1
CLI-001246,85328.0,1651.73,37,26,0,0,13,5.5,0,0,0
CLI-002131,4355.0,126.44,10,6,0,0,4,44.7,1,1,0
CLI-002528,314761.0,15354.18,174,68,0,1,15,7.2,0,0,0
CLI-004113,8565.0,870.46,19,6,0,0,8,8.0,0,0,1
CLI-001056,31227.0,4760.24,133,12,0,0,4,6.8,0,0,0
CLI-000699,27193.0,436.34,29,21,0,0,5,28.7,0,1,1
CLI-001507,689.0,64.63,6,1,0,0,1,11.7,1,1,0
CLI-002653,17004.0,864.04,30,16,0,0,7,12.5,0,0,1
CLI-000509,9656.0,1070.54,44,21,0,0,6,16.8,0,0,1
CLI-002742,851113.0,35791.12,453,333,1,1,17,1.7,0,0,0
CLI-001183,715.0,217.99,8,5,0,0,9,7.8,1,0,0
CLI-000406,1433.0,41.61,3,2,0,0,4,25.4,1,1,0
CLI-002485,172534.0,9563.95,97,65,0,1,27,4.7,0,0,0
CLI-002543,17335.0,1112.64,26,13,0,0,8,4.6,0,0,1
CLI-003456,7300.0,127.18,10,2,0,0,1,26.4,1,1,0
CLI-004616,12006.0,697.2,8,6,0,1,25,0.5,0,0,1
CLI-001684,32851.0,3081.7,96,62,0,0,8,7.5,0,0,0
CLI-000075,27962.0,852.5,33,14,0,0,7,8.6,0,0,1
CLI-000482,210237.0,9495.82,203,80,0,0,12,5.6,0,0,0
CLI-000668,543.0,82.74,9,2,0,0,2,35.0,1,1,0
CLI-003510,34031.0,1121.66,38,31,0,0,6,8.5,0,0,1
CLI-000439,36627.0,2627.51,34,24,0,1,24,0.5,0,0,0
CLI-000270,7394.0,500.95,42,31,0,0,4,13.2,0,1,1
CLI-001613,125732.0,9583.21,206,152,0,0,12,6.1,0,0,0
CLI-001970,236980.0,10703.71,241,123,1,0,13,1.5,0,0,0
CLI-001845,10858.0,551.74,23,0,0,0,0,11.1,0,0,1
CLI-000079,476670.0,32400.0,405,325,1,1,8,5.9,0,0,0
CLI-000231,825.0,100.62,4,2,0,0,6,19.1,1,0,0
CLI-001594,9351.0,600.17,47,35,0,0,3,26.9,0,1,1
CLI-004141,433.0,88.01,7,2,0,0,3,10.65,1,1,0
CLI-002135,9114.0,277.88,10,7,0,0,8,11.9,1,0,0
CLI-002924,25511.0,676.33,22,12,0,0,7,10.65,0,0,1
CLI-000025,2714.0,551.71,26,7,0,0,3,10.65,0,0,1
CLI-000820,165528.0,3364.39,56,26,0,0,12,4.7,0,0,1
CLI-003265,164305.0,5565.88,200,119,0,0,7,1.8,0,0,0
CLI-000242,1319.0,50.28,2,1,0,0,8,10.65,1,0,0
CLI-001765,23568.0,1064.52,45,18,0,0,5,6.4,0,0,1
CLI-000139,331.0,31.02,3,1,0,0,4,10.65,1,1,0
CLI-002840,25275.0,1340.16,51,0,0,0,0,16.2,0,0,1
CLI-000896,1466.0,127.66,11,6,0,0,2,20.4,1,1,0
CLI-000013,11350.0,1064.77,44,6,0,0,3,14.9,0,0,1
CLI-003442,424.0,51.75,1,1,0,0,13,6.1,1,0,0
CLI-001661,25752.0,581.57,22,14,0,0,1,17.5,0,0,1
CLI-001085,33610.0,2732.49,117,13,0,0,5,10.65,0,0,0
CLI-000291,126398.0,2202.05,42,12,0,0,8,6.3,0,0,1
CLI-001220,112469.0,5963.38,116,25,0,0,8,2.9,0,0,0
CLI-003960,667.0,36.96,3,1,0,0,2,11.9,1,1,0
CLI-001013,233603.0,14244.09,162,101,0,1,19,10.65,0,0,0
CLI-003126,570.0,99.28,4,2,0,0,3,13.7,1,0,0
CLI-002277,234358.0,7938.97,180,85,0,0,7,8.1,0,0,0
CLI-000400,22382.0,1240.71,56,29,0,0,6,16.3,0,0,1
CLI-003304,10955.0,1214.49,50,28,0,0,6,8.5,0,0,1
CLI-000499,83864.0,3520.0,44,26,0,1,17,5.5,0,0,0
CLI-000247,2755.0,480.0,32,20,0,0,6,10.65,0,0,1
CLI-003178,4253.0,1037.37,24,7,0,0,8,1.6,0,0,1
CLI-001614,922.0,40.17,3,2,0,0,4,32.4,1,1,0
CLI-003536,6817.0,296.92,32,5,0,0,3,27.2,0,1,1
CLI-001106,13419.0,467.55,39,26,0,0,5,19.0,0,1,1
CLI-000811,19195.0,1170.41,14,3,0,1,16,4.9,0,0,1
CLI-001878,85481.0,4343.55,114,57,0,0,7,4.9,0,0,0
CLI-002850,300.0,22.56,2,1,0,0,4,32.6,1,1,0
CLI-000532,70903.0,6176.21,206,76,0,0,8,13.3,0,0,0
CLI-003394,124709.0,4752.64,106,51,0,0,9,7.5,0,0,0
CLI-001590,7973.0,972.33,22,12,0,0,13,4.2,0,0,1
CLI-001302,279224.0,11350.58,215,98,0,0,8,7.1,0,0,0
CLI-000466,18227.0,966.43,13,6,0,1,14,4.6,0,0,1
CLI-000355,7530.0,223.96,9,3,0,0,3,20.0,1,0,0
CLI-004539,5755.0,152.57,6,3,0,0,9,8.3,1,0,0
CLI-000104,17174.0,1745.29,36,9,0,0,7,3.5,0,0,1
CLI-001994,75711.0,7102.34,87,50,0,1,11,6.1,0,0,0
CLI-002185,2954.0,180.1,6,3,0,0,6,13.8,1,0,0
CLI-000832,498250.0,14130.73,174,68,0,1,10,0.5,0,0,0
CLI-004235,365.0,12.35,1,0,0,0,0,23.6,1,1,0
CLI-004421,3205.0,93.05,9,7,0,0,3,24.0,1,1,0
CLI-004139,1623.0,197.9,10,0,0,0,0,8.9,1,0,0
CLI-000044,135838.0,4601.55,161,123,0,0,8,7.1,0,0,0
CLI-000397,21943.0,1163.48,47,8,0,0,4,11.8,0,0,1
CLI-000177,67525.0,2940.98,54,41,0,0,12,11.8,0,0,1
CLI-000808,273426.0,22229.74,534,364,1,0,15,3.5,0,0,0
CLI-003205,444.0,18.67,2,0,0,0,0,30.4,1,1,0
CLI-003151,13087.0,1485.0,33,3,0,0,2,4.8,0,0,1
CLI-001870,682.0,118.85,11,6,0,0,3,37.4,1,1,0
CLI-001241,3016.0,282.92,10,8,0,0,10,10.65,1,0,0
CLI-000202,38841.0,1691.7,34,18,0,0,9,7.7,0,0,1
CLI-004774,12451.0,893.18,64,37,0,0,4,29.2,0,1,0
CLI-002192,10042.0,612.29,51,30,0,0,2,10.65,0,1,1
CLI-001804,33492.0,2042.2,34,18,0,1,19,2.1,0,0,1
CLI-002209,13965.0,1216.46,50,14,0,0,5,8.7,0,0,1
CLI-004118,300.0,80.47,8,1,0,0,0,34.3,1,1,0
CLI-000790,17630.0,796.31,33,0,0,0,0,9.3,0,0,0
CLI-002737,675648.0,51497.59,572,302,1,1,11,3.8,0,0,0
CLI-000936,1489162.0,41273.89,417,229,1,1,12,1.2,0,0,0
CLI-002352,11193.0,324.0,27,4,0,0,1,26.1,0,1,1
CLI-004044,486842.0,29685.5,440,341,1,1,21,5.2,0,0,0
CLI-003590,1111.0,96.74,9,6,0,0,3,29.0,1,1,0
CLI-004020,3356.0,110.61,8,5,0,0,3,22.5,1,1,0
CLI-002354,57444.0,1094.58,40,29,0,0,6,9.0,0,0,1
CLI-000643,5848.0,891.5,22,12,0,0,11,10.6,0,0,1
CLI-004691,12680.0,1288.66,52,46,0,0,8,14.6,0,0,1
CLI-001688,28970.0,2208.1,43,26,0,0,9,0.5,0,0,0
CLI-003382,67818.0,2584.52,46,21,0,0,13,7.1,0,0,1
CLI-000877,66952.0,3549.95,134,67,0,0,5,26.6,0,0,0
CLI-002920,92784.0,1271.36,45,37,0,0,10,7.5,0,0,1
CLI-003087,378128.0,18445.29,438,139,1,0,11,1.9,0,0,0
CLI-003020,9039.0,324.22,13,4,0,0,2,10.65,0,0,1
CLI-000517,37823.0,1590.55,42,13,0,0,4,5.6,0,0,1
CLI-001909,13014.0,1322.53,55,47,0,0,5,7.8,0,0,1
CLI-003279,5672.0,628.8,30,18,0,0,6,10.65,0,0,1
CLI-002532,243614.0,8488.3,167,69,0,0,12,6.4,0,0,0
CLI-000531,4173.0,101.79,5,1,0,0,4,7.7,1,0,0
CLI-001304,3248.0,79.23,7,4,0,0,4,19.3,1,1,0
CLI-004145,3720.0,174.47,6,4,0,0,7,7.2,1,0,0
CLI-000647,15378.0,293.03,5,2,0,0,17,3.9,1,0,0
CLI-004440,96301.0,2446.67,52,45,0,0,18,13.0,0,0,1
CLI-003142,9707.0,1395.0,31,10,0,0,13,5.8,0,0,0
CLI-004761,107239.0,1334.48,25,6,0,0,4,1.4,0,0,1
CLI-001152,371639.0,20600.81,276,71,1,1,2,2.0,0,0,0
CLI-004343,457249.0,42893.88,501,310,1,1,12,8.1,0,0,0
CLI-001451,1301.0,83.53,3,2,0,0,6,10.65,1,0,0
CLI-004775,95630.0,2045.99,45,0,0,0,0,10.1,0,0,1
CLI-003563,4890.0,248.47,10,5,0,0,4,8.0,1,0,0
CLI-004411,3364.0,186.47,7,6,0,0,5,19.1,1,0,0
CLI-002273,45209.0,1020.98,35,19,0,0,4,17.0,0,0,1
CLI-002875,28351.0,8643.54,193,68,0,0,8,10.4,0,0,0
CLI-003915,102087.0,2829.45,30,26,0,1,24,4.8,0,0,0
CLI-003164,17433.0,1062.98,43,27,0,0,6,10.65,0,0,1
CLI-003745,2667.0,191.3,10,3,0,0,1,21.0,1,0,0
CLI-000644,978.0,99.4,10,1,0,0,0,9.0,1,1,0
CLI-003492,2780.0,94.17,8,5,0,0,2,28.3,1,1,0
CLI-001034,32239.0,2457.24,54,0,0,0,0,10.2,0,0,0
CLI-001387,1177.0,205.1,10,3,0,0,8,7.4,1,0,0
CLI-004407,5328.0,129.95,10,5,0,0,3,19.5,0,1,1
CLI-001690,300.0,38.14,2,1,0,0,2,21.3,1,0,0
CLI-004219,89122.0,2173.71,93,75,0,0,9,8.9,0,0,0
CLI-003105,387312.0,8911.93,193,115,0,0,8,10.65,0,0,0
CLI-000420,914.0,101.36,5,2,0,0,5,11.1,1,0,0
CLI-001036,5019.0,191.29,7,0,0,0,0,11.8,1,0,0
CLI-002170,53263.0,3608.63,154,30,0,0,1,11.0,0,0,0
CLI-001318,131545.0,13368.38,589,226,1,0,5,18.2,0,0,0
CLI-000175,12367.0,837.88,47,0,0,0,0,10.7,0,0,1
CLI-003230,10884.0,1327.32,31,18,0,0,16,6.1,0,0,1
CLI-001958,9476.0,158.31,6,4,0,0,12,13.1,1,0,0
CLI-002078,1121.0,27.91,2,1,0,0,5,25.9,1,1,0
CLI-004884,2199.0,223.48,17,8,0,0,3,21.9,0,1,1
CLI-001917,157976.0,3440.25,42,32,0,1,19,1.5,0,0,1
CLI-001794,28675.0,2185.58,53,7,0,0,2,6.6,0,0,1
CLI-004551,35024.0,949.17,39,15,0,0,3,16.8,0,0,1
CLI-000016,21200.0,3693.38,136,20,0,0,4,4.9,0,0,0
CLI-001752,1046.0,49.05,2,1,0,0,5,1.5,1,0,0
CLI-000419,329.0,100.31,11,7,0,0,3,10.65,1,1,0
CLI-003219,33071.0,695.36,56,45,0,0,5,24.8,0,1,1
CLI-004608,23285.0,979.2,35,19,0,0,5,7.0,0,0,1
CLI-003123,18649.0,583.14,22,3,0,0,1,10.65,0,0,1
CLI-000963,142372.0,8681.21,101,26,0,1,14,4.3,0,0,0
CLI-001021,456.0,32.68,4,1,0,0,1,33.6,1,1,0
CLI-001094,132553.0,2939.08,57,0,0,0,0,6.7,0,0,1
CLI-003493,1473.0,74.86,6,4,0,0,3,33.0,1,1,0
CLI-002271,901.0,64.66,5,4,0,0,4,30.3,1,1,0
CLI-001925,7503.0,571.87,26,10,0,0,5,14.5,0,0,1
CLI-004619,6409.0,116.65,4,2,0,0,5,16.6,1,0,0
CLI-001143,2476.0,86.26,7,2,0,0,1,13.3,1,1,0
CLI-001905,1384.0,129.8,11,6,0,0,2,11.7,1,1,0
CLI-000702,69551.0,3262.24,120,47,0,0,5,6.7,0,0,0
CLI-002366,22719.0,2308.87,26,12,0,1,21,3.3,0,0,1
CLI-001996,17704.0,616.85,23,14,0,0,3,8.7,0,0,1
CLI-004130,19108.0,613.21,54,11,0,0,1,16.9,0,1,1
CLI-000527,87336.0,1401.41,54,43,0,0,10,16.0,0,0,1
CLI-002311,27404.0,1591.43,32,12,0,0,9,10.65,0,0,1
CLI-002972,6825.0,416.14,34,24,0,0,3,20.8,0,1,1
CLI-002612,16449.0,2507.4,54,23,0,0,8,9.0,0,0,1
CLI-003890,892.0,72.56,8,3,0,0,2,32.1,1,1,0
CLI-001261,271083.0,9183.04,184,160,0,0,12,1.8,0,0,0
CLI-003134,11096.0,1933.17,44,16,0,0,10,8.1,0,0,1
CLI-003218,10378.0,383.52,14,10,0,0,5,13.2,0,0,1
CLI-003069,6892.0,494.44,47,0,0,0,0,26.7,0,1,1
CLI-000334,16140.0,984.17,35,23,0,0,7,13.7,0,0,1
CLI-003435,1186.0,68.9,7,2,0,0,2,13.9,1,1,0
CLI-003756,75901.0,11570.21,131,96,0,1,16,2.9,0,0,0
CLI-000088,67479.0,2285.88,51,38,0,0,14,8.3,0,0,1
CLI-000728,51025.0,10370.87,156,16,0,1,6,2.7,0,0,0
CLI-003355,6642.0,385.71,12,7,0,0,3,12.8,0,0,1
CLI-001733,542.0,26.44,2,0,0,0,0,24.3,1,1,0
CLI-000459,4889.0,496.83,51,0,0,0,0,17.9,0,1,1
CLI-000046,637.0,72.0,6,1,0,0,3,25.5,1,1,0
CLI-003280,187194.0,6007.5,130,0,0,0,0,6.6,0,0,0
CLI-000442,146491.0,17360.0,217,157,0,1,9,5.2,0,0,0
CLI-000711,889.0,180.66,15,5,0,0,2,32.7,0,1,1
CLI-001891,9760.0,991.91,37,31,0,0,6,13.1,0,0,1
CLI-000583,424198.0,14780.41,267,134,1,0,16,6.1,0,0,0
CLI-001864,375161.0,19063.05,450,247,1,0,9,6.6,0,0,0
CLI-003916,79953.0,1681.1,33,22,0,0,8,9.2,0,0,1
CLI-003117,303.0,46.14,2,1,0,0,6,10.65,1,0,0
CLI-003568,300.0,39.83,1,1,0,0,7,10.65,1,0,0
CLI-002599,494.0,23.16,2,1,0,0,3,24.8,1,1,0
CLI-004028,7232.0,304.13,13,0,0,0,0,3.9,0,0,1
CLI-003160,28058.0,2138.58,55,0,0,0,0,5.5,0,0,1
CLI-002602,16950.0,626.4,49,33,0,0,3,23.1,0,1,1
CLI-002879,610949.0,28656.13,618,394,1,0,13,5.7,0,0,0
CLI-003443,946.0,41.19,3,2,0,0,3,23.3,1,1,0
CLI-001421,7813.0,167.16,6,0,0,0,0,14.9,1,0,0
CLI-002743,737.0,128.37,11,4,0,0,1,49.2,0,1,1
CLI-002105,8138.0,583.78,22,10,0,0,4,11.2,0,0,1
CLI-000923,11086.0,450.64,10,8,0,0,15,9.6,1,0,0
CLI-002866,658.0,32.11,1,1,0,0,5,19.5,1,0,0
CLI-002085,2291.0,310.4,12,4,0,0,7,8.5,0,0,1
CLI-001391,3996.0,157.2,10,6,0,0,3,25.3,0,1,1
CLI-001166,133499.0,8140.19,171,119,0,0,15,8.1,0,0,0
CLI-001273,12325.0,484.84,10,3,0,0,5,10.65,1,0,0
CLI-003707,51200.0,1007.09,32,17,0,0,6,18.1,0,0,1
CLI-004659,64981.0,9905.71,132,51,0,1,23,0.7,0,0,0
CLI-001809,1328821.0,37686.36,675,490,1,0,10,3.1,0,0,0
CLI-002856,5840.0,647.44,34,12,0,0,4,16.8,0,0,1
CLI-000972,832.0,169.04,14,8,0,0,4,12.1,0,1,1
CLI-000461,42071.0,765.76,16,14,0,0,15,7.8,0,0,1
CLI-004061,3678.0,236.09,9,6,0,0,8,8.1,0,0,1
CLI-001816,40814.0,1605.58,29,25,0,0,13,10.65,0,0,1
CLI-002898,27939.0,1216.86,29,21,0,0,8,3.1,0,0,1
CLI-004633,35808.0,2183.41,26,17,0,1,26,4.6,0,0,1
CLI-000779,3489.0,50.66,1,1,0,0,10,6.0,1,0,0
CLI-003848,6106.0,744.59,29,13,0,0,2,11.1,0,0,1
CLI-000640,7536.0,316.91,11,10,0,0,8,16.1,1,0,0
CLI-002069,17908.0,1985.35,52,42,0,0,13,7.0,0,0,1
CLI-000508,184275.0,17286.54,715,141,1,0,2,12.0,0,0,0
CLI-004888,75489.0,2422.62,54,13,0,0,5,5.1,0,0,1
CLI-000991,34790.0,1697.06,59,35,0,0,7,10.8,0,0,1
CLI-004523,948.0,68.0,7,1,0,0,2,29.8,1,1,0
CLI-003628,1793.0,437.33,43,18,0,0,3,13.2,0,1,1
CLI-004807,1059294.0,67990.64,894,108,1,1,3,1.1,0,0,0
CLI-001032,1444602.0,41945.48,460,130,1,1,18,4.2,0,0,0
CLI-002596,17358.0,176.4,3,2,0,0,13,1.1,1,0,0
CLI-001575,158761.0,8067.11,110,52,0,1,15,6.8,0,0,0
CLI-003940,53420.0,1163.33,42,29,0,0,6,10.65,0,0,1
CLI-003630,29760.0,1395.89,57,38,0,0,8,5.7,0,0,1
CLI-001589,11744.0,954.77,26,11,0,0,1,4.5,0,0,1
CLI-000169,190353.0,6448.26,154,20,0,0,6,8.2,0,0,0
CLI-004420,3728.0,162.37,7,6,0,0,8,18.2,1,0,0
CLI-001940,84156.0,11403.25,421,294,1,0,6,7.8,0,0,0
CLI-004772,678.0,51.66,2,1,0,0,7,10.65,1,0,0
CLI-004717,27125.0,703.81,15,6,0,0,10,9.3,0,0,1
CLI-003004,14572.0,772.64,30,5,0,0,1,8.6,0,0,1
CLI-004503,300.0,47.92,6,3,0,0,2,26.5,1,1,0
CLI-001758,120597.0,1987.42,43,6,0,0,3,9.7,0,0,1
CLI-003137,12744.0,1412.86,51,16,0,0,5,11.3,0,0,1
CLI-000927,24850.0,739.13,32,12,0,0,6,9.4,0,0,1
CLI-001914,2568.0,54.0,4,1,0,0,2,20.5,1,1,0
CLI-000838,300.0,20.96,2,1,0,0,3,40.2,1,1,0
CLI-001570,3519.0,204.35,8,3,0,0,0,8.0,1,0,0
CLI-002970,190099.0,11039.41,219,51,0,0,3,1.9,0,0,0
CLI-002482,1068.0,93.07,4,1,0,0,0,10.8,1,0,0
CLI-003903,1538.0,85.26,7,4,0,0,2,31.4,1,1,0
CLI-003668,25021.0,1525.67,57,25,0,0,2,18.1,0,0,0
CLI-001126,642.0,78.34,2,1,0,0,1,7.2,1,0,0
CLI-000179,1126653.0,54958.69,671,211,1,1,7,10.65,0,0,0
CLI-002217,136193.0,3019.79,55,0,0,0,0,4.9,0,0,0
CLI-002438,1312.0,133.33,11,0,0,0,0,16.1,1,1,0
CLI-000341,2824.0,118.77,8,5,0,0,4,28.6,1,1,0
CLI-003969,1071.0,130.59,10,4,0,0,1,37.3,1,1,0
CLI-001631,1151.0,127.58,11,2,0,0,1,10.65,1,1,0
CLI-003412,736.0,74.82,8,6,0,0,2,39.3,0,1,1
CLI-003808,41132.0,895.74,29,16,0,0,6,10.8,0,0,1
