client_id,valeur_vie_client_eur,anciennete_mois,sieges_souscrits,utilisateurs_actifs,taux_adoption_pct,connexions_30j,heures_usage_30j,fonctionnalites_utilisees,nb_integrations,derniere_connexion_jours,tickets_support_90j,delai_reponse_support_h,csat,retards_paiement_12m,revenu_mensuel_recurrent_eur,inactivite_relative,inactif_30j,taux_fonctionnalites,jour_souscription_l,jour_souscription_m,jour_souscription_me,jour_souscription_j,jour_souscription_v,jour_souscription_s,jour_souscription_d,secteur_te,secteur_fi,secteur_co,secteur_sa,secteur_in,secteur_pb,secteur_en,pays_fr,pays_es,pays_ca,pays_de,pays_ch,pays_be,taille_entreprise_tpe,taille_entreprise_pme,taille_entreprise_eti,taille_entreprise_ge,plan_str,plan_pro,plan_bus,plan_ent,couleur_theme_interface_c,couleur_theme_interface_ve,couleur_theme_interface_b,couleur_theme_interface_v,couleur_theme_interface_s,code_datacenter_eu_w1,code_datacenter_eu_w3,code_datacenter_us_e1,code_datacenter_ap_s1,groupe_experimentation_a,groupe_experimentation_b,groupe_experimentation_c,polarite_csm_alerte,polarite_csm_neutre,polarite_csm_positif,polarite_csm_absent,niveau_anciennete_recent,niveau_anciennete_etabli,niveau_anciennete_ancien
CLI-002447,689.0,12,3,0,0.0,0,0.0,0,0,34,0,14.2,4,1,40.0,0.09,1,0.0,0,0,1,0,0,0,0,0,1,0,0,0,0,0,1,0,0,0,0,0,1,0,0,0,1,0,0,0,0,0,0,0,1,0,0,1,0,0,0,1,0,0,0,1,0,1,0
CLI-000087,701.0,1,10,2,20.0,1,0.1,0,0,25,2,17.7,1,2,171.02,0.83,0,0.0,1,0,0,0,0,0,0,0,0,0,0,0,0,1,1,0,0,0,0,0,1,0,0,0,0,1,0,0,1,0,0,0,0,0,0,0,1,0,1,0,1,0,0,0,1,0,0
CLI-001671,300.0,1,4,3,75.0,73,11.9,6,0,1,7,31.8,2,4,50.01,0.03,0,0.75,0,1,0,0,0,0,0,0,0,1,0,0,0,0,1,0,0,0,0,0,1,0,0,0,1,0,0,0,0,1,0,0,0,0,0,1,0,0,0,1,0,0,0,1,1,0,0
CLI-002103,7133.0,7,11,7,63.6,25,10.0,4,3,2,2,14.5,4,0,280.62,0.01,0,0.25,0,0,0,0,1,0,0,0,0,0,0,0,1,0,0,0,0,1,0,0,1,0,0,0,0,1,0,0,0,0,0,1,0,0,1,0,0,1,0,0,0,0,1,0,0,1,0
CLI-001474,101714.0,10,39,26,66.7,60,15.8,13,3,1,3,6.4,3,0,2000.67,0.0,0,0.5,0,1,0,0,0,0,0,0,0,1,0,0,0,0,1,0,0,0,0,0,0,1,0,0,0,0,1,0,0,1,0,0,0,0,0,0,1,1,0,0,0,0,0,1,0,1,0
CLI-002414,1510126.0,10,593,334,56.3,3,1.2,12,2,4,3,1.8,4,1,47220.94,0.01,0,0.3,0,0,1,0,0,0,0,0,0,0,1,0,0,0,1,0,0,0,0,0,0,0,0,1,0,0,0,1,0,0,0,1,0,0,0,0,1,1,0,0,0,0,0,1,0,1,0
CLI-000475,117188.0,8,49,31,63.3,37,18.3,14,5,1,1,1.7,5,0,3862.48,0.0,0,0.35,0,0,0,0,0,0,1,0,0,0,0,0,0,1,1,0,0,0,0,0,0,0,1,0,0,0,0,1,0,0,0,1,0,1,0,0,0,1,0,0,0,0,1,0,0,1,0
CLI-004297,32693.0,19,48,27,56.2,18,6.0,4,2,1,4,10.65,4,0,595.07,0.0,0,0.5,0,0,0,0,0,1,0,1,0,0,0,0,0,0,1,0,0,0,0,0,0,1,0,0,1,0,0,0,1,0,0,0,0,0,0,0,1,1,0,0,0,1,0,0,0,0,1
CLI-004909,1033.0,6,6,1,16.7,1,0.1,0,2,4,0,2.7,4,2,90.0,0.02,0,0.0,0,1,0,0,0,0,0,0,0,1,0,0,0,0,1,0,0,0,0,0,1,0,0,0,0,1,0,0,0,0,1,0,0,0,0,1,0,0,0,1,1,0,0,0,0,1,0
CLI-000115,52095.0,18,48,13,27.1,5,0.9,7,9,14,1,5.7,3,0,2117.68,0.03,0,0.27,0,0,0,1,0,0,0,0,0,0,0,1,0,0,1,0,0,0,0,0,0,1,0,0,0,0,1,0,0,0,1,0,0,0,0,0,1,1,0,0,0,0,0,1,0,0,1
CLI-000107,2907.0,23,3,2,66.7,57,39.7,6,5,2,1,12.3,3,0,73.85,0.0,0,0.38,0,1,0,0,0,0,0,0,0,0,0,0,0,1,1,0,0,0,0,0,1,0,0,0,0,1,0,0,1,0,0,0,0,1,0,0,0,0,0,1,0,0,0,1,0,0,1
CLI-001247,5072.0,11,42,20,47.6,10,5.4,2,6,1,3,24.1,4,1,562.28,0.0,0,0.25,0,0,1,0,0,0,0,0,0,0,0,0,0,1,1,0,0,0,0,0,0,0,1,0,1,0,0,0,1,0,0,0,0,0,0,0,1,1,0,0,0,0,1,0,0,1,0
CLI-000692,594.0,1,4,2,50.0,21,6.7,7,0,1,2,6.5,3,1,72.4,0.03,0,0.44,0,1,0,0,0,0,0,0,0,0,0,0,0,1,0,1,0,0,0,0,1,0,0,0,0,1,0,0,0,0,0,1,0,0,0,0,1,1,0,0,0,0,0,1,1,0,0
CLI-002448,122037.0,9,184,77,41.8,19,4.7,15,3,0,5,10.3,1,2,9921.7,0.0,0,0.58,0,1,0,0,0,0,0,1,0,0,0,0,0,0,0,1,0,0,0,0,0,0,1,0,0,0,1,0,0,0,1,0,0,0,0,1,0,1,0,0,1,0,0,0,0,1,0
CLI-003079,37763.0,14,121,98,81.0,71,9.7,8,3,3,3,9.8,3,0,3289.48,0.01,0,0.5,0,0,0,0,0,1,0,0,0,0,0,1,0,0,0,0,0,1,0,0,0,0,1,0,0,1,0,0,0,0,1,0,0,0,0,0,1,1,0,0,0,1,0,0,0,0,1
CLI-002633,412.0,2,2,1,50.0,27,5.7,5,0,0,1,12.0,5,2,45.66,0.0,0,0.31,1,0,0,0,0,0,0,1,0,0,0,0,0,0,1,0,0,0,0,0,1,0,0,0,0,1,0,0,0,0,1,0,0,0,0,0,1,0,0,1,0,1,0,0,1,0,0
CLI-004722,2242.0,11,8,4,50.0,24,11.4,5,3,0,9,13.2,3,1,151.9,0.0,0,0.31,0,0,0,0,0,0,1,0,0,0,0,1,0,0,1,0,0,0,0,0,1,0,0,0,0,1,0,0,0,0,0,0,1,0,0,0,1,1,0,0,1,0,0,0,0,1,0
CLI-001960,10710.0,26,20,0,0.0,0,0.0,0,0,53,0,1.2,5,0,567.89,0.07,1,0.0,0,0,0,1,0,0,0,0,0,1,0,0,0,0,0,0,0,1,0,0,0,1,0,0,0,1,0,0,0,0,0,0,1,0,0,1,0,0,0,1,0,0,0,1,0,0,1
CLI-003759,19676.0,19,52,41,78.8,46,24.3,7,2,0,5,14.5,3,0,1499.72,0.0,0,0.44,0,0,0,0,0,1,0,0,0,0,0,0,0,1,0,0,1,0,0,0,0,1,0,0,0,1,0,0,0,0,1,0,0,0,0,1,0,1,0,0,0,1,0,0,0,0,1
CLI-000604,18804.0,6,4,4,100.0,123,92.9,20,2,0,1,7.5,4,1,214.32,0.0,0,0.77,0,1,0,0,0,0,0,0,1,0,0,0,0,0,1,0,0,0,0,0,1,0,0,0,0,0,1,0,0,1,0,0,0,0,0,0,1,0,0,1,0,0,0,1,0,1,0
CLI-002683,14275.0,11,53,0,0.0,0,0.0,0,0,40,0,3.8,5,0,1339.11,0.12,1,0.0,0,0,0,1,0,0,0,0,0,1,0,0,0,0,1,0,0,0,0,0,0,1,0,0,0,1,0,0,0,0,0,1,0,0,1,0,0,0,0,1,1,0,0,0,0,1,0
CLI-000814,1626.0,8,7,5,71.4,44,28.2,9,1,1,0,5.6,5,0,180.29,0.0,0,0.56,0,0,0,0,1,0,0,0,0,0,0,0,0,1,1,0,0,0,0,0,0,1,0,0,0,1,0,0,0,0,1,0,0,1,0,0,0,0,0,1,0,0,0,1,0,1,0
CLI-003067,32264.0,1,43,13,30.2,6,4.0,25,0,1,2,1.4,2,0,4371.79,0.03,0,0.62,0,0,1,0,0,0,0,0,0,0,0,1,0,0,0,0,0,1,0,0,0,0,1,0,0,0,0,1,1,0,0,0,0,1,0,0,0,1,0,0,0,0,0,1,1,0,0
CLI-001415,411.0,3,2,1,50.0,10,2.5,4,0,0,3,10.65,2,2,45.51,0.0,0,0.25,0,0,0,0,0,1,0,0,0,0,0,1,0,0,0,0,0,1,0,0,1,0,0,0,0,1,0,0,0,0,1,0,0,0,0,1,0,0,1,0,0,0,0,1,1,0,0
CLI-004462,112852.0,21,35,23,65.7,18,12.1,8,6,1,2,10.65,3,0,1619.11,0.0,0,0.31,0,0,0,1,0,0,0,0,0,1,0,0,0,0,1,0,0,0,0,0,0,1,0,0,0,0,1,0,0,1,0,0,0,0,0,0,1,0,1,0,0,0,0,1,0,0,1
CLI-004512,9334.0,16,18,15,83.3,68,42.8,3,2,1,4,29.9,3,0,252.96,0.0,0,0.38,0,0,0,0,1,0,0,1,0,0,0,0,0,0,1,0,0,0,0,0,0,1,0,0,1,0,0,0,0,0,0,1,0,1,0,0,0,0,1,0,0,0,0,1,0,0,1
CLI-002415,5325.0,13,30,8,50.0,3,5.7,4,2,30,2,10.9,4,0,721.48,0.08,1,0.25,1,0,0,0,0,0,0,0,0,0,0,1,0,0,1,0,0,0,0,0,0,1,0,0,0,1,0,0,1,0,0,0,0,0,1,0,0,0,1,0,0,0,0,1,0,0,1
CLI-001170,13628.0,7,54,10,18.5,1,0.1,0,5,11,1,18.5,4,0,615.55,0.05,0,0.0,0,0,0,0,0,1,0,0,0,0,0,0,1,0,1,0,0,0,0,0,0,1,0,0,1,0,0,0,0,1,0,0,0,0,1,0,0,0,1,0,0,0,0,1,0,1,0
CLI-002570,192814.0,18,134,103,76.9,54,32.7,9,3,1,3,6.7,3,0,6531.64,0.0,0,0.35,0,0,0,1,0,0,0,0,0,0,1,0,0,0,1,0,0,0,0,0,0,0,1,0,0,0,1,0,0,0,0,0,1,0,0,0,1,0,0,1,0,0,0,1,0,0,1
CLI-001260,4368.0,7,2,2,100.0,78,49.9,9,1,5,3,17.4,3,0,57.9,0.02,0,0.56,0,0,0,0,1,0,0,0,0,0,0,0,0,1,1,0,0,0,0,0,1,0,0,0,0,1,0,0,1,0,0,0,0,0,0,0,1,1,0,0,0,0,0,1,0,1,0
CLI-003900,387970.0,19,123,101,50.0,88,61.8,24,4,1,7,5.4,3,0,11828.34,0.0,0,0.6,1,0,0,0,0,0,0,0,0,0,1,0,0,0,0,0,0,0,0,1,0,0,1,0,0,0,0,1,0,0,0,0,1,0,0,1,0,1,0,0,1,0,0,0,0,0,1
CLI-001946,957300.0,26,833,475,57.0,9,4.1,6,6,3,4,16.3,2,0,23825.28,0.0,0,0.38,0,0,0,1,0,0,0,1,0,0,0,0,0,0,0,0,0,0,0,1,0,0,0,1,0,1,0,0,0,0,1,0,0,0,1,0,0,0,1,0,0,0,0,1,0,0,1
CLI-001861,5339.0,3,38,5,13.2,1,0.2,4,0,1,3,7.9,3,2,591.9,0.01,0,0.25,0,0,0,1,0,0,0,0,0,1,0,0,0,0,0,0,1,0,0,0,0,1,0,0,0,1,0,0,1,0,0,0,0,0,0,0,1,1,0,0,0,0,0,1,1,0,0
CLI-001821,2130.0,16,11,9,81.8,74,5.7,12,0,0,1,6.7,3,0,288.58,0.0,0,0.75,0,0,1,0,0,0,0,1,0,0,0,0,0,0,1,0,0,0,0,0,1,0,0,0,0,1,0,0,1,0,0,0,0,0,0,0,1,1,0,0,0,0,0,1,0,0,1
CLI-004313,24432.0,10,102,0,0.0,0,0.0,0,0,82,6,26.7,2,0,1103.52,0.27,1,0.0,0,0,0,0,0,1,0,1,0,0,0,0,0,0,0,0,1,0,0,0,0,0,1,0,1,0,0,0,0,0,0,0,1,1,0,0,0,0,0,1,1,0,0,0,0,1,0
CLI-001782,35093.0,18,112,52,46.4,13,2.0,20,3,0,1,2.1,2,0,8559.39,0.0,0,0.5,0,0,0,0,1,0,0,0,1,0,0,0,0,0,1,0,0,0,0,0,0,0,1,0,0,0,0,1,0,0,1,0,0,0,1,0,0,0,0,1,1,0,0,0,0,0,1
CLI-004849,5121.0,16,36,6,16.7,1,0.1,1,4,12,9,7.2,1,0,1249.04,0.02,0,0.04,0,0,0,0,0,1,0,0,0,1,0,0,0,0,0,0,0,0,0,1,0,1,0,0,0,0,1,0,1,0,0,0,0,0,1,0,0,0,1,0,0,0,0,1,0,0,1
CLI-001981,27650.0,10,26,7,26.9,10,8.6,7,3,1,0,10.65,3,0,717.44,0.0,0,0.44,0,0,0,0,0,1,0,0,0,0,1,0,0,0,1,0,0,0,0,0,0,1,0,0,0,1,0,0,0,0,1,0,0,1,0,0,0,1,0,0,0,0,0,1,0,1,0
CLI-003391,300.0,11,1,1,100.0,4,3.4,4,2,8,0,11.4,5,0,10.22,0.02,0,0.5,0,0,0,1,0,0,0,1,0,0,0,0,0,0,0,0,0,0,0,1,1,0,0,0,1,0,0,0,1,0,0,0,0,0,0,1,0,1,0,0,0,0,0,1,0,1,0
CLI-002551,17307.0,11,32,14,43.8,1,0.3,7,2,8,3,13.6,4,0,781.7,0.02,0,0.44,0,0,1,0,0,0,0,0,0,1,0,0,0,0,1,0,0,0,0,0,0,1,0,0,0,1,0,0,0,1,0,0,0,1,0,0,0,0,0,1,0,0,0,1,0,1,0
CLI-003042,66985.0,11,209,98,46.9,22,12.2,2,2,0,3,16.5,3,2,2475.44,0.0,0,0.25,0,0,0,1,0,0,0,0,0,0,1,0,0,0,1,0,0,0,0,0,0,0,1,0,1,0,0,0,0,1,0,0,0,0,0,1,0,0,0,1,0,0,0,1,0,1,0
CLI-001556,138600.0,18,114,49,43.0,26,18.4,14,5,0,5,9.3,2,0,5282.03,0.0,0,0.54,0,0,0,0,1,0,0,0,0,1,0,0,0,0,1,0,0,0,0,0,0,0,1,0,0,0,1,0,1,0,0,0,0,0,0,1,0,0,0,1,0,0,0,1,0,0,1
CLI-004929,2135.0,6,7,5,71.4,48,2.4,3,1,2,1,34.3,3,1,86.8,0.01,0,0.38,0,1,0,0,0,0,0,0,0,0,0,0,0,1,1,0,0,0,0,0,1,0,0,0,1,0,0,0,0,0,1,0,0,0,0,1,0,0,0,1,0,0,0,1,0,1,0
CLI-003366,54732.0,21,54,18,33.3,1,0.2,2,1,3,5,10.65,4,0,1516.96,0.0,0,0.12,0,0,0,0,0,1,0,0,0,0,0,0,0,1,1,0,0,0,0,0,0,1,0,0,0,1,0,0,0,0,0,1,0,0,0,1,0,0,1,0,0,0,0,1,0,0,1
CLI-000940,20376.0,21,35,10,28.6,1,0.4,3,5,15,5,14.1,3,0,955.72,0.02,0,0.19,0,0,0,0,1,0,0,0,0,0,0,0,0,1,1,0,0,0,0,0,0,1,0,0,0,1,0,0,0,0,0,1,0,0,0,1,0,1,0,0,0,1,0,0,0,0,1
CLI-000246,3363.0,16,10,5,50.0,19,12.8,2,3,1,2,10.65,3,0,132.31,0.0,0,0.25,0,1,0,0,0,0,0,0,0,0,1,0,0,0,0,0,0,1,0,0,1,0,0,0,1,0,0,0,0,0,1,0,0,0,0,1,0,1,0,0,0,0,0,1,0,0,1
CLI-004718,37181.0,4,50,37,74.0,21,7.4,5,0,2,0,10.65,5,0,1333.62,0.02,0,0.31,0,0,0,0,0,1,0,0,0,1,0,0,0,0,1,0,0,0,0,0,0,1,0,0,0,1,0,0,0,0,0,0,1,0,0,0,1,1,0,0,0,1,0,0,0,1,0
CLI-003141,382432.0,10,688,529,76.9,32,6.9,19,2,0,1,4.4,4,0,46638.01,0.0,0,0.48,0,1,0,0,0,0,0,0,0,1,0,0,0,0,1,0,0,0,0,0,0,0,0,1,0,0,0,1,1,0,0,0,0,0,0,1,0,0,0,1,0,1,0,0,0,1,0
CLI-004803,401.0,8,4,3,75.0,27,13.1,4,1,1,0,17.6,3,1,37.59,0.0,0,0.5,0,0,0,0,1,0,0,0,1,0,0,0,0,0,1,0,0,0,0,0,1,0,0,0,1,0,0,0,0,0,0,0,1,0,1,0,0,1,0,0,0,0,0,1,0,1,0
CLI-003869,300.0,16,2,1,50.0,25,13.6,3,4,3,2,22.8,4,0,18.63,0.01,0,0.38,0,0,0,1,0,0,0,0,0,0,0,0,0,1,1,0,0,0,0,0,1,0,0,0,1,0,0,0,0,0,1,0,0,0,0,0,1,0,0,1,0,0,0,1,0,0,1
CLI-003939,444272.0,4,727,76,10.5,1,0.1,8,0,14,0,4.6,3,2,31870.33,0.12,0,0.31,0,0,1,0,0,0,0,0,0,0,1,0,0,0,0,0,0,0,1,0,0,0,0,1,0,0,1,0,0,1,0,0,0,0,1,0,0,0,0,1,0,0,0,1,0,1,0
CLI-000212,11642.0,15,37,36,97.3,75,5.7,9,3,1,2,13.6,4,1,887.36,0.0,0,0.56,0,0,0,0,0,1,0,0,0,1,0,0,0,0,0,0,0,0,1,0,0,1,0,0,0,1,0,0,1,0,0,0,0,0,0,0,1,0,0,1,0,0,0,1,0,0,1
CLI-001626,11078.0,11,38,16,42.1,9,3.1,2,3,1,0,9.2,5,0,409.4,0.0,0,0.25,0,0,0,1,0,0,0,0,0,0,0,1,0,0,0,0,0,0,0,1,0,1,0,0,1,0,0,0,0,0,1,0,0,0,1,0,0,0,0,1,0,0,1,0,0,1,0
CLI-000199,28659.0,12,24,5,20.8,1,0.4,5,6,21,0,0.5,4,1,944.61,0.06,0,0.19,0,0,0,0,0,0,1,0,0,1,0,0,0,0,1,0,0,0,0,0,0,1,0,0,0,0,1,0,1,0,0,0,0,0,0,1,0,0,1,0,1,0,0,0,0,1,0
CLI-003393,54520.0,11,32,24,75.0,50,27.9,6,3,0,1,10.4,5,0,1072.39,0.0,0,0.38,0,0,0,1,0,0,0,0,0,1,0,0,0,0,1,0,0,0,0,0,0,1,0,0,0,1,0,0,1,0,0,0,0,0,1,0,0,0,0,1,0,0,1,0,0,1,0
CLI-002214,2256.0,17,10,5,50.0,25,18.5,3,4,2,0,20.5,4,0,114.63,0.0,0,0.38,0,0,0,1,0,0,0,1,0,0,0,0,0,0,0,0,1,0,0,0,1,0,0,0,1,0,0,0,0,0,0,1,0,1,0,0,0,0,1,0,0,0,0,1,0,0,1
CLI-002489,306521.0,23,814,285,50.0,1,0.5,3,6,30,1,14.7,3,0,20767.02,0.04,1,0.19,0,0,0,0,0,1,0,0,1,0,0,0,0,0,1,0,0,0,0,0,0,0,0,1,0,1,0,0,1,0,0,0,0,0,0,0,1,0,1,0,0,1,0,0,0,0,1
CLI-002384,557.0,23,1,1,100.0,10,5.7,7,4,4,1,3.6,3,0,35.77,0.01,0,0.27,0,0,0,0,1,0,0,0,0,1,0,0,0,0,1,0,0,0,0,0,1,0,0,0,0,0,1,0,0,1,0,0,0,0,1,0,0,1,0,0,0,1,0,0,0,0,1
CLI-003396,24840.0,6,52,0,0.0,0,0.0,0,0,60,0,0.5,5,0,2524.44,0.33,1,0.0,0,0,0,0,1,0,0,1,0,0,0,0,0,0,1,0,0,0,0,0,0,1,0,0,0,0,0,1,0,0,1,0,0,1,0,0,0,0,1,0,0,0,0,1,0,1,0
CLI-001672,21551.0,2,103,22,21.4,1,0.3,2,0,8,2,5.9,4,0,5256.39,0.13,0,0.08,0,0,1,0,0,0,0,0,0,0,0,1,0,0,1,0,0,0,0,0,0,0,1,0,0,0,1,0,0,0,0,1,0,0,0,0,1,0,0,1,1,0,0,0,1,0,0
CLI-001784,701.0,1,7,5,71.4,44,20.8,7,0,0,4,11.6,3,0,142.55,0.0,0,0.44,0,0,0,0,1,0,0,0,0,1,0,0,0,0,1,0,0,0,0,0,1,0,0,0,0,1,0,0,0,1,0,0,0,1,0,0,0,0,0,1,0,0,0,1,1,0,0
CLI-000569,2378.0,14,10,2,20.0,5,1.1,1,3,2,1,20.0,3,0,131.82,0.0,0,0.12,0,0,0,0,1,0,0,1,0,0,0,0,0,0,0,0,0,0,0,1,0,1,0,0,1,0,0,0,0,0,1,0,0,0,1,0,0,0,0,1,0,0,0,1,0,0,1
CLI-004258,472.0,26,1,1,100.0,55,28.6,6,6,0,4,13.5,3,0,26.19,0.0,0,0.38,1,0,0,0,0,0,0,0,0,0,0,0,1,0,1,0,0,0,0,0,1,0,0,0,0,1,0,0,0,0,1,0,0,0,0,0,1,0,1,0,0,0,0,1,0,0,1
CLI-003022,60624.0,19,53,34,64.2,8,0.4,2,3,5,0,9.8,5,0,724.82,0.01,0,0.25,0,1,0,0,0,0,0,0,0,0,0,1,0,0,1,0,0,0,0,0,0,1,0,0,1,0,0,0,0,0,0,1,0,0,0,1,0,0,0,1,0,0,0,1,0,0,1
CLI-002375,5991.0,9,5,4,80.0,33,6.4,6,3,0,0,12.2,5,0,143.26,0.0,0,0.38,0,0,0,0,0,0,1,0,1,0,0,0,0,0,0,0,0,0,1,0,1,0,0,0,0,1,0,0,0,1,0,0,0,0,0,1,0,0,1,0,0,0,0,1,0,1,0
CLI-001113,4731.0,15,3,1,33.3,8,3.6,5,3,7,3,14.8,3,0,87.41,0.02,0,0.31,0,0,0,0,0,1,0,1,0,0,0,0,0,0,0,0,0,1,0,0,1,0,0,0,0,1,0,0,0,0,0,0,1,0,0,1,0,0,1,0,0,0,0,1,0,0,1
CLI-001779,2622.0,19,4,3,75.0,55,37.4,4,3,1,0,22.4,4,0,56.1,0.0,0,0.5,0,0,0,0,0,1,0,0,1,0,0,0,0,0,1,0,0,0,0,0,1,0,0,0,1,0,0,0,1,0,0,0,0,0,0,0,1,0,1,0,0,0,1,0,0,0,1
CLI-000967,300.0,12,1,0,0.0,0,0.0,0,0,34,7,32.4,3,0,10.82,0.09,1,0.0,0,0,1,0,0,0,0,1,0,0,0,0,0,0,0,0,1,0,0,0,1,0,0,0,1,0,0,0,0,0,1,0,0,0,0,1,0,1,0,0,0,0,0,1,0,1,0
CLI-002730,19255.0,11,39,30,76.9,57,30.5,18,3,1,3,8.6,2,1,1956.77,0.0,0,0.69,0,0,0,0,0,0,1,0,0,0,0,0,0,1,0,0,0,1,0,0,0,1,0,0,0,0,1,0,0,1,0,0,0,0,1,0,0,0,0,1,0,0,0,1,0,1,0
CLI-004757,1324.0,3,1,1,100.0,44,22.0,17,1,1,2,11.0,3,0,38.45,0.01,0,0.65,0,0,0,0,0,1,0,0,0,1,0,0,0,0,1,0,0,0,0,0,1,0,0,0,0,0,1,0,0,1,0,0,0,1,0,0,0,0,1,0,0,0,0,1,1,0,0
CLI-001182,2820.0,20,6,5,83.3,82,47.1,5,1,0,0,10.65,5,0,83.89,0.0,0,0.62,0,0,1,0,0,0,0,0,1,0,0,0,0,0,1,0,0,0,0,0,0,1,0,0,1,0,0,0,0,1,0,0,0,0,1,0,0,1,0,0,0,0,0,1,0,0,1
CLI-002780,300.0,10,5,1,20.0,13,3.5,4,0,7,6,38.7,2,3,43.47,0.02,0,0.5,0,0,0,0,0,0,1,1,0,0,0,0,0,0,0,0,0,0,1,0,1,0,0,0,1,0,0,0,0,0,1,0,0,1,0,0,0,1,0,0,0,0,0,1,0,1,0
CLI-004049,2927.0,1,7,5,71.4,31,7.8,3,0,0,0,10.7,5,4,72.84,0.0,0,0.38,0,1,0,0,0,0,0,0,0,1,0,0,0,0,1,0,0,0,0,0,1,0,0,0,1,0,0,0,1,0,0,0,0,1,0,0,0,0,1,0,0,1,0,0,1,0,0
CLI-002390,1054.0,3,5,2,40.0,28,23.3,4,0,2,0,18.2,5,0,67.68,0.02,0,0.5,0,0,0,0,1,0,0,0,0,0,0,1,0,0,0,0,0,0,1,0,1,0,0,0,1,0,0,0,0,0,0,1,0,0,0,1,0,0,1,0,0,0,0,1,1,0,0
CLI-002800,1309.0,23,9,0,0.0,0,0.0,0,0,62,5,34.7,3,0,106.41,0.09,1,0.0,0,0,0,0,0,0,1,0,0,0,1,0,0,0,0,1,0,0,0,0,1,0,0,0,1,0,0,0,0,0,0,0,1,0,1,0,0,0,0,1,1,0,0,0,0,0,1
CLI-003000,40937.0,14,50,23,46.0,17,2.6,6,1,5,2,14.4,4,0,1085.29,0.01,0,0.38,0,0,0,1,0,0,0,0,0,0,1,0,0,0,1,0,0,0,0,0,0,1,0,0,0,1,0,0,0,1,0,0,0,1,0,0,0,0,0,1,0,1,0,0,0,0,1
CLI-002226,60641.0,14,39,12,30.8,8,3.9,2,2,1,8,13.8,3,0,1120.5,0.0,0,0.12,0,0,0,0,1,0,0,0,0,1,0,0,0,0,1,0,0,0,0,0,0,1,0,0,0,1,0,0,0,0,0,1,0,0,1,0,0,0,0,1,1,0,0,0,0,0,1
CLI-000056,19035.0,7,39,18,46.2,16,8.7,4,1,0,1,10.65,3,4,859.76,0.0,0,0.25,0,0,0,0,1,0,0,0,1,0,0,0,0,0,0,0,0,0,1,0,0,1,0,0,0,1,0,0,1,0,0,0,0,0,1,0,0,1,0,0,0,0,0,1,0,1,0
CLI-001522,18564.0,18,58,0,0.0,0,0.0,0,0,35,0,18.6,5,0,754.63,0.06,1,0.0,0,0,0,0,0,1,0,0,0,0,0,0,0,1,1,0,0,0,0,0,0,1,0,0,1,0,0,0,0,0,1,0,0,0,0,0,1,1,0,0,1,0,0,0,0,0,1
CLI-000436,3294.0,12,5,1,20.0,1,5.7,4,2,13,0,3.0,5,1,223.14,0.04,0,0.15,0,0,1,0,0,0,0,0,0,0,0,0,1,0,1,0,0,0,0,0,1,0,0,0,0,0,1,0,1,0,0,0,0,0,1,0,0,1,0,0,1,0,0,0,0,1,0
CLI-004998,64427.0,18,63,56,88.9,87,95.7,9,5,0,2,10.65,5,0,1671.69,0.0,0,0.56,0,0,0,0,0,1,0,1,0,0,0,0,0,0,1,0,0,0,0,0,0,0,1,0,0,1,0,0,1,0,0,0,0,1,0,0,0,1,0,0,0,0,0,1,0,0,1
CLI-001303,40114.0,3,30,21,70.0,48,27.8,9,0,2,4,15.0,2,1,978.38,0.02,0,0.56,0,0,0,0,0,1,0,0,0,0,1,0,0,0,0,0,0,1,0,0,0,1,0,0,0,1,0,0,1,0,0,0,0,0,0,0,1,1,0,0,1,0,0,0,1,0,0
CLI-002263,182923.0,21,206,31,15.0,1,0.5,0,1,21,5,10.65,2,0,4957.26,0.03,0,0.0,0,0,1,0,0,0,0,0,0,0,0,1,0,0,1,0,0,0,0,0,0,0,1,0,0,1,0,0,1,0,0,0,0,0,1,0,0,0,0,1,0,0,0,1,0,0,1
CLI-002156,250489.0,23,135,38,28.1,8,5.5,8,4,1,2,10.65,3,1,4073.0,0.0,0,0.5,1,0,0,0,0,0,0,0,1,0,0,0,0,0,1,0,0,0,0,0,0,0,1,0,0,1,0,0,1,0,0,0,0,1,0,0,0,0,1,0,0,0,0,1,0,0,1
CLI-001104,300.0,4,2,1,50.0,10,5.9,1,1,1,5,10.65,2,1,14.76,0.01,0,0.12,0,0,0,0,0,1,0,0,0,1,0,0,0,0,0,0,0,0,1,0,1,0,0,0,1,0,0,0,0,0,0,1,0,1,0,0,0,0,1,0,1,0,0,0,0,1,0
CLI-000208,3421.0,21,10,3,30.0,1,0.1,4,3,3,2,10.2,4,0,260.72,0.0,0,0.25,0,0,0,0,0,0,1,0,0,0,0,1,0,0,1,0,0,0,0,0,1,0,0,0,0,1,0,0,0,0,0,0,1,0,0,1,0,1,0,0,0,0,1,0,0,0,1
CLI-002944,44441.0,20,39,14,35.9,1,0.2,4,2,2,3,13.6,4,0,903.27,0.0,0,0.25,0,1,0,0,0,0,0,0,0,1,0,0,0,0,0,0,0,0,0,1,0,1,0,0,0,1,0,0,0,0,0,1,0,0,0,0,1,0,1,0,0,0,0,1,0,0,1
CLI-001712,8860.0,14,10,6,60.0,16,3.9,9,3,1,2,4.9,4,0,372.59,0.0,0,0.35,0,1,0,0,0,0,0,0,0,1,0,0,0,0,1,0,0,0,0,0,1,0,0,0,0,0,1,0,1,0,0,0,0,0,0,0,1,1,0,0,0,0,1,0,0,0,1
CLI-002324,13399.0,13,17,9,52.9,17,8.0,5,7,0,4,10.5,4,0,371.37,0.0,0,0.31,1,0,0,0,0,0,0,0,1,0,0,0,0,0,1,0,0,0,0,0,0,1,0,0,0,1,0,0,0,0,0,1,0,0,1,0,0,0,1,0,0,0,1,0,0,0,1
CLI-001124,1636531.0,10,884,126,14.3,3,0.9,13,2,8,3,2.7,3,0,64379.68,0.03,0,0.32,0,0,1,0,0,0,0,0,0,0,1,0,0,0,1,0,0,0,0,0,0,0,0,1,0,0,0,1,0,0,1,0,0,0,0,1,0,0,1,0,0,0,0,1,0,1,0
CLI-000082,29561.0,18,55,22,40.0,11,6.8,5,6,0,2,13.1,2,0,1386.53,0.0,0,0.31,0,0,0,0,0,1,0,0,0,0,0,0,1,0,1,0,0,0,0,0,0,1,0,0,0,1,0,0,1,0,0,0,0,1,0,0,0,0,0,1,1,0,0,0,0,0,1
CLI-002580,5957.0,11,16,5,31.2,12,6.8,1,0,1,2,23.4,2,0,382.33,0.0,0,0.06,0,0,0,0,0,1,0,0,0,1,0,0,0,0,1,0,0,0,0,0,0,1,0,0,0,1,0,0,0,0,0,0,1,0,0,1,0,0,1,0,1,0,0,0,0,1,0
CLI-001562,17628.0,17,30,13,43.3,10,3.7,7,7,5,2,9.8,4,0,767.76,0.01,0,0.44,0,0,0,0,0,0,1,1,0,0,0,0,0,0,1,0,0,0,0,0,0,1,0,0,0,1,0,0,1,0,0,0,0,0,0,1,0,0,0,1,0,0,1,0,0,0,1
CLI-002698,2394.0,3,13,5,38.5,2,0.8,3,0,0,4,17.9,3,1,139.0,0.0,0,0.38,0,0,0,0,0,0,1,1,0,0,0,0,0,0,0,0,1,0,0,0,0,1,0,0,1,0,0,0,0,1,0,0,0,0,0,0,1,1,0,0,1,0,0,0,1,0,0
CLI-003819,7671.0,13,51,12,50.0,9,1.7,2,4,1,7,38.1,1,0,584.71,0.0,0,0.25,0,0,0,1,0,0,0,0,1,0,0,0,0,0,1,0,0,0,0,0,0,1,0,0,1,0,0,0,1,0,0,0,0,0,1,0,0,1,0,0,1,0,0,0,0,0,1
CLI-002655,44614.0,7,46,28,60.9,37,14.0,10,4,1,7,10.6,3,1,2176.31,0.0,0,0.38,0,0,0,1,0,0,0,0,0,1,0,0,0,0,0,1,0,0,0,0,0,1,0,0,0,0,1,0,1,0,0,0,0,0,0,1,0,0,0,1,0,0,0,1,0,1,0
CLI-000946,18383.0,1,201,79,39.3,11,5.2,1,0,0,8,47.8,1,3,1868.21,0.0,0,0.12,0,0,0,0,0,0,1,0,0,0,0,1,0,0,1,0,0,0,0,0,0,0,1,0,1,0,0,0,0,0,0,0,1,0,1,0,0,1,0,0,0,0,0,1,1,0,0
CLI-002463,508.0,7,5,2,40.0,14,4.1,3,2,1,0,24.3,4,0,56.32,0.0,0,0.38,0,0,0,0,0,0,1,0,0,1,0,0,0,0,0,0,1,0,0,0,1,0,0,0,1,0,0,0,0,0,0,1,0,0,0,1,0,0,0,1,0,1,0,0,0,1,0
CLI-004281,77197.0,23,47,14,29.8,3,0.2,1,2,3,7,15.0,2,0,1344.89,0.0,0,0.06,0,0,0,0,0,0,1,0,0,0,1,0,0,0,0,0,0,1,0,0,0,1,0,0,0,1,0,0,0,0,0,0,1,0,1,0,0,0,0,1,1,0,0,0,0,0,1
CLI-004963,29316.0,17,26,7,26.9,6,1.4,6,7,2,2,0.5,4,0,1324.11,0.0,0,0.23,1,0,0,0,0,0,0,0,0,1,0,0,0,0,0,0,1,0,0,0,0,1,0,0,0,0,1,0,1,0,0,0,0,0,0,0,1,0,1,0,0,0,1,0,0,0,1
CLI-004330,1103.0,11,10,3,30.0,10,3.7,2,3,6,1,24.4,3,0,122.3,0.02,0,0.25,0,0,0,0,0,0,1,0,0,0,0,1,0,0,1,0,0,0,0,0,1,0,0,0,1,0,0,0,0,0,0,0,1,0,0,1,0,1,0,0,0,1,0,0,0,1,0
CLI-002372,10497.0,20,15,6,40.0,20,13.0,8,3,1,8,10.3,3,0,753.03,0.0,0,0.31,0,0,0,0,0,1,0,0,0,0,1,0,0,0,1,0,0,0,0,0,0,1,0,0,0,0,1,0,0,1,0,0,0,0,0,0,1,1,0,0,1,0,0,0,0,0,1
CLI-000642,7841.0,15,9,6,66.7,41,14.9,7,4,2,1,10.65,4,0,239.07,0.0,0,0.44,0,0,0,1,0,0,0,0,0,0,0,0,1,0,1,0,0,0,0,0,0,1,0,0,0,1,0,0,0,0,1,0,0,0,0,0,1,0,1,0,0,0,0,1,0,0,1
CLI-002355,43158.0,10,43,31,72.1,29,4.0,15,3,1,3,4.8,3,1,2024.31,0.0,0,0.58,0,0,0,0,1,0,0,0,0,0,0,0,0,1,1,0,0,0,0,0,0,1,0,0,0,0,1,0,1,0,0,0,0,0,0,1,0,0,1,0,0,0,0,1,0,1,0
CLI-000990,297369.0,4,855,451,52.7,16,1.7,8,1,2,0,9.4,2,1,36264.48,0.02,0,0.31,0,0,1,0,0,0,0,0,0,0,0,1,0,0,1,0,0,0,0,0,0,0,0,1,0,0,1,0,0,0,0,0,1,0,0,0,1,1,0,0,1,0,0,0,0,1,0
CLI-002793,2000000.0,22,621,497,80.0,42,18.0,8,9,0,6,1.4,2,0,55542.77,0.0,0,0.2,1,0,0,0,0,0,0,0,0,0,0,0,0,1,1,0,0,0,0,0,0,0,0,1,0,0,0,1,1,0,0,0,0,0,1,0,0,0,1,0,0,0,0,1,0,0,1
CLI-001911,300.0,1,2,2,100.0,49,28.9,4,0,1,3,32.7,3,3,23.37,0.03,0,0.5,0,0,0,0,1,0,0,0,0,0,1,0,0,0,1,0,0,0,0,0,1,0,0,0,1,0,0,0,0,1,0,0,0,0,1,0,0,0,1,0,0,1,0,0,1,0,0
CLI-003539,428.0,10,9,5,55.6,29,11.9,5,2,0,5,27.9,4,0,104.29,0.0,0,0.62,0,0,1,0,0,0,0,0,0,1,0,0,0,0,0,0,0,0,1,0,1,0,0,0,1,0,0,0,0,0,0,1,0,0,0,1,0,0,1,0,0,0,0,1,0,1,0
CLI-001644,3414.0,10,4,0,0.0,0,0.0,0,0,53,0,6.7,4,1,101.54,0.18,1,0.0,0,0,0,0,1,0,0,0,1,0,0,0,0,0,0,0,0,1,0,0,1,0,0,0,0,1,0,0,0,0,0,1,0,0,0,0,1,0,1,0,0,0,0,1,0,1,0
CLI-004111,3524.0,3,10,3,30.0,8,5.7,4,3,1,0,15.0,3,2,214.86,0.01,0,0.25,0,0,1,0,0,0,0,1,0,0,0,0,0,0,1,0,0,0,0,0,1,0,0,0,0,1,0,0,0,0,0,0,1,1,0,0,0,0,0,1,0,1,0,0,1,0,0
CLI-000262,16589.0,2,137,70,51.1,4,5.7,5,1,1,0,8.4,3,3,2890.12,0.02,0,0.31,0,1,0,0,0,0,0,0,1,0,0,0,0,0,1,0,0,0,0,0,0,0,1,0,0,1,0,0,0,1,0,0,0,0,1,0,0,1,0,0,0,1,0,0,1,0,0
CLI-000432,27803.0,18,37,22,59.5,24,10.9,6,5,0,0,3.2,5,0,1883.7,0.0,0,0.23,1,0,0,0,0,0,0,1,0,0,0,0,0,0,0,1,0,0,0,0,0,0,1,0,0,0,1,0,0,1,0,0,0,0,1,0,0,1,0,0,0,0,0,1,0,0,1
CLI-000718,37647.0,7,48,34,70.8,35,17.5,9,0,1,4,10.65,3,0,1350.31,0.0,0,0.56,0,1,0,0,0,0,0,0,0,0,0,0,0,1,1,0,0,0,0,0,0,1,0,0,0,1,0,0,0,0,1,0,0,0,0,1,0,0,0,1,0,1,0,0,0,1,0
CLI-003114,25551.0,1,33,17,51.5,27,12.4,13,0,0,1,6.9,3,1,1483.8,0.0,0,0.5,0,0,0,0,0,1,0,0,0,0,1,0,0,0,1,0,0,0,0,0,0,1,0,0,0,0,1,0,0,0,0,0,1,0,0,0,1,0,1,0,0,0,0,1,1,0,0
CLI-003679,4164.0,29,25,8,32.0,15,1.5,2,6,2,5,38.8,2,0,298.73,0.0,0,0.25,0,0,1,0,0,0,0,0,0,0,0,0,1,0,1,0,0,0,0,0,0,1,0,0,1,0,0,0,0,0,1,0,0,0,0,0,1,1,0,0,1,0,0,0,0,0,1
CLI-004907,699.0,31,2,2,100.0,92,67.9,5,2,0,0,2.0,5,0,31.57,0.0,0,0.62,0,1,0,0,0,0,0,0,0,1,0,0,0,0,1,0,0,0,0,0,1,0,0,0,1,0,0,0,0,1,0,0,0,0,0,1,0,1,0,0,0,0,1,0,0,0,1
CLI-000693,15910.0,2,42,31,73.8,46,19.3,5,0,0,5,14.6,3,0,1077.91,0.0,0,0.31,0,1,0,0,0,0,0,1,0,0,0,0,0,0,0,0,0,1,0,0,0,1,0,0,0,1,0,0,0,0,0,1,0,0,1,0,0,0,0,1,0,0,0,1,1,0,0
CLI-001262,13749.0,16,23,11,47.8,1,0.4,1,4,0,1,9.0,4,0,644.91,0.0,0,0.06,1,0,0,0,0,0,0,0,0,0,0,0,1,0,1,0,0,0,0,0,0,1,0,0,0,1,0,0,0,1,0,0,0,0,0,1,0,1,0,0,0,0,1,0,0,0,1
CLI-004754,797.0,9,1,1,100.0,36,9.0,10,2,1,5,6.0,4,1,40.48,0.0,0,0.38,0,0,1,0,0,0,0,0,0,0,0,0,0,1,1,0,0,0,0,0,1,0,0,0,0,0,1,0,0,0,0,1,0,0,0,1,0,0,0,1,0,0,0,1,0,1,0
CLI-001202,991.0,12,2,1,50.0,6,1.2,2,5,5,4,31.2,3,1,22.38,0.01,0,0.25,0,0,0,0,1,0,0,1,0,0,0,0,0,0,1,0,0,0,0,0,1,0,0,0,1,0,0,0,0,1,0,0,0,1,0,0,0,1,0,0,0,0,0,1,0,1,0
CLI-002577,15018.0,22,40,18,45.0,16,5.6,6,5,0,1,10.65,4,0,1144.63,0.0,0,0.38,0,0,0,0,1,0,0,0,0,0,0,0,0,1,0,0,0,1,0,0,0,1,0,0,0,1,0,0,0,0,1,0,0,0,0,0,1,0,0,1,0,0,1,0,0,0,1
CLI-000787,2448.0,10,8,3,37.5,20,13.8,3,3,1,4,10.65,4,0,114.84,0.0,0,0.38,1,0,0,0,0,0,0,0,0,1,0,0,0,0,0,0,0,0,0,1,1,0,0,0,1,0,0,0,1,0,0,0,0,1,0,0,0,0,1,0,0,0,1,0,0,1,0
CLI-003523,20383.0,6,40,25,62.5,31,1.6,12,1,1,5,5.6,3,1,1462.18,0.01,0,0.46,0,0,0,0,0,0,1,1,0,0,0,0,0,0,1,0,0,0,0,0,0,1,0,0,0,0,1,0,0,0,0,0,1,0,1,0,0,0,0,1,0,0,0,1,0,1,0
CLI-001321,24961.0,11,58,27,46.6,2,0.8,5,1,13,4,10.65,4,1,2536.66,0.04,0,0.19,0,0,0,1,0,0,0,1,0,0,0,0,0,0,0,1,0,0,0,0,0,1,0,0,0,0,1,0,1,0,0,0,0,0,0,1,0,1,0,0,0,1,0,0,0,1,0
CLI-004613,3653.0,12,9,6,66.7,29,13.6,6,2,0,1,9.5,5,1,193.68,0.0,0,0.38,0,0,0,0,0,0,1,1,0,0,0,0,0,0,1,0,0,0,0,0,1,0,0,0,0,1,0,0,1,0,0,0,0,0,0,0,1,1,0,0,0,1,0,0,0,1,0
CLI-003330,10251.0,7,10,6,60.0,27,15.6,16,0,3,6,5.2,3,2,735.37,0.01,0,0.4,0,0,1,0,0,0,0,1,0,0,0,0,0,0,1,0,0,0,0,0,1,0,0,0,0,0,0,1,0,0,0,1,0,1,0,0,0,1,0,0,0,0,0,1,0,1,0
CLI-003834,1020.0,7,5,4,80.0,59,29.3,3,2,1,4,27.6,3,0,62.21,0.0,0,0.38,0,0,1,0,0,0,0,0,0,0,0,0,1,0,1,0,0,0,0,0,1,0,0,0,1,0,0,0,1,0,0,0,0,0,1,0,0,0,1,0,0,0,0,1,0,1,0
CLI-002335,3165.0,22,4,2,50.0,29,22.7,4,7,1,0,4.9,5,0,107.21,0.0,0,0.25,0,0,0,0,1,0,0,0,1,0,0,0,0,0,1,0,0,0,0,0,1,0,0,0,0,1,0,0,0,0,1,0,0,0,1,0,0,0,1,0,0,0,0,1,0,0,1
CLI-003823,21310.0,8,217,145,66.8,44,25.0,8,1,0,2,13.1,4,0,5197.48,0.0,0,0.5,0,0,0,0,1,0,0,0,0,0,0,1,0,0,0,0,0,0,0,1,0,0,1,0,0,1,0,0,0,0,0,0,1,0,0,0,1,0,0,1,0,0,0,1,0,1,0
CLI-002907,3621.0,5,8,1,12.5,1,0.6,0,0,1,6,24.4,2,1,102.69,0.01,0,0.0,1,0,0,0,0,0,0,0,0,1,0,0,0,0,1,0,0,0,0,0,1,0,0,0,1,0,0,0,0,0,0,1,0,0,0,1,0,0,0,1,0,0,0,1,0,1,0
CLI-000200,4701.0,14,15,12,80.0,34,20.3,4,3,0,5,14.4,3,0,382.21,0.0,0,0.25,0,0,1,0,0,0,0,0,0,0,0,0,1,0,1,0,0,0,0,0,0,1,0,0,0,1,0,0,1,0,0,0,0,0,0,0,1,0,1,0,0,0,0,1,0,0,1
CLI-000083,6508.0,1,49,29,59.2,37,12.7,6,0,1,9,15.3,2,2,1133.76,0.03,0,0.38,0,0,0,0,1,0,0,0,0,0,0,0,0,1,1,0,0,0,0,0,0,1,0,0,0,1,0,0,0,0,1,0,0,0,0,1,0,1,0,0,0,0,0,1,1,0,0
CLI-004231,77172.0,15,28,22,78.6,63,42.3,5,2,0,1,12.5,4,0,904.92,0.0,0,0.31,0,0,1,0,0,0,0,0,0,1,0,0,0,0,1,0,0,0,0,0,0,1,0,0,0,1,0,0,0,0,0,0,1,0,1,0,0,0,1,0,0,0,1,0,0,0,1
CLI-000622,19209.0,21,20,9,45.0,24,3.5,7,5,1,1,0.8,5,0,509.25,0.0,0,0.44,0,0,0,0,1,0,0,0,0,0,0,0,1,0,1,0,0,0,0,0,0,1,0,0,0,1,0,0,0,0,1,0,0,1,0,0,0,1,0,0,0,0,0,1,0,0,1
CLI-004242,4521.0,4,39,29,74.4,46,6.1,7,1,0,0,10.65,3,0,918.91,0.0,0,0.44,0,0,0,0,1,0,0,1,0,0,0,0,0,0,1,0,0,0,0,0,0,1,0,0,0,1,0,0,0,0,1,0,0,0,0,1,0,1,0,0,0,0,0,1,0,1,0
CLI-002439,2040.0,10,7,4,57.1,21,11.3,5,3,0,2,26.6,2,0,85.77,0.0,0,0.62,0,0,0,0,0,1,0,1,0,0,0,0,0,0,1,0,0,0,0,0,1,0,0,0,1,0,0,0,0,0,1,0,0,1,0,0,0,0,1,0,1,0,0,0,0,1,0
CLI-004388,11888.0,1,55,12,21.8,1,0.1,2,0,1,2,3.6,3,6,1812.27,0.03,0,0.08,0,0,0,0,0,1,0,0,0,0,1,0,0,0,1,0,0,0,0,0,0,1,0,0,0,0,1,0,0,0,0,1,0,0,1,0,0,1,0,0,1,0,0,0,1,0,0
CLI-004468,68252.0,14,59,47,79.7,89,67.2,20,3,2,0,3.7,5,0,5202.14,0.0,0,0.5,0,0,0,1,0,0,0,0,0,0,1,0,0,0,1,0,0,0,0,0,0,1,0,0,0,0,0,1,0,0,0,1,0,0,1,0,0,0,1,0,0,0,0,1,0,0,1
CLI-000157,3164.0,13,8,5,62.5,38,31.1,3,1,1,3,25.8,4,0,107.18,0.0,0,0.38,0,0,0,0,0,1,0,0,0,1,0,0,0,0,0,0,0,0,1,0,1,0,0,0,1,0,0,0,1,0,0,0,0,0,0,0,1,0,0,1,0,0,0,1,0,0,1
CLI-001932,1158240.0,6,796,694,87.2,80,74.8,16,1,2,0,0.5,3,0,61412.53,0.01,0,0.4,0,0,0,0,1,0,0,0,1,0,0,0,0,0,1,0,0,0,0,0,0,0,0,1,0,0,0,1,1,0,0,0,0,1,0,0,0,0,0,1,0,0,0,1,0,1,0
CLI-001049,16880.0,8,7,4,57.1,18,4.9,11,2,0,1,7.8,1,3,298.33,0.0,0,0.42,0,0,0,0,1,0,0,0,0,0,0,0,0,1,1,0,0,0,0,0,1,0,0,0,0,0,1,0,0,1,0,0,0,0,1,0,0,1,0,0,1,0,0,0,0,1,0
CLI-001465,46035.0,21,47,35,74.5,38,19.6,18,6,0,0,0.5,4,0,4010.04,0.0,0,0.45,0,0,1,0,0,0,0,0,0,0,0,1,0,0,0,0,0,0,1,0,0,1,0,0,0,0,0,1,0,0,0,1,0,0,0,0,1,0,0,1,0,0,1,0,0,0,1
CLI-002336,3444.0,8,52,0,0.0,0,5.7,0,0,62,7,15.4,2,0,1049.88,0.26,1,0.0,0,0,0,0,0,1,0,1,0,0,0,0,0,0,1,0,0,0,0,0,0,1,0,0,0,1,0,0,0,0,0,0,1,1,0,0,0,0,1,0,1,0,0,0,0,1,0
CLI-004088,1335.0,5,4,2,50.0,26,5.7,4,0,1,1,10.65,4,1,95.8,0.01,0,0.25,0,0,1,0,0,0,0,0,0,0,0,0,1,0,1,0,0,0,0,0,1,0,0,0,0,1,0,0,0,0,1,0,0,1,0,0,0,1,0,0,0,0,0,1,0,1,0
CLI-003359,2130.0,7,16,0,0.0,0,0.0,0,0,104,0,3.7,4,3,371.09,0.5,1,0.0,0,0,1,0,0,0,0,0,0,0,1,0,0,0,1,0,0,0,0,0,0,1,0,0,0,1,0,0,0,1,0,0,0,0,0,0,1,0,1,0,0,0,0,1,0,1,0
CLI-001423,3497.0,21,11,7,63.6,19,7.5,9,6,3,8,23.0,2,0,284.27,0.0,0,0.56,0,0,0,1,0,0,0,0,0,0,0,1,0,0,1,0,0,0,0,0,1,0,0,0,0,1,0,0,0,0,1,0,0,1,0,0,0,0,1,0,0,0,0,1,0,0,1
CLI-001031,4593.0,5,6,3,50.0,19,12.8,2,2,3,0,15.4,4,0,74.68,0.02,0,0.25,0,0,0,0,0,0,1,0,0,0,0,0,0,1,0,0,1,0,0,0,1,0,0,0,1,0,0,0,0,0,0,1,0,0,0,0,1,1,0,0,0,1,0,0,0,1,0
CLI-000272,26718.0,1,138,83,60.1,38,1.9,1,0,1,2,25.7,3,3,1551.59,0.03,0,0.12,0,0,0,0,0,1,0,0,0,1,0,0,0,0,1,0,0,0,0,0,0,0,1,0,1,0,0,0,0,0,1,0,0,1,0,0,0,1,0,0,0,1,0,0,1,0,0
CLI-002472,21611.0,9,32,16,50.0,8,1.9,2,2,0,1,8.1,3,0,752.98,0.0,0,0.12,0,0,0,1,0,0,0,0,0,1,0,0,0,0,1,0,0,0,0,0,0,1,0,0,0,1,0,0,1,0,0,0,0,0,0,1,0,1,0,0,0,1,0,0,0,1,0
CLI-003821,857.0,1,4,1,25.0,6,1.6,9,0,1,5,9.8,4,0,87.12,0.03,0,0.56,0,0,0,0,0,0,1,0,0,1,0,0,0,0,1,0,0,0,0,0,1,0,0,0,0,1,0,0,0,1,0,0,0,0,0,1,0,1,0,0,0,0,0,1,1,0,0
CLI-004306,4714.0,21,7,2,28.6,2,0.7,4,5,14,1,9.2,1,0,179.66,0.02,0,0.25,0,0,0,0,0,0,1,0,1,0,0,0,0,0,1,0,0,0,0,0,0,1,0,0,0,1,0,0,0,1,0,0,0,0,0,0,1,0,1,0,0,0,0,1,0,0,1
CLI-004801,13288.0,9,53,10,18.9,1,0.1,9,2,30,0,2.9,5,1,3241.09,0.11,1,0.22,0,1,0,0,0,0,0,0,0,0,0,1,0,0,1,0,0,0,0,0,0,1,0,0,0,0,0,1,0,1,0,0,0,1,0,0,0,0,0,1,0,0,0,1,0,1,0
CLI-002646,113211.0,17,48,29,60.4,43,24.5,15,5,0,1,8.2,4,0,2604.95,0.0,0,0.58,0,0,0,0,1,0,0,0,0,0,0,0,1,0,1,0,0,0,0,0,0,1,0,0,0,0,1,0,0,0,1,0,0,0,1,0,0,0,1,0,0,0,0,1,0,0,1
CLI-003309,29558.0,30,60,13,21.7,1,0.3,4,2,21,2,10.65,2,0,1441.85,0.02,0,0.25,0,0,0,0,0,0,1,0,0,1,0,0,0,0,0,0,0,0,1,0,0,0,1,0,0,1,0,0,1,0,0,0,0,1,0,0,0,0,1,0,0,0,0,1,0,0,1
CLI-004575,31865.0,24,46,36,78.3,47,34.8,14,2,0,1,7.2,4,0,2285.86,0.0,0,0.54,1,0,0,0,0,0,0,0,0,0,0,0,0,1,0,0,0,0,1,0,0,1,0,0,0,0,1,0,0,0,0,1,0,0,0,1,0,1,0,0,0,1,0,0,0,0,1
CLI-000947,91909.0,8,145,94,64.8,40,6.5,8,1,1,0,14.9,3,1,3029.31,0.0,0,0.5,0,0,0,0,0,1,0,0,0,0,0,0,0,1,0,0,0,0,1,0,0,0,1,0,0,1,0,0,0,0,0,1,0,0,1,0,0,1,0,0,0,0,0,1,0,1,0
CLI-004690,482.0,1,7,0,0.0,0,0.0,0,0,30,0,10.65,5,0,73.49,1.0,1,0.0,0,0,0,0,0,0,1,0,1,0,0,0,0,0,0,0,0,0,0,1,1,0,0,0,1,0,0,0,0,0,0,1,0,0,0,0,1,0,1,0,0,0,0,1,1,0,0
CLI-000474,632.0,10,3,2,50.0,51,36.5,4,3,0,4,29.3,4,1,38.56,0.0,0,0.5,0,0,0,0,0,1,0,0,0,0,0,0,0,1,1,0,0,0,0,0,1,0,0,0,1,0,0,0,0,0,0,1,0,0,0,1,0,0,1,0,0,0,0,1,0,1,0
CLI-001537,3856.0,15,3,2,66.7,27,12.3,20,6,0,0,10.65,3,1,213.73,0.0,0,0.5,0,0,0,0,0,0,1,0,1,0,0,0,0,0,0,0,0,0,0,1,1,0,0,0,0,0,0,1,0,1,0,0,0,1,0,0,0,0,1,0,0,0,0,1,0,0,1
CLI-004617,954.0,5,5,3,50.0,29,12.3,4,2,1,7,44.6,1,1,68.42,0.01,0,0.5,0,0,0,0,0,0,1,0,0,0,0,0,0,1,1,0,0,0,0,0,1,0,0,0,1,0,0,0,1,0,0,0,0,1,0,0,0,1,0,0,1,0,0,0,0,1,0
CLI-004175,5723.0,7,19,13,68.4,66,52.5,16,0,1,0,5.5,4,1,872.4,0.0,0,0.62,0,0,1,0,0,0,0,0,0,0,0,0,0,1,1,0,0,0,0,0,0,1,0,0,0,0,1,0,1,0,0,0,0,0,1,0,0,0,1,0,0,0,0,1,0,1,0
CLI-003582,5311.0,10,12,7,58.3,19,14.2,11,2,0,1,14.2,4,1,323.83,0.0,0,0.69,1,0,0,0,0,0,0,0,0,1,0,0,0,0,1,0,0,0,0,0,0,1,0,0,0,1,0,0,0,0,0,1,0,0,0,0,1,0,1,0,0,0,0,1,0,1,0
CLI-003920,8742.0,15,36,20,55.6,40,18.0,10,5,1,0,2.6,5,0,1332.58,0.0,0,0.38,0,0,0,0,0,0,1,0,1,0,0,0,0,0,1,0,0,0,0,0,0,1,0,0,0,0,1,0,0,0,0,1,0,1,0,0,0,0,1,0,0,0,1,0,0,0,1
CLI-004481,20197.0,1,35,27,77.1,55,36.6,13,0,1,0,10.65,4,0,1539.38,0.03,0,0.5,0,1,0,0,0,0,0,0,0,0,0,0,1,0,0,1,0,0,0,0,0,0,1,0,0,0,1,0,1,0,0,0,0,0,0,1,0,1,0,0,0,0,0,1,1,0,0
CLI-003332,52313.0,5,41,35,85.4,96,58.2,17,0,1,1,9.7,5,3,2199.88,0.01,0,0.65,0,0,0,0,0,0,1,1,0,0,0,0,0,0,1,0,0,0,0,0,0,1,0,0,0,0,1,0,0,0,0,0,1,1,0,0,0,0,1,0,0,1,0,0,0,1,0
CLI-000323,96362.0,9,198,0,0.0,0,0.0,0,0,38,4,16.6,2,1,4352.38,0.14,1,0.0,0,0,0,1,0,0,0,1,0,0,0,0,0,0,1,0,0,0,0,0,0,0,1,0,0,1,0,0,0,0,0,1,0,0,1,0,0,1,0,0,1,0,0,0,0,1,0
CLI-004060,8648.0,5,9,4,44.4,13,6.0,10,2,0,0,3.3,4,1,376.65,0.0,0,0.38,0,0,0,1,0,0,0,0,0,0,0,0,1,0,1,0,0,0,0,0,0,1,0,0,0,0,1,0,0,1,0,0,0,0,0,0,1,1,0,0,0,0,0,1,0,1,0
CLI-004280,2421.0,8,6,3,50.0,20,9.4,6,2,4,7,17.9,1,0,155.36,0.02,0,0.38,0,0,1,0,0,0,0,0,0,1,0,0,0,0,0,0,1,0,0,0,1,0,0,0,0,1,0,0,0,0,0,1,0,0,0,0,1,0,1,0,0,0,0,1,0,1,0
CLI-000864,21942.0,13,52,41,78.8,42,32.6,16,2,0,1,6.2,4,1,2229.87,0.0,0,0.62,0,0,0,0,0,1,0,0,0,0,1,0,0,0,1,0,0,0,0,0,0,1,0,0,0,0,1,0,1,0,0,0,0,1,0,0,0,0,0,1,0,0,0,1,0,0,1
CLI-004752,20715.0,9,12,10,83.3,57,47.9,18,0,0,2,5.3,4,0,616.14,0.0,0,0.69,0,0,1,0,0,0,0,1,0,0,0,0,0,0,1,0,0,0,0,0,0,1,0,0,0,0,1,0,0,0,0,0,1,0,1,0,0,0,0,1,0,1,0,0,0,1,0
CLI-002166,19246.0,1,34,15,44.1,17,5.0,9,0,0,2,1.0,4,2,1466.95,0.0,0,0.35,0,0,0,0,0,0,1,0,0,0,0,1,0,0,0,1,0,0,0,0,0,1,0,0,0,0,1,0,0,0,0,1,0,0,0,0,1,0,1,0,0,1,0,0,1,0,0
CLI-003019,16081.0,3,26,14,53.8,14,6.8,9,2,3,6,10.65,4,0,632.6,0.03,0,0.56,1,0,0,0,0,0,0,0,1,0,0,0,0,0,0,1,0,0,0,0,0,1,0,0,0,1,0,0,1,0,0,0,0,0,0,0,1,0,0,1,0,1,0,0,1,0,0
CLI-001209,1343.0,7,6,1,16.7,2,0.7,2,1,18,8,35.5,3,0,65.52,0.09,0,0.25,1,0,0,0,0,0,0,0,0,0,0,0,0,1,0,0,1,0,0,0,1,0,0,0,1,0,0,0,1,0,0,0,0,0,0,1,0,1,0,0,0,0,0,1,0,1,0
CLI-000929,201903.0,1,167,89,53.3,7,0.7,3,0,3,1,2.7,5,2,11191.94,0.1,0,0.08,0,0,0,0,1,0,0,0,0,0,0,1,0,0,1,0,0,0,0,0,0,0,1,0,0,0,0,1,0,0,0,0,1,0,1,0,0,1,0,0,0,1,0,0,1,0,0
CLI-004760,1224.0,14,10,2,20.0,1,0.4,2,2,30,1,6.9,4,1,124.37,0.07,1,0.25,0,0,0,0,0,1,0,0,0,0,0,1,0,0,1,0,0,0,0,0,0,1,0,0,1,0,0,0,0,0,0,1,0,0,0,0,1,1,0,0,0,0,0,1,0,0,1
CLI-002625,685.0,15,10,4,40.0,16,1.3,2,3,1,1,18.4,4,0,83.56,0.0,0,0.25,0,0,0,0,0,0,1,1,0,0,0,0,0,0,0,0,0,1,0,0,0,1,0,0,1,0,0,0,0,0,0,1,0,0,1,0,0,1,0,0,0,0,1,0,0,0,1
CLI-001797,73863.0,4,55,33,60.0,16,3.5,10,1,2,3,9.4,3,2,2814.91,0.02,0,0.38,0,0,0,1,0,0,0,0,0,0,0,0,0,1,1,0,0,0,0,0,0,0,1,0,0,0,1,0,0,0,0,0,1,0,1,0,0,1,0,0,0,1,0,0,0,1,0
CLI-000100,16931.0,1,46,9,19.6,1,0.1,8,0,16,5,11.2,2,0,860.31,0.53,0,0.5,0,0,1,0,0,0,0,1,0,0,0,0,0,0,0,0,0,0,1,0,0,1,0,0,0,1,0,0,0,0,1,0,0,0,0,1,0,0,0,1,1,0,0,0,1,0,0
CLI-001469,3964.0,24,27,0,0.0,0,0.0,0,0,33,0,10.65,4,0,268.59,0.05,1,0.0,0,0,0,1,0,0,0,0,0,0,1,0,0,0,1,0,0,0,0,0,0,1,0,0,1,0,0,0,1,0,0,0,0,0,0,1,0,0,0,1,0,0,0,1,0,0,1
CLI-004679,6184.0,10,9,4,44.4,9,1.0,3,2,1,1,6.8,4,1,279.32,0.0,0,0.19,0,0,0,0,0,1,0,0,0,0,0,0,0,1,0,0,0,1,0,0,1,0,0,0,0,1,0,0,0,0,0,0,1,0,1,0,0,0,0,1,0,0,0,1,0,1,0
CLI-001935,2434.0,5,11,4,36.4,24,6.1,2,0,2,0,11.2,5,1,129.05,0.01,0,0.25,0,1,0,0,0,0,0,1,0,0,0,0,0,0,1,0,0,0,0,0,1,0,0,0,1,0,0,0,0,0,0,1,0,1,0,0,0,0,1,0,0,0,0,1,0,1,0
CLI-000844,1114405.0,16,782,339,43.4,16,2.9,15,3,5,0,3.1,5,0,59088.28,0.01,0,0.38,0,0,0,0,0,1,0,0,0,0,0,0,0,1,1,0,0,0,0,0,0,0,0,1,0,0,0,1,0,0,1,0,0,0,0,1,0,0,1,0,0,0,1,0,0,0,1
CLI-000125,5206.0,9,6,3,50.0,22,9.4,8,0,1,3,10.9,3,0,171.59,0.0,0,0.5,0,0,0,0,0,1,0,0,0,0,0,1,0,0,0,0,1,0,0,0,0,1,0,0,0,1,0,0,0,0,1,0,0,0,0,1,0,0,0,1,0,1,0,0,0,1,0
CLI-002748,8668.0,28,7,6,85.7,57,41.0,3,6,3,0,9.2,5,0,106.78,0.0,0,0.38,0,0,0,0,0,1,0,1,0,0,0,0,0,0,1,0,0,0,0,0,1,0,0,0,1,0,0,0,1,0,0,0,0,0,0,0,1,0,1,0,0,0,0,1,0,0,1
CLI-002671,4494.0,21,8,5,62.5,39,14.0,9,1,1,2,12.6,4,0,182.69,0.0,0,0.56,0,0,0,0,0,0,1,0,0,0,0,0,1,0,1,0,0,0,0,0,0,1,0,0,0,1,0,0,0,0,1,0,0,0,1,0,0,1,0,0,0,0,0,1,0,0,1
CLI-002293,20846.0,15,141,40,28.4,1,0.1,1,1,4,8,10.65,1,0,1495.41,0.01,0,0.12,0,0,0,0,0,0,1,0,0,0,0,0,1,0,1,0,0,0,0,0,0,0,1,0,1,0,0,0,0,1,0,0,0,0,1,0,0,0,1,0,0,0,0,1,0,0,1
CLI-001803,1915.0,24,2,1,50.0,26,9.1,3,7,1,6,21.0,4,0,27.48,0.0,0,0.38,0,0,0,0,0,0,1,0,0,1,0,0,0,0,0,0,0,0,0,1,1,0,0,0,1,0,0,0,1,0,0,0,0,1,0,0,0,1,0,0,0,0,1,0,0,0,1
CLI-001175,153830.0,13,171,88,51.5,33,10.3,18,4,2,6,2.3,4,1,12506.49,0.01,0,0.45,0,1,0,0,0,0,0,1,0,0,0,0,0,0,0,0,0,0,0,1,0,0,1,0,0,0,0,1,0,0,0,1,0,0,0,1,0,1,0,0,0,0,0,1,0,0,1
CLI-003660,577.0,12,5,2,40.0,10,8.1,4,1,1,2,12.5,5,0,46.91,0.0,0,0.5,1,0,0,0,0,0,0,0,0,1,0,0,0,0,1,0,0,0,0,0,1,0,0,0,1,0,0,0,0,0,0,1,0,0,1,0,0,0,1,0,0,1,0,0,0,1,0
CLI-004215,37428.0,19,212,81,38.2,7,3.2,1,5,1,4,20.7,1,0,5071.61,0.0,0,0.06,0,0,1,0,0,0,0,0,0,0,0,0,0,1,0,1,0,0,0,0,0,0,1,0,0,1,0,0,1,0,0,0,0,1,0,0,0,0,0,1,1,0,0,0,0,0,1
CLI-003071,16406.0,19,46,17,37.0,2,1.0,4,6,12,3,13.6,4,0,1176.87,0.02,0,0.25,0,0,0,0,1,0,0,0,0,0,0,1,0,0,1,0,0,0,0,0,0,1,0,0,0,1,0,0,0,1,0,0,0,0,1,0,0,0,0,1,0,0,0,1,0,0,1
CLI-002585,3966.0,11,10,5,50.0,13,10.1,5,2,2,4,41.8,1,0,120.92,0.01,0,0.62,0,0,1,0,0,0,0,0,0,1,0,0,0,0,1,0,0,0,0,0,1,0,0,0,1,0,0,0,0,0,0,0,1,1,0,0,0,0,1,0,0,0,0,1,0,1,0
CLI-003827,39746.0,19,14,8,57.1,14,10.6,10,4,0,2,4.3,5,0,745.7,0.0,0,0.38,0,0,1,0,0,0,0,0,0,1,0,0,0,0,1,0,0,0,0,0,0,1,0,0,0,0,1,0,0,1,0,0,0,1,0,0,0,1,0,0,0,0,0,1,0,0,1
CLI-004316,15707.0,3,186,50,26.9,3,0.2,1,2,22,2,24.4,4,0,1915.54,0.24,0,0.12,0,1,0,0,0,0,0,0,0,0,1,0,0,0,1,0,0,0,0,0,0,0,1,0,1,0,0,0,1,0,0,0,0,1,0,0,0,0,1,0,0,1,0,0,1,0,0
CLI-004249,81862.0,1,430,73,17.0,1,5.7,4,0,9,4,16.5,2,3,9075.64,0.3,0,0.25,0,0,1,0,0,0,0,0,0,1,0,0,0,0,1,0,0,0,0,0,0,0,0,1,0,1,0,0,0,1,0,0,0,0,1,0,0,0,0,1,1,0,0,0,1,0,0
CLI-000322,2846.0,20,3,1,33.3,1,0.1,7,3,4,2,10.65,3,0,105.18,0.01,0,0.27,0,0,0,0,0,0,1,0,0,0,0,1,0,0,1,0,0,0,0,0,1,0,0,0,0,0,1,0,0,0,1,0,0,0,0,0,1,0,1,0,0,0,0,1,0,0,1
CLI-002874,6628.0,1,49,38,50.0,67,44.1,7,0,0,5,21.0,4,0,621.72,0.0,0,0.88,0,0,0,0,0,0,1,0,0,0,0,1,0,0,1,0,0,0,0,0,0,1,0,0,1,0,0,0,0,1,0,0,0,0,1,0,0,0,1,0,0,1,0,0,1,0,0
CLI-004652,73064.0,18,47,22,46.8,23,7.2,5,1,1,0,7.9,5,0,1350.04,0.0,0,0.31,1,0,0,0,0,0,0,1,0,0,0,0,0,0,0,0,0,0,0,1,0,1,0,0,0,1,0,0,0,0,1,0,0,0,1,0,0,1,0,0,0,0,0,1,0,0,1
CLI-000599,2521.0,17,10,7,70.0,17,9.6,8,3,3,3,16.8,2,0,236.45,0.01,0,0.5,0,1,0,0,0,0,0,0,0,1,0,0,0,0,1,0,0,0,0,0,1,0,0,0,0,1,0,0,0,1,0,0,0,0,1,0,0,0,0,1,0,0,0,1,0,0,1
CLI-000807,21017.0,6,28,11,39.3,4,0.8,11,1,0,6,5.3,2,1,985.78,0.0,0,0.42,0,0,0,1,0,0,0,0,0,1,0,0,0,0,1,0,0,0,0,0,0,1,0,0,0,0,1,0,0,0,1,0,0,0,1,0,0,0,1,0,1,0,0,0,0,1,0
CLI-004144,1472.0,26,3,1,33.3,1,0.2,2,6,1,6,10.65,3,0,41.75,0.0,0,0.25,0,0,0,0,0,0,1,0,0,0,1,0,0,0,1,0,0,0,0,0,1,0,0,0,1,0,0,0,0,0,1,0,0,0,0,0,1,0,0,1,0,0,0,1,0,0,1
CLI-004506,6403.0,1,47,9,19.1,4,1.3,3,0,3,3,17.3,3,1,867.56,0.1,0,0.19,0,0,0,0,1,0,0,0,0,1,0,0,0,0,1,0,0,0,0,0,0,1,0,0,0,1,0,0,0,0,0,0,1,1,0,0,0,1,0,0,0,0,0,1,1,0,0
CLI-002020,15100.0,1,56,25,44.6,17,7.8,5,0,3,1,12.7,3,3,1227.63,0.1,0,0.31,0,0,0,0,0,1,0,1,0,0,0,0,0,0,1,0,0,0,0,0,0,1,0,0,0,1,0,0,0,0,0,0,1,0,1,0,0,0,1,0,0,0,0,1,1,0,0
CLI-001968,79294.0,12,134,51,38.1,19,11.0,11,5,3,2,10.65,3,1,5688.25,0.01,0,0.42,0,0,0,0,1,0,0,0,1,0,0,0,0,0,0,0,0,0,1,0,0,0,1,0,0,0,1,0,0,0,0,0,1,0,0,0,1,0,1,0,0,0,0,1,0,1,0
CLI-004047,9677.0,8,29,6,20.7,1,0.1,0,2,9,2,13.6,3,0,655.62,0.04,0,0.0,0,0,0,0,1,0,0,0,1,0,0,0,0,0,0,1,0,0,0,0,0,1,0,0,0,1,0,0,0,0,0,1,0,0,1,0,0,1,0,0,1,0,0,0,0,1,0
CLI-004656,4498.0,7,36,12,50.0,11,0.7,4,1,3,2,5.2,2,2,1371.47,0.01,0,0.15,0,1,0,0,0,0,0,0,0,0,0,1,0,0,0,0,0,0,1,0,0,1,0,0,0,0,1,0,0,0,0,1,0,0,0,0,1,0,1,0,0,0,0,1,0,1,0
CLI-001966,2000000.0,18,764,510,50.0,28,9.3,7,3,0,0,3.7,4,0,73524.22,0.0,0,0.18,0,0,0,0,1,0,0,0,0,1,0,0,0,0,1,0,0,0,0,0,0,0,0,1,0,0,0,1,0,0,0,1,0,1,0,0,0,0,0,1,0,0,1,0,0,0,1
CLI-002545,25787.0,4,49,28,57.1,25,9.9,11,3,0,2,7.0,2,2,2096.48,0.0,0,0.42,0,1,0,0,0,0,0,0,1,0,0,0,0,0,0,0,0,1,0,0,0,1,0,0,0,0,1,0,0,0,1,0,0,0,0,0,1,0,0,1,1,0,0,0,0,1,0
CLI-001650,1916.0,13,8,4,50.0,28,14.4,3,6,0,2,32.5,2,1,93.46,0.0,0,0.38,0,0,1,0,0,0,0,0,0,0,0,0,0,1,1,0,0,0,0,0,1,0,0,0,1,0,0,0,0,0,0,1,0,0,0,0,1,1,0,0,0,0,0,1,0,0,1
CLI-002048,69221.0,3,75,48,64.0,14,4.4,12,0,4,5,0.5,3,4,6493.52,0.04,0,0.3,0,0,0,0,1,0,0,0,0,0,0,1,0,0,1,0,0,0,0,0,0,0,1,0,0,0,0,1,0,0,1,0,0,0,0,0,1,0,1,0,0,0,0,1,1,0,0
CLI-000917,261187.0,16,198,92,46.5,18,10.8,15,1,0,1,2.5,4,0,8847.81,0.0,0,0.58,0,0,0,0,0,1,0,1,0,0,0,0,0,0,0,0,0,0,1,0,0,0,1,0,0,0,1,0,1,0,0,0,0,0,1,0,0,0,0,1,0,0,0,1,0,0,1
CLI-003853,50789.0,6,57,8,14.0,1,0.2,9,2,5,1,10.65,5,3,2293.98,0.03,0,0.35,0,1,0,0,0,0,0,0,0,1,0,0,0,0,0,0,0,0,1,0,0,1,0,0,0,0,1,0,0,0,0,1,0,0,1,0,0,1,0,0,1,0,0,0,0,1,0
CLI-001685,75655.0,11,207,90,43.5,18,8.9,10,1,1,4,9.1,4,2,8387.42,0.0,0,0.38,1,0,0,0,0,0,0,0,0,1,0,0,0,0,1,0,0,0,0,0,0,0,1,0,0,0,1,0,0,1,0,0,0,1,0,0,0,1,0,0,0,1,0,0,0,1,0
CLI-001885,17358.0,1,53,15,28.3,1,0.1,2,0,30,0,0.5,5,3,1924.44,1.0,1,0.08,0,1,0,0,0,0,0,0,0,0,1,0,0,0,1,0,0,0,0,0,0,0,1,0,0,0,1,0,0,0,1,0,0,1,0,0,0,0,0,1,0,0,0,1,1,0,0
CLI-004480,11945.0,2,53,45,84.9,52,39.4,8,0,0,0,12.2,3,1,1324.32,0.0,0,0.5,0,0,0,1,0,0,0,0,0,1,0,0,0,0,0,0,0,0,1,0,0,1,0,0,0,1,0,0,0,0,0,1,0,0,0,1,0,0,1,0,0,0,0,1,1,0,0
CLI-001659,33937.0,2,42,36,85.7,63,40.5,12,1,0,0,7.8,5,0,1118.56,0.0,0,0.75,0,1,0,0,0,0,0,0,0,0,0,0,1,0,1,0,0,0,0,0,0,1,0,0,0,1,0,0,0,0,0,0,1,1,0,0,0,1,0,0,0,1,0,0,1,0,0
CLI-004466,271073.0,15,180,140,77.8,25,19.5,10,4,2,0,7.8,4,0,4591.35,0.0,0,0.62,0,0,0,0,1,0,0,1,0,0,0,0,0,0,0,0,0,1,0,0,0,0,1,0,0,1,0,0,0,0,0,0,1,0,0,0,1,0,1,0,0,0,1,0,0,0,1
CLI-004122,970806.0,9,514,247,48.1,35,27.2,20,2,0,0,0.5,5,0,43848.49,0.0,0,0.5,0,0,1,0,0,0,0,0,1,0,0,0,0,0,1,0,0,0,0,0,0,0,0,1,0,0,0,1,0,1,0,0,0,1,0,0,0,0,1,0,0,0,0,1,0,1,0
CLI-002973,316329.0,14,129,36,27.9,1,0.1,5,2,5,0,3.7,5,1,10715.76,0.01,0,0.12,0,1,0,0,0,0,0,0,0,1,0,0,0,0,0,0,0,1,0,0,0,0,1,0,0,0,0,1,0,1,0,0,0,1,0,0,0,0,1,0,0,0,0,1,0,0,1
CLI-000591,60965.0,20,38,14,36.8,17,0.8,4,3,1,3,8.9,3,0,2009.38,0.0,0,0.15,0,0,0,0,0,0,1,1,0,0,0,0,0,0,0,1,0,0,0,0,0,1,0,0,0,0,1,0,0,0,0,1,0,0,0,1,0,0,1,0,0,1,0,0,0,0,1
CLI-004925,1152.0,3,8,0,0.0,0,0.0,0,0,54,3,30.0,2,3,93.63,0.6,1,0.0,0,0,0,1,0,0,0,0,0,0,0,0,0,1,1,0,0,0,0,0,1,0,0,0,1,0,0,0,1,0,0,0,0,1,0,0,0,0,0,1,1,0,0,0,1,0,0
CLI-002159,7269.0,22,7,6,85.7,91,36.1,5,3,1,0,1.2,5,0,110.81,0.0,0,0.62,0,0,0,0,0,1,0,0,0,0,1,0,0,0,1,0,0,0,0,0,1,0,0,0,1,0,0,0,1,0,0,0,0,0,0,1,0,0,0,1,0,0,0,1,0,0,1
CLI-003663,414.0,21,2,1,50.0,4,1.9,1,4,9,3,10.65,3,0,24.05,0.01,0,0.12,0,0,0,0,0,0,1,0,0,0,0,1,0,0,0,0,1,0,0,0,1,0,0,0,1,0,0,0,0,0,0,0,1,0,1,0,0,0,0,1,0,0,0,1,0,0,1
CLI-001357,22979.0,17,9,6,66.7,55,16.2,10,2,1,2,8.8,5,0,266.89,0.0,0,0.62,0,1,0,0,0,0,0,0,0,1,0,0,0,0,0,0,1,0,0,0,1,0,0,0,0,1,0,0,0,0,1,0,0,0,1,0,0,0,0,1,0,0,0,1,0,0,1
CLI-003591,968282.0,12,817,30,3.7,1,0.3,5,3,1,0,0.5,3,1,69460.69,0.0,0,0.12,0,1,0,0,0,0,0,1,0,0,0,0,0,0,1,0,0,0,0,0,0,0,0,1,0,0,0,1,0,0,0,0,1,0,1,0,0,0,1,0,1,0,0,0,0,1,0
CLI-003959,285034.0,23,258,37,14.3,1,0.2,1,9,1,0,4.4,3,0,10533.42,0.0,0,0.04,0,0,0,1,0,0,0,0,0,0,0,0,0,1,1,0,0,0,0,0,0,0,0,1,0,0,1,0,0,0,0,0,1,0,1,0,0,0,0,1,0,0,0,1,0,0,1
CLI-003447,3092.0,17,4,3,75.0,21,10.6,3,2,3,4,28.4,2,0,53.86,0.01,0,0.38,0,0,0,0,0,1,0,0,0,1,0,0,0,0,1,0,0,0,0,0,1,0,0,0,1,0,0,0,1,0,0,0,0,0,1,0,0,0,0,1,0,0,0,1,0,0,1
CLI-003888,6986.0,18,18,8,44.4,2,1.3,9,4,20,2,12.4,2,0,473.3,0.04,0,0.56,0,0,0,0,0,1,0,1,0,0,0,0,0,0,1,0,0,0,0,0,0,1,0,0,0,1,0,0,0,0,0,1,0,0,0,0,1,0,1,0,0,0,0,1,0,0,1
CLI-004326,6363.0,1,16,5,31.2,8,6.5,3,2,2,5,11.6,4,3,323.33,0.07,0,0.19,0,0,1,0,0,0,0,0,1,0,0,0,0,0,0,0,0,0,1,0,0,1,0,0,0,1,0,0,0,0,1,0,0,0,0,0,1,1,0,0,0,1,0,0,1,0,0
CLI-003788,528.0,19,4,3,75.0,57,29.4,4,2,1,3,14.5,3,0,107.37,0.0,0,0.25,0,0,0,1,0,0,0,0,1,0,0,0,0,0,0,0,0,1,0,0,1,0,0,0,0,1,0,0,0,1,0,0,0,0,0,0,1,0,1,0,0,1,0,0,0,0,1
CLI-003149,5099.0,18,14,9,64.3,45,21.9,9,3,2,1,4.6,4,0,282.66,0.0,0,0.56,0,1,0,0,0,0,0,0,1,0,0,0,0,0,1,0,0,0,0,0,0,1,0,0,0,1,0,0,0,1,0,0,0,0,1,0,0,0,0,1,0,0,0,1,0,0,1
CLI-004416,86345.0,1,160,94,58.8,22,1.1,9,1,1,0,10.65,4,4,6194.08,0.03,0,0.35,0,0,1,0,0,0,0,1,0,0,0,0,0,0,1,0,0,0,0,0,0,0,1,0,0,0,1,0,1,0,0,0,0,0,0,1,0,0,1,0,0,0,0,1,1,0,0
CLI-004158,2417.0,13,8,3,37.5,13,2.7,5,5,2,7,18.1,3,0,173.4,0.01,0,0.31,0,0,0,1,0,0,0,0,0,0,0,1,0,0,1,0,0,0,0,0,1,0,0,0,0,1,0,0,1,0,0,0,0,1,0,0,0,1,0,0,1,0,0,0,0,0,1
CLI-002093,14354.0,16,19,14,73.7,77,75.6,10,1,1,0,8.4,5,0,514.84,0.0,0,0.62,0,1,0,0,0,0,0,0,0,1,0,0,0,0,1,0,0,0,0,0,0,1,0,0,0,1,0,0,0,1,0,0,0,0,1,0,0,0,1,0,0,1,0,0,0,0,1
CLI-002492,2977.0,1,45,19,42.2,4,1.7,4,0,13,0,11.8,5,5,453.77,0.43,0,0.5,0,0,0,1,0,0,0,1,0,0,0,0,0,0,0,0,0,1,0,0,0,1,0,0,1,0,0,0,0,0,0,1,0,1,0,0,0,0,0,1,0,1,0,0,1,0,0
CLI-001369,9721.0,18,8,8,100.0,119,85.2,13,3,3,4,12.1,2,0,382.43,0.01,0,0.5,0,0,1,0,0,0,0,0,0,1,0,0,0,0,1,0,0,0,0,0,1,0,0,0,0,0,1,0,0,0,0,0,1,0,1,0,0,1,0,0,0,0,0,1,0,0,1
CLI-002768,60885.0,18,27,19,70.4,47,7.0,14,8,2,0,6.3,3,0,1178.58,0.0,0,0.54,0,0,0,1,0,0,0,0,0,1,0,0,0,0,0,0,1,0,0,0,0,1,0,0,0,0,1,0,0,1,0,0,0,0,1,0,0,0,0,1,0,0,1,0,0,0,1
CLI-001814,55933.0,17,58,31,53.4,30,15.7,4,6,0,1,10.65,3,0,682.11,0.0,0,0.5,0,1,0,0,0,0,0,0,0,0,0,0,0,1,1,0,0,0,0,0,0,1,0,0,1,0,0,0,0,0,0,1,0,0,0,1,0,0,0,1,0,1,0,0,0,0,1
CLI-003148,8978.0,19,4,3,75.0,71,30.0,8,8,1,5,10.65,4,1,119.01,0.0,0,0.5,0,0,0,1,0,0,0,0,0,1,0,0,0,0,1,0,0,0,0,0,1,0,0,0,0,1,0,0,1,0,0,0,0,1,0,0,0,0,1,0,0,0,0,1,0,0,1
CLI-001585,78580.0,17,57,32,56.1,26,11.2,7,5,0,2,10.65,3,0,1597.15,0.0,0,0.44,0,0,0,0,1,0,0,0,0,0,0,1,0,0,0,0,0,0,0,1,0,1,0,0,0,1,0,0,1,0,0,0,0,0,0,1,0,1,0,0,0,1,0,0,0,0,1
CLI-004853,2497.0,13,9,6,50.0,26,17.1,3,4,1,0,0.5,5,0,108.75,0.0,0,0.38,0,0,0,0,0,1,0,0,0,0,0,1,0,0,0,0,0,1,0,0,1,0,0,0,1,0,0,0,1,0,0,0,0,0,0,0,1,0,0,1,0,0,1,0,0,0,1
CLI-003136,295201.0,21,105,0,0.0,0,0.0,0,0,85,5,4.3,3,0,9230.8,0.13,1,0.0,1,0,0,0,0,0,0,1,0,0,0,0,0,0,0,0,0,1,0,0,0,0,1,0,0,0,0,1,0,0,1,0,0,0,0,1,0,1,0,0,1,0,0,0,0,0,1
CLI-001475,300.0,5,3,1,33.3,1,0.4,1,0,19,4,23.0,3,0,34.05,0.13,0,0.12,1,0,0,0,0,0,0,0,0,0,1,0,0,0,0,0,0,1,0,0,1,0,0,0,1,0,0,0,0,1,0,0,0,0,1,0,0,0,1,0,0,0,0,1,0,1,0
CLI-002540,27219.0,11,80,44,50.0,36,15.4,7,2,0,3,6.1,3,0,6400.0,0.0,0,0.18,0,1,0,0,0,0,0,0,0,1,0,0,0,0,1,0,0,0,0,0,0,0,1,0,0,0,0,1,0,0,0,0,1,0,0,1,0,0,0,1,0,1,0,0,0,1,0
CLI-001835,53253.0,11,51,44,86.3,61,34.5,5,1,1,0,4.9,3,1,2497.8,0.0,0,0.19,0,0,1,0,0,0,0,0,0,0,1,0,0,0,0,0,0,0,1,0,0,1,0,0,0,0,1,0,0,0,1,0,0,0,1,0,0,0,1,0,0,0,0,1,0,1,0
CLI-004457,13866.0,13,7,6,85.7,52,46.6,21,2,1,4,4.5,3,0,560.0,0.0,0,0.52,0,1,0,0,0,0,0,0,0,0,0,0,1,0,0,0,0,0,0,1,1,0,0,0,0,0,0,1,0,1,0,0,0,0,0,0,1,0,0,1,0,0,0,1,0,0,1
CLI-000414,41009.0,21,59,25,42.4,15,7.2,8,5,3,0,8.0,4,1,2941.85,0.0,0,0.31,0,0,0,1,0,0,0,0,0,0,0,0,1,0,0,0,0,0,1,0,0,1,0,0,0,0,1,0,0,1,0,0,0,1,0,0,0,0,1,0,0,0,1,0,0,0,1
CLI-004095,582.0,1,9,5,55.6,27,16.1,3,0,0,2,28.5,4,4,101.37,0.0,0,0.38,0,1,0,0,0,0,0,0,0,1,0,0,0,0,1,0,0,0,0,0,1,0,0,0,1,0,0,0,1,0,0,0,0,1,0,0,0,0,1,0,0,1,0,0,1,0,0
CLI-002537,104785.0,1,158,0,0.0,0,0.0,0,0,30,2,1.9,2,2,10648.88,1.0,1,0.0,0,1,0,0,0,0,0,0,0,0,0,0,0,1,1,0,0,0,0,0,0,0,0,1,0,0,0,1,1,0,0,0,0,0,0,1,0,0,0,1,1,0,0,0,1,0,0
CLI-001662,524.0,12,9,4,44.4,10,3.1,2,2,0,1,17.3,4,1,106.55,0.0,0,0.25,0,1,0,0,0,0,0,1,0,0,0,0,0,0,1,0,0,0,0,0,1,0,0,0,1,0,0,0,0,0,0,1,0,0,0,1,0,0,1,0,0,1,0,0,0,1,0
CLI-000131,10715.0,13,21,5,23.8,1,0.4,3,0,22,1,8.2,2,0,945.0,0.06,0,0.12,0,0,0,0,1,0,0,0,1,0,0,0,0,0,1,0,0,0,0,0,0,1,0,0,0,0,1,0,0,1,0,0,0,1,0,0,0,1,0,0,0,0,0,1,0,0,1
CLI-002756,2896.0,1,11,0,0.0,0,0.0,0,0,30,4,15.1,3,2,271.63,1.0,1,0.0,0,0,0,1,0,0,0,0,0,0,1,0,0,0,0,0,0,0,0,1,1,0,0,0,0,1,0,0,0,0,0,0,1,1,0,0,0,1,0,0,0,0,0,1,1,0,0
CLI-000114,1881.0,5,8,6,75.0,49,5.7,4,0,0,9,41.6,1,0,99.76,0.0,0,0.5,1,0,0,0,0,0,0,1,0,0,0,0,0,0,1,0,0,0,0,0,1,0,0,0,1,0,0,0,1,0,0,0,0,0,1,0,0,0,1,0,1,0,0,0,0,1,0
CLI-000072,12064.0,1,16,9,56.2,42,31.5,13,0,1,0,8.3,4,3,774.31,0.03,0,0.5,0,0,0,0,0,0,1,0,1,0,0,0,0,0,1,0,0,0,0,0,0,1,0,0,0,0,1,0,0,0,0,0,1,0,0,1,0,0,0,1,0,1,0,0,1,0,0
CLI-000625,11500.0,1,38,16,42.1,17,2.4,8,0,1,2,13.9,3,1,1001.74,0.03,0,0.5,0,0,0,0,0,0,1,0,0,0,0,0,1,0,0,1,0,0,0,0,0,1,0,0,0,1,0,0,0,0,0,0,1,0,0,0,1,1,0,0,0,0,0,1,1,0,0
CLI-001073,1434.0,1,10,6,60.0,17,5.5,4,0,0,2,18.2,2,1,218.57,0.0,0,0.25,0,0,0,0,1,0,0,0,1,0,0,0,0,0,1,0,0,0,0,0,1,0,0,0,0,1,0,0,0,0,0,1,0,0,0,1,0,1,0,0,1,0,0,0,1,0,0
CLI-001230,16441.0,10,17,8,47.1,27,17.7,8,2,0,2,16.2,1,0,455.68,0.0,0,0.5,0,0,0,0,0,1,0,0,0,1,0,0,0,0,1,0,0,0,0,0,0,1,0,0,0,1,0,0,0,0,1,0,0,0,0,0,1,1,0,0,1,0,0,0,0,1,0
CLI-003968,150469.0,6,541,457,84.5,74,5.7,9,4,0,0,6.3,3,1,13107.05,0.0,0,0.56,0,0,1,0,0,0,0,0,0,1,0,0,0,0,1,0,0,0,0,0,0,0,0,1,0,1,0,0,0,0,0,1,0,0,1,0,0,0,1,0,0,0,0,1,0,1,0
CLI-001760,34444.0,15,19,12,63.2,31,18.5,21,2,0,0,3.6,4,0,1615.57,0.0,0,0.52,1,0,0,0,0,0,0,0,0,1,0,0,0,0,1,0,0,0,0,0,0,1,0,0,0,0,0,1,0,1,0,0,0,1,0,0,0,0,1,0,0,1,0,0,0,0,1
CLI-002119,3558.0,6,9,6,66.7,4,1.0,3,0,5,0,11.9,5,1,114.17,0.03,0,0.38,0,0,0,0,1,0,0,0,0,0,0,1,0,0,1,0,0,0,0,0,1,0,0,0,1,0,0,0,0,0,0,1,0,0,1,0,0,1,0,0,0,1,0,0,0,1,0
CLI-003842,306.0,8,1,1,100.0,53,28.4,2,2,0,0,12.8,5,0,13.83,0.0,0,0.25,0,0,0,1,0,0,0,0,0,1,0,0,0,0,1,0,0,0,0,0,1,0,0,0,1,0,0,0,1,0,0,0,0,1,0,0,0,0,0,1,0,0,0,1,0,1,0
CLI-002433,47623.0,16,85,76,89.4,97,87.7,10,2,4,2,10.65,3,0,2525.1,0.01,0,0.62,1,0,0,0,0,0,0,0,0,0,0,0,1,0,0,0,0,0,0,1,0,0,1,0,0,1,0,0,0,0,0,1,0,0,0,0,1,1,0,0,0,0,0,1,0,0,1
CLI-000952,23455.0,6,40,32,80.0,65,29.1,17,2,0,0,6.4,4,0,2043.12,0.0,0,0.65,0,0,1,0,0,0,0,0,0,0,0,0,0,1,0,0,0,0,0,1,0,1,0,0,0,0,1,0,0,0,0,1,0,1,0,0,0,1,0,0,0,1,0,0,0,1,0
CLI-004100,21340.0,16,37,10,27.0,6,0.8,4,5,27,1,11.4,5,0,839.5,0.06,0,0.25,0,1,0,0,0,0,0,1,0,0,0,0,0,0,0,0,0,0,1,0,0,1,0,0,0,1,0,0,0,0,1,0,0,0,0,0,1,0,0,1,0,1,0,0,0,0,1
CLI-003678,18373.0,5,57,0,0.0,0,0.0,0,0,56,5,11.0,2,1,2240.62,0.37,1,0.0,0,0,0,0,0,1,0,0,0,0,0,1,0,0,0,0,1,0,0,0,0,1,0,0,0,0,1,0,1,0,0,0,0,0,1,0,0,0,1,0,0,0,0,1,0,1,0
CLI-004424,2381.0,5,11,4,50.0,17,3.5,2,0,2,0,17.6,4,1,132.0,0.01,0,0.25,0,0,0,1,0,0,0,0,0,1,0,0,0,0,0,1,0,0,0,0,1,0,0,0,1,0,0,0,1,0,0,0,0,0,1,0,0,0,1,0,0,0,0,1,0,1,0
CLI-004301,68566.0,16,50,0,0.0,0,0.0,0,2,32,7,35.2,1,0,733.48,0.07,1,0.0,0,0,0,0,0,1,0,0,0,1,0,0,0,0,1,0,0,0,0,0,0,1,0,0,1,0,0,0,0,0,0,1,0,1,0,0,0,0,0,1,0,0,0,1,0,0,1
CLI-004423,8758.0,2,16,15,93.8,70,34.4,5,0,0,2,13.6,5,2,508.6,0.0,0,0.31,0,0,0,1,0,0,0,0,0,1,0,0,0,0,1,0,0,0,0,0,0,1,0,0,0,1,0,0,0,0,0,1,0,0,0,0,1,0,1,0,0,1,0,0,1,0,0
CLI-000823,4005.0,1,13,7,53.8,24,5.7,5,0,1,5,15.7,2,3,257.06,0.03,0,0.31,0,0,0,0,0,1,0,0,0,0,1,0,0,0,0,0,0,1,0,0,0,1,0,0,0,1,0,0,0,0,0,1,0,0,0,1,0,0,1,0,1,0,0,0,1,0,0
CLI-001141,3995.0,19,11,8,72.7,43,32.6,7,2,2,1,14.7,3,0,270.66,0.0,0,0.44,0,0,0,1,0,0,0,0,1,0,0,0,0,0,1,0,0,0,0,0,0,1,0,0,0,1,0,0,0,0,0,1,0,1,0,0,0,1,0,0,0,0,0,1,0,0,1
CLI-001401,8389.0,1,31,28,90.3,107,90.1,9,1,1,0,8.9,3,3,730.78,0.03,0,0.56,0,1,0,0,0,0,0,0,0,1,0,0,0,0,0,0,0,0,0,1,0,1,0,0,0,1,0,0,0,0,1,0,0,0,0,1,0,1,0,0,0,0,0,1,1,0,0
CLI-001000,5277.0,14,3,2,66.7,24,11.2,8,7,1,4,12.5,4,0,93.26,0.0,0,0.5,0,0,0,1,0,0,0,0,0,0,0,0,0,1,1,0,0,0,0,0,1,0,0,0,0,1,0,0,0,0,1,0,0,0,0,0,1,0,0,1,0,0,0,1,0,0,1
CLI-002735,3161.0,13,1,1,100.0,52,38.4,11,7,1,4,4.0,4,0,50.73,0.0,0,0.42,0,0,0,0,0,0,1,0,0,0,0,0,1,0,1,0,0,0,0,0,1,0,0,0,0,0,1,0,0,0,0,0,1,0,1,0,0,1,0,0,0,0,0,1,0,0,1
CLI-004320,3201.0,1,22,2,9.1,1,0.2,0,0,8,3,9.4,4,4,487.98,0.27,0,0.0,0,0,0,0,0,0,1,0,0,0,1,0,0,0,0,0,0,0,1,0,0,1,0,0,0,1,0,0,0,0,0,1,0,0,0,0,1,1,0,0,0,0,0,1,1,0,0
CLI-000571,2997.0,3,9,6,66.7,19,4.2,2,0,2,0,9.6,5,1,117.9,0.02,0,0.25,0,0,0,0,0,0,1,0,0,0,1,0,0,0,0,0,1,0,0,0,1,0,0,0,1,0,0,0,0,0,1,0,0,0,1,0,0,0,0,1,0,0,0,1,1,0,0
CLI-000184,16255.0,5,46,35,76.1,78,51.6,9,2,3,5,11.5,4,0,1238.96,0.02,0,0.56,0,0,1,0,0,0,0,0,0,0,0,0,0,1,0,0,0,0,0,1,0,1,0,0,0,1,0,0,0,0,0,1,0,0,0,1,0,0,1,0,0,1,0,0,0,1,0
CLI-004598,10238.0,1,47,8,17.0,2,0.2,4,0,4,6,14.4,2,3,960.44,0.13,0,0.25,0,0,0,1,0,0,0,0,0,1,0,0,0,0,0,0,0,0,0,1,0,1,0,0,0,1,0,0,0,0,0,0,1,0,0,1,0,1,0,0,1,0,0,0,1,0,0
CLI-000469,38133.0,24,48,20,41.7,1,0.5,8,7,30,0,3.0,5,0,2214.47,0.04,1,0.31,0,0,0,0,0,0,1,0,0,0,0,1,0,0,1,0,0,0,0,0,0,1,0,0,0,0,1,0,0,0,0,0,1,1,0,0,0,0,0,1,0,0,0,1,0,0,1
CLI-000076,80460.0,17,29,8,27.6,13,3.6,7,2,1,3,13.0,3,0,817.68,0.0,0,0.44,0,0,0,0,0,0,1,0,0,1,0,0,0,0,1,0,0,0,0,0,0,1,0,0,0,1,0,0,0,0,0,1,0,0,1,0,0,0,0,1,0,0,0,1,0,0,1
CLI-003062,19367.0,10,54,8,14.8,1,0.1,3,2,14,1,3.7,4,0,2147.17,0.05,0,0.12,0,0,0,1,0,0,0,0,0,0,0,1,0,0,1,0,0,0,0,0,0,0,1,0,0,0,1,0,0,0,0,1,0,0,1,0,0,1,0,0,0,0,0,1,0,1,0
CLI-003687,4991.0,12,40,27,67.5,35,23.2,7,5,0,0,5.4,5,0,760.76,0.0,0,0.44,0,0,0,0,0,0,1,0,0,0,0,0,0,1,0,0,0,1,0,0,0,1,0,0,0,1,0,0,0,0,0,0,1,1,0,0,0,0,1,0,0,0,1,0,0,1,0
CLI-000332,2638.0,1,9,5,55.6,16,0.8,3,0,2,1,10.3,4,2,201.07,0.07,0,0.19,0,0,0,1,0,0,0,0,1,0,0,0,0,0,1,0,0,0,0,0,1,0,0,0,0,1,0,0,1,0,0,0,0,0,0,1,0,1,0,0,0,1,0,0,1,0,0
CLI-004692,4857.0,1,31,11,35.5,1,0.1,9,0,1,4,4.8,4,0,1395.0,0.03,0,0.35,0,0,0,1,0,0,0,0,0,0,1,0,0,0,0,0,1,0,0,0,0,1,0,0,0,0,1,0,0,0,1,0,0,1,0,0,0,0,0,1,0,0,0,1,1,0,0
CLI-004883,1285.0,5,13,4,30.8,1,0.3,3,1,17,5,10.6,2,1,223.85,0.11,0,0.19,0,0,0,0,0,0,1,0,1,0,0,0,0,0,1,0,0,0,0,0,0,1,0,0,0,1,0,0,1,0,0,0,0,0,1,0,0,0,1,0,0,0,0,1,0,1,0
CLI-003075,52040.0,6,104,51,49.0,21,13.0,8,2,0,2,4.8,3,1,3966.47,0.0,0,0.31,0,1,0,0,0,0,0,0,0,0,0,0,0,1,0,0,0,1,0,0,0,0,1,0,0,0,1,0,0,0,0,0,1,0,1,0,0,1,0,0,0,0,0,1,0,1,0
CLI-002356,2160.0,19,8,2,25.0,1,0.4,4,1,10,4,12.6,3,0,188.13,0.02,0,0.25,0,1,0,0,0,0,0,0,1,0,0,0,0,0,0,1,0,0,0,0,1,0,0,0,0,1,0,0,0,1,0,0,0,1,0,0,0,1,0,0,0,1,0,0,0,0,1
CLI-003825,13202.0,4,47,21,44.7,10,2.6,9,1,1,2,10.65,3,3,1788.87,0.01,0,0.35,0,0,0,0,1,0,0,0,0,0,0,0,1,0,1,0,0,0,0,0,0,1,0,0,0,0,1,0,0,0,0,0,1,0,0,0,1,0,1,0,0,0,0,1,0,1,0
CLI-000273,385918.0,25,206,143,69.4,50,34.8,13,4,1,0,3.5,4,0,10458.47,0.0,0,0.5,0,1,0,0,0,0,0,0,0,1,0,0,0,0,0,0,0,0,0,1,0,0,1,0,0,0,1,0,0,1,0,0,0,0,1,0,0,0,0,1,0,0,0,1,0,0,1
CLI-004261,3777.0,3,11,1,9.1,1,0.4,1,0,3,2,0.5,4,1,658.0,0.03,0,0.02,0,0,0,0,0,0,1,0,0,0,0,0,1,0,1,0,0,0,0,0,1,0,0,0,0,0,0,1,0,1,0,0,0,1,0,0,0,0,1,0,0,0,0,1,1,0,0
CLI-002387,5445.0,1,11,9,81.8,60,37.6,9,0,1,2,20.9,3,2,316.21,0.03,0,0.56,0,1,0,0,0,0,0,0,0,0,0,0,0,1,1,0,0,0,0,0,1,0,0,0,0,1,0,0,0,0,0,0,1,0,0,1,0,1,0,0,0,0,0,1,1,0,0
CLI-002270,706.0,6,8,5,62.5,14,11.1,4,0,0,4,28.5,3,0,95.65,0.0,0,0.5,0,1,0,0,0,0,0,0,0,1,0,0,0,0,0,0,0,0,1,0,1,0,0,0,1,0,0,0,0,0,0,1,0,0,0,0,1,1,0,0,0,0,0,1,0,1,0
CLI-002666,84633.0,20,189,122,64.6,29,9.7,3,2,6,0,11.3,5,0,2293.57,0.01,0,0.38,0,0,0,0,0,0,1,0,0,0,1,0,0,0,1,0,0,0,0,0,0,0,1,0,1,0,0,0,0,0,0,1,0,1,0,0,0,1,0,0,0,1,0,0,0,0,1
CLI-004624,1208.0,7,10,5,50.0,16,4.7,3,1,3,2,24.0,4,0,113.36,0.01,0,0.38,0,0,1,0,0,0,0,0,0,0,0,1,0,0,1,0,0,0,0,0,1,0,0,0,1,0,0,0,0,0,0,0,1,0,0,1,0,0,0,1,0,0,0,1,0,1,0
CLI-000118,302890.0,23,159,0,0.0,0,5.7,0,0,36,4,5.4,2,0,12737.16,0.05,1,0.0,1,0,0,0,0,0,0,0,0,0,0,0,1,0,1,0,0,0,0,0,0,0,1,0,0,0,0,1,1,0,0,0,0,0,0,1,0,1,0,0,1,0,0,0,0,0,1
CLI-003255,14128.0,20,7,4,57.1,18,7.2,9,3,1,5,4.2,3,0,615.35,0.0,0,0.22,0,0,0,0,0,0,1,1,0,0,0,0,0,0,0,0,1,0,0,0,0,1,0,0,0,0,0,1,0,0,0,0,1,0,0,0,1,0,1,0,0,0,0,1,0,0,1
CLI-004890,988.0,1,4,3,75.0,64,27.9,8,0,1,0,9.2,5,2,80.29,0.03,0,0.5,0,0,0,0,1,0,0,1,0,0,0,0,0,0,1,0,0,0,0,0,1,0,0,0,0,1,0,0,0,0,0,1,0,0,0,1,0,1,0,0,0,0,0,1,1,0,0
CLI-003414,1143.0,10,4,0,0.0,0,0.0,0,2,91,5,10.9,3,0,99.57,0.3,1,0.0,0,1,0,0,0,0,0,0,0,1,0,0,0,0,1,0,0,0,0,0,1,0,0,0,0,1,0,0,0,1,0,0,0,0,1,0,0,0,0,1,1,0,0,0,0,1,0
CLI-000677,74157.0,1,45,20,44.4,9,3.5,10,0,4,4,8.8,2,0,1884.08,0.13,0,0.38,0,0,1,0,0,0,0,0,0,0,0,0,0,1,1,0,0,0,0,0,0,1,0,0,0,0,1,0,1,0,0,0,0,0,0,1,0,1,0,0,0,0,0,1,1,0,0
CLI-000012,300.0,4,1,1,100.0,83,5.7,4,2,1,4,27.2,4,1,12.35,0.01,0,0.5,0,0,1,0,0,0,0,0,0,0,1,0,0,0,0,1,0,0,0,0,1,0,0,0,1,0,0,0,0,1,0,0,0,0,0,1,0,1,0,0,0,0,0,1,0,1,0
CLI-002346,103343.0,23,40,12,30.0,3,1.2,13,5,1,2,9.5,3,0,2172.9,0.0,0,0.5,0,0,0,0,0,0,1,0,0,1,0,0,0,0,1,0,0,0,0,0,0,1,0,0,0,0,1,0,0,0,0,0,1,0,0,1,0,0,0,1,0,1,0,0,0,0,1
CLI-002731,18400.0,17,44,0,0.0,0,0.0,0,0,69,3,15.0,2,0,1068.55,0.14,1,0.0,1,0,0,0,0,0,0,1,0,0,0,0,0,0,1,0,0,0,0,0,0,1,0,0,0,1,0,0,0,0,0,0,1,0,0,1,0,0,1,0,0,0,0,1,0,0,1
CLI-001651,324801.0,9,419,135,32.2,14,6.0,14,1,1,0,4.4,5,1,18861.83,0.0,0,0.54,0,0,0,0,0,1,0,0,1,0,0,0,0,0,1,0,0,0,0,0,0,0,0,1,0,0,1,0,0,0,0,0,1,0,0,1,0,1,0,0,0,0,0,1,0,1,0
CLI-002459,8720.0,1,22,9,40.9,1,5.7,9,1,6,3,5.6,3,3,817.98,0.2,0,0.35,0,0,0,1,0,0,0,0,0,0,0,1,0,0,0,0,0,0,1,0,0,1,0,0,0,0,1,0,0,0,0,1,0,1,0,0,0,0,1,0,0,0,0,1,1,0,0
CLI-001341,130008.0,11,185,101,54.6,13,4.6,6,2,4,0,5.8,5,0,9909.16,0.01,0,0.23,0,0,0,0,0,1,0,0,0,0,0,1,0,0,0,0,0,0,1,0,0,0,1,0,0,0,1,0,0,0,1,0,0,0,1,0,0,1,0,0,0,1,0,0,0,1,0
CLI-003771,4042.0,9,3,2,66.7,35,7.6,2,0,1,1,33.4,2,0,44.01,0.0,0,0.25,0,1,0,0,0,0,0,0,0,1,0,0,0,0,0,0,0,1,0,0,1,0,0,0,1,0,0,0,1,0,0,0,0,1,0,0,0,0,0,1,0,0,0,1,0,1,0
CLI-000911,2354.0,2,8,7,87.5,67,5.7,10,1,2,5,14.2,4,1,191.39,0.03,0,0.62,0,0,0,0,1,0,0,0,0,1,0,0,0,0,1,0,0,0,0,0,1,0,0,0,0,1,0,0,0,1,0,0,0,0,0,1,0,1,0,0,0,0,0,1,1,0,0
CLI-003972,34271.0,8,9,4,44.4,5,5.7,11,3,12,3,9.5,3,1,485.97,0.05,0,0.42,0,0,0,0,0,1,0,0,1,0,0,0,0,0,1,0,0,0,0,0,0,1,0,0,0,0,1,0,1,0,0,0,0,0,1,0,0,0,1,0,0,1,0,0,0,1,0
CLI-003423,1564.0,14,15,6,40.0,1,0.1,2,4,21,1,16.1,4,0,190.68,0.05,0,0.25,0,0,0,0,0,0,1,0,0,1,0,0,0,0,1,0,0,0,0,0,0,1,0,0,1,0,0,0,0,1,0,0,0,0,1,0,0,0,1,0,0,0,0,1,0,0,1
CLI-003911,20364.0,1,48,16,33.3,7,3.4,2,0,0,1,15.2,3,2,1241.69,0.0,0,0.12,0,0,0,0,1,0,0,0,1,0,0,0,0,0,0,0,0,0,1,0,0,0,1,0,0,1,0,0,0,1,0,0,0,0,0,1,0,1,0,0,0,1,0,0,1,0,0
CLI-004460,3610.0,1,14,1,7.1,1,0.2,2,0,18,1,10.65,2,3,293.5,0.6,0,0.12,1,0,0,0,0,0,0,1,0,0,0,0,0,0,1,0,0,0,0,0,0,1,0,0,0,1,0,0,0,1,0,0,0,0,1,0,0,0,0,1,1,0,0,0,1,0,0
CLI-003754,1300.0,9,1,1,100.0,64,34.1,11,1,0,6,10.65,2,0,29.36,0.0,0,0.69,1,0,0,0,0,0,0,0,0,1,0,0,0,0,1,0,0,0,0,0,1,0,0,0,0,1,0,0,0,1,0,0,0,0,0,1,0,0,0,1,1,0,0,0,0,1,0
CLI-003937,2120.0,12,7,2,50.0,1,0.3,4,4,30,5,5.6,3,1,258.52,0.08,1,0.15,0,1,0,0,0,0,0,0,0,0,0,0,1,0,0,0,0,1,0,0,0,1,0,0,0,0,1,0,0,1,0,0,0,1,0,0,0,1,0,0,0,0,0,1,0,1,0
CLI-004245,9079.0,31,6,5,83.3,65,57.5,11,6,1,7,13.3,3,0,178.58,0.0,0,0.69,0,0,0,0,0,0,1,0,0,0,0,1,0,0,1,0,0,0,0,0,1,0,0,0,0,1,0,0,0,0,0,1,0,0,0,0,1,0,0,1,1,0,0,0,0,0,1
CLI-000080,286686.0,29,43,10,23.3,1,0.3,11,8,30,3,3.8,3,0,4370.22,0.03,1,0.28,0,0,1,0,0,0,0,0,0,0,0,0,1,0,1,0,0,0,0,0,0,0,1,0,0,0,0,1,0,0,0,1,0,0,1,0,0,0,1,0,0,0,0,1,0,0,1
CLI-001934,24280.0,6,38,0,0.0,0,0.0,0,0,89,0,0.8,5,0,1558.43,0.49,1,0.0,0,0,1,0,0,0,0,0,0,0,1,0,0,0,1,0,0,0,0,0,0,1,0,0,0,0,1,0,0,0,1,0,0,1,0,0,0,0,0,1,0,0,0,1,0,1,0
CLI-001410,15608.0,19,4,0,0.0,0,0.0,0,0,121,10,5.2,3,0,366.03,0.21,1,0.0,0,0,1,0,0,0,0,1,0,0,0,0,0,0,1,0,0,0,0,0,1,0,0,0,0,0,0,1,0,0,1,0,0,1,0,0,0,0,0,1,0,0,0,1,0,0,1
CLI-000313,75142.0,13,54,24,44.4,5,1.4,4,4,3,3,5.1,3,2,2863.66,0.01,0,0.15,0,1,0,0,0,0,0,1,0,0,0,0,0,0,0,0,0,1,0,0,0,1,0,0,0,0,1,0,0,0,0,0,1,1,0,0,0,0,1,0,0,1,0,0,0,0,1
CLI-004381,14966.0,15,14,9,50.0,47,33.2,13,1,1,4,10.65,3,0,793.53,0.0,0,0.5,1,0,0,0,0,0,0,0,0,0,1,0,0,0,0,0,0,0,1,0,0,1,0,0,0,0,1,0,1,0,0,0,0,0,1,0,0,1,0,0,0,0,0,1,0,0,1
CLI-003624,2526.0,1,6,4,66.7,28,22.2,6,0,1,5,18.6,1,4,146.69,0.03,0,0.38,0,0,0,1,0,0,0,0,0,0,1,0,0,0,0,0,0,1,0,0,1,0,0,0,0,1,0,0,0,0,0,0,1,0,0,1,0,1,0,0,0,0,0,1,1,0,0
CLI-003739,201385.0,14,535,133,24.9,1,0.3,2,3,6,3,14.2,4,1,14446.57,0.01,0,0.12,0,0,0,0,0,1,0,0,0,1,0,0,0,0,1,0,0,0,0,0,0,0,0,1,0,1,0,0,0,1,0,0,0,0,0,0,1,1,0,0,1,0,0,0,0,0,1
CLI-001454,8258.0,8,43,12,27.9,2,0.3,3,1,3,0,25.9,4,2,457.75,0.01,0,0.38,0,0,1,0,0,0,0,0,0,0,1,0,0,0,1,0,0,0,0,0,0,1,0,0,1,0,0,0,0,0,0,0,1,0,0,1,0,0,1,0,0,0,0,1,0,1,0
CLI-000271,76825.0,2,49,25,51.0,39,16.9,10,0,1,6,18.5,2,2,1398.34,0.02,0,0.62,0,0,0,0,0,1,0,0,0,0,0,1,0,0,0,0,1,0,0,0,0,1,0,0,0,1,0,0,0,0,0,1,0,1,0,0,0,0,0,1,1,0,0,0,1,0,0
CLI-003002,253322.0,13,45,21,46.7,42,39.5,17,0,1,6,10.6,3,0,2574.41,0.0,0,0.65,1,0,0,0,0,0,0,1,0,0,0,0,0,0,0,0,0,1,0,0,0,0,1,0,0,0,1,0,0,0,0,0,1,1,0,0,0,0,1,0,0,0,0,1,0,0,1
CLI-000944,5922.0,18,8,5,62.5,18,6.2,1,7,1,3,10.65,4,0,267.47,0.0,0,0.06,0,1,0,0,0,0,0,0,0,0,1,0,0,0,1,0,0,0,0,0,1,0,0,0,0,1,0,0,0,1,0,0,0,0,1,0,0,1,0,0,0,0,0,1,0,0,1
CLI-001603,479.0,14,2,1,50.0,8,5.6,6,7,2,0,6.8,4,0,48.68,0.0,0,0.38,0,1,0,0,0,0,0,0,0,1,0,0,0,0,1,0,0,0,0,0,1,0,0,0,0,1,0,0,0,0,0,0,1,1,0,0,0,0,0,1,0,0,1,0,0,0,1
CLI-003674,14596.0,4,49,34,69.4,52,55.6,7,1,1,1,9.5,5,1,1271.4,0.01,0,0.44,0,0,0,0,1,0,0,0,0,1,0,0,0,0,0,0,1,0,0,0,0,1,0,0,0,1,0,0,0,1,0,0,0,1,0,0,0,0,1,0,0,1,0,0,0,1,0
CLI-000934,9765.0,4,69,54,78.3,57,18.6,8,0,5,4,10.65,4,3,1190.81,0.04,0,0.5,0,0,1,0,0,0,0,0,0,1,0,0,0,0,1,0,0,0,0,0,0,0,1,0,0,1,0,0,0,1,0,0,0,0,0,0,1,0,0,1,0,0,0,1,0,1,0
CLI-003083,23795.0,3,182,148,81.3,51,31.2,8,0,1,1,7.6,5,1,4836.44,0.01,0,0.5,1,0,0,0,0,0,0,0,0,0,0,1,0,0,0,0,0,1,0,0,0,0,1,0,0,1,0,0,0,0,1,0,0,1,0,0,0,0,0,1,0,0,0,1,1,0,0
CLI-001770,19437.0,13,48,26,54.2,16,1.9,2,3,1,9,10.65,3,0,658.45,0.0,0,0.25,0,0,1,0,0,0,0,0,0,0,1,0,0,0,1,0,0,0,0,0,0,1,0,0,1,0,0,0,0,0,1,0,0,0,0,0,1,0,1,0,1,0,0,0,0,0,1
CLI-003605,336788.0,1,84,23,27.4,5,2.4,16,0,2,6,10.65,2,3,8381.99,0.07,0,0.4,0,0,1,0,0,0,0,0,0,0,0,0,0,1,1,0,0,0,0,0,0,0,1,0,0,0,0,1,0,1,0,0,0,1,0,0,0,0,0,1,1,0,0,0,1,0,0
CLI-004296,3494.0,3,7,6,85.7,39,2.1,3,1,3,1,26.5,3,2,85.23,0.03,0,0.38,0,0,0,0,1,0,0,0,0,1,0,0,0,0,1,0,0,0,0,0,1,0,0,0,1,0,0,0,0,1,0,0,0,0,1,0,0,0,1,0,0,1,0,0,1,0,0
CLI-000296,6100.0,16,11,3,27.3,7,0.4,1,3,3,2,18.9,3,0,130.51,0.01,0,0.12,0,0,0,1,0,0,0,0,0,1,0,0,0,0,1,0,0,0,0,0,1,0,0,0,1,0,0,0,0,1,0,0,0,1,0,0,0,1,0,0,0,1,0,0,0,0,1
CLI-001181,3370.0,13,5,3,60.0,27,4.2,8,2,1,5,8.1,2,2,228.29,0.0,0,0.31,0,0,0,0,0,1,0,0,1,0,0,0,0,0,0,0,0,0,0,1,1,0,0,0,0,0,1,0,0,0,0,0,1,1,0,0,0,0,0,1,0,0,0,1,0,0,1
CLI-001306,5762.0,13,8,5,62.5,20,4.3,6,5,0,5,12.2,3,0,212.93,0.0,0,0.38,0,0,1,0,0,0,0,0,0,1,0,0,0,0,1,0,0,0,0,0,1,0,0,0,0,1,0,0,0,0,1,0,0,0,0,1,0,0,1,0,0,0,0,1,0,0,1
CLI-002650,590.0,14,1,1,100.0,58,48.6,3,3,0,1,39.8,2,0,13.83,0.0,0,0.38,0,0,0,0,1,0,0,0,1,0,0,0,0,0,1,0,0,0,0,0,1,0,0,0,1,0,0,0,0,0,0,0,1,0,1,0,0,0,0,1,0,0,0,1,0,0,1
CLI-002397,4118.0,26,11,7,63.6,22,7.9,4,4,0,3,29.8,3,0,135.74,0.0,0,0.5,0,0,0,1,0,0,0,0,0,0,1,0,0,0,0,0,0,0,1,0,1,0,0,0,1,0,0,0,0,0,0,0,1,0,0,0,1,1,0,0,0,1,0,0,0,0,1
CLI-003208,98711.0,15,172,85,49.4,26,11.3,6,2,1,1,11.7,4,0,4458.51,0.0,0,0.38,1,0,0,0,0,0,0,0,1,0,0,0,0,0,0,0,1,0,0,0,0,0,1,0,0,1,0,0,0,1,0,0,0,0,1,0,0,0,1,0,0,0,1,0,0,0,1
CLI-001894,8691.0,8,27,14,51.9,33,17.6,10,1,1,2,13.7,3,3,675.0,0.0,0,0.62,0,0,0,0,1,0,0,1,0,0,0,0,0,0,1,0,0,0,0,0,0,1,0,0,0,1,0,0,0,1,0,0,0,1,0,0,0,1,0,0,0,0,0,1,0,1,0
CLI-001705,182004.0,5,251,103,41.0,22,12.3,10,1,1,1,8.1,3,2,11097.82,0.01,0,0.38,0,0,0,1,0,0,0,0,0,1,0,0,0,0,0,0,0,1,0,0,0,0,0,1,0,0,1,0,0,0,1,0,0,0,0,0,1,0,0,1,0,0,0,1,0,1,0
CLI-001497,69021.0,3,172,50,29.1,1,0.4,1,1,12,4,32.6,2,1,2338.11,0.13,0,0.12,0,0,0,0,0,0,1,0,0,1,0,0,0,0,1,0,0,0,0,0,0,0,1,0,1,0,0,0,1,0,0,0,0,0,0,1,0,1,0,0,1,0,0,0,1,0,0
CLI-000503,3512.0,26,6,5,83.3,70,25.6,5,9,2,1,22.1,4,0,79.32,0.0,0,0.62,0,1,0,0,0,0,0,0,0,0,0,0,1,0,1,0,0,0,0,0,1,0,0,0,1,0,0,0,0,1,0,0,0,1,0,0,0,1,0,0,0,0,0,1,0,0,1
CLI-004470,300.0,3,1,1,100.0,77,52.4,4,2,0,6,36.2,2,0,10.92,0.0,0,0.5,0,0,0,0,0,0,1,0,0,0,0,0,0,1,1,0,0,0,0,0,1,0,0,0,1,0,0,0,0,1,0,0,0,0,1,0,0,1,0,0,1,0,0,0,1,0,0
CLI-000255,155688.0,10,63,0,0.0,0,0.0,0,0,34,1,6.4,3,1,3218.02,0.11,1,0.0,0,0,0,0,1,0,0,0,0,0,0,1,0,0,1,0,0,0,0,0,0,0,1,0,0,0,1,0,1,0,0,0,0,0,1,0,0,1,0,0,0,0,0,1,0,1,0
CLI-001679,2704.0,3,8,2,25.0,1,0.1,2,0,10,0,4.9,4,1,173.53,0.11,0,0.12,0,1,0,0,0,0,0,0,0,0,1,0,0,0,1,0,0,0,0,0,1,0,0,0,0,1,0,0,0,0,1,0,0,1,0,0,0,0,1,0,0,0,0,1,1,0,0
CLI-000133,23248.0,20,38,19,50.0,10,2.4,4,5,11,4,18.1,2,0,914.55,0.02,0,0.25,0,1,0,0,0,0,0,0,0,0,0,0,1,0,1,0,0,0,0,0,0,1,0,0,0,1,0,0,0,0,1,0,0,0,0,1,0,0,1,0,1,0,0,0,0,0,1
CLI-004730,1753.0,16,9,3,33.3,9,0.4,1,3,2,5,32.8,2,0,97.17,0.0,0,0.12,0,0,0,1,0,0,0,0,0,1,0,0,0,0,0,0,0,1,0,0,1,0,0,0,1,0,0,0,0,0,0,1,0,1,0,0,0,0,0,1,0,0,0,1,0,0,1
CLI-002076,1952.0,5,8,6,75.0,41,27.6,3,4,3,5,34.3,3,3,113.35,0.02,0,0.38,0,1,0,0,0,0,0,0,0,1,0,0,0,0,1,0,0,0,0,0,1,0,0,0,1,0,0,0,0,0,0,1,0,0,0,1,0,0,0,1,0,1,0,0,0,1,0
CLI-000282,11433.0,4,24,9,37.5,12,2.3,8,1,0,0,0.5,5,4,1080.0,0.0,0,0.31,0,0,0,0,1,0,0,0,0,0,0,0,0,1,0,0,0,1,0,0,0,1,0,0,0,0,1,0,0,0,0,1,0,0,0,1,0,0,1,0,0,0,0,1,0,1,0
CLI-000214,490249.0,4,876,594,67.8,10,3.6,7,0,0,2,9.1,5,2,24911.02,0.0,0,0.44,0,0,0,1,0,0,0,0,1,0,0,0,0,0,1,0,0,0,0,0,0,0,0,1,0,1,0,0,0,0,0,0,1,0,0,0,1,0,1,0,0,1,0,0,0,1,0
CLI-003569,149692.0,6,173,156,90.2,93,48.7,16,1,1,6,3.6,3,1,15212.65,0.01,0,0.4,0,0,1,0,0,0,0,0,0,0,0,1,0,0,1,0,0,0,0,0,0,0,0,1,0,0,0,1,0,0,0,1,0,0,0,0,1,0,0,1,0,1,0,0,0,1,0
CLI-004324,3471.0,11,10,9,90.0,113,100.7,4,1,2,2,20.2,5,2,151.16,0.01,0,0.5,0,0,0,1,0,0,0,0,0,1,0,0,0,0,0,0,0,0,1,0,1,0,0,0,1,0,0,0,0,0,1,0,0,0,0,0,1,0,1,0,0,0,0,1,0,1,0
CLI-002661,7167.0,10,18,6,33.3,1,0.3,5,1,0,2,11.0,4,0,397.26,0.0,0,0.31,0,0,0,0,0,1,0,1,0,0,0,0,0,0,0,1,0,0,0,0,0,1,0,0,0,1,0,0,1,0,0,0,0,0,1,0,0,0,0,1,0,0,0,1,0,1,0
CLI-001320,538639.0,2,783,533,68.1,22,15.1,16,0,0,1,2.2,3,2,54739.74,0.0,0,0.4,0,0,0,0,0,1,0,0,0,0,0,0,1,0,1,0,0,0,0,0,0,0,0,1,0,0,0,1,0,0,1,0,0,0,1,0,0,0,0,1,0,0,0,1,1,0,0
CLI-004916,9357.0,9,30,0,0.0,0,0.0,0,0,45,5,10.0,4,0,1426.31,0.17,1,0.0,0,0,0,1,0,0,0,0,0,0,0,0,0,1,1,0,0,0,0,0,0,0,1,0,0,0,1,0,0,0,1,0,0,0,0,1,0,1,0,0,0,0,0,1,0,1,0
CLI-001296,703320.0,17,653,196,30.0,8,3.6,11,3,0,0,2.6,5,0,32988.72,0.0,0,0.42,1,0,0,0,0,0,0,0,0,1,0,0,0,0,0,0,0,1,0,0,0,0,0,1,0,0,1,0,0,0,0,0,1,1,0,0,0,0,0,1,0,0,1,0,0,0,1
CLI-001102,9704.0,9,24,17,70.8,52,12.5,3,3,0,2,25.5,3,1,394.48,0.0,0,0.38,0,0,0,0,1,0,0,0,0,0,1,0,0,0,1,0,0,0,0,0,0,1,0,0,1,0,0,0,0,1,0,0,0,0,0,1,0,0,1,0,0,0,0,1,0,1,0
CLI-002831,168472.0,18,72,39,54.2,21,5.6,14,4,0,7,9.7,3,0,4466.39,0.0,0,0.54,1,0,0,0,0,0,0,0,1,0,0,0,0,0,0,0,1,0,0,0,0,0,1,0,0,0,1,0,0,0,0,1,0,1,0,0,0,0,0,1,0,0,0,1,0,0,1
CLI-001757,17123.0,20,58,22,37.9,4,0.5,5,2,4,2,15.8,2,0,1392.14,0.01,0,0.31,0,0,0,0,0,1,0,1,0,0,0,0,0,0,0,1,0,0,0,0,0,1,0,0,0,1,0,0,1,0,0,0,0,0,0,1,0,0,0,1,1,0,0,0,0,0,1
CLI-000149,995.0,19,6,2,33.3,5,2.6,4,4,1,1,19.7,4,0,71.36,0.0,0,0.5,1,0,0,0,0,0,0,0,0,0,1,0,0,0,0,0,0,0,0,1,1,0,0,0,1,0,0,0,1,0,0,0,0,1,0,0,0,1,0,0,0,0,1,0,0,0,1
CLI-002365,37548.0,2,41,23,56.1,17,2.7,6,0,0,4,5.2,4,2,1761.14,0.0,0,0.23,0,0,1,0,0,0,0,0,0,0,0,0,0,1,1,0,0,0,0,0,0,1,0,0,0,0,1,0,1,0,0,0,0,0,0,1,0,1,0,0,0,0,0,1,1,0,0
CLI-000068,153255.0,9,118,0,50.0,0,0.0,0,0,42,4,4.9,2,4,8899.84,0.16,1,0.0,1,0,0,0,0,0,0,1,0,0,0,0,0,0,1,0,0,0,0,0,0,0,1,0,0,0,0,1,0,0,0,1,0,0,0,1,0,0,0,1,0,0,0,1,0,1,0
CLI-003638,5103.0,6,21,12,57.1,20,5.7,6,1,0,0,6.8,5,0,444.51,0.0,0,0.38,0,1,0,0,0,0,0,0,0,1,0,0,0,0,0,0,0,0,0,1,0,1,0,0,0,1,0,0,0,0,1,0,0,0,0,0,1,0,0,1,0,0,0,1,0,1,0
CLI-000875,3181.0,15,26,15,50.0,34,11.9,3,5,1,2,10.65,3,0,352.63,0.0,0,0.38,0,1,0,0,0,0,0,0,0,1,0,0,0,0,1,0,0,0,0,0,0,1,0,0,1,0,0,0,0,0,0,1,0,1,0,0,0,1,0,0,0,0,1,0,0,0,1
CLI-004065,9187.0,3,17,10,58.8,35,9.1,19,2,1,0,1.4,4,2,1244.8,0.01,0,0.48,0,0,0,0,1,0,0,0,0,1,0,0,0,0,1,0,0,0,0,0,0,1,0,0,0,0,0,1,1,0,0,0,0,0,0,1,0,0,0,1,0,0,0,1,1,0,0
CLI-000415,2302.0,23,5,4,80.0,72,5.7,5,3,1,0,7.6,5,0,65.3,0.0,0,0.62,0,0,0,0,0,1,0,0,0,1,0,0,0,0,0,0,0,0,1,0,1,0,0,0,1,0,0,0,0,0,1,0,0,0,0,0,1,1,0,0,0,0,0,1,0,0,1
CLI-002275,562.0,8,3,1,33.3,11,7.7,5,2,2,1,14.9,5,3,31.18,0.01,0,0.62,0,0,0,0,0,1,0,0,0,0,0,1,0,0,1,0,0,0,0,0,1,0,0,0,1,0,0,0,0,0,1,0,0,0,0,1,0,0,1,0,0,0,0,1,0,1,0
CLI-001598,230429.0,13,44,24,54.5,28,13.9,13,3,0,0,1.9,5,1,2341.76,0.0,0,0.5,0,0,0,1,0,0,0,0,0,0,0,1,0,0,0,0,1,0,0,0,0,1,0,0,0,0,1,0,0,0,0,0,1,0,1,0,0,0,1,0,0,0,0,1,0,0,1
CLI-001434,1882176.0,15,884,829,93.8,71,50.8,22,4,0,5,4.5,3,0,76511.23,0.0,0,0.55,0,1,0,0,0,0,0,0,0,0,0,0,0,1,0,0,1,0,0,0,0,0,0,1,0,0,0,1,0,1,0,0,0,0,0,1,0,0,1,0,0,0,0,1,0,0,1
CLI-002915,48625.0,11,43,36,83.7,55,29.2,9,1,2,4,14.7,2,0,1289.1,0.01,0,0.56,0,0,0,0,1,0,0,0,0,0,1,0,0,0,0,1,0,0,0,0,0,1,0,0,0,1,0,0,1,0,0,0,0,0,1,0,0,0,0,1,0,0,0,1,0,1,0
CLI-004209,1968.0,17,9,4,50.0,11,6.9,1,2,2,0,19.2,4,0,119.99,0.0,0,0.12,0,0,0,0,1,0,0,0,0,1,0,0,0,0,0,0,0,0,0,1,1,0,0,0,1,0,0,0,0,0,0,0,1,0,1,0,0,1,0,0,0,0,0,1,0,0,1
CLI-003440,37877.0,17,201,174,86.6,86,19.4,10,2,1,1,8.9,4,0,5773.9,0.0,0,0.62,0,1,0,0,0,0,0,0,0,1,0,0,0,0,1,0,0,0,0,0,0,0,1,0,0,1,0,0,1,0,0,0,0,1,0,0,0,0,1,0,0,0,0,1,0,0,1
CLI-001633,8845.0,8,15,5,33.3,1,0.3,1,1,23,7,8.3,4,2,674.14,0.1,0,0.04,0,0,0,0,1,0,0,0,0,1,0,0,0,0,1,0,0,0,0,0,0,1,0,0,0,0,1,0,0,1,0,0,0,0,1,0,0,1,0,0,0,0,0,1,0,1,0
CLI-003994,47274.0,1,126,45,35.7,11,5.7,11,0,4,4,5.8,3,3,4434.74,0.13,0,0.42,0,0,0,0,0,1,0,0,0,0,0,1,0,0,0,0,0,0,0,1,0,0,1,0,0,0,1,0,1,0,0,0,0,0,1,0,0,0,0,1,0,0,0,1,1,0,0
CLI-001242,1602.0,24,3,1,33.3,6,2.2,2,3,5,2,24.3,3,0,36.0,0.01,0,0.25,0,0,0,0,0,1,0,0,0,0,1,0,0,0,1,0,0,0,0,0,1,0,0,0,1,0,0,0,0,1,0,0,0,0,0,1,0,0,0,1,0,1,0,0,0,0,1
CLI-001236,40205.0,6,42,19,45.2,24,9.9,7,2,1,1,9.6,3,1,1751.1,0.01,0,0.27,0,0,0,0,1,0,0,0,0,1,0,0,0,0,1,0,0,0,0,0,0,0,1,0,0,0,1,0,0,0,0,0,1,0,0,1,0,0,0,1,0,1,0,0,0,1,0
CLI-001309,48380.0,16,108,72,66.7,36,27.9,12,2,0,3,4.1,3,0,4916.69,0.0,0,0.46,0,0,0,0,1,0,0,0,0,0,0,1,0,0,0,0,0,0,0,1,0,0,1,0,0,0,1,0,0,0,0,0,1,1,0,0,0,0,0,1,0,1,0,0,0,0,1
CLI-000889,300.0,4,2,1,50.0,37,12.0,4,0,2,2,23.4,4,4,28.8,0.02,0,0.5,1,0,0,0,0,0,0,0,0,0,0,1,0,0,1,0,0,0,0,0,1,0,0,0,1,0,0,0,0,0,1,0,0,0,0,0,1,0,1,0,0,0,0,1,0,1,0
CLI-002110,28757.0,19,40,21,52.5,3,0.5,11,4,5,3,2.4,5,0,2697.62,0.01,0,0.28,0,0,0,0,0,0,1,0,0,1,0,0,0,0,1,0,0,0,0,0,0,1,0,0,0,0,0,1,0,1,0,0,0,0,1,0,0,0,1,0,0,0,0,1,0,0,1
CLI-004333,99236.0,19,35,12,34.3,1,0.5,5,4,7,0,2.4,4,0,1920.95,0.01,0,0.19,1,0,0,0,0,0,0,0,0,0,0,0,0,1,1,0,0,0,0,0,0,1,0,0,0,0,1,0,0,0,0,0,1,0,1,0,0,1,0,0,0,0,1,0,0,0,1
CLI-002724,13187.0,10,52,0,0.0,0,0.0,0,0,69,2,5.1,4,2,2297.43,0.23,1,0.0,1,0,0,0,0,0,0,0,0,0,1,0,0,0,0,0,0,0,1,0,0,1,0,0,0,0,1,0,0,0,0,1,0,0,0,1,0,1,0,0,1,0,0,0,0,1,0
CLI-001865,4190.0,20,9,1,11.1,1,0.1,1,8,30,0,10.65,5,0,81.1,0.05,1,0.12,0,0,0,0,0,0,1,0,0,0,0,0,0,1,1,0,0,0,0,0,0,1,0,0,1,0,0,0,1,0,0,0,0,1,0,0,0,0,0,1,0,0,0,1,0,0,1
CLI-003348,5644.0,14,9,5,55.6,23,13.9,3,5,3,5,37.3,3,0,129.86,0.01,0,0.38,0,0,1,0,0,0,0,0,0,0,0,1,0,0,1,0,0,0,0,0,1,0,0,0,1,0,0,0,0,0,1,0,0,0,0,0,1,1,0,0,0,0,0,1,0,0,1
CLI-001687,2244.0,21,7,2,28.6,1,0.3,0,8,13,0,0.5,5,0,160.95,0.02,0,0.0,0,0,0,0,1,0,0,0,0,1,0,0,0,0,1,0,0,0,0,0,1,0,0,0,0,1,0,0,1,0,0,0,0,0,0,1,0,1,0,0,0,1,0,0,0,0,1
CLI-000549,18261.0,18,11,3,27.3,1,0.1,6,8,30,4,2.6,1,0,927.91,0.06,1,0.15,0,0,1,0,0,0,0,0,0,0,0,1,0,0,0,0,1,0,0,0,1,0,0,0,0,0,0,1,0,0,0,0,1,0,0,1,0,0,1,0,0,0,0,1,0,0,1
CLI-000798,4170.0,1,35,17,48.6,19,8.9,5,0,2,1,10.65,5,0,726.45,0.07,0,0.31,0,0,0,0,0,0,1,0,0,0,0,0,0,1,0,0,0,0,1,0,0,1,0,0,0,1,0,0,0,0,1,0,0,0,0,1,0,0,1,0,0,0,0,1,1,0,0
CLI-000249,17646.0,1,53,44,83.0,26,5.7,3,0,2,0,7.6,4,1,1344.94,0.07,0,0.19,0,0,0,0,0,1,0,1,0,0,0,0,0,0,0,0,0,1,0,0,0,1,0,0,0,1,0,0,0,0,1,0,0,1,0,0,0,0,0,1,0,1,0,0,1,0,0
CLI-002253,15258.0,18,18,11,61.1,7,0.5,7,4,2,7,16.2,3,0,432.74,0.0,0,0.44,0,0,0,0,0,1,0,0,0,1,0,0,0,0,0,0,1,0,0,0,0,1,0,0,0,1,0,0,1,0,0,0,0,0,0,1,0,0,0,1,1,0,0,0,0,0,1
CLI-001762,278596.0,16,201,17,8.5,1,0.3,1,5,14,2,10.65,4,0,14771.81,0.03,0,0.02,1,0,0,0,0,0,0,1,0,0,0,0,0,0,0,0,0,1,0,0,0,0,1,0,0,0,0,1,0,0,1,0,0,1,0,0,0,0,1,0,0,0,0,1,0,0,1
CLI-003432,145646.0,6,199,0,50.0,0,0.0,0,0,74,1,9.2,4,1,5224.02,0.41,1,0.0,0,0,0,0,0,0,1,1,0,0,0,0,0,0,0,0,0,0,0,1,0,0,1,0,0,1,0,0,1,0,0,0,0,0,0,1,0,0,0,1,1,0,0,0,0,1,0
CLI-003558,35862.0,10,96,35,36.5,10,1.5,5,3,1,11,10.1,3,1,3644.47,0.0,0,0.19,1,0,0,0,0,0,0,0,0,0,1,0,0,0,1,0,0,0,0,0,0,0,1,0,0,0,1,0,0,0,0,1,0,1,0,0,0,0,1,0,1,0,0,0,0,1,0
CLI-002118,160932.0,11,164,57,34.8,6,1.6,12,2,1,0,5.6,4,0,14018.45,0.0,0,0.3,0,1,0,0,0,0,0,0,0,1,0,0,0,0,1,0,0,0,0,0,0,0,1,0,0,0,0,1,0,1,0,0,0,1,0,0,0,1,0,0,0,1,0,0,0,1,0
CLI-000071,7896.0,5,44,24,54.5,32,13.8,6,0,2,7,10.65,4,0,875.41,0.01,0,0.38,0,0,0,0,0,0,1,1,0,0,0,0,0,0,1,0,0,0,0,0,0,1,0,0,0,1,0,0,0,1,0,0,0,0,0,0,1,1,0,0,1,0,0,0,0,1,0
CLI-000073,1455.0,16,10,3,30.0,3,0.6,2,2,6,0,6.9,5,0,104.37,0.01,0,0.25,0,1,0,0,0,0,0,0,0,0,0,0,0,1,1,0,0,0,0,0,1,0,0,0,1,0,0,0,0,0,0,0,1,0,0,0,1,0,1,0,0,0,1,0,0,0,1
CLI-000773,17236.0,10,37,3,8.1,1,0.1,4,1,30,5,2.6,3,0,3002.72,0.1,1,0.1,0,0,1,0,0,0,0,1,0,0,0,0,0,0,0,0,0,1,0,0,0,0,1,0,0,0,0,1,0,1,0,0,0,0,1,0,0,0,1,0,0,0,0,1,0,1,0
CLI-003229,2137.0,13,5,2,40.0,1,0.3,8,4,3,5,8.4,3,0,173.74,0.01,0,0.31,0,1,0,0,0,0,0,0,0,1,0,0,0,0,1,0,0,0,0,0,1,0,0,0,0,0,1,0,0,0,0,1,0,0,1,0,0,0,1,0,0,0,0,1,0,0,1
CLI-003537,270869.0,2,824,159,19.3,6,0.3,5,1,4,0,6.0,4,3,55054.74,0.07,0,0.12,0,0,0,0,0,0,1,1,0,0,0,0,0,0,1,0,0,0,0,0,0,0,0,1,0,0,0,1,0,0,0,1,0,0,1,0,0,0,1,0,0,0,0,1,1,0,0
CLI-001833,3397.0,17,38,22,57.9,30,18.6,1,2,2,0,3.1,5,0,414.22,0.0,0,0.12,1,0,0,0,0,0,0,0,1,0,0,0,0,0,0,1,0,0,0,0,0,1,0,0,1,0,0,0,1,0,0,0,0,0,0,0,1,0,1,0,0,0,1,0,0,0,1
CLI-003814,33646.0,18,42,20,47.6,14,7.1,10,4,0,2,12.6,3,0,1865.09,0.0,0,0.38,0,0,1,0,0,0,0,0,1,0,0,0,0,0,1,0,0,0,0,0,0,1,0,0,0,0,1,0,0,1,0,0,0,0,1,0,0,0,1,0,0,0,0,1,0,0,1
CLI-004766,12179.0,10,30,8,26.7,2,5.7,9,0,1,5,13.3,3,1,781.72,0.0,0,0.56,1,0,0,0,0,0,0,0,0,0,1,0,0,0,0,1,0,0,0,0,0,1,0,0,0,1,0,0,0,0,0,0,1,1,0,0,0,1,0,0,0,1,0,0,0,1,0
CLI-000094,698.0,24,6,1,16.7,1,0.2,2,9,8,0,10.65,4,0,77.39,0.01,0,0.25,0,0,0,0,0,1,0,0,0,0,0,0,1,0,1,0,0,0,0,0,1,0,0,0,1,0,0,0,0,0,0,0,1,0,0,0,1,0,0,1,0,0,0,1,0,0,1
CLI-004716,1759.0,14,14,1,7.1,1,0.4,2,3,9,0,9.6,4,0,165.03,0.02,0,0.25,0,0,0,0,0,0,1,1,0,0,0,0,0,0,0,1,0,0,0,0,0,1,0,0,1,0,0,0,0,0,0,0,1,0,0,0,1,0,1,0,0,0,0,1,0,0,1
CLI-004257,19730.0,4,52,40,76.9,51,28.2,4,3,0,1,12.5,4,0,1503.83,0.0,0,0.25,0,0,0,0,0,1,0,0,0,0,0,0,0,1,1,0,0,0,0,0,0,1,0,0,0,1,0,0,1,0,0,0,0,0,0,0,1,1,0,0,0,0,0,1,0,1,0
CLI-004572,23004.0,12,8,5,62.5,31,3.5,7,1,2,0,6.0,5,0,239.77,0.01,0,0.44,0,0,1,0,0,0,0,0,0,1,0,0,0,0,0,0,0,1,0,0,1,0,0,0,0,1,0,0,0,0,0,1,0,0,0,0,1,0,0,1,0,0,0,1,0,1,0
CLI-002281,21044.0,10,55,24,43.6,3,0.8,5,5,4,1,10.65,3,0,1222.06,0.01,0,0.31,0,0,0,0,1,0,0,0,0,1,0,0,0,0,1,0,0,0,0,0,0,1,0,0,0,1,0,0,1,0,0,0,0,0,1,0,0,0,1,0,0,1,0,0,0,1,0
CLI-001888,68609.0,10,154,121,50.0,31,17.6,5,0,1,4,15.0,2,0,3637.79,0.0,0,0.31,0,0,1,0,0,0,0,0,1,0,0,0,0,0,0,0,0,1,0,0,0,0,1,0,0,1,0,0,0,1,0,0,0,0,1,0,0,0,0,1,1,0,0,0,0,1,0
CLI-001854,1371.0,17,8,5,62.5,45,17.0,6,9,0,1,11.9,3,0,185.8,0.0,0,0.38,0,0,0,1,0,0,0,0,0,0,1,0,0,0,1,0,0,0,0,0,1,0,0,0,0,1,0,0,0,0,1,0,0,0,1,0,0,0,0,1,0,0,0,1,0,0,1
CLI-000610,300.0,12,4,1,25.0,3,1.4,3,1,1,3,34.6,2,0,48.89,0.0,0,0.38,0,0,0,1,0,0,0,1,0,0,0,0,0,0,1,0,0,0,0,0,1,0,0,0,1,0,0,0,1,0,0,0,0,0,0,0,1,1,0,0,1,0,0,0,0,1,0
CLI-001952,59340.0,19,52,22,42.3,24,10.9,9,1,0,1,8.6,4,0,2495.39,0.0,0,0.35,1,0,0,0,0,0,0,0,0,0,0,0,1,0,1,0,0,0,0,0,0,1,0,0,0,0,1,0,0,0,0,0,1,0,1,0,0,1,0,0,0,0,0,1,0,0,1
CLI-004970,103191.0,2,417,103,24.7,1,0.1,7,2,2,5,4.4,3,0,33360.0,0.03,0,0.18,0,0,0,0,0,0,1,0,0,0,0,0,1,0,1,0,0,0,0,0,0,0,0,1,0,0,0,1,1,0,0,0,0,0,0,1,0,0,1,0,1,0,0,0,1,0,0
CLI-002716,333530.0,19,175,111,63.4,9,0.8,7,1,4,1,0.6,4,0,8134.88,0.01,0,0.27,0,0,0,1,0,0,0,1,0,0,0,0,0,0,0,0,0,1,0,0,0,0,1,0,0,0,1,0,0,0,1,0,0,1,0,0,0,0,0,1,0,0,0,1,0,0,1
CLI-000753,122450.0,6,42,25,59.5,32,25.9,12,3,1,0,9.0,3,0,2074.02,0.01,0,0.46,0,0,0,0,0,0,1,0,1,0,0,0,0,0,1,0,0,0,0,0,0,1,0,0,0,0,1,0,0,0,0,1,0,1,0,0,0,0,0,1,0,1,0,0,0,1,0
CLI-004812,161413.0,5,181,70,38.7,1,0.2,6,1,7,3,4.8,4,1,8145.0,0.05,0,0.23,0,0,1,0,0,0,0,1,0,0,0,0,0,0,1,0,0,0,0,0,0,0,0,1,0,0,1,0,0,1,0,0,0,0,0,0,1,1,0,0,0,0,0,1,0,1,0
CLI-002857,6171.0,4,9,5,55.6,43,16.3,8,1,0,4,10.65,3,2,250.84,0.0,0,0.5,0,0,0,0,1,0,0,0,0,0,0,0,0,1,1,0,0,0,0,0,0,1,0,0,0,1,0,0,0,0,1,0,0,0,1,0,0,0,1,0,0,1,0,0,0,1,0
CLI-004392,300.0,1,2,1,50.0,1,0.1,1,1,1,11,39.1,3,2,23.38,0.03,0,0.12,0,0,0,0,1,0,0,0,0,0,0,1,0,0,1,0,0,0,0,0,1,0,0,0,1,0,0,0,0,0,0,0,1,1,0,0,0,1,0,0,0,0,0,1,1,0,0
CLI-001133,2934.0,23,6,1,16.7,2,0.8,8,4,1,8,20.5,3,0,149.11,0.0,0,0.5,0,0,0,1,0,0,0,0,1,0,0,0,0,0,0,0,0,1,0,0,0,1,0,0,0,1,0,0,0,0,1,0,0,0,0,1,0,1,0,0,1,0,0,0,0,0,1
CLI-004746,496.0,15,2,1,50.0,15,3.5,7,0,2,4,11.0,4,0,50.41,0.0,0,0.44,0,0,0,0,0,0,1,0,1,0,0,0,0,0,1,0,0,0,0,0,1,0,0,0,0,1,0,0,0,0,0,0,1,1,0,0,0,1,0,0,0,1,0,0,0,0,1
CLI-000037,20143.0,19,38,14,36.8,7,3.4,15,2,2,1,7.4,3,0,1889.58,0.0,0,0.58,0,0,0,0,0,0,1,0,0,0,0,0,0,1,0,0,1,0,0,0,0,1,0,0,0,0,1,0,0,0,1,0,0,0,0,1,0,1,0,0,0,1,0,0,0,0,1
CLI-004043,13670.0,16,31,17,54.8,6,0.7,3,3,5,0,2.3,5,1,757.78,0.01,0,0.19,0,0,1,0,0,0,0,0,1,0,0,0,0,0,1,0,0,0,0,0,0,1,0,0,0,1,0,0,0,0,0,0,1,1,0,0,0,0,0,1,0,0,1,0,0,0,1
CLI-000893,28926.0,3,115,12,10.4,1,5.7,3,1,14,3,7.8,3,2,4409.41,0.16,0,0.12,0,0,0,0,0,1,0,0,0,0,0,0,0,1,0,1,0,0,0,0,0,0,1,0,0,0,1,0,0,1,0,0,0,0,1,0,0,1,0,0,0,0,0,1,1,0,0
CLI-004262,17511.0,11,10,4,40.0,16,5.7,6,2,5,1,10.3,4,2,260.43,0.02,0,0.38,0,0,0,1,0,0,0,0,0,1,0,0,0,0,1,0,0,0,0,0,1,0,0,0,0,1,0,0,0,0,0,0,1,0,0,1,0,0,1,0,0,0,0,1,0,1,0
CLI-003227,35877.0,1,52,23,44.2,15,4.0,6,0,2,0,10.1,4,1,1215.33,0.07,0,0.38,0,0,0,1,0,0,0,0,0,0,0,1,0,0,1,0,0,0,0,0,0,1,0,0,0,1,0,0,0,1,0,0,0,0,1,0,0,1,0,0,0,0,0,1,1,0,0
CLI-002687,5145.0,14,15,8,53.3,12,4.0,4,0,11,1,16.3,5,0,216.37,0.03,0,0.5,0,0,0,0,0,1,0,0,0,0,0,0,1,0,1,0,0,0,0,0,0,1,0,0,1,0,0,0,0,0,0,0,1,1,0,0,0,1,0,0,0,0,0,1,0,0,1
CLI-001584,44406.0,7,31,0,0.0,0,0.0,0,0,48,8,7.6,2,0,1547.26,0.23,1,0.0,0,0,1,0,0,0,0,1,0,0,0,0,0,0,0,1,0,0,0,0,0,1,0,0,0,0,1,0,1,0,0,0,0,0,0,0,1,1,0,0,1,0,0,0,0,1,0
CLI-004161,9355.0,12,35,8,22.9,3,0.6,3,3,15,3,6.0,3,0,1267.55,0.04,0,0.12,1,0,0,0,0,0,0,0,0,1,0,0,0,0,1,0,0,0,0,0,0,1,0,0,0,0,1,0,0,0,1,0,0,0,0,1,0,1,0,0,0,0,0,1,0,1,0
CLI-000606,2000000.0,25,679,151,22.2,8,2.4,11,7,3,1,10.65,3,0,30555.0,0.0,0,0.42,0,1,0,0,0,0,0,1,0,0,0,0,0,0,0,0,0,0,0,1,0,0,0,1,0,0,1,0,0,0,0,0,1,1,0,0,0,1,0,0,1,0,0,0,0,0,1
CLI-000824,16315.0,24,53,14,26.4,7,2.9,2,7,2,0,7.3,4,0,537.73,0.0,0,0.25,0,0,0,0,0,0,1,1,0,0,0,0,0,0,1,0,0,0,0,0,0,1,0,0,1,0,0,0,0,1,0,0,0,1,0,0,0,0,1,0,0,0,0,1,0,0,1
CLI-002734,13832.0,4,19,8,42.1,1,0.3,11,0,7,0,6.4,2,3,887.83,0.06,0,0.42,0,0,1,0,0,0,0,0,0,0,0,0,0,1,1,0,0,0,0,0,0,1,0,0,0,0,1,0,1,0,0,0,0,0,1,0,0,0,1,0,1,0,0,0,0,1,0
CLI-000338,537872.0,3,891,708,50.0,22,8.3,11,0,0,2,9.7,5,2,40996.35,0.0,0,0.42,0,0,0,0,0,1,0,0,0,1,0,0,0,0,1,0,0,0,0,0,0,0,0,1,0,0,1,0,0,0,0,0,1,0,0,0,1,0,0,1,0,1,0,0,1,0,0
CLI-000861,1630.0,10,3,1,33.3,1,0.1,2,2,17,2,10.2,4,0,75.0,0.06,0,0.12,1,0,0,0,0,0,0,0,0,0,0,1,0,0,0,0,0,0,0,1,1,0,0,0,0,1,0,0,0,1,0,0,0,0,1,0,0,0,0,1,0,0,0,1,0,1,0
CLI-004318,234998.0,11,206,143,69.4,50,5.7,14,2,0,0,1.4,3,0,9552.76,0.0,0,0.54,0,0,0,0,1,0,0,0,0,0,0,0,1,0,0,0,0,0,0,1,0,0,1,0,0,0,1,0,0,0,1,0,0,0,0,0,1,0,0,1,0,0,0,1,0,1,0
CLI-002443,118383.0,7,87,52,59.8,27,7.9,16,2,1,9,9.7,1,1,3915.0,0.0,0,0.62,0,0,0,0,1,0,0,0,0,1,0,0,0,0,0,0,0,0,0,1,0,0,1,0,0,0,1,0,1,0,0,0,0,0,0,0,1,0,0,1,1,0,0,0,0,1,0
CLI-001197,22317.0,19,8,4,50.0,22,20.6,7,2,3,0,11.2,5,0,256.75,0.01,0,0.44,0,0,0,0,0,0,1,1,0,0,0,0,0,0,0,0,0,1,0,0,1,0,0,0,0,1,0,0,0,1,0,0,0,1,0,0,0,0,0,1,0,0,0,1,0,0,1
CLI-000969,34738.0,10,37,27,73.0,63,50.9,8,3,0,0,10.5,4,0,985.2,0.0,0,0.5,0,0,0,0,0,0,1,0,0,1,0,0,0,0,1,0,0,0,0,0,0,0,1,0,0,1,0,0,1,0,0,0,0,0,0,1,0,0,0,1,0,0,1,0,0,1,0
CLI-002946,4439.0,16,9,7,50.0,61,43.2,1,7,2,3,32.0,4,0,98.43,0.0,0,0.12,0,0,0,1,0,0,0,0,0,1,0,0,0,0,1,0,0,0,0,0,1,0,0,0,1,0,0,0,1,0,0,0,0,1,0,0,0,1,0,0,0,0,1,0,0,0,1
CLI-003602,2638.0,13,22,7,31.8,1,0.6,3,3,3,1,19.7,4,0,268.08,0.01,0,0.38,1,0,0,0,0,0,0,0,0,1,0,0,0,0,1,0,0,0,0,0,0,1,0,0,1,0,0,0,0,1,0,0,0,0,0,0,1,0,0,1,0,0,1,0,0,0,1
CLI-003082,229012.0,9,43,32,74.4,57,70.1,19,1,1,4,2.4,4,0,3933.57,0.0,0,0.48,0,0,0,0,0,0,1,0,0,0,0,0,1,0,1,0,0,0,0,0,0,1,0,0,0,0,0,1,0,0,1,0,0,1,0,0,0,0,0,1,0,0,0,1,0,1,0
CLI-003984,300.0,13,1,1,100.0,21,4.6,4,4,4,1,8.9,3,0,21.56,0.01,0,0.25,1,0,0,0,0,0,0,0,1,0,0,0,0,0,1,0,0,0,0,0,1,0,0,0,0,1,0,0,0,0,1,0,0,0,0,0,1,1,0,0,0,0,0,1,0,0,1
CLI-002504,28671.0,12,59,22,50.0,12,8.2,7,1,4,4,13.7,2,0,1589.32,0.01,0,0.44,0,1,0,0,0,0,0,0,0,0,0,0,0,1,1,0,0,0,0,0,0,1,0,0,0,1,0,0,0,0,1,0,0,0,0,0,1,0,1,0,0,0,0,1,0,1,0
CLI-003711,3073.0,1,47,9,19.1,1,0.1,0,0,8,2,16.9,3,2,936.86,0.27,0,0.0,0,0,0,1,0,0,0,0,0,1,0,0,0,0,0,0,1,0,0,0,0,1,0,0,0,1,0,0,1,0,0,0,0,1,0,0,0,0,1,0,0,0,0,1,1,0,0
CLI-003331,1513.0,9,11,4,36.4,2,0.6,1,2,16,6,31.1,2,1,141.95,0.06,0,0.12,0,0,0,1,0,0,0,0,0,0,0,1,0,0,1,0,0,0,0,0,1,0,0,0,1,0,0,0,1,0,0,0,0,1,0,0,0,0,0,1,1,0,0,0,0,1,0
CLI-001583,16864.0,19,19,12,63.2,38,18.3,5,6,0,0,5.2,5,0,587.6,0.0,0,0.31,0,1,0,0,0,0,0,0,0,0,0,0,0,1,0,0,0,0,0,1,0,1,0,0,0,1,0,0,1,0,0,0,0,0,0,1,0,1,0,0,0,0,0,1,0,0,1
CLI-003102,43297.0,17,45,42,93.3,76,52.8,7,6,0,4,30.1,4,0,643.91,0.0,0,0.88,0,0,0,1,0,0,0,0,0,1,0,0,0,0,0,0,0,0,0,1,0,1,0,0,1,0,0,0,0,0,1,0,0,0,0,1,0,0,0,1,0,0,0,1,0,0,1
CLI-004796,300.0,25,2,1,50.0,19,4.0,3,4,1,3,33.4,3,0,21.41,0.0,0,0.38,0,0,1,0,0,0,0,1,0,0,0,0,0,0,1,0,0,0,0,0,1,0,0,0,1,0,0,0,0,0,0,1,0,0,1,0,0,1,0,0,0,1,0,0,0,0,1
CLI-001367,1837.0,26,4,2,50.0,17,9.8,3,5,0,0,23.3,3,0,50.92,0.0,0,0.38,0,0,0,1,0,0,0,0,0,0,1,0,0,0,0,0,0,1,0,0,1,0,0,0,1,0,0,0,0,0,1,0,0,0,0,1,0,1,0,0,0,1,0,0,0,0,1
CLI-003462,26597.0,12,86,24,50.0,1,0.2,4,2,6,5,5.9,2,0,3603.94,0.02,0,0.15,0,0,1,0,0,0,0,0,0,0,0,0,0,1,1,0,0,0,0,0,0,0,1,0,0,0,1,0,0,0,0,1,0,0,1,0,0,1,0,0,1,0,0,0,0,1,0
CLI-002803,5705.0,14,9,4,44.4,11,3.2,3,2,0,0,16.9,5,0,108.71,0.0,0,0.38,0,0,1,0,0,0,0,0,1,0,0,0,0,0,0,0,0,1,0,0,1,0,0,0,1,0,0,0,1,0,0,0,0,0,1,0,0,0,1,0,0,1,0,0,0,0,1
CLI-002363,6394.0,20,6,3,50.0,23,12.0,9,3,1,2,7.6,5,0,173.29,0.0,0,0.56,0,0,0,0,0,0,1,0,0,1,0,0,0,0,1,0,0,0,0,0,0,1,0,0,0,1,0,0,1,0,0,0,0,0,0,0,1,1,0,0,0,0,0,1,0,0,1
CLI-001674,10742.0,1,52,35,67.3,7,1.2,5,0,2,6,17.5,4,1,1091.62,0.07,0,0.31,0,0,0,0,1,0,0,0,0,0,0,0,1,0,1,0,0,0,0,0,0,1,0,0,0,1,0,0,0,0,0,1,0,0,0,1,0,0,0,1,0,0,0,1,1,0,0
CLI-004896,1818.0,11,9,5,55.6,8,2.4,3,1,1,1,20.8,4,0,116.68,0.0,0,0.38,1,0,0,0,0,0,0,0,0,0,0,1,0,0,1,0,0,0,0,0,1,0,0,0,1,0,0,0,0,0,1,0,0,0,0,0,1,1,0,0,0,1,0,0,0,1,0
CLI-004192,145452.0,17,195,113,57.9,20,4.9,15,3,0,4,0.5,3,0,12670.05,0.0,0,0.38,0,0,0,0,0,1,0,0,1,0,0,0,0,0,1,0,0,0,0,0,0,0,1,0,0,0,0,1,0,0,0,1,0,1,0,0,0,1,0,0,0,1,0,0,0,0,1
CLI-003386,1603.0,1,9,0,0.0,0,0.0,0,0,30,3,5.6,2,0,279.26,1.0,1,0.0,0,0,0,0,0,0,1,0,0,1,0,0,0,0,0,0,0,0,1,0,1,0,0,0,0,0,1,0,0,0,0,0,1,0,1,0,0,0,0,1,1,0,0,0,1,0,0
CLI-003273,300.0,10,1,1,100.0,22,5.7,3,3,2,4,18.4,4,0,11.77,0.01,0,0.38,0,0,0,1,0,0,0,0,0,1,0,0,0,0,0,0,0,0,1,0,1,0,0,0,1,0,0,0,0,0,0,0,1,1,0,0,0,0,1,0,0,0,1,0,0,1,0
CLI-002413,4955.0,18,11,2,18.2,1,0.1,2,4,2,2,20.8,3,0,140.52,0.0,0,0.25,0,0,0,0,0,1,0,1,0,0,0,0,0,0,0,1,0,0,0,0,1,0,0,0,1,0,0,0,0,1,0,0,0,1,0,0,0,1,0,0,0,0,0,1,0,0,1
CLI-001059,8555.0,21,2,1,50.0,7,0.4,17,3,8,1,10.65,2,0,163.02,0.01,0,0.42,0,1,0,0,0,0,0,0,0,1,0,0,0,0,0,0,0,1,0,0,1,0,0,0,0,0,0,1,1,0,0,0,0,0,0,0,1,1,0,0,1,0,0,0,0,0,1
CLI-004868,913072.0,28,643,202,31.4,3,1.6,6,8,0,5,2.9,3,0,31814.34,0.0,0,0.23,0,0,0,1,0,0,0,0,0,0,0,0,1,0,0,0,0,0,0,1,0,0,0,1,0,0,1,0,0,0,0,1,0,0,1,0,0,1,0,0,0,0,0,1,0,0,1
CLI-000226,35302.0,8,173,0,0.0,0,0.0,0,0,56,0,4.1,4,3,7175.2,0.23,1,0.0,0,0,0,1,0,0,0,0,0,0,1,0,0,0,1,0,0,0,0,0,0,0,1,0,0,0,1,0,0,0,0,0,1,0,1,0,0,0,1,0,0,0,0,1,0,1,0
CLI-000297,300.0,6,1,1,100.0,19,6.2,4,1,0,6,32.8,1,1,12.3,0.0,0,0.5,1,0,0,0,0,0,0,1,0,0,0,0,0,0,1,0,0,0,0,0,1,0,0,0,1,0,0,0,0,1,0,0,0,1,0,0,0,0,1,0,1,0,0,0,0,1,0
CLI-002805,1120.0,4,3,1,33.3,7,1.8,4,0,1,1,14.5,2,2,71.88,0.01,0,0.25,0,0,0,0,1,0,0,0,0,0,1,0,0,0,0,0,0,0,0,1,1,0,0,0,0,1,0,0,0,0,1,0,0,1,0,0,0,0,1,0,1,0,0,0,0,1,0
CLI-001649,2286.0,28,8,2,25.0,7,0.4,0,4,7,2,13.5,4,0,199.11,0.01,0,0.0,0,1,0,0,0,0,0,1,0,0,0,0,0,0,0,0,0,0,0,1,1,0,0,0,0,1,0,0,0,0,1,0,0,0,0,0,1,0,1,0,0,0,0,1,0,0,1
CLI-002894,10966.0,13,42,14,33.3,9,4.9,3,2,3,4,15.3,3,1,1028.69,0.01,0,0.19,0,0,0,0,0,1,0,0,0,0,1,0,0,0,0,0,0,1,0,0,0,1,0,0,0,1,0,0,1,0,0,0,0,0,1,0,0,1,0,0,0,1,0,0,0,0,1
CLI-000901,8946.0,10,52,29,55.8,18,5.7,9,3,3,4,3.0,4,0,1818.38,0.01,0,0.35,1,0,0,0,0,0,0,1,0,0,0,0,0,0,1,0,0,0,0,0,0,0,1,0,0,0,1,0,0,1,0,0,0,0,0,0,1,0,1,0,0,0,0,1,0,1,0
CLI-004731,316736.0,24,179,34,19.0,1,0.1,1,3,3,0,2.7,5,0,8218.38,0.0,0,0.04,0,0,0,0,0,1,0,0,1,0,0,0,0,0,1,0,0,0,0,0,0,0,1,0,0,0,1,0,0,0,0,1,0,1,0,0,0,0,0,1,0,0,0,1,0,0,1
CLI-003168,25527.0,1,7,2,28.6,1,0.4,9,0,30,3,10.65,3,3,317.66,1.0,1,0.35,1,0,0,0,0,0,0,1,0,0,0,0,0,0,0,0,1,0,0,0,0,1,0,0,0,0,1,0,1,0,0,0,0,1,0,0,0,0,0,1,0,0,0,1,1,0,0
CLI-003970,1096.0,23,2,1,50.0,16,8.4,6,0,0,1,10.65,4,0,51.43,0.0,0,0.38,0,0,1,0,0,0,0,0,1,0,0,0,0,0,1,0,0,0,0,0,1,0,0,0,0,1,0,0,0,0,0,1,0,1,0,0,0,0,1,0,0,0,0,1,0,0,1
CLI-001420,3267.0,11,6,5,83.3,60,30.2,5,4,0,1,20.9,5,1,78.13,0.0,0,0.62,0,0,0,0,0,1,0,0,0,0,1,0,0,0,0,1,0,0,0,0,1,0,0,0,1,0,0,0,1,0,0,0,0,0,0,0,1,0,0,1,0,0,0,1,0,1,0
CLI-000190,1826.0,18,6,2,33.3,1,5.7,2,2,7,7,25.2,3,0,76.78,0.01,0,0.25,0,0,0,0,0,1,0,0,0,1,0,0,0,0,0,0,0,0,1,0,1,0,0,0,1,0,0,0,0,1,0,0,0,0,0,1,0,0,1,0,1,0,0,0,0,0,1
CLI-000697,2656.0,9,10,6,60.0,47,28.4,14,1,0,4,10.1,4,0,462.65,0.0,0,0.54,0,0,0,1,0,0,0,1,0,0,0,0,0,0,1,0,0,0,0,0,0,1,0,0,0,0,1,0,0,1,0,0,0,1,0,0,0,0,0,1,0,1,0,0,0,1,0
CLI-003699,489914.0,14,882,635,72.0,44,26.2,16,3,0,2,6.0,4,0,49788.0,0.0,0,0.62,0,1,0,0,0,0,0,0,0,0,0,1,0,0,1,0,0,0,0,0,0,0,0,1,0,0,1,0,0,1,0,0,0,0,0,1,0,0,1,0,0,0,0,1,0,0,1
CLI-004946,8905.0,21,44,31,70.5,46,33.4,3,3,0,0,14.5,5,0,528.0,0.0,0,0.38,0,0,0,0,0,0,1,0,0,0,1,0,0,0,1,0,0,0,0,0,0,1,0,0,1,0,0,0,0,0,0,0,1,0,0,0,1,0,0,1,0,0,1,0,0,0,1
CLI-004393,61045.0,5,118,104,88.1,68,20.8,17,1,0,0,0.5,4,0,5317.55,0.0,0,0.65,0,0,0,0,0,0,1,0,0,0,0,1,0,0,1,0,0,0,0,0,0,0,1,0,0,0,1,0,0,0,1,0,0,0,1,0,0,1,0,0,0,0,0,1,0,1,0
CLI-004196,25330.0,7,48,30,62.5,51,32.3,9,3,1,1,13.7,4,2,1404.09,0.0,0,0.56,0,1,0,0,0,0,0,0,1,0,0,0,0,0,1,0,0,0,0,0,0,1,0,0,0,1,0,0,0,1,0,0,0,0,0,0,1,1,0,0,0,0,1,0,0,1,0
CLI-003284,2240.0,18,5,4,80.0,72,33.7,3,6,0,1,19.2,5,0,68.28,0.0,0,0.38,0,0,0,1,0,0,0,1,0,0,0,0,0,0,1,0,0,0,0,0,1,0,0,0,1,0,0,0,0,0,0,1,0,0,0,1,0,0,0,1,0,0,1,0,0,0,1
CLI-002893,17430.0,8,11,9,81.8,41,5.7,19,3,0,2,1.3,4,0,850.22,0.0,0,0.48,0,0,0,0,1,0,0,0,0,0,1,0,0,0,0,1,0,0,0,0,1,0,0,0,0,0,0,1,1,0,0,0,0,0,0,0,1,0,0,1,0,0,1,0,0,1,0
CLI-003216,2327.0,8,7,4,57.1,29,22.4,6,2,0,1,11.3,3,0,202.71,0.0,0,0.38,0,1,0,0,0,0,0,1,0,0,0,0,0,0,0,1,0,0,0,0,0,1,0,0,0,1,0,0,1,0,0,0,0,0,0,1,0,0,0,1,0,0,0,1,0,1,0
CLI-000498,122160.0,17,46,26,56.5,30,22.2,12,2,0,0,0.9,4,0,3169.69,0.0,0,0.3,0,0,0,1,0,0,0,0,1,0,0,0,0,0,0,0,0,0,0,1,0,1,0,0,0,0,0,1,0,0,1,0,0,0,0,0,1,0,1,0,0,0,0,1,0,0,1
CLI-003693,1977826.0,11,870,0,0.0,0,0.0,0,0,56,3,2.1,3,1,70940.69,0.17,1,0.0,0,0,1,0,0,0,0,0,0,0,1,0,0,0,0,0,0,1,0,0,0,0,0,1,0,0,0,1,0,0,0,1,0,1,0,0,0,0,0,1,1,0,0,0,0,1,0
CLI-000920,1759.0,15,7,2,28.6,12,0.6,3,4,8,7,15.1,3,0,178.75,0.02,0,0.19,0,0,0,0,1,0,0,0,0,0,0,0,0,1,1,0,0,0,0,0,1,0,0,0,0,1,0,0,0,0,1,0,0,0,1,0,0,1,0,0,1,0,0,0,0,0,1
CLI-002475,1565.0,10,4,2,50.0,22,5.5,11,2,1,0,3.5,5,0,190.89,0.0,0,0.42,0,0,0,0,0,0,1,0,0,0,0,1,0,0,0,1,0,0,0,0,1,0,0,0,0,0,1,0,1,0,0,0,0,0,1,0,0,0,0,1,0,0,0,1,0,1,0
CLI-003995,1995.0,13,5,1,20.0,2,0.7,2,4,17,2,16.0,5,1,62.38,0.04,0,0.25,0,0,0,1,0,0,0,0,0,1,0,0,0,0,1,0,0,0,0,0,1,0,0,0,1,0,0,0,1,0,0,0,0,1,0,0,0,1,0,0,0,0,0,1,0,0,1
CLI-003603,1180.0,10,2,1,50.0,9,0.4,5,3,0,0,7.3,4,2,53.3,0.0,0,0.31,0,0,0,0,0,1,0,0,1,0,0,0,0,0,0,0,1,0,0,0,1,0,0,0,0,1,0,0,0,0,0,1,0,0,1,0,0,0,0,1,0,0,1,0,0,1,0
CLI-004758,8140.0,24,10,0,0.0,0,0.0,0,0,78,2,10.65,1,0,275.75,0.11,1,0.0,0,0,0,0,0,1,0,0,1,0,0,0,0,0,0,1,0,0,0,0,0,1,0,0,0,1,0,0,0,0,1,0,0,0,0,1,0,1,0,0,1,0,0,0,0,0,1
CLI-001737,5002.0,18,7,5,71.4,72,43.7,10,4,0,3,11.7,4,0,210.33,0.0,0,0.62,0,0,0,0,1,0,0,0,0,0,1,0,0,0,1,0,0,0,0,0,1,0,0,0,0,1,0,0,0,0,0,1,0,0,1,0,0,1,0,0,0,0,1,0,0,0,1
CLI-002617,35129.0,20,22,9,40.9,16,12.0,5,0,1,8,3.5,3,0,1044.88,0.0,0,0.19,0,0,0,0,0,0,1,0,0,1,0,0,0,0,0,0,1,0,0,0,0,1,0,0,0,0,1,0,0,1,0,0,0,0,0,1,0,0,1,0,0,0,0,1,0,0,1
CLI-001592,1713.0,10,7,4,57.1,1,0.2,0,3,19,3,23.9,5,1,90.81,0.06,0,0.0,1,0,0,0,0,0,0,0,0,0,1,0,0,0,1,0,0,0,0,0,1,0,0,0,1,0,0,0,0,1,0,0,0,0,1,0,0,1,0,0,0,0,0,1,0,1,0
CLI-003867,48950.0,1,207,51,24.6,6,1.5,10,0,10,0,2.9,4,2,14923.89,0.33,0,0.25,0,0,0,1,0,0,0,0,0,0,0,0,0,1,0,0,0,0,0,1,0,0,1,0,0,0,0,1,0,0,1,0,0,1,0,0,0,1,0,0,0,0,0,1,1,0,0
CLI-003065,13876.0,3,44,33,75.0,54,46.5,3,0,0,0,17.8,5,3,545.87,0.0,0,0.38,0,1,0,0,0,0,0,0,1,0,0,0,0,0,1,0,0,0,0,0,0,1,0,0,1,0,0,0,0,1,0,0,0,0,1,0,0,0,0,1,0,0,0,1,1,0,0
CLI-004240,1649.0,1,6,1,16.7,5,2.0,3,1,1,4,31.5,3,3,80.42,0.03,0,0.38,0,1,0,0,0,0,0,0,0,0,0,0,0,1,0,0,0,0,0,1,1,0,0,0,1,0,0,0,1,0,0,0,0,1,0,0,0,1,0,0,0,0,0,1,1,0,0
CLI-002241,14881.0,6,34,8,23.5,9,2.9,6,1,22,3,13.2,1,0,864.17,0.12,0,0.38,0,0,0,0,1,0,0,1,0,0,0,0,0,0,1,0,0,0,0,0,0,0,1,0,0,1,0,0,0,0,1,0,0,0,0,1,0,0,0,1,0,0,0,1,0,1,0
CLI-003373,4350.0,29,12,3,25.0,1,0.4,3,3,27,3,29.9,3,0,156.03,0.03,0,0.38,0,0,0,0,1,0,0,0,0,0,0,0,1,0,0,0,0,1,0,0,0,1,0,0,1,0,0,0,0,0,1,0,0,1,0,0,0,0,0,1,0,1,0,0,0,0,1
CLI-004530,23715.0,7,38,0,0.0,0,0.0,0,0,89,0,10.65,4,0,1928.01,0.42,1,0.0,0,0,0,0,0,0,1,0,1,0,0,0,0,0,1,0,0,0,0,0,0,1,0,0,0,0,1,0,0,1,0,0,0,0,0,0,1,1,0,0,1,0,0,0,0,1,0
CLI-003574,372.0,4,3,2,66.7,8,5.0,5,0,2,2,22.3,3,0,32.4,0.02,0,0.62,1,0,0,0,0,0,0,0,0,0,0,0,0,1,0,0,0,0,1,0,1,0,0,0,1,0,0,0,1,0,0,0,0,0,0,0,1,0,1,0,0,0,0,1,0,1,0
CLI-001445,41085.0,2,47,30,63.8,9,5.3,11,1,6,5,7.5,3,2,2277.46,0.1,0,0.42,0,0,1,0,0,0,0,0,0,0,0,0,0,1,1,0,0,0,0,0,0,1,0,0,0,0,1,0,0,0,0,0,1,0,0,1,0,0,1,0,0,1,0,0,1,0,0
CLI-004413,23835.0,13,42,0,0.0,0,0.0,0,0,48,3,9.3,3,0,1162.7,0.12,1,0.0,0,0,0,0,1,0,0,0,0,0,0,1,0,0,0,0,0,1,0,0,0,1,0,0,0,1,0,0,0,0,1,0,0,1,0,0,0,1,0,0,1,0,0,0,0,0,1
CLI-002964,976.0,23,2,1,50.0,4,1.5,5,8,9,2,13.9,3,0,54.1,0.01,0,0.31,1,0,0,0,0,0,0,0,1,0,0,0,0,0,0,0,0,0,0,1,1,0,0,0,0,1,0,0,0,0,0,0,1,0,0,0,1,0,1,0,0,0,0,1,0,0,1
CLI-003235,1752.0,2,8,6,75.0,89,21.0,10,1,0,0,13.2,4,0,237.43,0.0,0,0.62,0,0,0,0,0,1,0,0,0,0,0,0,0,1,1,0,0,0,0,0,1,0,0,0,0,1,0,0,0,1,0,0,0,0,0,1,0,0,1,0,0,0,0,1,1,0,0
CLI-004361,314152.0,5,352,94,26.7,1,0.4,3,1,6,4,9.5,3,2,15324.48,0.04,0,0.12,0,0,0,0,1,0,0,0,0,0,0,0,0,1,1,0,0,0,0,0,0,0,0,1,0,0,1,0,0,0,0,0,1,0,0,1,0,0,1,0,0,0,0,1,0,1,0
CLI-000095,33131.0,16,43,6,14.0,3,0.4,3,5,16,1,9.7,5,0,1122.33,0.03,0,0.19,0,0,1,0,0,0,0,0,0,0,0,1,0,0,0,0,1,0,0,0,0,1,0,0,0,1,0,0,0,0,0,0,1,1,0,0,0,1,0,0,1,0,0,0,0,0,1
CLI-000842,404687.0,2,209,167,79.9,42,12.3,11,0,1,0,2.0,5,0,10071.86,0.02,0,0.42,0,0,0,0,0,0,1,0,0,1,0,0,0,0,0,0,0,0,0,1,0,0,1,0,0,0,1,0,0,0,0,1,0,1,0,0,0,0,0,1,0,1,0,0,1,0,0
CLI-002665,2457.0,26,10,0,0.0,0,0.0,0,0,53,0,23.0,3,0,124.83,0.07,1,0.0,0,0,0,0,0,1,0,1,0,0,0,0,0,0,1,0,0,0,0,0,1,0,0,0,1,0,0,0,0,0,0,0,1,1,0,0,0,0,0,1,0,0,0,1,0,0,1
CLI-002406,66848.0,21,89,56,62.9,30,5.5,9,5,1,1,5.1,3,0,3544.44,0.0,0,0.35,0,0,0,1,0,0,0,0,0,1,0,0,0,0,1,0,0,0,0,0,0,0,1,0,0,0,1,0,1,0,0,0,0,0,0,1,0,0,0,1,0,1,0,0,0,0,1
CLI-000390,1010.0,14,6,3,50.0,27,19.4,6,3,1,2,7.9,4,0,153.91,0.0,0,0.38,0,0,0,0,1,0,0,1,0,0,0,0,0,0,0,0,0,0,1,0,1,0,0,0,0,1,0,0,0,0,0,0,1,0,0,0,1,0,0,1,0,0,0,1,0,0,1
CLI-002663,17477.0,29,39,29,74.4,33,5.2,8,7,3,0,2.4,5,0,926.69,0.0,0,0.5,1,0,0,0,0,0,0,0,0,0,0,0,1,0,1,0,0,0,0,0,0,1,0,0,0,1,0,0,1,0,0,0,0,0,0,0,1,0,0,1,0,0,0,1,0,0,1
CLI-003681,22657.0,1,39,31,79.5,59,36.5,18,0,0,0,1.2,5,3,2763.07,0.0,0,0.45,0,1,0,0,0,0,0,0,1,0,0,0,0,0,0,0,0,1,0,0,0,1,0,0,0,0,0,1,1,0,0,0,0,0,0,1,0,0,0,1,0,0,0,1,1,0,0
CLI-003996,3070.0,3,9,2,22.2,1,0.3,11,0,12,3,4.2,3,2,624.02,0.13,0,0.28,0,0,0,0,0,0,1,0,0,0,1,0,0,0,0,0,1,0,0,0,1,0,0,0,0,0,0,1,0,1,0,0,0,0,0,1,0,0,0,1,0,0,0,1,1,0,0
CLI-003684,458169.0,22,164,70,42.7,8,4.1,4,4,3,1,10.0,3,0,4656.19,0.0,0,0.25,0,0,0,1,0,0,0,0,0,1,0,0,0,0,0,0,1,0,0,0,0,0,1,0,0,1,0,0,0,0,0,0,1,0,0,0,1,0,0,1,0,1,0,0,0,0,1
CLI-000053,58549.0,13,168,126,75.0,38,19.3,7,2,0,0,1.1,4,0,5492.41,0.0,0,0.27,0,0,0,0,0,1,0,1,0,0,0,0,0,0,0,0,1,0,0,0,0,0,1,0,0,0,1,0,0,0,0,1,0,0,0,0,1,1,0,0,0,0,0,1,0,0,1
CLI-001191,19048.0,1,23,18,78.3,72,58.6,11,0,1,0,7.2,4,1,929.18,0.03,0,0.42,0,0,0,1,0,0,0,0,0,0,1,0,0,0,0,0,1,0,0,0,0,1,0,0,0,0,1,0,0,0,1,0,0,0,1,0,0,1,0,0,0,1,0,0,1,0,0
CLI-004805,209672.0,9,216,40,18.5,1,0.1,4,2,1,11,7.6,1,0,17046.51,0.0,0,0.1,0,0,0,0,1,0,0,1,0,0,0,0,0,0,1,0,0,0,0,0,0,0,1,0,0,0,0,1,1,0,0,0,0,1,0,0,0,0,0,1,0,0,0,1,0,1,0
CLI-002424,4778.0,6,11,6,54.5,17,2.4,6,2,1,1,9.5,3,0,264.86,0.01,0,0.38,1,0,0,0,0,0,0,0,0,0,1,0,0,0,0,0,0,0,0,1,1,0,0,0,0,1,0,0,1,0,0,0,0,1,0,0,0,0,0,1,0,1,0,0,0,1,0
CLI-003549,13853.0,1,37,0,0.0,0,5.7,0,0,30,2,10.65,3,3,1535.85,1.0,1,0.0,0,0,0,0,0,1,0,0,0,0,0,0,0,1,1,0,0,0,0,0,0,1,0,0,0,0,1,0,1,0,0,0,0,0,0,1,0,0,0,1,0,0,0,1,1,0,0
CLI-004969,6068.0,12,35,6,17.1,1,0.5,4,1,30,0,6.9,4,0,924.98,0.08,1,0.25,0,0,0,0,0,0,1,1,0,0,0,0,0,0,1,0,0,0,0,0,0,1,0,0,0,1,0,0,1,0,0,0,0,0,0,1,0,1,0,0,0,0,0,1,0,1,0
CLI-004188,48977.0,6,107,81,75.7,80,35.2,9,1,0,9,10.3,3,2,4594.49,0.0,0,0.35,0,0,0,0,0,1,0,0,1,0,0,0,0,0,1,0,0,0,0,0,0,0,1,0,0,0,1,0,0,0,0,1,0,1,0,0,0,1,0,0,0,0,0,1,0,1,0
CLI-003899,735.0,18,7,5,71.4,30,8.8,3,5,2,0,22.2,3,0,74.66,0.0,0,0.38,1,0,0,0,0,0,0,0,0,0,0,0,0,1,1,0,0,0,0,0,1,0,0,0,1,0,0,0,0,1,0,0,0,1,0,0,0,0,1,0,0,0,0,1,0,0,1
CLI-003529,224343.0,18,205,37,18.0,5,0.2,11,4,5,0,4.7,5,0,7816.83,0.01,0,0.42,0,0,1,0,0,0,0,1,0,0,0,0,0,0,1,0,0,0,0,0,0,0,1,0,0,0,1,0,0,0,1,0,0,0,0,1,0,1,0,0,1,0,0,0,0,0,1
CLI-002268,2600.0,10,7,1,14.3,1,0.3,3,0,1,0,10.65,5,2,93.25,0.0,0,0.38,0,1,0,0,0,0,0,0,0,0,0,0,0,1,0,0,0,1,0,0,1,0,0,0,1,0,0,0,0,0,0,0,1,0,0,0,1,0,1,0,1,0,0,0,0,1,0
CLI-002826,70899.0,9,56,44,78.6,37,22.8,8,2,0,9,21.8,2,0,1695.34,0.0,0,0.5,0,0,0,0,0,1,0,0,0,0,1,0,0,0,0,0,0,1,0,0,0,1,0,0,0,1,0,0,0,0,1,0,0,1,0,0,0,1,0,0,0,0,0,1,0,1,0
CLI-000544,20781.0,19,36,15,41.7,17,6.3,6,5,1,0,7.4,3,0,873.88,0.0,0,0.38,1,0,0,0,0,0,0,1,0,0,0,0,0,0,1,0,0,0,0,0,0,0,1,0,0,1,0,0,0,0,0,0,1,0,0,0,1,0,1,0,0,0,0,1,0,0,1
CLI-004214,3674.0,7,11,7,63.6,5,1.5,4,0,1,2,24.0,3,1,149.34,0.0,0,0.5,0,0,0,0,0,1,0,1,0,0,0,0,0,0,1,0,0,0,0,0,1,0,0,0,1,0,0,0,0,0,1,0,0,0,0,1,0,0,1,0,0,0,0,1,0,1,0
CLI-003044,300.0,1,1,1,100.0,34,23.6,1,0,0,4,31.3,2,2,12.3,0.0,0,0.12,0,0,0,1,0,0,0,0,0,0,0,0,0,1,1,0,0,0,0,0,1,0,0,0,1,0,0,0,0,0,0,1,0,0,0,1,0,0,1,0,1,0,0,0,1,0,0
CLI-000409,5710.0,15,8,5,62.5,28,11.4,5,5,0,5,20.9,3,0,198.97,0.0,0,0.31,0,0,0,0,0,1,0,1,0,0,0,0,0,0,0,0,0,1,0,0,1,0,0,0,0,1,0,0,1,0,0,0,0,0,0,1,0,0,1,0,0,1,0,0,0,0,1
CLI-004610,3929.0,1,29,14,48.3,7,4.0,4,0,16,0,19.1,4,0,319.4,0.53,0,0.5,0,0,1,0,0,0,0,0,1,0,0,0,0,0,0,0,1,0,0,0,0,1,0,0,1,0,0,0,0,0,1,0,0,0,0,0,1,0,1,0,0,0,0,1,1,0,0
CLI-001563,30656.0,10,65,27,41.5,2,0.4,4,1,30,4,9.9,4,0,1699.35,0.1,1,0.25,0,0,0,0,0,0,1,1,0,0,0,0,0,0,0,0,0,0,0,1,0,0,1,0,0,1,0,0,0,0,0,0,1,0,0,1,0,1,0,0,0,0,0,1,0,1,0
CLI-001586,906445.0,1,826,701,84.9,78,51.1,11,2,2,0,9.8,4,1,42516.2,0.07,0,0.42,1,0,0,0,0,0,0,0,1,0,0,0,0,0,1,0,0,0,0,0,0,0,0,1,0,0,1,0,0,0,0,1,0,0,0,0,1,0,0,1,0,1,0,0,1,0,0
CLI-003580,1800.0,15,7,1,14.3,1,0.2,1,2,30,4,25.1,3,0,84.41,0.07,1,0.12,1,0,0,0,0,0,0,0,0,0,1,0,0,0,1,0,0,0,0,0,1,0,0,0,1,0,0,0,0,1,0,0,0,1,0,0,0,1,0,0,0,0,0,1,0,0,1
CLI-002259,11343.0,9,56,0,0.0,0,0.0,0,0,40,1,23.0,4,1,658.73,0.15,1,0.0,0,0,1,0,0,0,0,0,0,0,1,0,0,0,0,0,0,0,0,1,0,1,0,0,1,0,0,0,0,0,0,0,1,0,0,0,1,1,0,0,0,0,0,1,0,1,0
CLI-001448,229433.0,10,205,0,0.0,0,0.0,0,0,59,2,11.5,4,0,5829.08,0.2,1,0.0,0,0,0,1,0,0,0,0,0,1,0,0,0,0,1,0,0,0,0,0,0,0,1,0,0,1,0,0,0,0,1,0,0,0,0,0,1,1,0,0,1,0,0,0,0,1,0
CLI-004053,300.0,21,1,0,0.0,0,0.0,0,0,48,3,10.65,2,0,10.12,0.08,1,0.0,0,0,0,0,0,0,1,0,0,0,0,0,0,1,1,0,0,0,0,0,1,0,0,0,1,0,0,0,0,0,0,0,1,0,0,0,1,0,1,0,1,0,0,0,0,0,1
CLI-001269,663.0,22,1,1,100.0,42,34.5,3,2,0,6,10.65,3,0,14.19,0.0,0,0.38,0,1,0,0,0,0,0,0,1,0,0,0,0,0,1,0,0,0,0,0,1,0,0,0,1,0,0,0,0,0,0,0,1,0,1,0,0,1,0,0,0,0,0,1,0,0,1
CLI-001776,439671.0,11,378,328,86.8,88,85.0,12,3,1,3,6.3,3,1,18489.09,0.0,0,0.46,0,1,0,0,0,0,0,0,0,1,0,0,0,0,1,0,0,0,0,0,0,0,0,1,0,0,1,0,0,0,0,1,0,0,1,0,0,0,1,0,0,0,0,1,0,1,0
CLI-003052,3705.0,1,11,6,54.5,28,8.2,4,0,0,4,14.7,2,3,265.77,0.0,0,0.25,0,0,0,0,0,0,1,1,0,0,0,0,0,0,1,0,0,0,0,0,0,1,0,0,0,1,0,0,0,0,0,1,0,0,0,1,0,0,1,0,0,0,0,1,1,0,0
CLI-001694,2689.0,4,11,3,27.3,1,5.7,2,3,30,1,15.4,5,0,252.27,0.25,1,0.12,0,1,0,0,0,0,0,0,0,0,0,1,0,0,1,0,0,0,0,0,1,0,0,0,0,1,0,0,0,1,0,0,0,0,0,1,0,0,0,1,0,1,0,0,0,1,0
CLI-004494,153886.0,21,58,27,46.6,22,13.2,10,3,1,0,1.6,5,0,4468.23,0.0,0,0.25,0,0,0,0,1,0,0,0,0,1,0,0,0,0,0,1,0,0,0,0,0,1,0,0,0,0,0,1,0,1,0,0,0,1,0,0,0,0,0,1,0,0,0,1,0,0,1
CLI-004063,28504.0,8,37,5,13.5,2,1.1,1,2,2,0,10.65,3,0,1241.45,0.01,0,0.04,0,0,1,0,0,0,0,0,1,0,0,0,0,0,1,0,0,0,0,0,0,0,1,0,0,0,1,0,0,0,0,0,1,0,1,0,0,1,0,0,0,0,0,1,0,1,0
CLI-001545,310.0,4,4,2,50.0,12,5.7,4,0,2,1,20.5,5,5,34.41,0.02,0,0.5,0,0,0,0,0,0,1,0,0,0,0,0,0,1,1,0,0,0,0,0,1,0,0,0,1,0,0,0,0,0,0,0,1,0,0,1,0,0,1,0,0,0,0,1,0,1,0
CLI-002880,66899.0,8,37,19,51.4,31,5.7,14,2,0,0,4.0,3,0,1854.18,0.0,0,0.54,1,0,0,0,0,0,0,0,0,1,0,0,0,0,0,0,1,0,0,0,0,1,0,0,0,0,1,0,1,0,0,0,0,0,0,0,1,0,0,1,0,0,0,1,0,1,0
CLI-004434,78523.0,13,107,48,44.9,9,5.7,4,1,0,5,6.5,4,0,4560.0,0.0,0,0.15,0,1,0,0,0,0,0,0,0,0,0,0,1,0,0,0,0,0,0,1,0,0,1,0,0,0,1,0,1,0,0,0,0,0,0,0,1,0,1,0,0,0,0,1,0,0,1
CLI-003116,476.0,11,1,1,100.0,61,51.5,6,4,0,4,16.4,4,1,25.0,0.0,0,0.38,0,0,0,0,0,1,0,0,0,0,0,0,1,0,0,0,0,0,0,1,1,0,0,0,0,1,0,0,1,0,0,0,0,1,0,0,0,1,0,0,0,0,1,0,0,1,0
CLI-004676,80163.0,14,161,39,24.2,8,2.6,3,0,2,4,7.8,2,1,6517.29,0.0,0,0.12,0,0,0,0,0,0,1,1,0,0,0,0,0,0,1,0,0,0,0,0,0,0,1,0,0,0,1,0,0,0,1,0,0,1,0,0,0,1,0,0,1,0,0,0,0,0,1
CLI-001264,14417.0,1,58,33,56.9,21,8.3,9,0,1,0,4.3,4,1,2511.65,0.03,0,0.35,0,0,0,1,0,0,0,0,0,0,0,0,1,0,1,0,0,0,0,0,0,1,0,0,0,0,1,0,0,0,1,0,0,1,0,0,0,1,0,0,0,1,0,0,1,0,0
CLI-000725,3415.0,6,15,3,20.0,1,0.1,4,1,20,5,13.3,4,3,320.35,0.11,0,0.25,0,0,0,0,0,0,1,0,0,0,0,1,0,0,0,0,0,0,0,1,0,1,0,0,0,1,0,0,0,0,0,0,1,0,0,1,0,0,0,1,0,0,0,1,0,1,0
CLI-004655,749.0,8,2,1,50.0,27,3.5,11,4,0,1,8.7,4,1,83.01,0.0,0,0.42,0,0,0,0,0,1,0,0,0,0,0,1,0,0,1,0,0,0,0,0,1,0,0,0,0,0,1,0,0,0,1,0,0,0,1,0,0,1,0,0,0,0,0,1,0,1,0
CLI-004908,352.0,13,2,1,50.0,7,1.3,3,3,3,0,16.3,5,1,23.88,0.01,0,0.38,0,0,0,1,0,0,0,0,0,0,0,0,1,0,1,0,0,0,0,0,1,0,0,0,1,0,0,0,0,0,1,0,0,1,0,0,0,0,1,0,0,0,1,0,0,0,1
CLI-002124,371870.0,1,502,410,81.7,52,30.5,15,0,1,2,0.5,4,0,41227.25,0.03,0,0.38,1,0,0,0,0,0,0,0,0,0,0,0,1,0,0,0,0,1,0,0,0,0,0,1,0,0,0,1,0,0,1,0,0,0,1,0,0,0,0,1,0,1,0,0,1,0,0
CLI-002009,1673.0,5,7,2,28.6,1,0.4,0,1,9,1,19.5,4,1,88.69,0.06,0,0.0,0,0,0,0,0,0,1,0,0,0,0,1,0,0,1,0,0,0,0,0,1,0,0,0,1,0,0,0,1,0,0,0,0,0,0,1,0,0,0,1,0,0,0,1,0,1,0
CLI-002657,990.0,7,3,1,33.3,1,0.6,6,1,4,4,15.2,3,1,86.2,0.02,0,0.38,0,1,0,0,0,0,0,0,0,0,0,1,0,0,1,0,0,0,0,0,1,0,0,0,0,1,0,0,1,0,0,0,0,0,1,0,0,1,0,0,0,0,0,1,0,1,0
CLI-001910,15516.0,2,30,15,50.0,12,8.1,4,0,1,3,15.7,1,0,652.47,0.02,0,0.25,0,1,0,0,0,0,0,0,0,1,0,0,0,0,1,0,0,0,0,0,0,0,1,0,0,1,0,0,0,0,0,1,0,0,0,0,1,0,1,0,0,0,0,1,1,0,0
CLI-002229,10516.0,10,8,4,50.0,22,1.9,5,2,0,3,18.6,3,0,188.59,0.0,0,0.31,0,0,0,0,0,1,0,1,0,0,0,0,0,0,0,0,1,0,0,0,0,1,0,0,0,1,0,0,1,0,0,0,0,0,0,1,0,1,0,0,0,0,0,1,0,1,0
CLI-001933,78871.0,17,46,30,65.2,30,10.4,10,7,0,0,8.5,3,0,2236.84,0.0,0,0.38,0,0,1,0,0,0,0,0,0,1,0,0,0,0,1,0,0,0,0,0,0,1,0,0,0,0,1,0,0,0,1,0,0,0,1,0,0,1,0,0,0,0,0,1,0,0,1
CLI-000851,11461.0,8,36,21,58.3,24,8.0,6,1,2,4,17.6,2,2,635.29,0.01,0,0.38,0,0,0,0,1,0,0,0,0,0,0,0,1,0,1,0,0,0,0,0,0,1,0,0,0,1,0,0,0,0,0,1,0,0,1,0,0,1,0,0,1,0,0,0,0,1,0
CLI-002155,2720.0,11,5,4,80.0,69,51.0,7,0,0,4,9.6,4,0,125.0,0.0,0,0.44,0,0,1,0,0,0,0,0,0,0,0,0,0,1,1,0,0,0,0,0,1,0,0,0,0,1,0,0,1,0,0,0,0,0,1,0,0,1,0,0,0,0,0,1,0,1,0
CLI-004809,72181.0,14,74,47,63.5,45,32.1,10,3,0,6,12.5,3,1,1760.51,0.0,0,0.62,1,0,0,0,0,0,0,0,0,1,0,0,0,0,1,0,0,0,0,0,0,0,1,0,0,1,0,0,0,1,0,0,0,0,0,0,1,0,1,0,0,0,0,1,0,0,1
CLI-003194,188962.0,10,167,107,64.1,45,11.6,10,3,1,0,2.0,3,0,4608.83,0.0,0,0.62,0,1,0,0,0,0,0,0,1,0,0,0,0,0,1,0,0,0,0,0,0,0,1,0,0,1,0,0,0,0,1,0,0,0,0,1,0,1,0,0,0,0,1,0,0,1,0
CLI-002941,725655.0,23,274,218,79.6,54,45.8,23,2,2,3,3.5,3,0,18828.62,0.0,0,0.57,1,0,0,0,0,0,0,1,0,0,0,0,0,0,0,1,0,0,0,0,0,0,0,1,0,0,0,1,0,0,0,0,1,1,0,0,0,0,0,1,0,0,0,1,0,0,1
CLI-002328,665.0,13,4,2,50.0,30,14.9,5,3,0,0,8.1,3,1,90.15,0.0,0,0.31,0,0,0,0,0,1,0,0,0,0,0,0,1,0,1,0,0,0,0,0,1,0,0,0,0,1,0,0,1,0,0,0,0,1,0,0,0,1,0,0,0,0,1,0,0,0,1
CLI-004256,856.0,22,3,1,33.3,1,0.4,4,7,1,0,5.1,3,0,61.43,0.0,0,0.25,0,0,1,0,0,0,0,0,0,1,0,0,0,0,1,0,0,0,0,0,1,0,0,0,0,1,0,0,1,0,0,0,0,0,0,1,0,1,0,0,0,1,0,0,0,0,1
CLI-000545,200430.0,8,89,48,53.9,12,4.6,6,4,1,6,10.1,3,1,4526.42,0.0,0,0.23,0,0,0,0,1,0,0,0,0,0,0,0,0,1,0,0,0,1,0,0,0,0,1,0,0,0,1,0,0,1,0,0,0,1,0,0,0,0,0,1,0,1,0,0,0,1,0
CLI-002700,289688.0,1,199,157,50.0,58,16.1,28,0,1,3,7.4,4,2,17663.9,0.03,0,0.7,0,0,1,0,0,0,0,0,0,0,0,1,0,0,1,0,0,0,0,0,0,0,1,0,0,0,0,1,0,1,0,0,0,0,1,0,0,1,0,0,0,1,0,0,1,0,0
CLI-004464,725.0,19,4,1,25.0,10,2.3,10,2,6,1,3.7,5,0,80.36,0.01,0,0.62,0,0,1,0,0,0,0,0,0,0,0,0,0,1,0,0,0,0,0,1,1,0,0,0,0,1,0,0,0,1,0,0,0,0,0,1,0,0,1,0,0,0,0,1,0,0,1
CLI-003801,1513.0,6,9,1,11.1,2,0.2,2,2,30,4,13.2,2,1,205.05,0.17,1,0.12,0,0,0,0,1,0,0,0,0,0,1,0,0,0,1,0,0,0,0,0,1,0,0,0,0,1,0,0,0,0,0,1,0,0,0,0,1,0,0,1,1,0,0,0,0,1,0
CLI-004442,3794.0,9,10,5,50.0,11,4.8,4,3,3,0,7.1,5,2,154.23,0.01,0,0.5,0,1,0,0,0,0,0,0,0,0,0,0,1,0,1,0,0,0,0,0,0,1,0,0,1,0,0,0,0,0,0,1,0,0,0,0,1,0,1,0,0,0,1,0,0,1,0
CLI-001551,79713.0,1,168,120,71.4,37,5.7,11,0,1,0,2.4,5,5,6075.71,0.03,0,0.42,0,0,0,0,1,0,0,0,0,1,0,0,0,0,1,0,0,0,0,0,0,0,1,0,0,0,1,0,0,1,0,0,0,1,0,0,0,0,0,1,0,1,0,0,1,0,0
CLI-004186,667.0,18,6,0,0.0,0,0.0,0,2,56,0,15.1,5,0,73.94,0.1,1,0.0,0,0,0,1,0,0,0,0,0,1,0,0,0,0,1,0,0,0,0,0,1,0,0,0,1,0,0,0,1,0,0,0,0,0,0,1,0,0,1,0,1,0,0,0,0,0,1
CLI-001368,1759.0,5,11,6,50.0,14,7.0,6,0,2,0,10.65,5,0,165.0,0.01,0,0.38,1,0,0,0,0,0,0,0,1,0,0,0,0,0,0,0,0,0,1,0,1,0,0,0,0,1,0,0,0,0,0,1,0,1,0,0,0,0,0,1,0,1,0,0,0,1,0
CLI-003619,409.0,1,6,0,50.0,0,0.0,0,0,30,0,20.4,3,2,71.31,1.0,1,0.0,0,0,0,1,0,0,0,0,0,0,0,1,0,0,1,0,0,0,0,0,1,0,0,0,1,0,0,0,1,0,0,0,0,0,0,0,1,0,1,0,1,0,0,0,1,0,0
CLI-004002,37524.0,10,48,37,77.1,53,43.5,7,2,1,3,13.5,3,0,1345.91,0.0,0,0.44,0,0,1,0,0,0,0,1,0,0,0,0,0,0,0,0,0,0,0,1,0,1,0,0,0,1,0,0,1,0,0,0,0,1,0,0,0,0,1,0,0,1,0,0,0,1,0
CLI-004814,10304.0,9,52,21,50.0,6,2.4,0,2,0,2,10.65,2,2,546.33,0.0,0,0.0,0,0,0,0,0,0,1,1,0,0,0,0,0,0,1,0,0,0,0,0,0,1,0,0,1,0,0,0,1,0,0,0,0,0,0,1,0,0,1,0,0,0,0,1,0,1,0
CLI-004529,4088.0,1,6,0,0.0,0,0.0,0,0,30,4,7.5,3,1,453.2,1.0,1,0.0,0,1,0,0,0,0,0,0,0,0,0,0,0,1,1,0,0,0,0,0,0,1,0,0,0,0,0,1,0,0,0,1,0,0,1,0,0,0,0,1,1,0,0,0,1,0,0
CLI-004543,309.0,6,3,1,33.3,3,0.7,1,0,6,2,29.4,2,1,31.38,0.03,0,0.12,0,0,0,0,1,0,0,0,0,1,0,0,0,0,0,0,0,0,0,1,1,0,0,0,1,0,0,0,0,1,0,0,0,0,0,0,1,1,0,0,0,0,0,1,0,1,0
CLI-000218,115057.0,14,152,53,34.9,14,8.8,6,4,3,3,4.4,4,0,7015.68,0.01,0,0.23,0,0,0,0,1,0,0,0,0,1,0,0,0,0,1,0,0,0,0,0,0,0,1,0,0,0,1,0,1,0,0,0,0,1,0,0,0,0,0,1,0,0,1,0,0,0,1
CLI-004500,30185.0,11,108,68,63.0,46,5.7,7,5,1,5,12.9,2,0,2454.05,0.0,0,0.44,1,0,0,0,0,0,0,0,0,0,0,0,1,0,0,0,0,0,1,0,0,0,1,0,0,1,0,0,0,0,0,0,1,0,0,0,1,0,1,0,1,0,0,0,0,1,0
CLI-002184,90030.0,17,39,19,48.7,26,3.9,11,2,0,8,6.6,1,0,2111.39,0.0,0,0.42,0,0,0,0,0,1,0,0,0,0,0,1,0,0,1,0,0,0,0,0,0,1,0,0,0,0,1,0,0,0,1,0,0,0,0,1,0,0,1,0,1,0,0,0,0,0,1
CLI-003772,132881.0,14,54,37,68.5,37,16.3,11,2,1,2,10.65,4,0,3057.54,0.0,0,0.42,0,0,0,0,0,0,1,0,0,0,0,0,0,1,0,0,0,0,0,1,0,0,1,0,0,0,1,0,0,1,0,0,0,1,0,0,0,0,0,1,0,0,0,1,0,0,1
CLI-003800,1050.0,1,3,1,33.3,1,0.2,1,0,13,4,28.4,4,2,42.7,0.43,0,0.12,0,0,1,0,0,0,0,0,0,0,0,0,1,0,1,0,0,0,0,0,1,0,0,0,1,0,0,0,0,0,0,0,1,1,0,0,0,0,0,1,0,0,0,1,1,0,0
CLI-004082,108995.0,11,218,142,65.1,42,14.1,4,4,0,3,23.1,3,2,3164.77,0.0,0,0.5,1,0,0,0,0,0,0,0,0,0,0,0,1,0,1,0,0,0,0,0,0,0,1,0,1,0,0,0,0,0,1,0,0,0,1,0,0,1,0,0,0,0,0,1,0,1,0
CLI-000516,5565.0,3,7,3,42.9,14,5.7,2,1,1,3,32.1,3,1,91.71,0.01,0,0.25,0,0,0,0,1,0,0,0,0,0,0,1,0,0,1,0,0,0,0,0,1,0,0,0,1,0,0,0,0,0,0,0,1,1,0,0,0,0,0,1,0,1,0,0,1,0,0
CLI-002339,33731.0,24,58,23,39.7,23,14.6,4,9,1,0,17.9,3,0,839.5,0.0,0,0.5,0,0,0,1,0,0,0,0,0,1,0,0,0,0,1,0,0,0,0,0,0,1,0,0,1,0,0,0,0,0,0,0,1,0,0,1,0,0,1,0,0,0,0,1,0,0,1
CLI-001052,9688.0,29,42,4,9.5,1,0.2,2,6,13,3,25.9,3,0,492.26,0.01,0,0.25,0,0,0,1,0,0,0,0,1,0,0,0,0,0,0,0,0,0,1,0,0,1,0,0,1,0,0,0,0,0,0,0,1,1,0,0,0,0,1,0,0,0,0,1,0,0,1
CLI-002367,1751.0,8,5,4,80.0,33,12.6,8,0,1,4,16.5,2,0,125.64,0.0,0,0.5,0,0,0,0,0,1,0,0,0,0,0,0,1,0,1,0,0,0,0,0,1,0,0,0,0,1,0,0,0,0,0,0,1,0,1,0,0,1,0,0,0,0,0,1,0,1,0
CLI-000205,12449.0,15,41,18,43.9,8,2.1,2,2,5,5,20.6,3,0,1025.0,0.01,0,0.12,0,1,0,0,0,0,0,0,0,0,0,1,0,0,1,0,0,0,0,0,0,1,0,0,0,1,0,0,1,0,0,0,0,1,0,0,0,0,1,0,0,0,0,1,0,0,1
CLI-003480,56157.0,14,42,29,69.0,28,9.8,14,2,0,6,6.4,3,0,1956.69,0.0,0,0.54,1,0,0,0,0,0,0,1,0,0,0,0,0,0,1,0,0,0,0,0,0,1,0,0,0,0,1,0,0,1,0,0,0,0,0,1,0,0,1,0,0,0,0,1,0,0,1
CLI-003803,282166.0,1,330,151,45.8,1,0.3,7,0,30,6,5.2,4,2,15641.13,1.0,1,0.27,0,0,0,1,0,0,0,0,0,0,0,0,0,1,1,0,0,0,0,0,0,0,0,1,0,0,1,0,0,0,0,1,0,0,0,0,1,0,0,1,0,1,0,0,1,0,0
CLI-003326,2855.0,17,10,7,70.0,62,42.5,26,3,2,1,4.8,4,0,580.27,0.0,0,0.65,0,0,0,1,0,0,0,0,0,0,1,0,0,0,0,0,0,1,0,0,0,1,0,0,0,0,0,1,1,0,0,0,0,0,0,1,0,0,1,0,0,0,1,0,0,0,1
CLI-004672,34105.0,6,46,38,82.6,60,5.7,26,2,0,0,2.6,4,1,3465.93,0.0,0,0.65,0,0,1,0,0,0,0,0,1,0,0,0,0,0,0,1,0,0,0,0,0,1,0,0,0,0,0,1,1,0,0,0,0,0,1,0,0,1,0,0,0,1,0,0,0,1,0
CLI-004436,335070.0,1,802,202,25.2,11,2.1,4,0,1,0,0.5,4,1,58374.49,0.03,0,0.1,0,1,0,0,0,0,0,0,0,0,1,0,0,0,1,0,0,0,0,0,0,0,0,1,0,0,0,1,0,0,0,0,1,0,0,1,0,0,0,1,0,0,0,1,1,0,0
CLI-002937,4431.0,9,4,1,25.0,1,0.1,4,2,8,1,5.2,4,0,200.15,0.03,0,0.15,0,0,0,0,1,0,0,0,0,1,0,0,0,0,1,0,0,0,0,0,1,0,0,0,0,0,1,0,0,0,0,1,0,0,1,0,0,1,0,0,0,0,0,1,0,1,0
CLI-003343,661.0,1,1,1,100.0,8,3.3,1,0,4,0,5.3,4,1,44.8,0.13,0,0.04,0,0,0,0,0,1,0,1,0,0,0,0,0,0,0,0,0,1,0,0,1,0,0,0,0,0,1,0,0,0,1,0,0,0,1,0,0,0,1,0,0,0,0,1,1,0,0
CLI-001639,23059.0,14,33,25,75.8,69,45.9,14,0,1,0,0.5,5,1,1406.05,0.0,0,0.54,0,0,0,0,0,0,1,0,0,0,0,1,0,0,0,0,0,0,1,0,0,1,0,0,0,0,1,0,0,0,1,0,0,0,0,0,1,1,0,0,0,0,0,1,0,0,1
CLI-000507,4888.0,9,32,26,81.2,28,8.1,3,4,1,3,31.7,3,1,397.42,0.0,0,0.38,0,0,1,0,0,0,0,0,0,0,0,0,0,1,0,0,0,0,0,1,0,1,0,0,1,0,0,0,0,0,0,0,1,0,1,0,0,0,0,1,0,1,0,0,0,1,0
CLI-001513,3133.0,12,5,1,50.0,1,0.1,6,4,10,4,7.4,2,0,212.24,0.03,0,0.23,1,0,0,0,0,0,0,1,0,0,0,0,0,0,1,0,0,0,0,0,1,0,0,0,0,0,1,0,0,1,0,0,0,0,1,0,0,1,0,0,0,0,0,1,0,1,0
CLI-000279,6536.0,9,45,21,46.7,13,2.3,9,2,1,4,18.5,3,0,1138.63,0.0,0,0.56,0,0,0,1,0,0,0,0,0,0,0,1,0,0,0,0,0,0,0,1,0,1,0,0,0,1,0,0,0,1,0,0,0,0,1,0,0,0,1,0,1,0,0,0,0,1,0
CLI-004286,7416.0,5,50,26,52.0,17,2.9,5,0,3,3,15.6,3,0,904.34,0.02,0,0.31,0,0,0,0,0,1,0,0,0,0,0,0,0,1,0,0,1,0,0,0,0,0,1,0,0,1,0,0,0,1,0,0,0,0,0,0,1,1,0,0,0,0,0,1,0,1,0
CLI-001766,300.0,1,4,2,50.0,27,6.9,2,0,0,4,25.1,2,3,41.55,0.0,0,0.25,0,0,0,0,0,0,1,1,0,0,0,0,0,0,0,0,0,0,0,1,1,0,0,0,1,0,0,0,0,0,1,0,0,0,0,1,0,0,1,0,1,0,0,0,1,0,0
CLI-003281,231570.0,6,174,24,13.8,1,0.1,6,2,8,7,4.4,2,2,12836.49,0.04,0,0.15,0,0,0,0,0,1,0,0,0,0,0,0,0,1,1,0,0,0,0,0,0,0,1,0,0,0,0,1,1,0,0,0,0,0,0,1,0,0,1,0,0,0,0,1,0,1,0
CLI-004876,3553.0,16,11,2,18.2,1,0.4,2,5,19,2,6.0,3,0,254.85,0.04,0,0.12,0,0,0,0,0,1,0,0,0,0,0,0,0,1,0,0,0,0,0,1,1,0,0,0,0,1,0,0,0,0,0,1,0,1,0,0,0,0,0,1,1,0,0,0,0,0,1
CLI-002512,23364.0,19,59,14,23.7,9,5.7,2,5,3,5,29.2,2,0,662.63,0.01,0,0.25,1,0,0,0,0,0,0,0,0,0,1,0,0,0,1,0,0,0,0,0,0,1,0,0,1,0,0,0,1,0,0,0,0,0,0,1,0,1,0,0,0,0,0,1,0,0,1
CLI-003021,704.0,4,11,3,27.3,10,3.1,1,0,1,1,18.0,3,3,122.67,0.01,0,0.12,0,1,0,0,0,0,0,0,0,0,0,0,0,1,0,0,0,1,0,0,1,0,0,0,1,0,0,0,0,1,0,0,0,1,0,0,0,0,0,1,0,1,0,0,0,1,0
CLI-003839,1873.0,8,11,8,72.7,9,2.1,2,0,5,3,18.8,4,0,126.92,0.02,0,0.25,1,0,0,0,0,0,0,0,1,0,0,0,0,0,1,0,0,0,0,0,1,0,0,0,1,0,0,0,1,0,0,0,0,0,0,0,1,1,0,0,0,0,0,1,0,1,0
CLI-001294,10959.0,4,36,14,38.9,3,0.8,9,0,3,1,6.5,3,1,1336.52,0.02,0,0.35,0,0,1,0,0,0,0,1,0,0,0,0,0,0,1,0,0,0,0,0,0,1,0,0,0,0,1,0,0,0,0,1,0,1,0,0,0,0,1,0,0,1,0,0,0,1,0
CLI-001120,4993.0,4,52,17,50.0,22,7.0,4,3,7,0,10.65,4,0,507.42,0.06,0,0.5,0,0,0,0,0,0,1,0,0,0,1,0,0,0,0,0,0,1,0,0,0,1,0,0,1,0,0,0,0,0,0,1,0,1,0,0,0,0,1,0,0,0,1,0,0,1,0
CLI-000287,72109.0,10,74,24,32.4,6,0.3,10,2,1,6,10.3,3,3,3664.1,0.0,0,0.38,0,1,0,0,0,0,0,0,0,0,0,0,0,1,0,0,0,0,1,0,0,0,1,0,0,0,1,0,0,0,1,0,0,0,1,0,0,0,1,0,0,0,0,1,0,1,0
CLI-000968,204329.0,7,621,477,76.8,57,36.3,7,1,0,4,15.6,1,3,20765.16,0.0,0,0.44,1,0,0,0,0,0,0,0,0,0,1,0,0,0,0,0,0,0,0,1,0,0,0,1,0,1,0,0,0,0,1,0,0,1,0,0,0,1,0,0,0,0,0,1,0,1,0
CLI-002784,958.0,17,7,6,85.7,35,13.2,3,6,0,0,14.6,5,0,64.93,0.0,0,0.38,0,1,0,0,0,0,0,0,0,0,0,0,1,0,1,0,0,0,0,0,1,0,0,0,1,0,0,0,0,1,0,0,0,0,0,0,1,0,1,0,0,0,1,0,0,0,1
CLI-003552,222322.0,21,267,115,43.1,13,4.4,9,6,1,2,4.5,4,0,12910.68,0.0,0,0.35,0,0,1,0,0,0,0,1,0,0,0,0,0,0,1,0,0,0,0,0,0,0,0,1,0,0,1,0,0,0,0,0,1,1,0,0,0,0,0,1,0,0,1,0,0,0,1
CLI-003571,62746.0,13,57,27,47.4,22,9.9,4,1,0,8,36.3,1,0,910.94,0.0,0,0.5,0,0,0,0,0,0,1,0,0,1,0,0,0,0,0,0,1,0,0,0,0,1,0,0,1,0,0,0,1,0,0,0,0,0,1,0,0,0,1,0,0,0,0,1,0,0,1
CLI-004756,19892.0,3,22,14,63.6,33,11.1,7,1,1,11,17.8,2,3,622.02,0.01,0,0.44,1,0,0,0,0,0,0,1,0,0,0,0,0,0,0,0,0,0,1,0,0,1,0,0,0,1,0,0,0,0,0,1,0,0,0,1,0,1,0,0,1,0,0,0,1,0,0
CLI-002494,2555.0,17,11,5,45.5,6,3.1,6,3,0,6,16.5,2,0,275.0,0.0,0,0.38,0,0,0,0,0,1,0,0,1,0,0,0,0,0,0,1,0,0,0,0,0,1,0,0,0,1,0,0,0,1,0,0,0,1,0,0,0,0,0,1,0,0,0,1,0,0,1
CLI-000705,787.0,6,6,4,66.7,54,33.5,4,2,1,3,28.1,3,1,79.97,0.01,0,0.5,0,0,0,0,1,0,0,0,0,1,0,0,0,0,1,0,0,0,0,0,1,0,0,0,1,0,0,0,0,0,0,0,1,0,0,1,0,1,0,0,0,1,0,0,0,1,0
CLI-002744,968.0,10,3,1,33.3,1,0.5,4,0,4,5,14.2,1,1,65.58,0.01,0,0.25,0,0,0,0,0,0,1,1,0,0,0,0,0,0,1,0,0,0,0,0,1,0,0,0,0,1,0,0,0,0,1,0,0,0,1,0,0,1,0,0,0,0,0,1,0,1,0
CLI-000670,333452.0,12,199,0,0.0,0,5.7,0,0,114,0,2.0,5,0,18484.05,0.32,1,0.0,0,0,0,0,0,0,1,0,0,0,0,1,0,0,1,0,0,0,0,0,0,0,1,0,0,0,0,1,0,0,0,1,0,0,0,1,0,0,0,1,1,0,0,0,0,1,0
CLI-003631,77540.0,15,40,25,62.5,5,4.3,5,4,7,5,17.3,2,0,1153.19,0.02,0,0.31,0,1,0,0,0,0,0,0,0,0,0,1,0,0,1,0,0,0,0,0,0,1,0,0,0,1,0,0,0,0,1,0,0,0,0,0,1,0,0,1,0,0,0,1,0,0,1
CLI-002939,151896.0,4,95,56,58.9,38,10.5,20,0,0,8,3.3,2,1,7409.56,0.0,0,0.5,0,0,0,0,1,0,0,0,0,1,0,0,0,0,0,1,0,0,0,0,0,0,1,0,0,0,0,1,0,1,0,0,0,0,1,0,0,1,0,0,0,0,0,1,0,1,0
CLI-002741,2194.0,8,8,4,50.0,5,2.1,0,1,0,0,26.4,3,1,78.68,0.0,0,0.0,0,0,0,0,0,0,1,1,0,0,0,0,0,0,1,0,0,0,0,0,0,1,0,0,1,0,0,0,0,1,0,0,0,0,1,0,0,0,1,0,0,1,0,0,0,1,0
CLI-002792,119160.0,26,141,0,0.0,0,0.0,0,0,113,1,4.7,4,0,5812.66,0.14,1,0.0,0,0,0,0,0,0,1,0,0,0,0,0,0,1,1,0,0,0,0,0,0,0,1,0,0,0,1,0,1,0,0,0,0,1,0,0,0,0,0,1,1,0,0,0,0,0,1
CLI-004647,397.0,16,5,2,40.0,11,4.7,4,2,6,3,29.2,4,0,48.4,0.01,0,0.5,0,1,0,0,0,0,0,0,0,1,0,0,0,0,1,0,0,0,0,0,1,0,0,0,1,0,0,0,0,1,0,0,0,0,0,1,0,0,0,1,0,1,0,0,0,0,1
CLI-003608,1023.0,22,3,2,66.7,46,22.4,4,3,0,3,30.6,2,0,41.6,0.0,0,0.5,0,0,0,0,0,1,0,1,0,0,0,0,0,0,0,0,0,0,1,0,1,0,0,0,1,0,0,0,0,0,0,0,1,0,0,1,0,1,0,0,1,0,0,0,0,0,1
CLI-000220,103739.0,15,169,138,81.7,38,29.0,7,4,1,0,6.1,3,0,9036.52,0.0,0,0.27,1,0,0,0,0,0,0,0,0,0,1,0,0,0,1,0,0,0,0,0,0,0,1,0,0,0,1,0,0,0,0,1,0,0,0,1,0,0,1,0,0,0,0,1,0,0,1
CLI-000741,64700.0,11,44,10,22.7,8,5.7,6,0,2,0,3.9,3,0,2254.37,0.01,0,0.23,0,1,0,0,0,0,0,0,0,0,1,0,0,0,0,1,0,0,0,0,0,1,0,0,0,0,1,0,0,1,0,0,0,0,1,0,0,1,0,0,0,0,0,1,0,1,0
CLI-002297,363354.0,20,202,164,81.2,49,22.5,7,6,1,3,13.5,3,0,4923.5,0.0,0,0.44,0,0,0,1,0,0,0,0,0,1,0,0,0,0,1,0,0,0,0,0,0,0,1,0,0,1,0,0,1,0,0,0,0,0,0,0,1,1,0,0,0,1,0,0,0,0,1
CLI-000910,36664.0,1,28,0,0.0,0,0.0,0,0,30,1,8.8,3,1,1397.26,1.0,1,0.0,1,0,0,0,0,0,0,1,0,0,0,0,0,0,1,0,0,0,0,0,0,1,0,0,0,0,1,0,0,0,1,0,0,0,1,0,0,0,0,1,1,0,0,0,1,0,0
CLI-003978,86684.0,10,123,106,86.2,46,20.6,5,2,0,1,7.2,5,1,3020.34,0.0,0,0.31,0,0,0,0,1,0,0,0,1,0,0,0,0,0,1,0,0,0,0,0,0,0,1,0,0,1,0,0,0,0,0,0,1,0,0,1,0,0,0,1,0,1,0,0,0,1,0
CLI-001559,8554.0,4,20,0,0.0,0,0.0,0,0,120,0,9.1,2,1,474.15,1.0,1,0.0,0,0,0,1,0,0,0,0,0,1,0,0,0,0,1,0,0,0,0,0,0,1,0,0,0,1,0,0,0,0,1,0,0,0,1,0,0,0,1,0,0,0,0,1,0,1,0
CLI-001554,1382.0,8,11,5,50.0,10,3.6,2,0,1,2,22.5,3,2,120.37,0.0,0,0.25,0,0,0,1,0,0,0,0,0,0,0,1,0,0,0,0,0,0,1,0,1,0,0,0,1,0,0,0,0,1,0,0,0,0,1,0,0,1,0,0,0,0,0,1,0,1,0
CLI-004892,90000.0,12,180,131,72.8,63,48.3,7,9,1,2,15.2,3,0,4221.41,0.0,0,0.44,0,1,0,0,0,0,0,0,0,0,1,0,0,0,0,0,1,0,0,0,0,0,1,0,0,1,0,0,0,1,0,0,0,1,0,0,0,0,1,0,0,1,0,0,0,1,0
CLI-004419,31394.0,16,27,5,18.5,1,0.1,7,5,17,5,8.3,5,0,1320.19,0.04,0,0.27,0,0,0,0,0,1,0,1,0,0,0,0,0,0,1,0,0,0,0,0,0,1,0,0,0,0,1,0,0,0,0,0,1,0,0,1,0,1,0,0,0,0,0,1,0,0,1
CLI-003666,2593.0,5,10,8,80.0,45,23.1,13,1,1,5,8.7,3,1,451.68,0.01,0,0.5,0,0,0,1,0,0,0,0,0,0,1,0,0,0,0,0,0,1,0,0,1,0,0,0,0,0,1,0,0,0,0,0,1,0,1,0,0,0,1,0,0,0,0,1,0,1,0
CLI-004852,676.0,6,1,1,100.0,49,39.4,9,1,2,2,5.6,4,0,24.99,0.01,0,0.56,0,1,0,0,0,0,0,0,0,0,1,0,0,0,1,0,0,0,0,0,1,0,0,0,0,1,0,0,0,1,0,0,0,0,0,0,1,1,0,0,0,0,0,1,0,1,0
CLI-001713,78025.0,16,46,38,82.6,61,53.8,14,6,1,2,3.7,3,0,2378.8,0.0,0,0.54,1,0,0,0,0,0,0,0,0,0,0,1,0,0,1,0,0,0,0,0,0,1,0,0,0,0,1,0,0,0,0,0,1,1,0,0,0,0,0,1,0,1,0,0,0,0,1
CLI-003665,1345.0,1,8,4,50.0,42,5.7,5,0,2,0,29.2,4,1,96.45,0.07,0,0.62,1,0,0,0,0,0,0,0,0,0,1,0,0,0,1,0,0,0,0,0,1,0,0,0,1,0,0,0,0,0,0,0,1,0,0,1,0,0,0,1,0,1,0,0,1,0,0
CLI-002212,79280.0,10,210,122,58.1,33,9.4,10,1,0,0,2.3,3,1,6905.92,0.0,0,0.38,0,0,0,0,0,1,0,0,0,0,0,1,0,0,1,0,0,0,0,0,0,0,1,0,0,0,1,0,0,0,0,1,0,0,1,0,0,0,0,1,0,0,0,1,0,1,0
CLI-004449,300.0,23,1,1,100.0,37,3.2,8,7,1,1,9.9,4,0,21.54,0.0,0,0.5,0,0,0,1,0,0,0,0,0,0,0,0,0,1,1,0,0,0,0,0,1,0,0,0,0,1,0,0,0,0,0,0,1,0,0,1,0,1,0,0,0,0,1,0,0,0,1
CLI-002474,826675.0,8,814,0,0.0,0,0.0,0,0,63,0,1.5,2,2,30549.69,0.26,1,0.0,0,1,0,0,0,0,0,0,0,0,1,0,0,0,0,0,0,1,0,0,0,0,0,1,0,0,1,0,1,0,0,0,0,0,0,0,1,0,1,0,0,0,0,1,0,1,0
CLI-000446,16993.0,1,12,8,66.7,41,11.8,8,1,1,2,14.4,4,0,323.8,0.03,0,0.5,1,0,0,0,0,0,0,0,0,1,0,0,0,0,1,0,0,0,0,0,0,1,0,0,0,1,0,0,0,0,0,0,1,0,0,0,1,1,0,0,0,0,0,1,1,0,0
CLI-000737,553.0,22,9,3,33.3,2,1.0,3,8,2,1,17.3,3,0,112.4,0.0,0,0.38,0,1,0,0,0,0,0,0,0,0,0,1,0,0,1,0,0,0,0,0,1,0,0,0,1,0,0,0,1,0,0,0,0,0,0,1,0,1,0,0,0,0,0,1,0,0,1
CLI-002578,3889.0,1,9,6,66.7,29,5.7,7,1,1,6,14.1,2,3,225.83,0.03,0,0.44,0,1,0,0,0,0,0,0,0,0,0,1,0,0,1,0,0,0,0,0,1,0,0,0,0,1,0,0,0,0,0,0,1,0,0,1,0,1,0,0,1,0,0,0,1,0,0
CLI-003320,262639.0,12,179,99,55.3,27,17.4,7,1,2,1,5.7,4,0,15251.95,0.01,0,0.18,0,0,0,0,0,1,0,0,0,0,0,1,0,0,1,0,0,0,0,0,0,0,1,0,0,0,0,1,0,0,1,0,0,0,0,1,0,1,0,0,0,0,0,1,0,1,0
CLI-000090,5423.0,1,11,7,63.6,6,0.4,8,0,2,3,22.0,3,1,275.54,0.07,0,0.5,0,1,0,0,0,0,0,0,0,1,0,0,0,0,0,0,1,0,0,0,0,1,0,0,0,1,0,0,0,0,0,1,0,0,0,0,1,0,0,1,0,1,0,0,1,0,0
CLI-004750,3327.0,1,27,0,0.0,0,5.7,0,0,30,7,27.6,2,0,338.06,1.0,1,0.0,0,0,1,0,0,0,0,0,0,0,0,0,0,1,1,0,0,0,0,0,0,1,0,0,1,0,0,0,1,0,0,0,0,0,0,1,0,1,0,0,0,0,0,1,1,0,0
CLI-002294,31238.0,1,49,18,36.7,3,5.7,1,0,11,3,6.2,1,0,3463.2,0.37,0,0.02,1,0,0,0,0,0,0,0,0,0,0,0,1,0,0,0,0,0,1,0,0,0,1,0,0,0,0,1,0,0,0,1,0,0,0,0,1,0,1,0,1,0,0,0,1,0,0
CLI-001949,10524.0,10,29,14,48.3,12,5.7,3,5,4,10,14.2,3,1,754.95,0.01,0,0.19,0,0,0,1,0,0,0,0,0,0,0,1,0,0,1,0,0,0,0,0,0,1,0,0,0,1,0,0,0,1,0,0,0,1,0,0,0,0,0,1,1,0,0,0,0,1,0
CLI-003850,6745.0,16,9,6,66.7,26,22.1,5,1,0,4,14.4,4,0,235.03,0.0,0,0.31,0,0,0,1,0,0,0,0,0,1,0,0,0,0,1,0,0,0,0,0,1,0,0,0,0,1,0,0,0,0,0,0,1,1,0,0,0,0,0,1,0,0,0,1,0,0,1
CLI-003686,1306.0,2,14,8,57.1,32,12.3,7,1,5,6,13.4,3,0,318.51,0.08,0,0.44,0,0,0,0,0,1,0,0,0,0,0,1,0,0,1,0,0,0,0,0,0,1,0,0,0,1,0,0,0,0,1,0,0,0,0,0,1,0,1,0,0,1,0,0,1,0,0
CLI-001292,32088.0,8,53,5,9.4,1,0.1,3,1,0,3,10.65,3,0,2608.78,0.0,0,0.12,1,0,0,0,0,0,0,1,0,0,0,0,0,0,1,0,0,0,0,0,0,1,0,0,0,0,1,0,0,0,1,0,0,0,0,1,0,1,0,0,0,0,0,1,0,1,0
CLI-004115,2193.0,12,7,5,71.4,35,17.1,2,3,0,9,10.65,1,1,83.59,0.0,0,0.25,0,0,0,1,0,0,0,0,0,0,0,1,0,0,1,0,0,0,0,0,1,0,0,0,1,0,0,0,0,0,0,1,0,0,1,0,0,1,0,0,1,0,0,0,0,1,0
CLI-001466,118857.0,29,51,38,74.5,82,55.6,22,9,1,2,2.8,4,0,4026.32,0.0,0,0.55,1,0,0,0,0,0,0,0,0,1,0,0,0,0,1,0,0,0,0,0,0,1,0,0,0,0,0,1,0,0,1,0,0,0,1,0,0,0,0,1,0,0,0,1,0,0,1
CLI-001244,2056.0,15,7,4,57.1,44,3.1,4,2,1,5,47.7,2,0,80.87,0.0,0,0.5,0,0,0,0,1,0,0,0,0,0,0,0,0,1,1,0,0,0,0,0,1,0,0,0,1,0,0,0,0,0,1,0,0,0,1,0,0,0,0,1,1,0,0,0,0,0,1
CLI-002403,10542.0,15,42,9,21.4,1,0.2,0,2,10,3,14.0,4,0,988.96,0.02,0,0.0,1,0,0,0,0,0,0,0,0,0,1,0,0,0,1,0,0,0,0,0,0,1,0,0,0,1,0,0,0,0,0,1,0,0,1,0,0,0,1,0,0,0,0,1,0,0,1
CLI-001711,2708.0,10,5,4,80.0,72,41.2,4,1,0,3,28.2,4,2,66.06,0.0,0,0.5,0,1,0,0,0,0,0,0,1,0,0,0,0,0,1,0,0,0,0,0,1,0,0,0,1,0,0,0,0,0,0,0,1,0,1,0,0,0,0,1,0,0,0,1,0,1,0
CLI-003301,45156.0,10,57,25,43.9,22,2.9,4,2,4,0,6.4,5,1,1223.74,0.01,0,0.25,0,0,0,0,0,0,1,0,0,0,0,1,0,0,0,0,1,0,0,0,0,1,0,0,0,1,0,0,0,0,1,0,0,1,0,0,0,1,0,0,0,1,0,0,0,1,0
CLI-002747,3381.0,21,7,6,85.7,66,10.0,7,3,1,0,16.5,3,0,206.15,0.0,0,0.44,0,1,0,0,0,0,0,1,0,0,0,0,0,0,1,0,0,0,0,0,1,0,0,0,0,1,0,0,0,0,1,0,0,0,0,1,0,0,0,1,0,1,0,0,0,0,1
CLI-004239,2733.0,6,4,1,25.0,1,0.6,4,0,9,0,9.4,4,1,107.5,0.05,0,0.25,0,0,0,1,0,0,0,0,0,0,1,0,0,0,1,0,0,0,0,0,1,0,0,0,0,1,0,0,1,0,0,0,0,0,1,0,0,0,1,0,0,0,0,1,0,1,0
CLI-002298,1489837.0,12,880,453,51.5,27,12.2,11,1,1,0,6.9,3,0,40374.98,0.0,0,0.42,1,0,0,0,0,0,0,0,0,1,0,0,0,0,0,1,0,0,0,0,0,0,0,1,0,0,1,0,0,1,0,0,0,0,1,0,0,1,0,0,0,1,0,0,0,1,0
CLI-002043,300.0,20,3,1,33.3,1,0.5,2,6,13,2,19.2,4,0,31.68,0.02,0,0.25,0,0,0,0,0,0,1,0,0,1,0,0,0,0,0,1,0,0,0,0,1,0,0,0,1,0,0,0,1,0,0,0,0,0,0,0,1,0,1,0,0,1,0,0,0,0,1
CLI-001376,300.0,14,1,1,100.0,17,5.4,2,1,2,3,21.2,4,0,12.27,0.0,0,0.25,0,0,0,1,0,0,0,0,0,0,1,0,0,0,1,0,0,0,0,0,1,0,0,0,1,0,0,0,0,0,1,0,0,0,1,0,0,0,1,0,0,0,0,1,0,0,1
CLI-002932,25184.0,12,52,14,26.9,4,0.5,3,0,8,5,16.0,3,0,1335.29,0.02,0,0.19,0,0,1,0,0,0,0,1,0,0,0,0,0,0,0,0,0,0,1,0,0,1,0,0,0,1,0,0,1,0,0,0,0,0,1,0,0,1,0,0,0,0,0,1,0,1,0
CLI-000904,22462.0,1,34,27,79.4,35,23.2,8,0,0,4,16.7,3,2,1014.53,0.0,0,0.5,0,0,0,0,0,1,0,0,0,0,0,0,1,0,0,0,1,0,0,0,0,1,0,0,0,1,0,0,0,0,1,0,0,0,1,0,0,0,0,1,0,0,0,1,1,0,0
CLI-004465,12234.0,11,52,26,50.0,27,16.6,3,0,0,2,20.3,5,1,621.65,0.0,0,0.38,0,0,1,0,0,0,0,0,1,0,0,0,0,0,1,0,0,0,0,0,0,1,0,0,1,0,0,0,0,1,0,0,0,0,1,0,0,1,0,0,0,0,0,1,0,1,0
CLI-001051,2303.0,27,6,2,33.3,1,0.4,2,6,25,5,30.2,4,0,72.0,0.03,0,0.25,0,0,0,0,1,0,0,0,0,1,0,0,0,0,0,1,0,0,0,0,1,0,0,0,1,0,0,0,0,0,0,1,0,0,0,1,0,0,0,1,0,0,0,1,0,0,1
CLI-002383,53633.0,13,47,39,83.0,61,38.1,32,5,0,0,0.5,5,0,4087.87,0.0,0,0.8,1,0,0,0,0,0,0,0,0,0,0,0,0,1,0,1,0,0,0,0,0,1,0,0,0,0,0,1,1,0,0,0,0,1,0,0,0,1,0,0,0,0,0,1,0,0,1
CLI-004879,855121.0,13,836,657,78.6,24,4.1,16,4,2,2,10.65,3,0,69522.07,0.01,0,0.4,1,0,0,0,0,0,0,0,0,0,0,0,1,0,1,0,0,0,0,0,0,0,0,1,0,0,0,1,1,0,0,0,0,0,0,1,0,0,1,0,0,0,0,1,0,0,1
CLI-004221,262105.0,16,143,131,91.6,64,51.6,10,7,1,0,3.5,5,0,4501.98,0.0,0,0.62,0,0,1,0,0,0,0,0,0,0,1,0,0,0,1,0,0,0,0,0,0,0,1,0,0,1,0,0,1,0,0,0,0,1,0,0,0,0,1,0,0,0,0,1,0,0,1
CLI-002643,13981.0,16,41,17,41.5,6,1.7,4,2,12,0,0.5,4,0,811.93,0.02,0,0.25,0,0,0,0,0,1,0,0,0,1,0,0,0,0,0,0,0,1,0,0,0,1,0,0,0,1,0,0,0,1,0,0,0,0,0,0,1,0,0,1,0,1,0,0,0,0,1
CLI-000626,1596.0,9,10,3,30.0,1,0.1,1,4,19,0,12.4,4,1,121.65,0.07,0,0.12,1,0,0,0,0,0,0,0,1,0,0,0,0,0,1,0,0,0,0,0,1,0,0,0,1,0,0,0,0,1,0,0,0,0,0,0,1,0,1,0,0,0,0,1,0,1,0
CLI-001093,13466.0,2,25,14,56.0,28,9.8,8,0,1,1,9.7,3,0,714.02,0.02,0,0.5,0,0,1,0,0,0,0,0,1,0,0,0,0,0,1,0,0,0,0,0,0,1,0,0,0,1,0,0,0,0,1,0,0,0,0,0,1,1,0,0,0,1,0,0,1,0,0
CLI-001353,126906.0,23,51,37,72.5,26,7.5,6,5,1,0,0.5,5,0,2120.05,0.0,0,0.23,0,0,0,0,1,0,0,0,0,0,0,0,0,1,1,0,0,0,0,0,0,1,0,0,0,0,1,0,0,1,0,0,0,0,1,0,0,0,0,1,0,0,1,0,0,0,1
CLI-001808,5947.0,5,21,11,52.4,16,5.7,4,2,0,1,17.5,4,1,196.01,0.0,0,0.5,0,0,0,1,0,0,0,0,0,0,0,0,1,0,1,0,0,0,0,0,0,1,0,0,1,0,0,0,1,0,0,0,0,0,1,0,0,0,0,1,0,1,0,0,0,1,0
CLI-001753,1347078.0,10,695,285,41.0,19,9.2,16,1,1,2,2.8,3,0,60843.62,0.0,0,0.4,0,0,1,0,0,0,0,1,0,0,0,0,0,0,1,0,0,0,0,0,0,0,0,1,0,0,0,1,0,0,0,1,0,1,0,0,0,0,0,1,0,1,0,0,0,1,0
CLI-001066,601190.0,15,123,87,70.7,72,61.8,15,3,3,1,5.4,4,0,6109.65,0.01,0,0.58,0,0,0,1,0,0,0,0,0,0,0,1,0,0,1,0,0,0,0,0,0,0,1,0,0,0,1,0,0,0,1,0,0,0,0,0,1,1,0,0,0,0,0,1,0,0,1
CLI-002154,800202.0,13,831,151,18.2,1,5.7,3,3,4,5,3.8,3,1,39034.24,0.01,0,0.12,0,0,1,0,0,0,0,0,0,0,1,0,0,0,1,0,0,0,0,0,0,0,0,1,0,0,1,0,0,0,0,1,0,1,0,0,0,0,1,0,0,0,0,1,0,0,1
CLI-000730,20375.0,17,34,30,88.2,66,5.7,4,3,1,4,33.7,3,0,460.14,0.0,0,0.5,0,0,0,0,1,0,0,0,1,0,0,0,0,0,0,0,0,0,0,1,0,1,0,0,1,0,0,0,0,0,0,0,1,1,0,0,0,0,0,1,0,1,0,0,0,0,1
CLI-001322,70559.0,11,51,34,66.7,23,8.8,9,4,0,6,7.9,3,0,2325.61,0.0,0,0.35,0,0,0,0,0,1,0,0,0,1,0,0,0,0,1,0,0,0,0,0,0,1,0,0,0,0,1,0,0,0,0,0,1,0,0,1,0,0,0,1,0,0,1,0,0,1,0
CLI-002757,6967.0,24,9,5,55.6,41,20.8,10,7,0,0,6.4,3,0,249.9,0.0,0,0.62,0,0,0,0,1,0,0,0,0,0,1,0,0,0,1,0,0,0,0,0,1,0,0,0,0,1,0,0,1,0,0,0,0,0,0,0,1,1,0,0,0,0,1,0,0,0,1
CLI-004640,61966.0,20,46,27,58.7,46,14.9,17,5,0,0,10.65,4,0,2361.5,0.0,0,0.65,0,0,0,0,1,0,0,0,0,0,0,0,0,1,0,1,0,0,0,0,0,0,1,0,0,0,1,0,0,0,0,1,0,1,0,0,0,1,0,0,0,0,0,1,0,0,1
CLI-001850,7343.0,20,33,17,51.5,32,21.8,3,5,0,3,10.65,4,0,389.33,0.0,0,0.38,0,0,0,0,0,1,0,1,0,0,0,0,0,0,1,0,0,0,0,0,0,1,0,0,1,0,0,0,0,1,0,0,0,0,0,1,0,1,0,0,0,0,1,0,0,0,1
CLI-004917,62098.0,13,182,62,34.1,13,5.9,2,1,1,0,5.9,5,0,8190.0,0.0,0,0.08,0,0,0,0,0,1,0,0,1,0,0,0,0,0,1,0,0,0,0,0,0,0,1,0,0,0,1,0,0,0,0,0,1,0,0,1,0,0,0,1,0,1,0,0,0,0,1
CLI-000806,300.0,13,1,1,100.0,39,4.3,1,2,1,1,20.7,4,0,12.01,0.0,0,0.12,1,0,0,0,0,0,0,0,0,1,0,0,0,0,0,0,0,0,0,1,1,0,0,0,1,0,0,0,1,0,0,0,0,0,0,1,0,1,0,0,0,1,0,0,0,0,1
CLI-002662,514709.0,13,431,37,8.6,1,0.1,4,2,24,0,1.2,4,0,29890.16,0.06,0,0.1,0,1,0,0,0,0,0,0,1,0,0,0,0,0,1,0,0,0,0,0,0,0,0,1,0,0,0,1,1,0,0,0,0,1,0,0,0,0,1,0,0,0,0,1,0,0,1
CLI-001205,2153.0,15,16,10,62.5,14,4.6,8,5,5,1,11.7,4,0,375.12,0.01,0,0.5,0,0,0,1,0,0,0,1,0,0,0,0,0,0,0,0,0,1,0,0,0,1,0,0,0,1,0,0,0,1,0,0,0,0,0,0,1,1,0,0,0,0,0,1,0,0,1
CLI-004182,92757.0,6,140,115,82.1,78,45.8,19,0,1,0,5.8,5,0,6654.05,0.01,0,0.73,0,0,1,0,0,0,0,0,1,0,0,0,0,0,0,1,0,0,0,0,0,0,1,0,0,0,1,0,0,0,0,0,1,0,0,1,0,0,0,1,0,0,0,1,0,1,0
CLI-003586,135531.0,16,99,67,67.7,51,7.4,5,4,1,5,17.6,3,0,2542.79,0.0,0,0.31,1,0,0,0,0,0,0,0,0,0,0,1,0,0,1,0,0,0,0,0,0,0,1,0,0,1,0,0,0,1,0,0,0,0,0,1,0,0,0,1,0,1,0,0,0,0,1
CLI-000260,72710.0,8,49,18,36.7,9,3.9,8,0,1,0,0.5,5,3,2607.96,0.0,0,0.31,0,1,0,0,0,0,0,0,0,1,0,0,0,0,1,0,0,0,0,0,0,1,0,0,0,0,1,0,1,0,0,0,0,1,0,0,0,0,1,0,0,0,0,1,0,1,0
CLI-000174,508.0,10,6,5,83.3,81,23.2,4,2,0,0,15.6,5,0,68.8,0.0,0,0.5,0,0,0,0,0,0,1,0,1,0,0,0,0,0,0,0,0,0,1,0,0,1,0,0,1,0,0,0,0,1,0,0,0,1,0,0,0,0,0,1,0,0,0,1,0,1,0
CLI-003865,1273.0,11,11,1,9.1,1,0.2,1,2,1,1,17.4,4,0,129.37,0.0,0,0.12,0,1,0,0,0,0,0,0,1,0,0,0,0,0,1,0,0,0,0,0,1,0,0,0,1,0,0,0,0,0,0,1,0,1,0,0,0,0,0,1,1,0,0,0,0,1,0
CLI-003737,56580.0,3,124,92,74.2,55,20.9,9,1,1,0,11.6,3,1,3285.69,0.01,0,0.56,0,0,0,0,1,0,0,0,1,0,0,0,0,0,1,0,0,0,0,0,0,0,1,0,0,1,0,0,0,0,0,1,0,0,0,0,1,1,0,0,0,0,0,1,1,0,0
CLI-002719,718957.0,8,234,160,68.4,65,46.2,14,4,0,2,7.0,4,1,10824.4,0.0,0,0.54,1,0,0,0,0,0,0,0,0,1,0,0,0,0,0,0,0,0,0,1,0,0,0,1,0,0,1,0,0,0,0,1,0,1,0,0,0,0,1,0,0,0,1,0,0,1,0
CLI-000607,25642.0,1,36,25,69.4,26,8.4,7,2,0,3,15.2,3,1,900.0,0.0,0,0.44,1,0,0,0,0,0,0,0,0,0,1,0,0,0,0,0,0,0,1,0,0,1,0,0,0,1,0,0,1,0,0,0,0,1,0,0,0,1,0,0,0,0,0,1,1,0,0
CLI-001995,1131.0,9,11,6,54.5,17,4.0,4,1,8,6,10.65,3,1,229.96,0.03,0,0.25,1,0,0,0,0,0,0,1,0,0,0,0,0,0,0,0,0,0,0,1,1,0,0,0,0,1,0,0,1,0,0,0,0,0,0,0,1,0,1,0,0,0,0,1,0,1,0
CLI-004555,127711.0,9,186,91,48.9,26,13.0,13,2,1,6,6.1,2,0,8197.13,0.0,0,0.5,1,0,0,0,0,0,0,1,0,0,0,0,0,0,0,0,0,0,0,1,0,0,1,0,0,0,1,0,0,0,1,0,0,0,0,1,0,1,0,0,1,0,0,0,0,1,0
CLI-000490,370.0,14,3,2,66.7,32,19.0,3,5,1,1,21.9,4,0,37.61,0.0,0,0.38,0,0,0,0,0,0,1,0,1,0,0,0,0,0,1,0,0,0,0,0,1,0,0,0,1,0,0,0,0,0,0,1,0,0,0,1,0,1,0,0,0,0,0,1,0,0,1
CLI-003478,123468.0,1,140,80,57.1,43,24.5,9,0,1,3,7.8,3,3,6273.76,0.03,0,0.35,0,1,0,0,0,0,0,0,0,0,0,0,1,0,1,0,0,0,0,0,0,0,1,0,0,0,1,0,0,0,0,0,1,0,0,0,1,0,0,1,0,1,0,0,1,0,0
CLI-000978,304.0,6,1,1,100.0,24,12.8,1,2,2,2,21.0,4,1,10.91,0.01,0,0.12,1,0,0,0,0,0,0,0,0,0,0,1,0,0,1,0,0,0,0,0,1,0,0,0,1,0,0,0,0,0,1,0,0,0,0,0,1,0,0,1,0,0,0,1,0,1,0
CLI-000876,7381.0,15,8,1,12.5,4,1.9,0,3,0,0,16.8,3,0,105.89,0.0,0,0.0,0,0,0,0,0,1,0,0,0,0,0,1,0,0,1,0,0,0,0,0,1,0,0,0,1,0,0,0,0,0,0,1,0,0,0,1,0,0,0,1,1,0,0,0,0,0,1
CLI-001927,43172.0,5,136,35,25.7,1,0.3,3,1,2,5,5.7,2,0,5264.91,0.01,0,0.12,0,0,0,1,0,0,0,0,0,1,0,0,0,0,0,0,0,1,0,0,0,0,0,1,0,0,1,0,0,0,0,0,1,0,0,1,0,0,1,0,1,0,0,0,0,1,0
CLI-002828,6757.0,5,8,1,50.0,1,0.1,1,0,4,3,10.65,4,1,588.62,0.03,0,0.02,0,0,0,0,0,1,0,1,0,0,0,0,0,0,1,0,0,0,0,0,1,0,0,0,0,0,0,1,0,0,0,1,0,0,0,1,0,0,1,0,0,0,0,1,0,1,0
CLI-003328,106493.0,6,185,149,80.5,49,22.9,12,0,2,3,8.8,3,1,9276.36,0.01,0,0.46,0,1,0,0,0,0,0,0,0,0,0,0,1,0,1,0,0,0,0,0,0,0,1,0,0,0,1,0,0,1,0,0,0,0,0,1,0,0,0,1,0,0,0,1,0,1,0
CLI-000324,8071.0,9,8,3,37.5,24,10.3,4,3,1,3,11.4,4,0,193.0,0.0,0,0.25,0,0,0,0,0,0,1,0,0,0,0,1,0,0,1,0,0,0,0,0,1,0,0,0,0,1,0,0,1,0,0,0,0,1,0,0,0,0,0,1,0,0,1,0,0,1,0
CLI-004903,3012.0,9,2,2,100.0,87,94.5,12,1,1,0,0.8,4,1,99.26,0.0,0,0.46,1,0,0,0,0,0,0,0,0,0,0,1,0,0,0,0,1,0,0,0,1,0,0,0,0,0,1,0,0,0,0,1,0,0,0,1,0,0,1,0,0,1,0,0,0,1,0
CLI-001412,5301.0,1,81,56,69.1,30,20.2,4,0,0,7,34.0,3,2,972.0,0.0,0,0.5,0,1,0,0,0,0,0,0,0,1,0,0,0,0,0,0,0,1,0,0,0,0,1,0,1,0,0,0,0,0,0,0,1,1,0,0,0,0,0,1,1,0,0,0,1,0,0
CLI-000182,17705.0,1,38,28,73.7,52,10.1,6,0,0,1,15.7,3,1,981.43,0.0,0,0.38,0,0,0,0,0,1,0,0,0,0,0,1,0,0,0,0,0,1,0,0,0,1,0,0,0,1,0,0,0,1,0,0,0,0,0,1,0,0,1,0,0,1,0,0,1,0,0
CLI-002057,13164.0,16,49,35,71.4,30,5.8,7,2,2,1,13.3,3,0,1234.89,0.0,0,0.44,0,0,1,0,0,0,0,0,1,0,0,0,0,0,1,0,0,0,0,0,0,1,0,0,0,1,0,0,0,1,0,0,0,0,0,0,1,1,0,0,0,0,0,1,0,0,1
CLI-000723,300.0,14,1,1,100.0,30,17.6,3,3,2,1,20.3,2,0,10.85,0.0,0,0.38,0,0,0,1,0,0,0,0,0,0,1,0,0,0,0,1,0,0,0,0,1,0,0,0,1,0,0,0,1,0,0,0,0,0,0,0,1,0,0,1,1,0,0,0,0,0,1
CLI-002430,22623.0,2,49,29,59.2,41,7.3,7,0,2,3,10.1,2,1,1225.0,0.03,0,0.44,0,0,0,0,0,1,0,0,0,0,1,0,0,0,1,0,0,0,0,0,0,0,1,0,0,1,0,0,0,1,0,0,0,0,1,0,0,0,1,0,1,0,0,0,1,0,0
CLI-004027,132688.0,8,204,93,45.6,17,5.7,4,2,5,0,7.0,5,0,5393.84,0.02,0,0.25,0,0,0,0,0,1,0,0,0,1,0,0,0,0,0,0,0,0,1,0,0,0,1,0,0,1,0,0,0,0,0,0,1,0,0,1,0,1,0,0,0,1,0,0,0,1,0
CLI-003612,227995.0,13,194,65,33.5,12,1.4,12,6,1,4,2.2,4,0,9268.09,0.0,0,0.46,0,0,0,0,0,0,1,0,0,0,0,0,1,0,1,0,0,0,0,0,0,0,1,0,0,0,1,0,0,0,0,1,0,0,0,0,1,1,0,0,0,0,1,0,0,0,1
CLI-001413,36352.0,19,51,32,62.7,37,14.6,5,3,0,2,11.0,4,0,1231.43,0.0,0,0.31,0,1,0,0,0,0,0,0,1,0,0,0,0,0,0,0,0,1,0,0,0,1,0,0,0,1,0,0,0,0,0,0,1,0,0,0,1,1,0,0,0,0,0,1,0,0,1
CLI-001984,3287.0,15,10,3,30.0,2,0.7,2,4,5,1,33.1,3,1,121.47,0.01,0,0.25,0,0,0,0,0,0,1,0,1,0,0,0,0,0,0,0,1,0,0,0,1,0,0,0,1,0,0,0,0,0,0,0,1,0,0,0,1,0,1,0,0,0,0,1,0,0,1
CLI-003791,1597.0,1,2,1,50.0,19,7.1,10,0,0,1,13.0,3,0,54.09,0.0,0,0.62,0,0,1,0,0,0,0,0,0,0,1,0,0,0,1,0,0,0,0,0,1,0,0,0,0,1,0,0,1,0,0,0,0,0,0,1,0,1,0,0,0,0,0,1,1,0,0
CLI-004128,102362.0,27,56,36,64.3,25,12.6,6,7,1,4,12.8,3,0,1664.42,0.0,0,0.38,0,0,1,0,0,0,0,0,0,0,0,1,0,0,1,0,0,0,0,0,0,1,0,0,0,1,0,0,1,0,0,0,0,1,0,0,0,0,0,1,0,0,0,1,0,0,1
CLI-000266,2110.0,4,4,2,50.0,21,7.0,6,0,2,0,3.3,4,4,183.84,0.02,0,0.23,0,0,1,0,0,0,0,0,0,0,0,0,1,0,1,0,0,0,0,0,1,0,0,0,0,0,1,0,0,0,0,1,0,0,1,0,0,0,0,1,0,0,0,1,0,1,0
CLI-002622,5384.0,1,48,18,50.0,10,2.1,4,0,8,3,11.9,5,2,1094.41,0.27,0,0.25,0,0,0,1,0,0,0,0,0,0,0,1,0,0,0,0,1,0,0,0,0,1,0,0,0,1,0,0,0,0,0,1,0,0,0,1,0,1,0,0,0,1,0,0,1,0,0
CLI-001335,19037.0,1,52,38,50.0,71,14.2,10,1,1,2,10.5,3,3,1221.86,0.03,0,0.62,0,0,0,0,0,1,0,1,0,0,0,0,0,0,0,0,0,0,0,1,0,1,0,0,0,1,0,0,0,0,1,0,0,0,0,1,0,0,0,1,0,1,0,0,1,0,0
CLI-004103,14623.0,15,30,6,20.0,1,0.6,0,6,6,1,14.2,5,0,743.06,0.01,0,0.0,0,1,0,0,0,0,0,0,0,1,0,0,0,0,0,0,1,0,0,0,0,1,0,0,0,1,0,0,0,1,0,0,0,1,0,0,0,0,0,1,1,0,0,0,0,0,1
CLI-000027,12526.0,16,23,16,69.6,18,9.3,7,3,0,5,14.2,3,0,636.49,0.0,0,0.44,0,0,0,0,0,0,1,0,0,0,1,0,0,0,1,0,0,0,0,0,0,1,0,0,0,1,0,0,0,0,1,0,0,1,0,0,0,0,1,0,0,0,0,1,0,0,1
CLI-002206,76232.0,17,72,32,44.4,11,3.9,7,2,1,6,19.9,1,0,1787.81,0.0,0,0.44,0,0,0,1,0,0,0,0,0,1,0,0,0,0,0,0,0,0,0,1,0,0,1,0,0,1,0,0,1,0,0,0,0,0,0,0,1,0,1,0,1,0,0,0,0,0,1
CLI-002849,663.0,1,2,1,50.0,1,0.2,6,0,2,2,9.4,4,0,40.44,0.07,0,0.38,0,1,0,0,0,0,0,0,0,1,0,0,0,0,1,0,0,0,0,0,1,0,0,0,0,1,0,0,1,0,0,0,0,0,1,0,0,0,1,0,0,0,0,1,1,0,0
CLI-003380,4140.0,8,3,1,33.3,20,9.7,23,1,0,6,0.5,2,0,219.52,0.0,0,0.57,1,0,0,0,0,0,0,1,0,0,0,0,0,0,1,0,0,0,0,0,1,0,0,0,0,0,0,1,0,0,1,0,0,0,0,1,0,0,1,0,1,0,0,0,0,1,0
CLI-003904,36946.0,15,58,0,0.0,0,0.0,0,0,172,0,9.7,4,0,1408.02,0.38,1,0.0,1,0,0,0,0,0,0,0,0,1,0,0,0,0,1,0,0,0,0,0,0,1,0,0,0,1,0,0,0,0,0,0,1,1,0,0,0,0,0,1,1,0,0,0,0,0,1
CLI-001352,1130.0,23,3,2,66.7,58,50.4,13,7,0,0,8.1,5,0,76.59,0.0,0,0.81,0,0,0,0,0,0,1,1,0,0,0,0,0,0,1,0,0,0,0,0,1,0,0,0,0,1,0,0,0,0,0,0,1,0,1,0,0,0,0,1,0,0,0,1,0,0,1
CLI-000708,2741.0,3,21,10,47.6,18,4.8,5,1,2,0,10.3,2,1,417.79,0.02,0,0.31,1,0,0,0,0,0,0,0,1,0,0,0,0,0,1,0,0,0,0,0,0,1,0,0,0,1,0,0,0,0,1,0,0,1,0,0,0,1,0,0,0,0,0,1,1,0,0
CLI-001780,2258.0,33,4,1,25.0,4,1.3,0,10,18,0,10.8,4,0,50.99,0.02,0,0.0,0,0,0,0,1,0,0,0,0,1,0,0,0,0,0,0,0,0,0,1,1,0,0,0,1,0,0,0,0,1,0,0,0,0,0,1,0,0,0,1,0,0,0,1,0,0,1
CLI-002121,2444.0,26,9,0,0.0,0,0.0,0,0,48,5,21.1,3,0,114.62,0.06,1,0.0,0,0,0,1,0,0,0,1,0,0,0,0,0,0,0,0,1,0,0,0,1,0,0,0,1,0,0,0,1,0,0,0,0,0,0,0,1,0,0,1,1,0,0,0,0,0,1
CLI-002244,21820.0,16,57,15,26.3,10,0.5,3,3,5,3,10.2,3,0,1330.49,0.01,0,0.19,0,0,0,0,0,0,1,0,0,0,1,0,0,0,1,0,0,0,0,0,0,1,0,0,0,1,0,0,0,1,0,0,0,0,1,0,0,0,1,0,0,1,0,0,0,0,1
CLI-003993,1092.0,6,8,1,12.5,6,1.1,1,3,6,3,15.7,5,4,88.77,0.03,0,0.12,0,0,0,0,1,0,0,0,0,0,0,0,0,1,0,0,0,1,0,0,1,0,0,0,1,0,0,0,0,0,0,0,1,0,1,0,0,0,0,1,0,0,0,1,0,1,0
CLI-003504,3633.0,1,32,0,0.0,0,0.0,0,0,30,2,16.3,2,1,340.78,1.0,1,0.0,0,0,0,1,0,0,0,1,0,0,0,0,0,0,1,0,0,0,0,0,0,1,0,0,1,0,0,0,0,0,0,1,0,1,0,0,0,1,0,0,1,0,0,0,1,0,0
CLI-003725,2903.0,1,8,1,12.5,1,0.1,16,0,3,4,2.3,3,0,590.01,0.1,0,0.4,0,0,0,0,0,1,0,0,0,0,0,1,0,0,0,0,0,0,0,1,0,1,0,0,0,0,0,1,0,0,1,0,0,0,1,0,0,1,0,0,0,0,0,1,1,0,0
CLI-001926,300.0,2,1,1,100.0,44,30.4,5,0,4,2,11.5,5,1,18.24,0.07,0,0.31,0,0,0,0,0,1,0,0,0,1,0,0,0,0,1,0,0,0,0,0,1,0,0,0,0,1,0,0,0,0,0,1,0,0,0,0,1,1,0,0,0,0,0,1,1,0,0
CLI-004528,1744.0,23,3,2,66.7,25,20.8,2,6,2,0,16.3,5,0,36.67,0.0,0,0.25,0,0,0,1,0,0,0,0,0,0,0,0,1,0,1,0,0,0,0,0,1,0,0,0,1,0,0,0,0,0,0,0,1,0,0,1,0,0,1,0,0,0,0,1,0,0,1
CLI-001482,20114.0,20,53,20,37.7,27,12.8,4,4,0,3,7.8,2,0,2229.9,0.0,0,0.15,0,0,0,0,0,0,1,1,0,0,0,0,0,0,0,1,0,0,0,0,0,1,0,0,0,0,1,0,0,0,0,0,1,1,0,0,0,0,0,1,1,0,0,0,0,0,1
CLI-004396,14373.0,17,55,0,0.0,0,0.0,0,0,75,0,10.1,4,0,1460.66,0.15,1,0.0,0,0,0,0,1,0,0,0,1,0,0,0,0,0,1,0,0,0,0,0,0,0,1,0,0,1,0,0,0,0,0,0,1,0,1,0,0,0,0,1,1,0,0,0,0,0,1
CLI-000101,82092.0,13,49,8,16.3,1,0.3,14,4,9,0,0.5,4,1,3850.49,0.02,0,0.35,1,0,0,0,0,0,0,0,0,1,0,0,0,0,1,0,0,0,0,0,0,0,1,0,0,0,0,1,0,1,0,0,0,0,1,0,0,0,1,0,1,0,0,0,0,0,1
CLI-003272,23719.0,17,58,35,60.3,1,0.3,8,3,2,1,8.0,4,0,1522.38,0.0,0,0.5,0,0,0,0,1,0,0,0,0,0,0,1,0,0,1,0,0,0,0,0,0,1,0,0,0,1,0,0,0,0,1,0,0,0,1,0,0,0,0,1,0,0,1,0,0,0,1
CLI-003473,12341.0,7,37,9,24.3,4,1.6,5,1,0,6,20.3,2,0,836.09,0.0,0,0.31,0,0,0,0,0,0,1,1,0,0,0,0,0,0,1,0,0,0,0,0,0,1,0,0,0,1,0,0,0,0,1,0,0,0,1,0,0,0,0,1,0,0,0,1,0,1,0
CLI-000669,3902.0,26,5,2,40.0,8,3.2,4,2,10,8,13.4,1,0,216.28,0.01,0,0.15,0,0,0,0,0,0,1,0,0,1,0,0,0,0,1,0,0,0,0,0,1,0,0,0,0,0,1,0,1,0,0,0,0,0,0,0,1,0,0,1,0,0,0,1,0,0,1
CLI-003139,3408.0,15,3,1,33.3,2,0.2,1,5,0,1,7.9,5,0,67.04,0.0,0,0.06,0,0,0,0,0,0,1,0,1,0,0,0,0,0,1,0,0,0,0,0,1,0,0,0,0,1,0,0,0,0,0,1,0,0,0,0,1,0,0,1,0,0,0,1,0,0,1
CLI-003270,28557.0,4,86,44,51.2,15,7.4,6,0,0,0,2.2,3,0,3482.56,0.0,0,0.23,0,1,0,0,0,0,0,0,1,0,0,0,0,0,1,0,0,0,0,0,0,0,1,0,0,0,1,0,0,1,0,0,0,0,0,0,1,1,0,0,0,1,0,0,0,1,0
CLI-001595,22601.0,7,56,19,33.9,7,0.4,0,2,0,2,12.4,3,0,1312.47,0.0,0,0.0,0,0,0,0,0,1,0,0,0,1,0,0,0,0,1,0,0,0,0,0,0,1,0,0,0,1,0,0,0,0,0,1,0,0,0,0,1,1,0,0,0,1,0,0,0,1,0
CLI-000412,136501.0,1,260,122,46.9,23,7.0,26,0,1,1,4.0,2,0,18496.1,0.03,0,0.65,0,0,0,0,1,0,0,0,1,0,0,0,0,0,1,0,0,0,0,0,0,0,0,1,0,0,0,1,1,0,0,0,0,0,1,0,0,1,0,0,1,0,0,0,1,0,0
CLI-004233,2337.0,11,7,5,71.4,28,14.0,4,1,0,3,27.8,4,0,91.95,0.0,0,0.5,0,0,1,0,0,0,0,0,1,0,0,0,0,0,1,0,0,0,0,0,1,0,0,0,1,0,0,0,1,0,0,0,0,0,0,1,0,1,0,0,0,1,0,0,0,1,0
CLI-004848,175289.0,14,116,86,74.1,51,5.7,14,3,2,1,4.5,5,0,6680.23,0.0,0,0.54,0,0,0,0,0,0,1,0,0,0,1,0,0,0,1,0,0,0,0,0,0,0,1,0,0,0,1,0,0,1,0,0,0,0,0,1,0,0,0,1,0,0,1,0,0,0,1
CLI-001506,94038.0,14,106,83,78.3,74,48.1,9,2,1,1,3.3,3,0,5734.01,0.0,0,0.35,0,0,0,0,0,0,1,0,1,0,0,0,0,0,0,0,0,0,0,1,0,0,1,0,0,0,1,0,0,0,0,0,1,0,1,0,0,1,0,0,0,0,0,1,0,0,1
CLI-004859,20107.0,13,24,21,87.5,67,51.3,10,4,1,0,10.65,5,0,700.59,0.0,0,0.62,0,1,0,0,0,0,0,0,0,1,0,0,0,0,0,0,0,0,0,1,0,1,0,0,0,1,0,0,0,1,0,0,0,0,0,0,1,0,0,1,0,0,0,1,0,0,1
CLI-000841,4594.0,20,7,4,57.1,19,6.8,4,4,2,1,21.2,5,0,93.37,0.0,0,0.5,0,0,0,0,0,0,1,0,0,0,0,0,0,1,1,0,0,0,0,0,0,1,0,0,1,0,0,0,0,0,0,1,0,1,0,0,0,0,1,0,0,0,1,0,0,0,1
CLI-002300,454.0,11,3,1,33.3,1,0.4,1,1,9,0,16.4,4,0,32.59,0.03,0,0.12,1,0,0,0,0,0,0,0,0,1,0,0,0,0,0,0,1,0,0,0,1,0,0,0,1,0,0,0,0,1,0,0,0,0,0,0,1,1,0,0,0,0,0,1,0,1,0
CLI-004373,608.0,1,5,3,60.0,35,26.3,4,0,0,2,23.3,4,0,57.01,0.0,0,0.5,0,0,0,0,0,0,1,0,0,0,1,0,0,0,0,1,0,0,0,0,1,0,0,0,1,0,0,0,1,0,0,0,0,0,1,0,0,0,1,0,0,0,0,1,1,0,0
CLI-003043,8733.0,1,23,13,50.0,19,7.0,8,0,3,3,11.9,4,3,532.52,0.1,0,0.5,0,0,0,0,0,1,0,0,0,0,0,1,0,0,1,0,0,0,0,0,0,1,0,0,0,1,0,0,0,0,0,0,1,0,0,0,1,0,0,1,0,0,0,1,1,0,0
CLI-002794,179248.0,3,57,37,64.9,30,11.6,18,0,1,5,2.9,3,2,4752.07,0.01,0,0.45,0,0,0,1,0,0,0,0,0,0,0,0,0,1,1,0,0,0,0,0,0,0,1,0,0,0,0,1,0,0,1,0,0,0,1,0,0,1,0,0,0,0,0,1,1,0,0
CLI-001667,3188.0,14,9,6,66.7,35,15.3,2,5,1,2,22.1,4,0,129.59,0.0,0,0.25,0,0,0,0,0,0,1,0,1,0,0,0,0,0,0,0,0,0,1,0,1,0,0,0,1,0,0,0,0,0,0,1,0,1,0,0,0,0,0,1,0,0,1,0,0,0,1
CLI-002564,32265.0,13,84,56,66.7,38,16.1,8,2,1,3,9.9,4,0,1967.36,0.0,0,0.5,1,0,0,0,0,0,0,0,0,0,1,0,0,0,0,0,0,1,0,0,0,0,1,0,0,1,0,0,1,0,0,0,0,1,0,0,0,0,0,1,0,1,0,0,0,0,1
CLI-003751,79746.0,8,45,13,28.9,4,1.0,7,2,2,3,2.1,3,2,3890.07,0.01,0,0.18,0,1,0,0,0,0,0,0,0,0,0,0,0,1,1,0,0,0,0,0,0,1,0,0,0,0,0,1,1,0,0,0,0,0,0,1,0,0,0,1,0,1,0,0,0,1,0
CLI-004006,767.0,23,2,1,50.0,27,27.7,10,2,1,4,8.7,4,0,49.21,0.0,0,0.62,0,0,0,0,0,1,0,0,0,0,0,0,0,1,1,0,0,0,0,0,1,0,0,0,0,1,0,0,0,1,0,0,0,0,0,0,1,1,0,0,0,0,0,1,0,0,1
CLI-000735,7898.0,6,44,6,13.6,1,0.3,4,2,0,1,4.2,3,1,2407.78,0.0,0,0.1,1,0,0,0,0,0,0,0,0,1,0,0,0,0,0,0,0,0,0,1,0,0,1,0,0,0,0,1,0,1,0,0,0,1,0,0,0,1,0,0,1,0,0,0,0,1,0
CLI-004410,57982.0,1,53,41,77.4,56,28.7,3,0,1,2,3.2,3,1,2618.87,0.03,0,0.12,0,0,0,0,1,0,0,0,0,0,0,0,1,0,1,0,0,0,0,0,0,1,0,0,0,0,1,0,0,0,0,0,1,0,0,1,0,0,0,1,0,0,0,1,1,0,0
CLI-002464,300.0,14,1,1,100.0,1,0.1,0,5,15,0,4.7,5,1,10.67,0.04,0,0.0,0,1,0,0,0,0,0,0,0,0,0,1,0,0,1,0,0,0,0,0,1,0,0,0,1,0,0,0,1,0,0,0,0,0,0,0,1,1,0,0,0,0,0,1,0,0,1
CLI-002402,12757.0,13,35,8,22.9,1,0.2,3,2,9,0,10.65,5,1,740.81,0.02,0,0.19,0,0,0,1,0,0,0,0,0,0,0,0,0,1,0,0,0,0,0,1,0,1,0,0,0,1,0,0,1,0,0,0,0,1,0,0,0,0,0,1,1,0,0,0,0,0,1
CLI-004894,49884.0,6,166,76,45.8,27,5.7,12,0,0,0,4.1,3,1,3802.1,0.0,0,0.75,0,0,0,0,0,0,1,0,0,0,0,1,0,0,1,0,0,0,0,0,0,0,1,0,0,1,0,0,0,0,1,0,0,0,1,0,0,0,1,0,0,0,0,1,0,1,0
CLI-002074,47707.0,12,101,29,28.7,9,0.5,12,1,17,2,0.5,4,0,4848.23,0.05,0,0.46,0,0,0,0,0,0,1,0,0,0,0,1,0,0,0,0,0,1,0,0,0,0,1,0,0,0,1,0,0,0,0,1,0,1,0,0,0,0,0,1,0,0,0,1,0,1,0
CLI-001628,5375.0,22,4,2,50.0,23,9.4,6,8,0,0,10.9,4,0,104.05,0.0,0,0.38,0,0,0,0,0,1,0,0,0,0,0,0,1,0,1,0,0,0,0,0,1,0,0,0,0,1,0,0,1,0,0,0,0,0,0,0,1,1,0,0,0,0,1,0,0,0,1
CLI-001284,103565.0,14,106,48,45.3,15,9.4,6,6,1,6,11.2,3,0,4355.14,0.0,0,0.23,0,0,0,0,1,0,0,0,0,1,0,0,0,0,1,0,0,0,0,0,0,0,1,0,0,0,1,0,0,0,1,0,0,0,0,1,0,0,0,1,0,1,0,0,0,0,1
CLI-001729,8290.0,13,34,0,0.0,0,0.0,0,0,33,9,18.9,2,0,722.12,0.08,1,0.0,0,0,0,0,0,1,0,0,0,0,1,0,0,0,1,0,0,0,0,0,0,1,0,0,0,1,0,0,0,0,0,1,0,0,0,1,0,0,1,0,1,0,0,0,0,0,1
CLI-000310,13617.0,11,8,6,75.0,53,27.7,8,1,1,1,13.3,5,0,221.41,0.0,0,0.5,0,0,0,0,0,1,0,1,0,0,0,0,0,0,0,1,0,0,0,0,1,0,0,0,0,1,0,0,0,1,0,0,0,0,0,0,1,0,1,0,0,0,0,1,0,1,0
CLI-002990,2028.0,20,10,3,30.0,3,0.8,1,9,3,2,12.3,5,0,274.77,0.0,0,0.06,0,0,0,0,0,0,1,0,0,1,0,0,0,0,0,1,0,0,0,0,1,0,0,0,0,1,0,0,0,1,0,0,0,1,0,0,0,0,1,0,0,0,0,1,0,0,1
CLI-004048,39549.0,20,114,35,30.7,1,0.3,2,2,11,1,26.4,2,0,1121.64,0.02,0,0.25,1,0,0,0,0,0,0,0,0,1,0,0,0,0,1,0,0,0,0,0,0,0,1,0,1,0,0,0,0,0,0,1,0,0,1,0,0,0,0,1,0,0,0,1,0,0,1
CLI-001900,300.0,1,1,1,100.0,1,0.4,5,2,7,0,13.7,4,3,19.81,0.23,0,0.31,0,1,0,0,0,0,0,0,0,1,0,0,0,0,1,0,0,0,0,0,1,0,0,0,0,1,0,0,0,0,0,0,1,0,0,1,0,0,0,1,0,0,0,1,1,0,0
CLI-000651,48814.0,21,32,23,71.9,38,18.3,13,7,1,3,5.1,3,0,1653.59,0.0,0,0.5,0,0,1,0,0,0,0,0,0,1,0,0,0,0,1,0,0,0,0,0,0,1,0,0,0,0,1,0,0,0,0,1,0,0,1,0,0,0,0,1,0,0,0,1,0,0,1
CLI-002838,925.0,10,1,1,100.0,41,23.4,5,2,0,5,10.65,2,0,38.88,0.0,0,0.19,0,0,0,1,0,0,0,0,0,1,0,0,0,0,1,0,0,0,0,0,1,0,0,0,0,0,1,0,0,0,0,0,1,0,0,1,0,0,0,1,0,0,0,1,0,1,0
CLI-002132,1289.0,1,2,2,100.0,51,43.8,5,0,1,0,12.7,5,0,27.11,0.03,0,0.62,0,0,0,1,0,0,0,0,0,1,0,0,0,0,0,0,1,0,0,0,1,0,0,0,1,0,0,0,0,0,0,1,0,0,0,1,0,0,0,1,0,0,0,1,1,0,0
CLI-003917,132391.0,3,218,31,14.2,2,0.5,9,0,9,0,0.5,3,0,16145.25,0.1,0,0.22,1,0,0,0,0,0,0,1,0,0,0,0,0,0,1,0,0,0,0,0,0,0,1,0,0,0,0,1,0,0,0,1,0,1,0,0,0,1,0,0,0,0,0,1,1,0,0
CLI-004260,43860.0,22,30,16,53.3,11,5.5,3,7,0,1,9.1,4,0,862.71,0.0,0,0.19,1,0,0,0,0,0,0,1,0,0,0,0,0,0,0,1,0,0,0,0,0,1,0,0,0,1,0,0,0,0,1,0,0,1,0,0,0,0,0,1,0,0,1,0,0,0,1
CLI-000126,148475.0,3,49,37,75.5,30,23.9,14,0,4,5,4.2,2,1,4115.17,0.04,0,0.35,0,1,0,0,0,0,0,0,0,0,0,1,0,0,0,0,0,1,0,0,0,0,1,0,0,0,0,1,0,1,0,0,0,0,0,1,0,0,0,1,0,0,0,1,1,0,0
CLI-002055,51507.0,5,17,10,58.8,35,19.1,28,0,3,3,4.6,4,2,1395.86,0.02,0,0.7,0,1,0,0,0,0,0,0,0,1,0,0,0,0,0,0,0,0,1,0,0,1,0,0,0,0,0,1,0,0,1,0,0,1,0,0,0,1,0,0,0,0,0,1,0,1,0
CLI-001988,32206.0,1,32,18,56.2,31,11.1,8,0,3,2,9.4,3,1,1454.63,0.1,0,0.31,0,0,1,0,0,0,0,0,0,0,0,0,1,0,1,0,0,0,0,0,0,1,0,0,0,0,1,0,1,0,0,0,0,0,1,0,0,0,1,0,0,0,0,1,1,0,0
CLI-000219,25007.0,7,29,0,0.0,0,0.0,0,0,116,1,7.0,5,0,1219.87,0.55,1,0.0,1,0,0,0,0,0,0,0,0,1,0,0,0,0,0,0,0,0,1,0,0,1,0,0,0,0,1,0,0,0,1,0,0,0,0,1,0,1,0,0,0,0,0,1,0,1,0
CLI-003106,15737.0,15,10,5,50.0,19,12.3,7,2,3,4,16.9,3,0,242.93,0.01,0,0.44,0,1,0,0,0,0,0,0,0,0,0,0,1,0,1,0,0,0,0,0,1,0,0,0,0,1,0,0,0,1,0,0,0,0,0,0,1,1,0,0,0,0,0,1,0,0,1
CLI-000882,3507.0,2,57,33,57.9,39,5.7,0,0,1,3,20.8,3,2,475.17,0.02,0,0.0,0,0,0,0,0,0,1,0,0,0,0,0,1,0,0,0,0,0,0,1,0,1,0,0,1,0,0,0,1,0,0,0,0,0,1,0,0,0,1,0,0,1,0,0,1,0,0
CLI-003171,9635.0,23,20,6,30.0,1,0.2,4,5,11,2,14.4,2,0,470.0,0.02,0,0.25,0,0,0,0,1,0,0,0,1,0,0,0,0,0,1,0,0,0,0,0,0,1,0,0,0,1,0,0,0,0,1,0,0,0,0,1,0,1,0,0,0,0,0,1,0,0,1
CLI-002579,2763.0,18,10,5,50.0,16,7.4,7,2,1,1,14.4,4,0,240.65,0.0,0,0.44,0,0,0,0,0,1,0,1,0,0,0,0,0,0,0,0,0,0,0,1,1,0,0,0,0,1,0,0,0,0,1,0,0,0,0,0,1,0,1,0,0,0,0,1,0,0,1
CLI-004323,13727.0,2,23,20,87.0,61,25.3,9,0,1,4,16.6,2,1,558.01,0.02,0,0.56,1,0,0,0,0,0,0,0,1,0,0,0,0,0,0,0,0,0,1,0,0,1,0,0,0,1,0,0,0,0,0,0,1,1,0,0,0,1,0,0,0,0,0,1,1,0,0
CLI-002429,11708.0,14,8,2,25.0,5,0.5,6,3,2,0,11.3,5,0,178.48,0.0,0,0.38,0,1,0,0,0,0,0,0,0,0,0,0,0,1,0,0,1,0,0,0,1,0,0,0,0,1,0,0,1,0,0,0,0,1,0,0,0,0,0,1,0,0,0,1,0,0,1
CLI-000794,1625.0,9,9,4,44.4,15,4.8,6,2,5,0,7.7,5,0,198.15,0.02,0,0.38,0,0,0,0,1,0,0,0,0,1,0,0,0,0,1,0,0,0,0,0,1,0,0,0,0,1,0,0,0,1,0,0,0,0,0,0,1,0,0,1,0,1,0,0,0,1,0
CLI-000586,3746.0,1,8,6,75.0,43,32.9,6,0,1,2,31.3,3,2,95.18,0.03,0,0.75,0,1,0,0,0,0,0,0,0,1,0,0,0,0,0,0,1,0,0,0,1,0,0,0,1,0,0,0,0,0,0,1,0,0,1,0,0,1,0,0,0,1,0,0,1,0,0
CLI-001338,1924.0,5,6,0,50.0,0,0.0,0,0,104,0,4.4,4,3,213.32,0.69,1,0.0,0,0,1,0,0,0,0,0,0,0,0,1,0,0,0,0,0,1,0,0,1,0,0,0,0,0,1,0,0,0,0,1,0,1,0,0,0,1,0,0,0,0,0,1,0,1,0
CLI-004988,36905.0,18,50,0,0.0,0,0.0,0,0,133,0,2.8,3,0,2045.75,0.25,1,0.0,0,0,0,0,0,1,0,0,1,0,0,0,0,0,0,0,0,1,0,0,0,1,0,0,0,0,1,0,0,1,0,0,0,0,0,0,1,1,0,0,1,0,0,0,0,0,1
CLI-004382,778.0,6,3,2,66.7,25,7.3,2,3,0,0,5.3,5,1,39.54,0.0,0,0.25,0,1,0,0,0,0,0,0,0,1,0,0,0,0,0,0,0,1,0,0,1,0,0,0,1,0,0,0,1,0,0,0,0,0,0,1,0,0,1,0,0,0,1,0,0,1,0
CLI-002718,43503.0,31,34,17,50.0,10,3.0,14,9,5,1,5.1,3,0,1396.13,0.01,0,0.54,0,1,0,0,0,0,0,1,0,0,0,0,0,0,1,0,0,0,0,0,0,1,0,0,0,0,1,0,0,0,0,1,0,0,0,1,0,1,0,0,0,0,0,1,0,0,1
CLI-003419,1878.0,7,5,4,80.0,29,7.5,5,0,1,0,8.9,5,1,120.57,0.0,0,0.31,0,1,0,0,0,0,0,0,0,0,0,0,0,1,1,0,0,0,0,0,1,0,0,0,0,1,0,0,0,0,1,0,0,0,1,0,0,1,0,0,0,0,0,1,0,1,0
CLI-003290,56867.0,22,52,21,40.4,1,0.3,14,3,14,2,10.65,4,0,4334.4,0.02,0,0.35,0,0,0,0,1,0,0,0,0,0,0,0,0,1,0,1,0,0,0,0,0,1,0,0,0,0,0,1,0,0,0,1,0,1,0,0,0,1,0,0,0,0,0,1,0,0,1
CLI-002274,5395.0,1,21,15,71.4,17,1.5,7,0,1,5,16.7,3,5,438.63,0.03,0,0.44,0,0,0,1,0,0,0,0,0,0,0,0,1,0,1,0,0,0,0,0,0,1,0,0,0,1,0,0,1,0,0,0,0,0,0,0,1,0,0,1,0,0,0,1,1,0,0
CLI-000630,50411.0,16,117,30,25.6,2,0.4,4,4,6,2,13.5,3,0,2794.42,0.01,0,0.25,0,0,0,1,0,0,0,1,0,0,0,0,0,0,0,1,0,0,0,0,0,0,1,0,0,1,0,0,0,0,1,0,0,0,1,0,0,1,0,0,0,0,0,1,0,0,1
CLI-004295,68999.0,26,48,32,66.7,9,5.5,6,2,0,2,8.6,4,0,1476.24,0.0,0,0.38,0,1,0,0,0,0,0,0,0,1,0,0,0,0,0,1,0,0,0,0,0,1,0,0,0,1,0,0,0,0,0,1,0,0,0,0,1,1,0,0,0,1,0,0,0,0,1
CLI-001379,10345.0,1,32,2,6.2,2,0.5,1,0,0,4,32.6,2,3,331.99,0.0,0,0.12,0,0,0,0,0,1,0,0,1,0,0,0,0,0,1,0,0,0,0,0,0,1,0,0,1,0,0,0,1,0,0,0,0,1,0,0,0,0,1,0,0,0,0,1,1,0,0
CLI-000425,29349.0,10,24,19,50.0,30,9.0,8,2,1,5,10.65,2,0,1084.59,0.0,0,0.31,0,1,0,0,0,0,0,0,0,1,0,0,0,0,1,0,0,0,0,0,0,1,0,0,0,0,1,0,0,0,1,0,0,0,0,0,1,0,1,0,1,0,0,0,0,1,0
CLI-000680,1300.0,7,8,1,12.5,1,0.1,0,2,28,3,38.5,3,0,83.42,0.13,0,0.0,0,0,1,0,0,0,0,0,0,0,0,0,0,1,1,0,0,0,0,0,1,0,0,0,1,0,0,0,0,0,0,0,1,0,0,0,1,0,1,0,1,0,0,0,0,1,0
CLI-004522,3739.0,4,11,8,72.7,51,30.3,3,2,1,0,15.0,5,0,130.27,0.01,0,0.38,0,0,0,0,1,0,0,0,1,0,0,0,0,0,1,0,0,0,0,0,1,0,0,0,1,0,0,0,0,1,0,0,0,0,0,0,1,1,0,0,0,1,0,0,0,1,0
CLI-000719,8006.0,1,37,13,35.1,5,5.7,1,0,1,0,3.8,4,2,1627.32,0.03,0,0.04,1,0,0,0,0,0,0,1,0,0,0,0,0,0,1,0,0,0,0,0,0,1,0,0,0,0,1,0,0,1,0,0,0,0,1,0,0,0,1,0,0,0,0,1,1,0,0
CLI-004243,32222.0,17,52,0,0.0,0,0.0,0,0,40,8,13.1,3,0,1455.39,0.08,1,0.0,0,0,0,1,0,0,0,0,0,1,0,0,0,0,0,1,0,0,0,0,0,1,0,0,0,1,0,0,1,0,0,0,0,1,0,0,0,1,0,0,1,0,0,0,0,0,1
CLI-002864,42892.0,17,50,39,78.0,34,5.7,2,5,2,1,25.5,3,0,830.27,0.0,0,0.25,0,0,0,0,1,0,0,0,1,0,0,0,0,0,1,0,0,0,0,0,0,1,0,0,1,0,0,0,1,0,0,0,0,1,0,0,0,0,1,0,0,0,0,1,0,0,1
CLI-000706,12750.0,4,21,11,52.4,39,41.4,9,2,0,3,11.5,3,2,536.15,0.0,0,0.56,0,0,1,0,0,0,0,0,0,0,0,1,0,0,1,0,0,0,0,0,0,1,0,0,0,1,0,0,0,0,1,0,0,0,1,0,0,0,1,0,0,1,0,0,0,1,0
CLI-003251,5365.0,17,7,3,42.9,29,16.5,5,4,1,0,4.2,4,0,327.14,0.0,0,0.19,0,0,0,0,0,1,0,1,0,0,0,0,0,0,1,0,0,0,0,0,1,0,0,0,0,0,1,0,0,1,0,0,0,0,0,0,1,0,1,0,0,0,0,1,0,0,1
CLI-004997,7050.0,10,28,17,60.7,42,25.6,7,1,1,1,8.1,5,0,781.6,0.0,0,0.44,0,0,0,1,0,0,0,0,0,0,0,1,0,0,1,0,0,0,0,0,0,1,0,0,0,1,0,0,0,1,0,0,0,0,0,0,1,0,0,1,0,0,0,1,0,1,0
CLI-004342,20124.0,10,41,32,78.0,95,101.7,7,4,0,3,11.0,5,0,1115.54,0.0,0,0.44,0,0,0,0,1,0,0,0,0,0,0,0,0,1,1,0,0,0,0,0,0,1,0,0,0,1,0,0,0,0,0,1,0,0,0,1,0,0,1,0,0,0,0,1,0,1,0
CLI-003565,1601.0,1,5,4,80.0,56,37.3,7,0,1,1,10.6,5,1,108.45,0.03,0,0.44,0,0,1,0,0,0,0,0,1,0,0,0,0,0,1,0,0,0,0,0,1,0,0,0,0,1,0,0,0,1,0,0,0,0,0,1,0,0,0,1,0,1,0,0,1,0,0
CLI-004078,101739.0,1,95,48,50.5,19,6.5,8,0,0,0,10.65,3,2,4278.33,0.0,0,0.31,0,0,0,0,0,1,0,0,1,0,0,0,0,0,1,0,0,0,0,0,0,0,1,0,0,0,1,0,0,0,0,0,1,0,0,1,0,0,0,1,0,1,0,0,1,0,0
CLI-002313,1879.0,24,2,1,50.0,7,1.8,6,6,3,5,14.7,2,0,61.93,0.0,0,0.38,0,0,0,1,0,0,0,0,0,1,0,0,0,0,1,0,0,0,0,0,1,0,0,0,0,1,0,0,0,0,0,1,0,1,0,0,0,0,1,0,0,0,0,1,0,0,1
CLI-000333,26659.0,9,54,21,38.9,19,9.5,8,2,0,6,18.5,2,0,1354.61,0.0,0,0.5,0,0,1,0,0,0,0,0,0,1,0,0,0,0,0,1,0,0,0,0,0,1,0,0,0,1,0,0,0,1,0,0,0,0,0,1,0,0,1,0,1,0,0,0,0,1,0
CLI-002814,1013124.0,10,618,554,89.6,102,101.5,25,4,1,1,5.7,3,0,49420.66,0.0,0,0.62,0,0,0,0,0,1,0,0,1,0,0,0,0,0,1,0,0,0,0,0,0,0,0,1,0,0,0,1,1,0,0,0,0,0,0,0,1,1,0,0,0,0,0,1,0,1,0
CLI-004866,23715.0,11,42,20,47.6,14,2.4,5,5,3,0,10.65,3,0,997.26,0.01,0,0.31,0,1,0,0,0,0,0,0,0,1,0,0,0,0,0,0,0,1,0,0,0,0,1,0,0,1,0,0,0,0,1,0,0,0,0,0,1,1,0,0,0,0,0,1,0,1,0
CLI-001535,14131.0,5,20,16,80.0,61,50.9,10,1,1,3,9.8,3,0,783.29,0.01,0,0.38,0,0,1,0,0,0,0,0,0,0,1,0,0,0,0,0,0,0,0,1,0,1,0,0,0,0,1,0,0,1,0,0,0,0,1,0,0,1,0,0,0,0,0,1,0,1,0
CLI-004038,124859.0,19,107,59,55.1,30,21.9,13,2,0,3,9.3,2,0,4758.36,0.0,0,0.5,0,0,0,0,0,0,1,0,0,1,0,0,0,0,1,0,0,0,0,0,0,0,1,0,0,0,1,0,0,1,0,0,0,0,0,1,0,1,0,0,1,0,0,0,0,0,1
CLI-002916,46940.0,6,45,22,48.9,20,7.3,9,0,3,0,7.9,4,1,2044.44,0.02,0,0.35,0,0,0,0,1,0,0,1,0,0,0,0,0,0,0,0,1,0,0,0,0,1,0,0,0,0,1,0,0,1,0,0,0,1,0,0,0,0,0,1,0,0,0,1,0,1,0
CLI-000290,23775.0,9,144,65,45.1,18,1.0,5,1,1,2,10.6,4,0,3221.59,0.0,0,0.31,0,0,0,1,0,0,0,0,0,0,0,1,0,0,0,0,0,0,0,1,0,0,1,0,0,1,0,0,1,0,0,0,0,0,0,1,0,1,0,0,0,0,0,1,0,1,0
CLI-001973,49920.0,1,19,10,52.6,27,8.6,16,0,1,4,1.9,3,3,1520.0,0.03,0,0.4,1,0,0,0,0,0,0,0,1,0,0,0,0,0,1,0,0,0,0,0,0,1,0,0,0,0,0,1,0,0,0,1,0,0,0,1,0,1,0,0,0,0,0,1,1,0,0
CLI-003460,2206.0,12,4,3,75.0,35,18.5,10,0,0,0,2.8,5,0,179.34,0.0,0,0.38,0,1,0,0,0,0,0,0,0,0,1,0,0,0,0,1,0,0,0,0,1,0,0,0,0,0,1,0,0,0,1,0,0,1,0,0,0,1,0,0,0,1,0,0,0,1,0
CLI-000489,300.0,6,2,1,50.0,24,13.8,2,0,1,2,26.0,3,2,21.5,0.01,0,0.25,0,0,0,0,0,1,0,0,0,0,0,0,1,0,1,0,0,0,0,0,1,0,0,0,1,0,0,0,0,0,0,0,1,1,0,0,0,1,0,0,0,0,0,1,0,1,0
CLI-001380,362.0,12,1,1,100.0,69,13.7,5,1,1,3,10.65,4,1,12.98,0.0,0,0.62,0,1,0,0,0,0,0,0,0,0,0,0,1,0,1,0,0,0,0,0,1,0,0,0,1,0,0,0,0,1,0,0,0,1,0,0,0,0,1,0,0,0,0,1,0,1,0
CLI-001846,10055.0,8,29,12,41.4,7,3.7,7,1,0,2,6.8,3,1,1362.49,0.0,0,0.27,0,1,0,0,0,0,0,0,1,0,0,0,0,0,0,0,0,1,0,0,0,1,0,0,0,0,1,0,1,0,0,0,0,1,0,0,0,0,0,1,0,1,0,0,0,1,0
CLI-003190,3605.0,9,9,2,22.2,8,5.7,8,0,0,2,9.0,3,1,732.67,0.0,0,0.2,0,0,0,0,0,0,1,0,0,0,1,0,0,0,0,0,0,0,1,0,0,1,0,0,0,0,0,1,0,0,1,0,0,0,0,0,1,1,0,0,0,0,0,1,0,1,0
CLI-003209,21083.0,19,39,27,69.2,58,48.1,6,3,0,2,10.65,3,1,1117.87,0.0,0,0.38,0,0,0,1,0,0,0,0,0,0,0,0,1,0,0,0,0,1,0,0,0,1,0,0,0,1,0,0,1,0,0,0,0,0,0,0,1,1,0,0,0,0,0,1,0,0,1
CLI-003555,24448.0,15,23,7,30.4,7,1.4,8,2,1,1,7.6,3,0,993.81,0.0,0,0.31,0,0,0,0,0,1,0,1,0,0,0,0,0,0,1,0,0,0,0,0,0,1,0,0,0,0,1,0,0,0,0,1,0,0,1,0,0,1,0,0,0,0,0,1,0,0,1
CLI-002520,464852.0,10,48,46,95.8,107,93.8,33,2,2,3,2.6,2,2,4724.11,0.01,0,0.82,1,0,0,0,0,0,0,0,0,0,0,0,0,1,1,0,0,0,0,0,0,0,1,0,0,0,0,1,0,0,1,0,0,1,0,0,0,0,1,0,0,0,0,1,0,1,0
CLI-000354,71373.0,16,155,75,48.4,14,5.7,5,7,0,2,7.7,4,0,3956.37,0.0,0,0.31,0,0,1,0,0,0,0,0,0,0,1,0,0,0,0,1,0,0,0,0,0,0,1,0,0,1,0,0,1,0,0,0,0,1,0,0,0,1,0,0,0,0,1,0,0,0,1
CLI-001546,1315.0,11,4,2,50.0,24,1.2,3,2,0,1,18.8,3,1,48.61,0.0,0,0.38,0,1,0,0,0,0,0,0,0,0,0,1,0,0,1,0,0,0,0,0,1,0,0,0,1,0,0,0,1,0,0,0,0,1,0,0,0,0,1,0,0,1,0,0,0,1,0
CLI-004573,744737.0,11,390,226,57.9,30,5.7,18,3,2,0,4.1,4,0,27521.69,0.01,0,0.45,1,0,0,0,0,0,0,1,0,0,0,0,0,0,0,0,0,0,1,0,0,0,0,1,0,0,0,1,0,0,0,1,0,0,1,0,0,1,0,0,0,0,0,1,0,1,0
CLI-000982,25349.0,12,43,6,50.0,3,0.9,2,1,6,2,11.8,3,1,1188.98,0.02,0,0.12,0,0,0,1,0,0,0,0,0,1,0,0,0,0,0,0,1,0,0,0,0,1,0,0,0,1,0,0,0,1,0,0,0,1,0,0,0,0,0,1,1,0,0,0,0,1,0
CLI-004305,107518.0,12,183,0,0.0,0,0.0,0,0,80,1,6.3,2,0,8194.96,0.22,1,0.0,0,0,0,0,1,0,0,0,1,0,0,0,0,0,1,0,0,0,0,0,0,0,0,1,0,0,1,0,0,1,0,0,0,0,0,0,1,0,0,1,0,0,0,1,0,1,0
CLI-004412,731.0,1,2,2,100.0,36,19.1,7,1,1,5,17.0,2,1,46.95,0.03,0,0.44,0,0,0,0,0,0,1,0,0,0,1,0,0,0,1,0,0,0,0,0,1,0,0,0,0,1,0,0,0,0,0,0,1,1,0,0,0,0,0,1,0,0,0,1,1,0,0
CLI-000970,34667.0,9,55,5,9.1,1,0.1,6,2,10,3,9.0,3,0,1565.81,0.04,0,0.38,0,0,0,1,0,0,0,0,0,1,0,0,0,0,0,0,1,0,0,0,0,1,0,0,0,1,0,0,0,0,1,0,0,0,0,0,1,0,1,0,1,0,0,0,0,1,0
CLI-001989,1266.0,1,11,8,72.7,42,25.8,8,0,0,3,14.7,2,1,257.3,0.0,0,0.5,0,0,0,0,0,1,0,0,0,0,0,0,0,1,1,0,0,0,0,0,0,1,0,0,0,1,0,0,0,1,0,0,0,0,0,0,1,1,0,0,1,0,0,0,1,0,0
CLI-002264,1300990.0,14,650,407,62.6,20,9.0,18,3,0,2,2.5,4,0,54709.41,0.0,0,0.45,0,0,1,0,0,0,0,0,0,0,0,1,0,0,1,0,0,0,0,0,0,0,0,1,0,0,0,1,0,0,1,0,0,0,0,0,1,0,1,0,0,0,0,1,0,0,1
CLI-004294,13345.0,29,24,9,37.5,8,0.8,5,7,4,2,14.9,4,0,581.23,0.0,0,0.31,0,1,0,0,0,0,0,0,0,0,1,0,0,0,1,0,0,0,0,0,0,1,0,0,0,1,0,0,0,0,1,0,0,0,0,0,1,0,0,1,0,0,1,0,0,0,1
CLI-003874,935.0,1,17,6,35.3,6,2.7,1,2,3,1,23.4,3,2,162.91,0.1,0,0.12,0,0,0,1,0,0,0,1,0,0,0,0,0,0,1,0,0,0,0,0,0,1,0,0,1,0,0,0,0,0,0,1,0,1,0,0,0,1,0,0,0,1,0,0,1,0,0
CLI-002435,25078.0,5,59,47,50.0,57,35.0,5,1,3,0,10.65,5,1,1529.13,0.02,0,0.31,0,0,0,0,0,0,1,0,1,0,0,0,0,0,1,0,0,0,0,0,0,1,0,0,0,1,0,0,0,0,0,0,1,0,0,0,1,0,0,1,0,0,0,1,0,1,0
CLI-002207,2672.0,20,4,2,50.0,24,8.9,7,2,0,1,14.1,3,0,116.38,0.0,0,0.44,0,0,0,0,0,0,1,0,0,0,0,0,0,1,0,0,0,0,1,0,1,0,0,0,0,1,0,0,0,0,0,1,0,0,0,1,0,0,0,1,0,1,0,0,0,0,1
CLI-004547,697.0,23,2,1,50.0,10,3.3,1,3,3,1,14.7,3,0,29.31,0.0,0,0.12,1,0,0,0,0,0,0,0,0,0,1,0,0,0,1,0,0,0,0,0,1,0,0,0,1,0,0,0,1,0,0,0,0,0,0,1,0,0,1,0,0,0,0,1,0,0,1
CLI-002279,1450.0,14,11,0,0.0,0,0.0,0,0,72,5,26.4,4,0,117.9,0.17,1,0.0,0,0,1,0,0,0,0,0,0,0,1,0,0,0,0,0,0,1,0,0,1,0,0,0,1,0,0,0,0,1,0,0,0,0,0,0,1,0,1,0,1,0,0,0,0,0,1
CLI-003140,16145.0,11,29,4,13.8,1,0.1,3,0,14,6,10.3,3,1,656.31,0.04,0,0.19,0,0,0,0,1,0,0,0,0,0,0,1,0,0,1,0,0,0,0,0,0,1,0,0,0,1,0,0,1,0,0,0,0,1,0,0,0,0,1,0,0,0,0,1,0,1,0
CLI-000650,31536.0,11,249,64,25.7,6,2.0,6,5,3,3,7.3,2,1,9614.64,0.01,0,0.23,0,0,0,0,0,1,0,0,1,0,0,0,0,0,0,0,0,0,1,0,0,0,0,1,0,0,1,0,0,1,0,0,0,1,0,0,0,0,0,1,0,0,0,1,0,1,0
CLI-001602,1869.0,15,9,5,55.6,24,2.5,1,2,0,9,31.3,4,1,108.0,0.0,0,0.12,0,0,0,0,0,0,1,0,0,1,0,0,0,0,0,1,0,0,0,0,0,1,0,0,1,0,0,0,0,0,1,0,0,0,1,0,0,0,0,1,0,0,0,1,0,0,1
CLI-001696,24994.0,20,106,12,11.3,2,0.8,1,4,5,4,10.65,3,0,1088.59,0.01,0,0.12,1,0,0,0,0,0,0,0,0,0,0,0,1,0,1,0,0,0,0,0,0,0,1,0,1,0,0,0,1,0,0,0,0,0,0,0,1,1,0,0,0,0,0,1,0,0,1
CLI-003430,5606.0,12,31,16,51.6,28,13.0,4,2,1,0,15.0,3,1,402.18,0.0,0,0.5,1,0,0,0,0,0,0,0,0,1,0,0,0,0,0,0,0,0,0,1,0,1,0,0,1,0,0,0,0,0,1,0,0,0,1,0,0,0,0,1,0,0,0,1,0,1,0
CLI-002130,128355.0,4,169,90,53.3,25,13.0,16,0,1,1,5.9,3,0,6805.69,0.01,0,0.62,0,0,0,0,1,0,0,0,1,0,0,0,0,0,1,0,0,0,0,0,0,0,1,0,0,0,1,0,0,0,1,0,0,0,0,0,1,0,0,1,0,0,0,1,0,1,0
CLI-001111,139207.0,21,55,35,63.6,52,14.6,6,2,1,4,11.4,3,0,1414.71,0.0,0,0.38,0,0,0,0,0,1,0,0,0,0,0,0,0,1,0,0,1,0,0,0,0,1,0,0,0,1,0,0,0,0,0,1,0,0,0,1,0,1,0,0,0,0,0,1,0,0,1
CLI-000612,365.0,1,2,1,50.0,20,2.5,1,0,4,3,37.0,3,0,26.19,0.13,0,0.12,1,0,0,0,0,0,0,1,0,0,0,0,0,0,1,0,0,0,0,0,1,0,0,0,1,0,0,0,0,0,0,1,0,0,0,0,1,1,0,0,0,0,0,1,1,0,0
CLI-003167,59836.0,16,142,126,88.7,45,27.0,12,4,2,4,6.4,4,0,7297.02,0.0,0,0.46,1,0,0,0,0,0,0,0,0,0,0,1,0,0,1,0,0,0,0,0,0,0,1,0,0,0,1,0,0,0,1,0,0,0,0,1,0,1,0,0,0,0,1,0,0,0,1
CLI-003851,1978.0,16,2,1,50.0,17,5.7,1,2,0,0,24.8,3,0,30.93,0.0,0,0.12,0,1,0,0,0,0,0,0,1,0,0,0,0,0,0,1,0,0,0,0,1,0,0,0,1,0,0,0,1,0,0,0,0,1,0,0,0,0,0,1,0,0,0,1,0,0,1
CLI-002843,62970.0,17,184,52,28.3,7,2.8,3,2,1,8,29.8,3,0,2399.79,0.0,0,0.38,1,0,0,0,0,0,0,0,0,1,0,0,0,0,0,0,0,1,0,0,0,0,1,0,1,0,0,0,1,0,0,0,0,1,0,0,0,0,1,0,1,0,0,0,0,0,1
CLI-001992,141063.0,6,99,24,50.0,8,1.4,17,1,0,0,0.5,4,0,8191.81,0.0,0,0.42,0,0,0,0,1,0,0,1,0,0,0,0,0,0,0,0,1,0,0,0,0,0,1,0,0,0,0,1,0,0,0,0,1,0,0,0,1,0,1,0,0,0,0,1,0,1,0
CLI-000951,527534.0,17,194,12,6.2,1,0.1,1,2,2,5,10.65,2,0,11091.97,0.0,0,0.04,0,0,0,0,0,0,1,0,0,0,0,0,1,0,1,0,0,0,0,0,0,0,1,0,0,0,1,0,0,0,0,0,1,1,0,0,0,0,1,0,1,0,0,0,0,0,1
CLI-001429,48878.0,1,177,105,59.3,48,24.8,23,0,5,5,4.2,3,6,14160.0,0.17,0,0.57,0,0,1,0,0,0,0,0,0,1,0,0,0,0,1,0,0,0,0,0,0,0,1,0,0,0,0,1,0,0,0,0,1,0,1,0,0,1,0,0,0,0,0,1,1,0,0
CLI-000722,300.0,18,1,1,100.0,1,0.1,2,5,27,2,18.4,2,0,21.62,0.05,0,0.12,0,0,0,0,1,0,0,0,0,0,1,0,0,0,1,0,0,0,0,0,1,0,0,0,0,1,0,0,0,0,0,1,0,0,0,1,0,1,0,0,1,0,0,0,0,0,1
CLI-004645,17175.0,3,102,51,50.0,21,8.3,3,0,0,1,6.3,5,0,2618.18,0.0,0,0.19,1,0,0,0,0,0,0,1,0,0,0,0,0,0,0,0,1,0,0,0,0,0,1,0,0,1,0,0,0,0,0,0,1,0,1,0,0,0,0,1,0,0,0,1,1,0,0
CLI-004069,19358.0,26,24,3,12.5,1,0.1,1,2,13,0,10.65,5,0,983.63,0.02,0,0.04,0,0,0,1,0,0,0,0,1,0,0,0,0,0,0,0,0,1,0,0,0,1,0,0,0,0,1,0,0,0,0,0,1,0,0,0,1,0,0,1,1,0,0,0,0,0,1
CLI-002721,109614.0,16,58,21,36.2,9,2.4,10,0,4,0,6.0,5,0,2621.1,0.01,0,0.38,0,0,0,0,0,1,0,0,0,0,1,0,0,0,1,0,0,0,0,0,0,1,0,0,0,0,1,0,0,1,0,0,0,1,0,0,0,0,1,0,0,0,0,1,0,0,1
CLI-001107,9060.0,8,9,8,88.9,62,51.4,4,3,0,2,10.65,4,0,245.54,0.0,0,0.25,0,0,0,0,0,0,1,1,0,0,0,0,0,0,1,0,0,0,0,0,0,1,0,0,0,1,0,0,0,0,0,0,1,0,1,0,0,0,0,1,0,0,0,1,0,1,0
CLI-003014,62296.0,5,181,116,64.1,37,8.2,4,2,0,4,14.0,4,0,4525.0,0.0,0,0.25,0,1,0,0,0,0,0,0,0,0,0,1,0,0,0,0,0,1,0,0,0,0,1,0,0,1,0,0,0,1,0,0,0,0,0,0,1,0,1,0,0,0,0,1,0,1,0
CLI-003581,26918.0,14,111,40,36.0,1,0.3,3,2,8,2,10.65,3,0,2525.17,0.02,0,0.19,0,0,0,1,0,0,0,0,0,0,0,0,1,0,0,0,0,0,0,1,0,0,1,0,0,1,0,0,0,0,0,1,0,1,0,0,0,0,1,0,0,0,0,1,0,0,1
CLI-002641,1113.0,3,8,2,25.0,1,0.1,2,2,11,1,15.4,4,0,104.45,0.12,0,0.25,0,0,0,0,0,1,0,0,0,1,0,0,0,0,0,1,0,0,0,0,1,0,0,0,1,0,0,0,1,0,0,0,0,0,0,0,1,1,0,0,0,1,0,0,1,0,0
CLI-004009,8356.0,21,33,21,63.6,5,1.2,5,3,5,3,10.0,4,0,849.21,0.01,0,0.31,0,0,0,1,0,0,0,0,0,1,0,0,0,0,0,0,0,0,1,0,0,1,0,0,0,1,0,0,0,0,0,1,0,0,0,1,0,0,1,0,0,0,1,0,0,0,1
CLI-000288,30260.0,13,37,11,50.0,2,0.9,3,3,3,4,10.9,4,1,997.36,0.01,0,0.19,0,0,0,0,0,1,0,0,1,0,0,0,0,0,1,0,0,0,0,0,0,1,0,0,0,1,0,0,0,1,0,0,0,0,1,0,0,0,1,0,0,0,1,0,0,0,1
CLI-003705,2653.0,4,9,5,55.6,1,0.1,3,1,7,1,20.1,5,0,129.42,0.06,0,0.38,0,0,0,0,0,1,0,1,0,0,0,0,0,0,0,1,0,0,0,0,0,1,0,0,1,0,0,0,0,0,0,1,0,0,1,0,0,0,1,0,0,0,0,1,0,1,0
CLI-001548,64486.0,9,200,67,33.5,1,0.5,6,2,3,0,6.3,3,1,7864.13,0.01,0,0.23,0,0,0,0,1,0,0,0,0,0,0,0,0,1,1,0,0,0,0,0,0,0,1,0,0,0,1,0,1,0,0,0,0,0,0,0,1,1,0,0,0,0,0,1,0,1,0
CLI-004308,90476.0,17,126,16,12.7,1,0.1,3,2,16,1,13.9,4,0,3677.87,0.03,0,0.19,0,0,0,1,0,0,0,0,0,0,1,0,0,0,0,0,0,1,0,0,0,0,1,0,0,1,0,0,0,0,0,0,1,0,0,0,1,0,0,1,0,0,0,1,0,0,1
CLI-002928,9959.0,14,5,2,40.0,1,0.1,2,1,30,7,10.65,2,0,134.94,0.07,1,0.12,0,0,0,1,0,0,0,0,1,0,0,0,0,0,0,0,0,1,0,0,1,0,0,0,0,1,0,0,1,0,0,0,0,0,0,1,0,1,0,0,1,0,0,0,0,0,1
CLI-000491,11014.0,15,31,13,41.9,7,0.7,3,1,15,2,14.6,2,0,746.23,0.03,0,0.19,0,1,0,0,0,0,0,0,0,1,0,0,0,0,1,0,0,0,0,0,0,1,0,0,0,1,0,0,1,0,0,0,0,0,0,0,1,0,0,1,0,0,0,1,0,0,1
CLI-004230,1165.0,1,16,2,12.5,1,0.1,0,1,30,1,17.1,3,2,142.03,1.0,1,0.0,0,0,0,1,0,0,0,0,0,0,0,0,0,1,1,0,0,0,0,0,0,1,0,0,1,0,0,0,0,0,0,1,0,0,0,0,1,0,0,1,0,0,0,1,1,0,0
CLI-004961,7404.0,11,10,9,90.0,76,62.2,12,2,2,2,4.2,5,1,501.63,0.01,0,0.46,0,0,0,1,0,0,0,1,0,0,0,0,0,0,1,0,0,0,0,0,1,0,0,0,0,0,1,0,0,1,0,0,0,1,0,0,0,0,1,0,0,1,0,0,0,1,0
CLI-001072,1420.0,21,3,2,66.7,2,0.1,7,3,10,0,9.1,4,0,82.45,0.02,0,0.44,0,0,0,0,0,1,0,0,0,0,0,0,0,1,0,0,1,0,0,0,1,0,0,0,0,1,0,0,0,0,0,0,1,0,0,1,0,0,0,1,0,1,0,0,0,0,1
CLI-004877,15386.0,12,21,7,33.3,1,0.1,3,6,30,4,16.3,3,0,469.1,0.08,1,0.19,1,0,0,0,0,0,0,0,1,0,0,0,0,0,0,0,0,0,0,1,0,1,0,0,0,1,0,0,1,0,0,0,0,1,0,0,0,0,0,1,0,1,0,0,0,1,0
CLI-001332,7127.0,17,26,16,61.5,41,34.0,1,4,2,0,17.6,5,0,310.42,0.0,0,0.12,0,0,0,0,0,1,0,0,0,0,1,0,0,0,0,0,0,0,0,1,0,1,0,0,1,0,0,0,0,0,1,0,0,0,1,0,0,1,0,0,0,0,1,0,0,0,1
CLI-001680,381.0,17,2,1,50.0,7,3.8,2,6,3,4,27.0,4,0,23.23,0.01,0,0.25,0,0,0,0,0,0,1,0,0,1,0,0,0,0,1,0,0,0,0,0,1,0,0,0,1,0,0,0,0,0,0,0,1,0,1,0,0,1,0,0,0,0,1,0,0,0,1
CLI-003935,38739.0,8,57,40,70.2,51,2.6,13,0,0,1,0.5,5,0,2486.47,0.0,0,0.5,0,1,0,0,0,0,0,0,0,0,0,0,0,1,1,0,0,0,0,0,0,1,0,0,0,0,1,0,0,0,1,0,0,1,0,0,0,1,0,0,0,0,0,1,0,1,0
CLI-003695,300.0,5,1,1,100.0,55,33.5,4,0,2,4,22.7,3,2,12.0,0.01,0,0.5,0,0,0,0,1,0,0,0,0,1,0,0,0,0,1,0,0,0,0,0,1,0,0,0,1,0,0,0,1,0,0,0,0,0,0,1,0,1,0,0,0,1,0,0,0,1,0
CLI-004822,57327.0,15,33,14,42.4,13,5.4,9,3,5,2,9.1,3,0,1456.49,0.01,0,0.35,0,0,0,0,0,0,1,0,0,0,0,1,0,0,1,0,0,0,0,0,0,0,1,0,0,0,1,0,1,0,0,0,0,0,0,0,1,0,0,1,0,1,0,0,0,0,1
CLI-002704,300.0,14,2,1,50.0,22,1.9,1,5,2,3,24.3,3,0,26.12,0.0,0,0.12,0,0,0,0,0,1,0,0,0,1,0,0,0,0,0,0,0,0,0,1,1,0,0,0,1,0,0,0,0,0,0,0,1,0,0,0,1,0,0,1,0,0,0,1,0,0,1
CLI-002913,356.0,1,1,1,100.0,56,25.8,2,0,1,3,37.9,3,3,12.07,0.03,0,0.25,0,0,0,0,1,0,0,0,0,0,0,0,1,0,0,1,0,0,0,0,1,0,0,0,1,0,0,0,0,1,0,0,0,1,0,0,0,0,0,1,0,0,0,1,1,0,0
CLI-002777,2791.0,14,4,2,50.0,12,6.9,12,0,1,0,1.2,5,0,170.18,0.0,0,0.46,0,0,0,0,1,0,0,0,1,0,0,0,0,0,0,0,0,1,0,0,1,0,0,0,0,0,1,0,0,0,0,1,0,0,1,0,0,0,0,1,0,0,0,1,0,0,1
CLI-003999,19879.0,21,58,19,32.8,1,0.1,3,2,16,1,10.4,2,0,1275.94,0.03,0,0.19,0,0,0,0,0,1,0,1,0,0,0,0,0,0,1,0,0,0,0,0,0,1,0,0,0,1,0,0,0,0,0,0,1,1,0,0,0,0,0,1,1,0,0,0,0,0,1
CLI-001370,115667.0,5,172,0,0.0,0,0.0,0,0,72,0,3.9,5,0,4701.92,0.48,1,0.0,0,1,0,0,0,0,0,1,0,0,0,0,0,0,1,0,0,0,0,0,0,0,0,1,0,1,0,0,0,0,1,0,0,0,1,0,0,0,0,1,0,0,0,1,0,1,0
CLI-000127,1939.0,10,8,1,12.5,1,5.7,2,3,30,2,10.65,2,0,90.96,0.1,1,0.25,0,0,0,0,1,0,0,0,0,1,0,0,0,0,1,0,0,0,0,0,1,0,0,0,1,0,0,0,0,0,1,0,0,0,0,1,0,1,0,0,1,0,0,0,0,1,0
CLI-002164,192484.0,10,189,73,38.6,1,0.5,6,1,4,1,4.0,4,1,9389.44,0.01,0,0.23,0,0,1,0,0,0,0,0,0,1,0,0,0,0,1,0,0,0,0,0,0,0,1,0,0,0,1,0,0,0,0,0,1,0,1,0,0,1,0,0,0,1,0,0,0,1,0
CLI-000106,96033.0,25,51,29,56.9,3,1.7,3,10,3,7,19.4,3,0,1411.01,0.0,0,0.19,0,0,1,0,0,0,0,0,0,0,0,1,0,0,1,0,0,0,0,0,0,0,1,0,0,1,0,0,1,0,0,0,0,0,0,0,1,0,1,0,0,0,0,1,0,0,1
CLI-003658,35970.0,8,49,29,59.2,21,6.5,9,3,0,0,7.5,3,0,1253.3,0.0,0,0.56,1,0,0,0,0,0,0,0,0,0,0,0,0,1,0,0,0,1,0,0,0,1,0,0,0,1,0,0,0,0,1,0,0,0,1,0,0,0,1,0,0,0,1,0,0,1,0
CLI-002097,6989.0,3,24,9,37.5,21,16.1,14,0,0,1,6.6,3,2,1065.44,0.0,0,0.54,0,0,0,0,0,1,0,0,0,1,0,0,0,0,1,0,0,0,0,0,0,1,0,0,0,0,1,0,0,0,0,1,0,1,0,0,0,0,0,1,0,1,0,0,1,0,0
CLI-002886,28269.0,4,59,13,22.0,2,0.5,4,0,1,2,12.5,2,2,1378.98,0.01,0,0.25,0,0,1,0,0,0,0,0,0,1,0,0,0,0,0,0,0,1,0,0,0,1,0,0,0,1,0,0,0,0,0,0,1,0,1,0,0,1,0,0,0,0,0,1,0,1,0
CLI-001692,2690.0,14,9,6,66.7,30,2.5,3,4,0,2,21.7,5,0,99.41,0.0,0,0.38,0,0,0,1,0,0,0,0,0,0,1,0,0,0,0,0,0,0,1,0,1,0,0,0,1,0,0,0,0,0,1,0,0,0,0,1,0,0,1,0,0,0,1,0,0,0,1
CLI-000216,6994.0,1,39,21,53.8,16,10.7,4,0,1,6,16.0,2,0,852.96,0.03,0,0.25,0,0,0,1,0,0,0,0,0,0,1,0,0,0,0,1,0,0,0,0,0,1,0,0,0,1,0,0,1,0,0,0,0,0,0,1,0,0,0,1,1,0,0,0,1,0,0
CLI-002867,9385.0,19,7,3,42.9,24,12.2,3,3,0,1,10.65,2,0,97.82,0.0,0,0.38,1,0,0,0,0,0,0,0,1,0,0,0,0,0,0,0,0,1,0,0,1,0,0,0,1,0,0,0,1,0,0,0,0,0,0,1,0,0,1,0,0,0,0,1,0,0,1
CLI-001793,2920.0,17,3,2,66.7,57,21.8,8,4,1,0,7.9,4,0,89.02,0.0,0,0.5,0,0,0,0,0,1,0,0,0,0,0,1,0,0,0,0,0,0,1,0,1,0,0,0,0,1,0,0,0,1,0,0,0,0,1,0,0,1,0,0,0,0,1,0,0,0,1
CLI-003855,6970.0,16,10,6,60.0,40,33.7,11,6,0,6,4.8,3,0,500.03,0.0,0,0.42,0,1,0,0,0,0,0,1,0,0,0,0,0,0,1,0,0,0,0,0,0,1,0,0,0,0,1,0,0,1,0,0,0,0,0,1,0,0,1,0,0,0,0,1,0,0,1
CLI-003180,19909.0,5,36,12,33.3,4,0.8,5,1,5,5,15.2,3,0,867.1,0.03,0,0.31,0,0,1,0,0,0,0,0,0,0,1,0,0,0,0,0,0,1,0,0,0,1,0,0,0,1,0,0,0,0,1,0,0,0,0,0,1,0,0,1,0,0,0,1,0,1,0
CLI-001461,836.0,5,3,2,66.7,51,20.8,4,2,1,1,19.1,5,3,42.48,0.01,0,0.5,0,1,0,0,0,0,0,0,1,0,0,0,0,0,0,1,0,0,0,0,1,0,0,0,1,0,0,0,0,1,0,0,0,0,0,0,1,0,0,1,0,0,0,1,0,1,0
CLI-000796,793.0,24,7,5,71.4,49,26.1,3,4,1,5,32.7,3,0,84.0,0.0,0,0.38,0,0,0,0,1,0,0,0,1,0,0,0,0,0,1,0,0,0,0,0,1,0,0,0,1,0,0,0,1,0,0,0,0,0,0,0,1,0,0,1,0,1,0,0,0,0,1
CLI-000502,18536.0,12,59,12,20.3,3,5.7,7,4,2,0,10.65,4,0,1412.82,0.01,0,0.44,0,0,0,1,0,0,0,0,0,0,0,1,0,0,0,0,0,0,1,0,0,1,0,0,0,1,0,0,0,0,1,0,0,0,1,0,0,0,0,1,0,0,0,1,0,1,0
CLI-003672,85505.0,14,52,28,53.8,21,5.5,12,6,2,4,8.2,3,0,2543.28,0.0,0,0.46,1,0,0,0,0,0,0,1,0,0,0,0,0,0,1,0,0,0,0,0,0,1,0,0,0,0,1,0,0,0,0,1,0,0,1,0,0,0,1,0,0,0,0,1,0,0,1
CLI-004918,2308.0,5,6,3,50.0,23,5.8,5,0,5,0,10.65,3,1,234.55,0.03,0,0.19,0,0,0,0,0,0,1,0,0,0,0,0,1,0,1,0,0,0,0,0,1,0,0,0,0,0,1,0,1,0,0,0,0,1,0,0,0,0,0,1,0,0,0,1,0,1,0
CLI-003367,20051.0,13,22,10,45.5,22,10.4,18,1,2,0,0.5,4,0,1630.14,0.01,0,0.45,1,0,0,0,0,0,0,0,0,0,0,1,0,0,1,0,0,0,0,0,0,1,0,0,0,0,0,1,0,1,0,0,0,0,0,1,0,0,1,0,0,0,0,1,0,0,1
CLI-004099,22148.0,6,13,10,76.9,44,41.4,24,0,0,1,3.5,5,0,1080.41,0.0,0,0.6,0,0,0,0,0,0,1,0,0,1,0,0,0,0,1,0,0,0,0,0,0,1,0,0,0,0,0,1,0,1,0,0,0,0,1,0,0,1,0,0,0,1,0,0,0,1,0
CLI-000480,7914.0,14,16,8,50.0,16,5.7,2,0,2,8,20.9,1,0,357.44,0.0,0,0.12,0,0,0,0,0,0,1,0,0,1,0,0,0,0,1,0,0,0,0,0,0,1,0,0,0,1,0,0,1,0,0,0,0,1,0,0,0,0,1,0,1,0,0,0,0,0,1
CLI-003157,179564.0,1,184,136,73.9,33,25.2,11,0,0,6,8.3,3,3,8422.32,0.0,0,0.42,0,1,0,0,0,0,0,0,0,1,0,0,0,0,0,0,0,1,0,0,0,0,1,0,0,0,1,0,0,0,1,0,0,0,0,0,1,0,1,0,0,0,0,1,1,0,0
CLI-004120,233825.0,8,100,54,54.0,6,2.8,9,4,5,6,8.2,3,2,5380.23,0.02,0,0.35,0,0,1,0,0,0,0,1,0,0,0,0,0,0,0,0,0,0,0,1,0,0,1,0,0,0,1,0,0,0,0,1,0,0,1,0,0,0,0,1,0,0,0,1,0,1,0
CLI-002981,209226.0,1,847,402,47.5,7,1.0,1,0,1,6,14.1,4,3,17010.24,0.03,0,0.06,0,0,0,0,0,1,0,0,0,0,0,0,0,1,1,0,0,0,0,0,0,0,0,1,0,1,0,0,0,0,0,1,0,1,0,0,0,0,1,0,0,1,0,0,1,0,0
CLI-000353,7825.0,9,25,14,50.0,29,5.7,8,2,0,5,15.1,3,2,636.21,0.0,0,0.5,0,1,0,0,0,0,0,0,1,0,0,0,0,0,1,0,0,0,0,0,0,1,0,0,0,1,0,0,0,1,0,0,0,0,1,0,0,1,0,0,0,0,0,1,0,1,0
CLI-002006,656.0,5,2,1,50.0,6,0.3,5,0,0,0,5.8,5,4,47.05,0.0,0,0.31,0,0,0,0,0,0,1,0,0,0,0,0,0,1,1,0,0,0,0,0,1,0,0,0,0,1,0,0,1,0,0,0,0,0,1,0,0,0,0,1,0,1,0,0,0,1,0
CLI-000783,1779.0,6,10,2,20.0,1,0.1,2,1,0,6,17.9,4,1,197.18,0.0,0,0.12,0,0,0,0,1,0,0,0,0,1,0,0,0,0,1,0,0,0,0,0,1,0,0,0,0,1,0,0,0,0,0,1,0,0,0,1,0,0,0,1,0,0,0,1,0,1,0
CLI-002613,4692.0,8,9,8,88.9,76,51.9,9,2,1,6,14.9,5,0,272.46,0.0,0,0.56,0,0,0,0,0,1,0,0,0,0,0,0,1,0,1,0,0,0,0,0,1,0,0,0,0,1,0,0,0,0,0,0,1,0,0,0,1,0,1,0,0,0,0,1,0,1,0
CLI-000033,27256.0,13,46,9,19.6,3,1.0,6,6,11,4,11.4,3,0,977.61,0.03,0,0.38,0,0,0,0,1,0,0,0,0,0,1,0,0,0,0,0,0,0,0,1,0,1,0,0,0,1,0,0,0,0,1,0,0,0,0,1,0,1,0,0,0,0,0,1,0,0,1
CLI-003929,3458.0,4,15,5,33.3,7,2.7,7,1,1,2,10.65,2,0,351.45,0.01,0,0.44,0,0,0,1,0,0,0,0,0,1,0,0,0,0,0,0,1,0,0,0,0,1,0,0,0,1,0,0,0,0,0,1,0,0,0,1,0,0,0,1,1,0,0,0,0,1,0
CLI-002883,300.0,18,1,1,100.0,1,0.5,3,3,9,4,32.0,2,0,13.98,0.02,0,0.38,1,0,0,0,0,0,0,0,0,0,0,0,1,0,1,0,0,0,0,0,1,0,0,0,1,0,0,0,0,0,1,0,0,0,0,1,0,0,1,0,1,0,0,0,0,0,1
CLI-003982,23818.0,24,90,47,52.2,18,6.2,7,3,6,8,22.2,2,0,2420.5,0.01,0,0.44,0,0,0,0,1,0,0,0,0,0,0,1,0,0,0,0,0,0,0,1,0,0,1,0,0,1,0,0,0,0,0,0,1,1,0,0,0,1,0,0,1,0,0,0,0,0,1
CLI-001079,300.0,9,1,1,100.0,1,0.3,5,1,1,1,23.2,4,1,9.75,0.0,0,0.62,0,1,0,0,0,0,0,0,0,1,0,0,0,0,1,0,0,0,0,0,1,0,0,0,1,0,0,0,0,0,0,1,0,0,0,0,1,1,0,0,0,0,0,1,0,1,0
CLI-002644,51371.0,21,179,148,50.0,66,38.2,13,5,0,0,3.4,5,0,7830.91,0.0,0,0.5,0,0,1,0,0,0,0,0,1,0,0,0,0,0,1,0,0,0,0,0,0,0,1,0,0,0,1,0,1,0,0,0,0,0,0,1,0,1,0,0,0,0,1,0,0,0,1
CLI-003448,24994.0,6,186,131,70.4,32,15.1,7,0,1,3,14.2,4,0,5080.14,0.01,0,0.44,0,1,0,0,0,0,0,0,0,0,0,0,1,0,0,0,0,0,1,0,0,0,1,0,0,1,0,0,1,0,0,0,0,0,0,0,1,0,0,1,0,0,0,1,0,1,0
CLI-001505,261929.0,18,194,164,84.5,91,46.6,19,2,0,6,8.2,1,0,9679.58,0.0,0,0.73,0,1,0,0,0,0,0,1,0,0,0,0,0,0,1,0,0,0,0,0,0,0,1,0,0,0,1,0,1,0,0,0,0,1,0,0,0,0,1,0,0,0,0,1,0,0,1
CLI-000301,80594.0,3,376,306,81.4,39,5.7,31,0,1,4,2.1,2,0,24571.43,0.01,0,0.78,0,1,0,0,0,0,0,0,1,0,0,0,0,0,0,0,0,0,0,1,0,0,0,1,0,0,0,1,0,0,0,0,1,0,0,1,0,0,0,1,1,0,0,0,1,0,0
CLI-002316,8308.0,12,53,13,24.5,7,5.0,8,1,7,2,16.2,2,1,1266.42,0.02,0,0.5,0,0,0,1,0,0,0,1,0,0,0,0,0,0,1,0,0,0,0,0,0,1,0,0,0,1,0,0,1,0,0,0,0,0,0,0,1,0,0,1,0,0,0,1,0,1,0
CLI-004364,7636.0,14,59,5,8.5,1,0.4,1,0,6,2,10.65,3,1,665.19,0.01,0,0.12,0,0,0,1,0,0,0,1,0,0,0,0,0,0,1,0,0,0,0,0,0,1,0,0,1,0,0,0,0,0,0,1,0,0,1,0,0,0,0,1,0,0,0,1,0,0,1
CLI-002682,959.0,1,5,1,20.0,1,0.1,0,0,11,9,35.1,1,0,61.58,0.37,0,0.0,0,0,1,0,0,0,0,1,0,0,0,0,0,0,1,0,0,0,0,0,1,0,0,0,1,0,0,0,0,0,0,0,1,0,0,0,1,0,1,0,0,0,0,1,1,0,0
CLI-003530,5515.0,8,8,4,50.0,15,8.7,2,0,1,1,6.3,4,1,203.82,0.0,0,0.12,0,0,0,0,1,0,0,0,1,0,0,0,0,0,1,0,0,0,0,0,1,0,0,0,0,1,0,0,0,1,0,0,0,1,0,0,0,0,0,1,0,0,0,1,0,1,0
CLI-003288,116478.0,7,209,184,88.0,72,24.2,7,0,1,10,14.3,3,3,6456.67,0.0,0,0.44,0,0,1,0,0,0,0,0,0,0,0,0,1,0,1,0,0,0,0,0,0,0,1,0,0,1,0,0,0,1,0,0,0,0,0,0,1,0,0,1,0,0,0,1,0,1,0
CLI-000363,3565.0,11,10,6,60.0,46,29.7,6,3,0,0,7.7,5,0,255.76,0.0,0,0.38,0,0,0,0,0,1,0,0,0,0,0,0,0,1,1,0,0,0,0,0,1,0,0,0,0,1,0,0,0,0,0,0,1,1,0,0,0,1,0,0,0,0,1,0,0,1,0
CLI-000369,88159.0,16,58,30,51.7,26,14.8,6,3,1,5,9.3,3,0,2905.7,0.0,0,0.23,1,0,0,0,0,0,0,0,0,0,0,0,0,1,1,0,0,0,0,0,0,1,0,0,0,0,1,0,1,0,0,0,0,0,0,1,0,0,0,1,0,1,0,0,0,0,1
CLI-003988,10515.0,15,10,4,40.0,15,7.8,8,3,0,2,7.2,3,0,512.94,0.0,0,0.31,0,0,0,1,0,0,0,0,1,0,0,0,0,0,1,0,0,0,0,0,1,0,0,0,0,0,1,0,0,0,1,0,0,1,0,0,0,0,1,0,0,0,0,1,0,0,1
CLI-003038,99902.0,20,95,36,37.9,4,1.3,3,6,13,3,21.6,3,0,1310.02,0.02,0,0.38,1,0,0,0,0,0,0,0,1,0,0,0,0,0,1,0,0,0,0,0,0,0,1,0,1,0,0,0,0,1,0,0,0,1,0,0,0,1,0,0,0,0,0,1,0,0,1
CLI-000637,12917.0,5,44,36,81.8,42,35.7,16,0,0,6,9.5,1,0,1980.0,0.0,0,0.62,0,1,0,0,0,0,0,0,0,1,0,0,0,0,0,1,0,0,0,0,0,0,1,0,0,0,1,0,0,0,0,1,0,0,1,0,0,0,1,0,0,0,0,1,0,1,0
CLI-003338,4703.0,15,13,7,50.0,29,7.6,6,4,2,2,11.5,5,0,318.64,0.0,0,0.38,0,0,0,0,1,0,0,0,0,0,0,1,0,0,0,0,0,0,1,0,0,1,0,0,0,1,0,0,0,1,0,0,0,0,0,1,0,0,1,0,0,0,1,0,0,0,1
CLI-000248,801.0,11,2,1,50.0,33,15.3,9,1,0,5,15.8,3,0,51.41,0.0,0,0.56,0,0,0,0,1,0,0,0,0,0,0,1,0,0,0,1,0,0,0,0,1,0,0,0,0,1,0,0,0,0,1,0,0,0,0,1,0,0,1,0,0,1,0,0,0,1,0
CLI-001061,13202.0,5,23,19,82.6,46,9.4,10,1,2,4,10.65,2,0,575.0,0.01,0,0.62,0,0,0,1,0,0,0,0,0,0,0,1,0,0,1,0,0,0,0,0,0,1,0,0,0,1,0,0,0,0,0,1,0,0,0,1,0,0,1,0,1,0,0,0,0,1,0
CLI-003572,177262.0,10,58,0,0.0,0,0.0,0,0,38,3,0.5,4,0,3860.23,0.13,1,0.0,0,0,0,1,0,0,0,1,0,0,0,0,0,0,0,1,0,0,0,0,0,1,0,0,0,0,0,1,1,0,0,0,0,0,0,0,1,0,1,0,1,0,0,0,0,1,0
CLI-000207,13725.0,29,7,3,42.9,15,6.2,6,8,3,0,10.65,5,0,341.59,0.0,0,0.23,0,0,0,0,1,0,0,0,1,0,0,0,0,0,0,1,0,0,0,0,1,0,0,0,0,0,1,0,1,0,0,0,0,1,0,0,0,0,1,0,0,0,0,1,0,0,1
CLI-000478,2655.0,14,10,3,50.0,12,0.6,6,2,5,3,12.6,4,0,215.86,0.01,0,0.38,0,0,0,0,0,0,1,0,1,0,0,0,0,0,1,0,0,0,0,0,1,0,0,0,0,1,0,0,0,1,0,0,0,1,0,0,0,0,1,0,0,0,0,1,0,0,1
CLI-002645,3577.0,20,11,1,9.1,1,0.2,1,3,0,3,33.7,2,0,155.81,0.0,0,0.12,0,0,0,0,0,1,0,0,0,1,0,0,0,0,0,0,0,0,0,1,1,0,0,0,1,0,0,0,0,1,0,0,0,0,0,0,1,0,0,1,0,0,0,1,0,0,1
CLI-004792,23123.0,4,22,9,40.9,10,5.3,8,1,1,9,1.4,1,0,1484.12,0.01,0,0.2,1,0,0,0,0,0,0,0,0,0,1,0,0,0,0,0,0,1,0,0,0,1,0,0,0,0,0,1,0,1,0,0,0,0,0,1,0,0,1,0,1,0,0,0,0,1,0
CLI-004636,66481.0,1,59,44,74.6,26,18.8,16,0,1,3,2.5,3,0,3860.71,0.03,0,0.4,0,0,0,0,0,0,1,0,0,0,1,0,0,0,1,0,0,0,0,0,0,1,0,0,0,0,0,1,0,0,0,1,0,0,0,0,1,1,0,0,0,0,0,1,1,0,0
CLI-004156,239096.0,9,495,0,0.0,0,0.0,0,0,35,4,8.1,2,1,19438.72,0.13,1,0.0,0,0,0,0,1,0,0,0,0,0,0,0,0,1,0,0,0,0,1,0,0,0,0,1,0,0,1,0,1,0,0,0,0,0,1,0,0,1,0,0,0,0,0,1,0,1,0
CLI-001198,1363.0,12,8,5,62.5,42,19.4,3,2,3,4,28.7,3,1,110.85,0.01,0,0.38,0,0,1,0,0,0,0,0,0,0,0,0,0,1,1,0,0,0,0,0,1,0,0,0,1,0,0,0,0,1,0,0,0,0,0,1,0,1,0,0,0,0,0,1,0,1,0
CLI-000661,24071.0,17,16,3,18.8,4,1.1,3,3,1,2,8.9,4,0,481.22,0.0,0,0.19,0,0,0,0,0,1,0,0,1,0,0,0,0,0,0,1,0,0,0,0,0,1,0,0,0,1,0,0,0,0,0,1,0,0,0,0,1,0,0,1,0,0,0,1,0,0,1
CLI-001091,579.0,18,1,1,100.0,28,5.7,0,7,1,4,10.65,3,0,24.36,0.0,0,0.0,0,1,0,0,0,0,0,0,0,1,0,0,0,0,1,0,0,0,0,0,1,0,0,0,0,1,0,0,0,1,0,0,0,0,1,0,0,0,0,1,0,0,0,1,0,0,1
CLI-002183,241386.0,1,53,40,75.5,61,27.6,13,0,2,0,5.7,4,0,3546.67,0.07,0,0.5,0,0,0,0,0,0,1,0,1,0,0,0,0,0,1,0,0,0,0,0,0,1,0,0,0,0,1,0,0,0,0,0,1,1,0,0,0,0,1,0,0,1,0,0,1,0,0
CLI-001523,840.0,7,24,0,0.0,0,0.0,0,0,71,3,23.3,4,0,256.23,0.34,1,0.0,0,1,0,0,0,0,0,0,0,1,0,0,0,0,1,0,0,0,0,0,0,1,0,0,1,0,0,0,0,0,1,0,0,1,0,0,0,0,0,1,1,0,0,0,0,1,0
CLI-002953,12934.0,2,58,20,34.5,9,1.4,5,1,1,2,14.1,3,3,1213.29,0.02,0,0.31,1,0,0,0,0,0,0,0,0,1,0,0,0,0,0,0,0,0,0,1,0,1,0,0,0,1,0,0,0,0,0,1,0,0,0,0,1,1,0,0,0,1,0,0,1,0,0
CLI-000004,32814.0,29,42,25,50.0,39,20.2,10,8,1,0,10.65,5,0,1600.67,0.0,0,0.38,0,0,0,0,0,1,0,0,0,1,0,0,0,0,1,0,0,0,0,0,0,1,0,0,0,0,1,0,0,0,1,0,0,0,0,1,0,0,0,1,0,0,1,0,0,0,1
CLI-003698,40758.0,11,124,24,19.4,2,0.8,2,0,1,4,25.7,3,0,1506.21,0.0,0,0.25,0,0,1,0,0,0,0,0,1,0,0,0,0,0,1,0,0,0,0,0,0,0,1,0,1,0,0,0,0,0,0,1,0,0,0,0,1,0,1,0,1,0,0,0,0,1,0
CLI-001402,1731.0,18,15,8,53.3,23,10.5,4,5,0,4,17.2,3,0,351.82,0.0,0,0.25,0,0,0,0,0,0,1,1,0,0,0,0,0,0,1,0,0,0,0,0,0,1,0,0,0,1,0,0,1,0,0,0,0,0,1,0,0,0,0,1,0,0,0,1,0,0,1
CLI-002541,6508.0,9,10,5,50.0,17,7.0,7,3,3,4,11.6,3,0,240.49,0.01,0,0.44,0,0,1,0,0,0,0,0,0,0,0,1,0,0,0,0,1,0,0,0,0,1,0,0,0,1,0,0,0,0,0,1,0,1,0,0,0,0,1,0,0,1,0,0,0,1,0
CLI-002807,873233.0,17,504,295,58.5,32,7.3,14,2,2,6,6.8,3,0,24202.68,0.0,0,0.54,1,0,0,0,0,0,0,0,0,0,0,1,0,0,1,0,0,0,0,0,0,0,0,1,0,0,1,0,0,0,1,0,0,0,0,0,1,0,1,0,0,0,0,1,0,0,1
CLI-001455,11214.0,23,33,8,24.2,1,0.3,4,4,7,3,28.2,3,0,455.87,0.01,0,0.5,0,0,1,0,0,0,0,1,0,0,0,0,0,0,0,0,0,0,0,1,0,1,0,0,1,0,0,0,0,1,0,0,0,0,1,0,0,0,0,1,1,0,0,0,0,0,1
CLI-003740,1356.0,2,11,9,81.8,22,15.5,5,0,0,7,12.2,3,3,275.63,0.0,0,0.31,0,1,0,0,0,0,0,0,0,0,0,1,0,0,1,0,0,0,0,0,1,0,0,0,0,1,0,0,1,0,0,0,0,1,0,0,0,0,1,0,1,0,0,0,1,0,0
CLI-004171,14091.0,3,42,25,59.5,35,2.1,9,1,0,1,6.1,3,1,859.23,0.0,0,0.56,0,0,0,0,0,0,1,0,1,0,0,0,0,0,1,0,0,0,0,0,0,0,1,0,0,1,0,0,1,0,0,0,0,0,0,1,0,0,0,1,0,0,0,1,1,0,0
CLI-001971,1626.0,5,11,6,54.5,4,1.1,0,0,16,3,16.4,4,1,110.17,0.11,0,0.0,0,1,0,0,0,0,0,0,1,0,0,0,0,0,1,0,0,0,0,0,0,1,0,0,1,0,0,0,0,1,0,0,0,0,0,1,0,0,0,1,0,0,0,1,0,1,0
CLI-001856,8206.0,12,24,9,37.5,20,14.7,5,3,1,0,10.4,3,1,555.93,0.0,0,0.31,0,0,0,1,0,0,0,0,1,0,0,0,0,0,0,0,0,0,0,1,0,1,0,0,0,1,0,0,0,0,0,1,0,0,0,0,1,0,0,1,0,0,0,1,0,1,0
CLI-002830,5175.0,9,9,6,66.7,37,5.7,5,1,0,3,32.1,2,0,146.77,0.0,0,0.62,1,0,0,0,0,0,0,1,0,0,0,0,0,0,0,0,0,0,1,0,1,0,0,0,1,0,0,0,0,0,0,1,0,0,0,0,1,0,1,0,0,0,0,1,0,1,0
CLI-004974,363761.0,20,209,150,71.8,29,14.5,8,3,1,3,10.65,4,0,9438.53,0.0,0,0.31,0,0,0,0,1,0,0,0,0,0,1,0,0,0,1,0,0,0,0,0,0,0,1,0,0,0,1,0,0,1,0,0,0,0,0,1,0,0,0,1,0,0,1,0,0,0,1
CLI-004994,26824.0,19,89,20,22.5,10,3.2,5,1,1,0,5.1,4,0,2516.31,0.0,0,0.31,0,0,0,1,0,0,0,0,0,1,0,0,0,0,1,0,0,0,0,0,0,0,1,0,0,1,0,0,0,1,0,0,0,0,0,1,0,0,1,0,0,0,0,1,0,0,1
CLI-001552,14131.0,1,57,30,52.6,18,6.2,11,0,0,2,7.3,4,3,1723.25,0.0,0,0.42,0,1,0,0,0,0,0,0,0,0,0,0,0,1,0,0,0,0,1,0,0,1,0,0,0,0,1,0,0,0,0,0,1,1,0,0,0,1,0,0,0,0,0,1,1,0,0
CLI-003926,455.0,9,4,3,75.0,63,48.9,5,2,1,1,26.8,2,3,55.44,0.0,0,0.62,0,0,0,1,0,0,0,0,1,0,0,0,0,0,1,0,0,0,0,0,1,0,0,0,1,0,0,0,0,0,0,1,0,0,0,1,0,0,1,0,0,0,0,1,0,1,0
CLI-004254,13943.0,18,17,7,41.2,39,24.2,16,1,1,5,6.4,2,0,894.94,0.0,0,0.62,0,0,0,0,1,0,0,0,0,0,0,0,1,0,0,0,0,0,1,0,0,1,0,0,0,0,1,0,0,0,1,0,0,1,0,0,0,0,1,0,0,0,0,1,0,0,1
CLI-004514,16256.0,16,21,9,42.9,14,5.7,6,3,0,2,10.65,3,0,600.75,0.0,0,0.38,1,0,0,0,0,0,0,1,0,0,0,0,0,0,1,0,0,0,0,0,0,1,0,0,0,1,0,0,0,0,1,0,0,0,0,0,1,0,1,0,0,1,0,0,0,0,1
CLI-004786,7998.0,1,32,18,56.2,26,9.5,7,0,0,3,10.65,3,1,650.28,0.0,0,0.44,0,0,0,0,1,0,0,1,0,0,0,0,0,0,1,0,0,0,0,0,0,1,0,0,0,1,0,0,1,0,0,0,0,0,0,1,0,0,0,1,0,0,0,1,1,0,0
CLI-001788,33252.0,5,41,13,31.7,12,1.4,12,0,10,2,2.6,5,2,2027.56,0.07,0,0.46,0,1,0,0,0,0,0,0,1,0,0,0,0,0,0,0,0,0,1,0,0,1,0,0,0,0,1,0,0,0,0,1,0,0,0,1,0,1,0,0,0,1,0,0,0,1,0
CLI-004191,47175.0,1,162,111,68.5,52,5.7,14,0,4,4,5.5,3,1,7191.25,0.13,0,0.54,0,1,0,0,0,0,0,0,1,0,0,0,0,0,1,0,0,0,0,0,0,0,0,1,0,0,1,0,0,1,0,0,0,0,1,0,0,1,0,0,0,0,0,1,1,0,0
CLI-003056,27278.0,1,45,15,33.3,13,3.0,5,0,1,4,15.7,3,1,1125.0,0.03,0,0.31,0,0,0,0,0,1,0,0,0,0,0,0,1,0,1,0,0,0,0,0,0,1,0,0,0,1,0,0,0,0,1,0,0,0,0,1,0,0,1,0,0,1,0,0,1,0,0
CLI-004285,101087.0,16,52,35,67.3,24,19.8,10,4,1,1,8.7,3,0,1540.96,0.0,0,0.62,0,1,0,0,0,0,0,1,0,0,0,0,0,0,1,0,0,0,0,0,0,1,0,0,0,1,0,0,0,0,0,0,1,1,0,0,0,0,1,0,0,0,1,0,0,0,1
CLI-004431,2438.0,8,9,7,77.8,43,38.3,5,0,1,7,18.0,3,2,228.73,0.0,0,0.31,0,1,0,0,0,0,0,0,0,0,0,0,1,0,1,0,0,0,0,0,0,1,0,0,0,1,0,0,0,0,0,1,0,0,0,1,0,1,0,0,0,0,0,1,0,1,0
CLI-001561,968.0,7,6,3,50.0,23,9.9,2,1,1,1,0.5,5,1,73.81,0.0,0,0.25,0,0,0,0,0,0,1,0,0,0,0,0,0,1,1,0,0,0,0,0,1,0,0,0,1,0,0,0,0,0,0,1,0,1,0,0,0,1,0,0,0,1,0,0,0,1,0
CLI-004646,457.0,13,3,2,66.7,52,21.6,5,1,0,0,19.4,5,0,37.16,0.0,0,0.62,0,0,0,0,0,1,0,0,0,1,0,0,0,0,1,0,0,0,0,0,1,0,0,0,1,0,0,0,0,0,1,0,0,0,0,0,1,0,0,1,0,0,0,1,0,0,1
CLI-004350,148895.0,5,45,22,48.9,10,5.6,13,1,0,5,9.4,3,0,2453.77,0.0,0,0.5,0,0,0,0,1,0,0,0,1,0,0,0,0,0,0,0,0,1,0,0,0,1,0,0,0,0,1,0,1,0,0,0,0,1,0,0,0,1,0,0,0,1,0,0,0,1,0
CLI-001270,40697.0,2,136,38,27.9,5,1.0,1,2,1,0,10.3,3,0,2363.36,0.02,0,0.06,0,0,0,0,0,1,0,0,0,0,0,0,0,1,1,0,0,0,0,0,0,0,0,1,0,1,0,0,0,0,0,0,1,0,0,1,0,0,1,0,0,1,0,0,1,0,0
CLI-002153,70583.0,14,47,32,68.1,38,10.2,4,2,0,3,1.3,4,0,2001.78,0.0,0,0.15,0,0,1,0,0,0,0,1,0,0,0,0,0,0,0,1,0,0,0,0,0,1,0,0,0,0,1,0,1,0,0,0,0,0,0,0,1,1,0,0,0,1,0,0,0,0,1
CLI-004802,7972.0,11,34,8,23.5,3,0.5,4,2,9,3,11.3,2,0,810.17,0.03,0,0.25,0,1,0,0,0,0,0,0,0,0,0,1,0,0,1,0,0,0,0,0,0,0,1,0,0,1,0,0,1,0,0,0,0,0,1,0,0,1,0,0,0,0,0,1,0,1,0
CLI-004355,1273.0,1,10,6,60.0,40,30.2,3,0,0,1,21.1,5,2,129.34,0.0,0,0.38,1,0,0,0,0,0,0,1,0,0,0,0,0,0,1,0,0,0,0,0,1,0,0,0,1,0,0,0,0,1,0,0,0,0,0,1,0,0,1,0,0,0,0,1,1,0,0
CLI-004108,61783.0,10,217,104,47.9,5,5.7,7,3,6,7,10.65,3,2,15069.12,0.02,0,0.18,1,0,0,0,0,0,0,0,0,1,0,0,0,0,1,0,0,0,0,0,0,0,1,0,0,0,0,1,0,1,0,0,0,1,0,0,0,1,0,0,1,0,0,0,0,1,0
CLI-001715,32530.0,12,54,43,79.6,34,6.0,5,1,0,2,4.1,5,0,2833.64,0.0,0,0.19,0,0,0,1,0,0,0,1,0,0,0,0,0,0,1,0,0,0,0,0,0,1,0,0,0,0,1,0,0,0,0,1,0,0,0,0,1,1,0,0,0,0,0,1,0,1,0
CLI-004177,2816.0,1,11,8,72.7,17,5.7,9,0,2,11,19.4,2,1,245.31,0.07,0,0.56,0,1,0,0,0,0,0,0,0,1,0,0,0,0,0,0,0,1,0,0,0,1,0,0,0,1,0,0,0,0,1,0,0,1,0,0,0,0,1,0,0,0,0,1,1,0,0
CLI-002529,2544.0,1,7,4,57.1,13,5.4,7,0,1,2,5.8,4,2,310.2,0.03,0,0.27,0,0,0,0,0,0,1,1,0,0,0,0,0,0,1,0,0,0,0,0,0,1,0,0,0,0,1,0,0,0,0,0,1,0,0,1,0,0,1,0,0,0,0,1,1,0,0
CLI-003706,5301.0,27,17,2,11.8,1,0.1,0,2,18,0,14.7,4,0,431.01,0.02,0,0.0,0,0,0,0,1,0,0,0,0,1,0,0,0,0,0,0,0,0,0,1,0,1,0,0,0,1,0,0,0,0,1,0,0,1,0,0,0,1,0,0,1,0,0,0,0,0,1
CLI-002936,1974.0,1,19,6,31.6,1,0.2,1,1,9,2,19.7,3,0,218.83,0.3,0,0.12,0,0,0,0,0,0,1,0,0,1,0,0,0,0,1,0,0,0,0,0,0,1,0,0,1,0,0,0,0,0,0,0,1,1,0,0,0,0,0,1,0,0,0,1,1,0,0
CLI-001345,10496.0,5,40,11,27.5,1,0.1,3,3,23,0,7.3,4,1,752.92,0.15,0,0.19,0,0,0,0,0,0,1,1,0,0,0,0,0,0,1,0,0,0,0,0,0,1,0,0,0,1,0,0,0,0,1,0,0,0,0,1,0,0,0,1,0,1,0,0,0,1,0
CLI-002586,719.0,6,11,0,0.0,0,0.0,0,0,55,0,10.65,4,1,79.73,0.31,1,0.0,0,0,0,0,0,1,0,0,0,0,0,0,1,0,1,0,0,0,0,0,0,1,0,0,1,0,0,0,0,0,0,0,1,0,0,1,0,0,1,0,0,0,0,1,0,1,0
CLI-000277,1645.0,10,7,0,0.0,0,0.0,0,0,78,4,10.6,2,0,133.78,0.26,1,0.0,1,0,0,0,0,0,0,0,0,0,0,0,1,0,0,0,0,0,0,1,0,1,0,0,0,1,0,0,0,0,0,1,0,0,0,1,0,1,0,0,0,0,0,1,0,1,0
CLI-002148,13043.0,22,40,19,47.5,35,24.1,4,8,2,1,10.65,4,0,1060.44,0.0,0,0.25,0,0,1,0,0,0,0,1,0,0,0,0,0,0,1,0,0,0,0,0,0,1,0,0,0,1,0,0,0,0,1,0,0,1,0,0,0,0,0,1,0,0,1,0,0,0,1
CLI-001215,19262.0,5,171,89,52.0,16,8.3,7,0,1,3,10.65,4,0,3355.8,0.01,0,0.44,1,0,0,0,0,0,0,0,1,0,0,0,0,0,1,0,0,0,0,0,0,0,1,0,0,1,0,0,0,1,0,0,0,1,0,0,0,0,1,0,0,1,0,0,0,1,0
CLI-001898,62171.0,4,32,20,62.5,16,6.2,7,0,2,3,5.8,3,0,1263.64,0.02,0,0.27,0,0,0,0,0,1,0,0,0,0,0,0,1,0,0,1,0,0,0,0,0,1,0,0,0,0,1,0,0,0,0,0,1,0,1,0,0,0,1,0,0,1,0,0,0,1,0
CLI-003477,2126.0,11,55,7,12.7,1,0.1,2,5,6,5,45.8,2,1,432.17,0.02,0,0.25,1,0,0,0,0,0,0,0,0,1,0,0,0,0,1,0,0,0,0,0,0,1,0,0,1,0,0,0,0,0,0,0,1,0,0,0,1,0,0,1,1,0,0,0,0,1,0
CLI-002839,7513.0,6,50,27,54.0,18,5.6,3,2,0,3,23.6,3,0,704.8,0.0,0,0.38,0,0,0,0,0,1,0,0,0,1,0,0,0,0,0,0,0,0,1,0,0,1,0,0,1,0,0,0,0,1,0,0,0,0,0,1,0,0,1,0,0,0,0,1,0,1,0
CLI-002835,415941.0,17,505,181,35.8,10,0.5,4,4,3,1,5.8,3,0,24154.52,0.01,0,0.15,0,1,0,0,0,0,0,0,0,0,0,0,1,0,0,1,0,0,0,0,0,0,0,1,0,0,1,0,0,0,0,0,1,0,0,0,1,0,0,1,0,1,0,0,0,0,1
CLI-001239,21870.0,9,35,20,57.1,14,7.8,3,3,2,3,14.4,3,0,808.2,0.01,0,0.19,0,0,0,1,0,0,0,0,0,1,0,0,0,0,0,0,1,0,0,0,0,1,0,0,0,1,0,0,0,0,1,0,0,1,0,0,0,0,1,0,0,0,0,1,0,1,0
CLI-002934,1766.0,19,4,2,50.0,24,5.7,5,4,4,3,24.4,3,0,51.28,0.01,0,0.62,0,0,0,0,0,0,1,0,0,0,0,0,0,1,1,0,0,0,0,0,1,0,0,0,1,0,0,0,0,1,0,0,0,0,0,1,0,1,0,0,0,0,0,1,0,0,1
CLI-004781,82416.0,7,29,17,58.6,39,20.4,13,1,1,5,8.7,2,2,1322.46,0.0,0,0.5,1,0,0,0,0,0,0,0,0,1,0,0,0,0,0,1,0,0,0,0,0,1,0,0,0,0,1,0,0,0,0,1,0,1,0,0,0,0,0,1,1,0,0,0,0,1,0
CLI-002291,42142.0,12,59,32,54.2,15,0.8,0,7,0,2,22.1,2,0,1468.36,0.0,0,0.0,1,0,0,0,0,0,0,0,0,0,0,0,0,1,1,0,0,0,0,0,0,1,0,0,0,1,0,0,1,0,0,0,0,0,1,0,0,0,0,1,0,0,0,1,0,1,0
CLI-003528,913.0,1,7,5,71.4,69,39.3,5,0,0,2,24.4,4,2,79.49,0.0,0,0.62,0,1,0,0,0,0,0,1,0,0,0,0,0,0,0,0,0,1,0,0,1,0,0,0,1,0,0,0,1,0,0,0,0,0,0,1,0,1,0,0,0,0,0,1,1,0,0
CLI-000002,6760.0,11,37,6,16.2,1,0.1,3,2,20,4,16.3,3,1,824.37,0.06,0,0.19,0,0,0,1,0,0,0,0,0,1,0,0,0,0,1,0,0,0,0,0,0,1,0,0,0,1,0,0,0,1,0,0,0,0,1,0,0,1,0,0,0,0,0,1,0,1,0
CLI-003457,12569.0,19,9,6,66.7,43,25.8,4,4,1,2,21.2,4,0,127.73,0.0,0,0.5,0,0,1,0,0,0,0,0,0,0,0,0,1,0,0,1,0,0,0,0,0,1,0,0,1,0,0,0,1,0,0,0,0,0,0,1,0,0,0,1,0,0,1,0,0,0,1
CLI-004728,2647.0,2,5,3,60.0,14,0.7,2,1,1,5,19.0,3,0,134.49,0.02,0,0.12,0,1,0,0,0,0,0,0,0,0,1,0,0,0,0,0,1,0,0,0,1,0,0,0,0,1,0,0,1,0,0,0,0,0,0,0,1,1,0,0,0,1,0,0,1,0,0
CLI-002955,27232.0,1,205,22,10.7,1,0.4,1,0,0,0,5.3,5,2,5535.0,0.0,0,0.04,0,0,0,0,0,1,0,0,0,0,1,0,0,0,1,0,0,0,0,0,0,0,1,0,0,0,1,0,0,0,0,0,1,1,0,0,0,0,1,0,0,0,0,1,1,0,0
CLI-004870,73236.0,19,40,8,20.0,1,0.1,1,3,17,0,2.1,4,0,1653.94,0.03,0,0.04,0,1,0,0,0,0,0,0,0,1,0,0,0,0,1,0,0,0,0,0,0,1,0,0,0,0,1,0,0,1,0,0,0,0,0,1,0,1,0,0,1,0,0,0,0,0,1
CLI-004885,22212.0,4,91,40,44.0,18,5.6,3,0,0,8,40.3,1,0,1041.82,0.0,0,0.38,0,0,0,0,0,1,0,0,0,1,0,0,0,0,1,0,0,0,0,0,0,0,1,0,1,0,0,0,0,0,0,1,0,0,0,1,0,0,0,1,1,0,0,0,0,1,0
CLI-000109,43538.0,25,38,24,63.2,42,14.8,3,4,0,3,24.6,4,0,536.32,0.0,0,0.38,0,0,0,1,0,0,0,0,0,0,1,0,0,0,1,0,0,0,0,0,0,1,0,0,1,0,0,0,1,0,0,0,0,0,0,1,0,0,1,0,0,0,1,0,0,0,1
CLI-004784,4440.0,9,13,2,15.4,1,0.3,1,4,8,4,26.6,3,1,150.4,0.03,0,0.12,0,0,0,0,0,1,0,0,0,1,0,0,0,0,0,0,0,1,0,0,0,1,0,0,1,0,0,0,0,0,1,0,0,1,0,0,0,0,0,1,1,0,0,0,0,1,0
CLI-004921,3683.0,2,10,5,50.0,8,5.7,20,0,1,1,2.8,5,3,641.59,0.02,0,0.5,0,0,0,0,0,0,1,0,0,0,1,0,0,0,1,0,0,0,0,0,1,0,0,0,0,0,0,1,0,0,0,0,1,1,0,0,0,0,1,0,0,0,0,1,1,0,0
CLI-001540,1835.0,7,7,3,42.9,5,2.8,5,2,11,0,8.8,3,2,172.17,0.05,0,0.31,0,1,0,0,0,0,0,0,0,0,1,0,0,0,1,0,0,0,0,0,1,0,0,0,0,1,0,0,0,0,0,1,0,0,1,0,0,0,1,0,0,0,0,1,0,1,0
CLI-000049,37272.0,12,10,5,50.0,37,24.5,10,2,1,4,5.8,3,0,454.54,0.0,0,0.38,0,0,0,0,0,1,0,0,0,0,0,0,1,0,1,0,0,0,0,0,1,0,0,0,0,0,1,0,1,0,0,0,0,0,1,0,0,1,0,0,0,0,0,1,0,1,0
CLI-002231,4433.0,2,10,4,50.0,16,4.9,4,0,1,8,16.9,2,2,245.71,0.02,0,0.25,0,0,0,0,1,0,0,0,0,0,0,0,0,1,1,0,0,0,0,0,1,0,0,0,0,1,0,0,1,0,0,0,0,0,0,0,1,0,1,0,0,0,0,1,1,0,0
CLI-003655,28663.0,6,21,7,33.3,1,0.4,14,1,5,2,10.65,4,0,1747.77,0.03,0,0.35,0,0,1,0,0,0,0,1,0,0,0,0,0,0,1,0,0,0,0,0,0,1,0,0,0,0,0,1,0,0,0,1,0,0,1,0,0,1,0,0,0,1,0,0,0,1,0
CLI-001936,112716.0,1,137,75,54.7,19,15.4,16,0,3,2,4.3,3,3,9818.47,0.1,0,0.4,0,1,0,0,0,0,0,0,0,1,0,0,0,0,1,0,0,0,0,0,0,0,1,0,0,0,0,1,0,0,1,0,0,0,1,0,0,1,0,0,0,0,0,1,1,0,0
CLI-004546,34629.0,13,59,51,86.4,67,32.5,7,3,1,0,7.8,5,1,1456.23,0.0,0,0.44,0,0,0,0,1,0,0,0,1,0,0,0,0,0,1,0,0,0,0,0,0,1,0,0,0,1,0,0,0,0,0,1,0,0,0,0,1,0,0,1,0,0,1,0,0,0,1
CLI-004033,420.0,1,4,3,75.0,81,60.7,6,0,1,0,10.65,5,2,56.92,0.03,0,0.75,0,0,0,0,0,0,1,0,0,0,1,0,0,0,1,0,0,0,0,0,1,0,0,0,1,0,0,0,0,1,0,0,0,0,1,0,0,0,0,1,0,1,0,0,1,0,0
CLI-002493,59431.0,19,51,41,80.4,72,43.3,13,3,0,5,18.6,2,0,1421.11,0.0,0,0.81,1,0,0,0,0,0,0,0,1,0,0,0,0,0,0,0,0,0,1,0,0,1,0,0,0,1,0,0,0,0,0,0,1,0,1,0,0,0,0,1,1,0,0,0,0,0,1
CLI-000098,12989.0,17,10,4,50.0,16,5.2,16,4,0,4,4.5,4,0,480.0,0.0,0,0.62,0,0,0,0,0,0,1,1,0,0,0,0,0,0,1,0,0,0,0,0,1,0,0,0,0,0,1,0,0,1,0,0,0,0,1,0,0,0,1,0,0,0,0,1,0,0,1
CLI-004695,18834.0,1,55,45,81.8,55,22.0,13,0,2,2,10.1,4,1,1276.04,0.07,0,0.81,0,0,0,0,0,0,1,1,0,0,0,0,0,0,1,0,0,0,0,0,0,1,0,0,0,1,0,0,0,1,0,0,0,0,0,0,1,0,0,1,0,0,0,1,1,0,0
CLI-003535,9488.0,11,15,6,40.0,18,1.8,13,1,0,9,5.2,2,0,642.84,0.0,0,0.5,1,0,0,0,0,0,0,1,0,0,0,0,0,0,1,0,0,0,0,0,0,1,0,0,0,0,1,0,0,0,1,0,0,0,0,1,0,0,1,0,1,0,0,0,0,1,0
CLI-002962,13921.0,1,45,38,84.4,55,5.7,10,0,0,7,19.6,3,4,1212.63,0.0,0,0.62,0,0,1,0,0,0,0,0,0,0,0,0,0,1,1,0,0,0,0,0,0,1,0,0,0,1,0,0,1,0,0,0,0,0,0,1,0,0,1,0,0,0,0,1,1,0,0
CLI-002373,24403.0,13,30,14,46.7,17,11.1,3,2,5,1,17.2,4,1,419.16,0.01,0,0.38,0,0,0,0,0,0,1,0,0,0,1,0,0,0,0,0,0,1,0,0,0,1,0,0,1,0,0,0,0,1,0,0,0,0,1,0,0,0,0,1,0,0,0,1,0,0,1
CLI-004583,15284.0,14,8,3,37.5,15,12.1,15,3,5,3,5.0,3,0,423.61,0.01,0,0.58,0,1,0,0,0,0,0,0,0,0,0,0,0,1,0,0,0,1,0,0,0,1,0,0,0,0,1,0,0,1,0,0,0,0,1,0,0,0,0,1,0,1,0,0,0,0,1
CLI-003427,5967.0,19,7,4,57.1,27,9.7,9,3,1,1,5.6,3,0,250.93,0.0,0,0.35,0,0,0,0,0,0,1,0,0,1,0,0,0,0,1,0,0,0,0,0,1,0,0,0,0,0,1,0,1,0,0,0,0,0,1,0,0,0,1,0,0,0,0,1,0,0,1
CLI-003401,564607.0,3,572,475,83.0,64,13.5,18,0,1,8,9.5,3,1,22211.12,0.01,0,0.69,0,0,0,0,1,0,0,0,0,0,0,0,1,0,1,0,0,0,0,0,0,0,0,1,0,0,1,0,0,0,1,0,0,0,1,0,0,0,1,0,1,0,0,0,1,0,0
CLI-001842,38640.0,9,34,27,79.4,99,100.9,19,2,0,0,2.2,4,3,1884.9,0.0,0,0.73,0,0,1,0,0,0,0,0,0,1,0,0,0,0,1,0,0,0,0,0,0,1,0,0,0,0,1,0,1,0,0,0,0,0,1,0,0,0,0,1,0,0,0,1,0,1,0
CLI-003566,1174.0,10,12,9,75.0,44,20.3,8,2,0,4,11.8,4,1,238.52,0.0,0,0.5,0,1,0,0,0,0,0,0,0,1,0,0,0,0,0,0,0,1,0,0,0,1,0,0,0,1,0,0,0,0,0,0,1,0,0,0,1,0,1,0,0,0,0,1,0,1,0
CLI-000074,12724.0,10,55,48,87.3,66,5.7,5,2,1,2,19.0,5,0,862.07,0.0,0,0.62,0,0,0,0,0,0,1,0,0,0,1,0,0,0,0,0,1,0,0,0,0,1,0,0,1,0,0,0,0,0,0,1,0,0,1,0,0,1,0,0,0,0,0,1,0,1,0
CLI-004251,870277.0,16,183,34,18.6,5,0.2,8,3,2,11,2.6,1,0,16583.03,0.0,0,0.2,0,0,0,1,0,0,0,0,0,1,0,0,0,0,0,0,0,1,0,0,0,0,1,0,0,0,0,1,0,0,0,0,1,1,0,0,0,1,0,0,0,0,0,1,0,0,1
CLI-000158,27940.0,22,47,33,70.2,46,31.1,6,4,0,3,10.1,4,0,1622.54,0.0,0,0.38,0,0,1,0,0,0,0,0,0,0,0,0,0,1,1,0,0,0,0,0,0,1,0,0,0,1,0,0,0,0,0,0,1,0,0,1,0,0,1,0,0,0,0,1,0,0,1
CLI-000011,300.0,6,1,1,100.0,1,0.2,3,2,6,4,10.65,3,0,11.74,0.03,0,0.38,0,0,0,0,0,1,0,0,0,1,0,0,0,0,0,0,1,0,0,0,1,0,0,0,1,0,0,0,0,0,1,0,0,0,0,1,0,1,0,0,0,0,0,1,0,1,0
CLI-001501,11289.0,13,37,13,35.1,21,5.3,9,4,2,0,10.65,4,1,983.35,0.01,0,0.56,0,0,0,0,0,0,1,1,0,0,0,0,0,0,0,1,0,0,0,0,0,0,1,0,0,1,0,0,1,0,0,0,0,0,0,0,1,1,0,0,0,0,0,1,0,0,1
CLI-004273,9262.0,10,7,3,42.9,5,1.6,12,2,4,8,3.5,3,0,594.49,0.01,0,0.3,1,0,0,0,0,0,0,0,0,1,0,0,0,0,0,1,0,0,0,0,1,0,0,0,0,0,0,1,0,0,0,0,1,0,0,1,0,0,0,1,0,0,0,1,0,1,0
CLI-000561,421.0,1,5,3,60.0,21,5.9,3,1,1,0,10.65,5,1,57.04,0.03,0,0.38,0,1,0,0,0,0,0,0,0,1,0,0,0,0,1,0,0,0,0,0,1,0,0,0,1,0,0,0,0,0,0,0,1,0,0,0,1,0,0,1,0,0,0,1,1,0,0
CLI-003928,748497.0,12,180,91,50.6,29,5.7,11,4,1,0,1.2,5,0,7606.68,0.0,0,0.42,0,1,0,0,0,0,0,0,0,1,0,0,0,0,1,0,0,0,0,0,0,0,1,0,0,0,1,0,0,0,1,0,0,0,0,0,1,0,0,1,0,0,0,1,0,1,0
CLI-001579,5552.0,15,9,0,0.0,0,0.0,0,0,44,10,21.4,3,0,211.58,0.1,1,0.0,0,0,0,0,1,0,0,0,0,0,1,0,0,0,0,0,0,1,0,0,1,0,0,0,0,1,0,0,0,1,0,0,0,0,1,0,0,0,0,1,0,0,0,1,0,0,1
CLI-003769,5809.0,1,32,19,59.4,25,15.8,9,0,4,1,8.6,5,2,708.47,0.13,0,0.56,0,1,0,0,0,0,0,0,0,1,0,0,0,0,1,0,0,0,0,0,0,1,0,0,0,1,0,0,0,0,0,1,0,1,0,0,0,1,0,0,0,0,0,1,1,0,0
CLI-003268,63676.0,11,64,51,79.7,76,52.2,12,3,0,1,16.6,3,1,1991.12,0.0,0,0.75,0,0,0,1,0,0,0,0,0,0,0,1,0,0,1,0,0,0,0,0,0,0,1,0,0,1,0,0,0,0,0,0,1,0,0,1,0,0,0,1,0,0,0,1,0,1,0
CLI-001301,15235.0,28,5,4,80.0,46,31.2,9,3,2,6,20.2,2,0,154.83,0.0,0,0.56,0,0,0,0,0,0,1,1,0,0,0,0,0,0,0,1,0,0,0,0,1,0,0,0,0,1,0,0,0,1,0,0,0,0,0,1,0,0,1,0,1,0,0,0,0,0,1
CLI-003634,4865.0,14,11,7,63.6,54,31.7,4,3,3,5,30.4,2,0,164.79,0.01,0,0.5,0,0,0,0,0,0,1,0,0,0,0,0,1,0,0,0,1,0,0,0,1,0,0,0,1,0,0,0,0,1,0,0,0,0,0,1,0,0,1,0,1,0,0,0,0,0,1
CLI-004862,82289.0,1,58,49,84.5,72,37.1,8,0,3,2,15.2,3,0,1393.78,0.1,0,0.5,0,1,0,0,0,0,0,0,0,1,0,0,0,0,0,1,0,0,0,0,0,1,0,0,0,1,0,0,1,0,0,0,0,0,1,0,0,0,0,1,0,1,0,0,1,0,0
CLI-002816,149498.0,3,142,77,54.2,18,5.0,14,3,4,8,7.3,2,1,7292.57,0.04,0,0.54,0,0,0,1,0,0,0,0,1,0,0,0,0,0,1,0,0,0,0,0,0,0,1,0,0,0,1,0,0,1,0,0,0,0,0,0,1,1,0,0,0,0,0,1,1,0,0
CLI-001964,11639.0,12,23,19,50.0,37,15.6,4,0,0,1,12.5,3,0,675.9,0.0,0,0.25,0,0,0,0,0,1,0,1,0,0,0,0,0,0,1,0,0,0,0,0,0,1,0,0,0,1,0,0,1,0,0,0,0,0,1,0,0,0,0,1,0,1,0,0,0,1,0
CLI-001436,634.0,23,4,2,50.0,23,8.2,3,9,0,4,23.9,3,0,59.43,0.0,0,0.38,0,0,0,1,0,0,0,1,0,0,0,0,0,0,1,0,0,0,0,0,1,0,0,0,1,0,0,0,1,0,0,0,0,0,1,0,0,0,1,0,0,0,0,1,0,0,1
CLI-000481,16128.0,13,27,9,33.3,1,0.2,5,4,10,0,5.4,3,0,1311.18,0.03,0,0.19,0,0,0,0,1,0,0,0,1,0,0,0,0,0,1,0,0,0,0,0,0,1,0,0,0,0,1,0,1,0,0,0,0,0,0,0,1,1,0,0,0,0,0,1,0,0,1
CLI-002453,1165.0,4,7,4,57.1,30,13.2,3,0,1,5,39.0,2,0,101.52,0.01,0,0.38,0,0,1,0,0,0,0,0,0,0,0,0,1,0,0,0,0,1,0,0,1,0,0,0,1,0,0,0,0,0,0,1,0,1,0,0,0,0,1,0,1,0,0,0,0,1,0
CLI-000326,92488.0,11,108,78,72.2,46,25.2,13,2,2,0,0.7,4,2,4511.61,0.01,0,0.5,0,0,0,0,0,0,1,0,0,1,0,0,0,0,1,0,0,0,0,0,0,0,1,0,0,0,1,0,0,0,1,0,0,0,1,0,0,1,0,0,0,0,0,1,0,1,0
CLI-002037,159092.0,1,141,118,83.7,47,13.3,12,0,0,0,2.1,5,1,7185.71,0.0,0,0.46,0,0,0,1,0,0,0,0,0,1,0,0,0,0,0,1,0,0,0,0,0,0,1,0,0,0,1,0,0,1,0,0,0,0,0,0,1,0,0,1,0,0,0,1,1,0,0
CLI-001652,4593.0,8,55,21,38.2,1,0.2,0,4,4,0,8.2,5,1,622.29,0.02,0,0.0,0,0,0,0,0,0,1,1,0,0,0,0,0,0,0,0,0,1,0,0,0,1,0,0,1,0,0,0,0,0,0,0,1,0,1,0,0,0,1,0,0,0,1,0,0,1,0
CLI-004345,12366.0,23,45,12,26.7,3,0.8,2,4,9,1,10.65,3,0,1005.33,0.01,0,0.12,0,0,1,0,0,0,0,0,0,1,0,0,0,0,0,0,0,0,1,0,0,1,0,0,0,1,0,0,0,0,0,1,0,1,0,0,0,0,0,1,0,0,0,1,0,0,1
CLI-001263,991.0,1,8,6,75.0,39,26.8,4,0,2,0,21.5,5,1,80.6,0.07,0,0.5,0,0,1,0,0,0,0,0,0,0,1,0,0,0,0,1,0,0,0,0,1,0,0,0,1,0,0,0,0,0,0,0,1,0,0,1,0,0,1,0,0,0,0,1,1,0,0
CLI-003575,23855.0,1,57,40,70.2,40,22.4,14,0,5,1,7.7,4,2,2424.31,0.17,0,0.54,0,0,0,0,1,0,0,0,1,0,0,0,0,0,1,0,0,0,0,0,0,1,0,0,0,0,1,0,0,0,0,1,0,0,1,0,0,1,0,0,0,0,0,1,1,0,0
CLI-001025,2166.0,14,2,1,50.0,28,4.0,4,2,3,3,12.9,2,1,48.92,0.01,0,0.25,0,0,0,0,0,0,1,0,0,0,0,1,0,0,1,0,0,0,0,0,1,0,0,0,0,1,0,0,1,0,0,0,0,0,0,0,1,0,0,1,0,0,0,1,0,0,1
CLI-003398,179226.0,16,318,255,80.2,66,48.3,15,3,1,1,10.65,4,1,14571.18,0.0,0,0.58,0,1,0,0,0,0,0,1,0,0,0,0,0,0,0,1,0,0,0,0,0,0,0,1,0,0,1,0,0,0,0,1,0,0,1,0,0,0,0,1,0,0,0,1,0,0,1
CLI-000254,7452.0,8,9,2,22.2,1,5.7,1,3,20,0,10.65,3,1,233.01,0.08,0,0.06,0,0,1,0,0,0,0,0,0,0,0,1,0,0,1,0,0,0,0,0,1,0,0,0,0,1,0,0,1,0,0,0,0,1,0,0,0,1,0,0,1,0,0,0,0,1,0
CLI-000795,54904.0,12,39,0,0.0,0,0.0,0,0,74,0,6.9,4,1,1969.29,0.21,1,0.0,0,1,0,0,0,0,0,0,0,0,0,0,0,1,1,0,0,0,0,0,0,1,0,0,0,0,1,0,0,0,0,1,0,0,1,0,0,0,0,1,0,0,0,1,0,1,0
CLI-003129,9365.0,10,28,0,0.0,0,0.0,0,0,37,2,25.4,3,1,300.56,0.12,1,0.0,0,0,0,1,0,0,0,0,0,1,0,0,0,0,1,0,0,0,0,0,0,1,0,0,1,0,0,0,0,0,0,0,1,0,0,1,0,0,1,0,0,0,0,1,0,1,0
CLI-000339,24665.0,9,45,28,50.0,39,18.1,10,0,3,1,12.7,3,0,1074.26,0.01,0,0.62,0,0,1,0,0,0,0,0,0,0,0,0,1,0,1,0,0,0,0,0,0,1,0,0,0,1,0,0,0,0,0,1,0,0,0,0,1,1,0,0,0,1,0,0,0,1,0
CLI-002696,186054.0,24,64,29,45.3,6,2.4,9,6,1,3,6.8,1,0,5534.02,0.0,0,0.22,0,0,1,0,0,0,0,1,0,0,0,0,0,0,0,0,0,1,0,0,0,0,1,0,0,0,0,1,0,0,0,0,1,0,0,1,0,0,0,1,0,0,0,1,0,0,1
CLI-000437,2649.0,29,3,2,66.7,61,51.1,7,5,3,1,15.8,3,0,75.14,0.0,0,0.44,0,0,0,0,1,0,0,1,0,0,0,0,0,0,1,0,0,0,0,0,1,0,0,0,0,1,0,0,0,0,0,1,0,0,0,1,0,0,1,0,0,1,0,0,0,0,1
CLI-004649,1447725.0,17,335,60,17.9,1,0.1,6,1,3,1,2.2,3,0,23858.36,0.01,0,0.15,0,0,0,1,0,0,0,0,0,0,0,0,0,1,1,0,0,0,0,0,0,0,0,1,0,0,0,1,0,0,1,0,0,0,0,1,0,0,0,1,1,0,0,0,0,0,1
CLI-001531,14019.0,28,10,4,40.0,23,10.5,8,8,1,0,6.2,3,0,534.27,0.0,0,0.31,0,0,1,0,0,0,0,0,0,0,1,0,0,0,1,0,0,0,0,0,1,0,0,0,0,0,1,0,0,1,0,0,0,1,0,0,0,1,0,0,0,0,1,0,0,0,1
CLI-002606,2903.0,8,10,8,80.0,70,47.9,9,4,1,1,6.8,5,1,252.89,0.0,0,0.56,1,0,0,0,0,0,0,1,0,0,0,0,0,0,0,0,0,0,0,1,1,0,0,0,0,1,0,0,0,1,0,0,0,1,0,0,0,0,1,0,0,0,1,0,0,1,0
CLI-004600,22949.0,1,14,8,57.1,25,19.5,9,1,0,0,11.9,4,2,368.24,0.0,0,0.56,0,0,0,0,1,0,0,0,1,0,0,0,0,0,1,0,0,0,0,0,0,1,0,0,0,1,0,0,0,0,0,1,0,0,1,0,0,1,0,0,0,0,0,1,1,0,0
CLI-003892,40361.0,16,47,26,55.3,11,3.6,3,3,0,2,11.3,3,0,1093.79,0.0,0,0.19,1,0,0,0,0,0,0,0,0,0,0,1,0,0,1,0,0,0,0,0,0,1,0,0,0,1,0,0,0,0,0,1,0,0,0,0,1,1,0,0,0,1,0,0,0,0,1
CLI-003310,38209.0,4,54,24,44.4,9,3.0,6,0,5,1,14.5,3,2,1370.48,0.04,0,0.38,0,0,1,0,0,0,0,0,0,1,0,0,0,0,0,0,0,1,0,0,0,1,0,0,0,1,0,0,1,0,0,0,0,1,0,0,0,1,0,0,0,1,0,0,0,1,0
CLI-001640,5933.0,7,8,7,87.5,77,51.6,10,3,0,4,12.3,4,1,233.39,0.0,0,0.62,0,1,0,0,0,0,0,0,0,0,0,0,1,0,1,0,0,0,0,0,1,0,0,0,0,1,0,0,0,0,0,0,1,0,1,0,0,1,0,0,0,0,0,1,0,1,0
CLI-004193,5115.0,5,9,7,77.8,23,13.5,7,1,2,1,11.7,4,4,222.79,0.01,0,0.44,0,0,0,1,0,0,0,0,0,1,0,0,0,0,0,0,0,0,0,1,1,0,0,0,0,1,0,0,1,0,0,0,0,0,1,0,0,0,1,0,0,0,0,1,0,1,0
CLI-002636,70636.0,24,31,25,80.6,42,24.9,11,4,3,3,7.5,4,1,1412.16,0.0,0,0.42,0,0,0,0,0,0,1,0,0,1,0,0,0,0,1,0,0,0,0,0,0,0,1,0,0,0,1,0,1,0,0,0,0,0,0,1,0,0,0,1,0,0,1,0,0,0,1
CLI-002306,4385.0,14,23,15,65.2,33,5.7,3,0,1,2,18.5,4,0,254.64,0.0,0,0.38,0,0,1,0,0,0,0,0,0,0,1,0,0,0,0,0,0,0,1,0,0,1,0,0,1,0,0,0,1,0,0,0,0,1,0,0,0,1,0,0,0,0,0,1,0,0,1
CLI-003507,3416.0,16,5,3,60.0,15,4.3,3,5,1,3,30.5,3,0,73.09,0.0,0,0.38,1,0,0,0,0,0,0,1,0,0,0,0,0,0,1,0,0,0,0,0,1,0,0,0,1,0,0,0,0,1,0,0,0,1,0,0,0,0,0,1,0,0,0,1,0,0,1
CLI-002727,37642.0,13,12,6,50.0,22,14.5,11,1,3,1,8.6,2,0,566.73,0.01,0,0.42,0,0,0,0,0,0,1,0,0,0,0,1,0,0,1,0,0,0,0,0,0,1,0,0,0,0,1,0,0,0,0,0,1,0,1,0,0,1,0,0,0,0,0,1,0,0,1
CLI-004167,18636.0,15,59,28,47.5,2,0.8,2,4,16,6,23.4,3,1,688.68,0.04,0,0.25,0,0,1,0,0,0,0,0,0,0,0,0,0,1,1,0,0,0,0,0,0,1,0,0,1,0,0,0,0,1,0,0,0,0,0,1,0,0,1,0,0,0,0,1,0,0,1
CLI-003459,22136.0,1,198,38,19.2,1,0.3,7,0,30,3,4.9,3,2,6748.93,1.0,1,0.27,1,0,0,0,0,0,0,0,0,0,1,0,0,0,1,0,0,0,0,0,0,0,1,0,0,0,1,0,0,0,0,1,0,0,0,0,1,1,0,0,1,0,0,0,1,0,0
CLI-001538,3794.0,23,10,6,60.0,27,7.8,3,8,0,5,34.2,2,0,140.19,0.0,0,0.38,0,0,0,0,0,0,1,0,0,1,0,0,0,0,1,0,0,0,0,0,1,0,0,0,1,0,0,0,1,0,0,0,0,0,0,1,0,0,1,0,0,0,0,1,0,0,1
CLI-003849,139050.0,18,56,42,75.0,51,31.5,7,4,0,10,11.6,2,0,2691.63,0.0,0,0.27,0,0,0,0,0,1,0,0,1,0,0,0,0,0,1,0,0,0,0,0,0,1,0,0,0,0,1,0,1,0,0,0,0,0,0,0,1,0,1,0,0,0,0,1,0,0,1
CLI-003951,22345.0,5,40,28,70.0,53,16.2,25,0,0,1,2.8,3,0,3027.77,0.0,0,0.62,0,0,0,1,0,0,0,0,0,0,0,0,0,1,0,0,0,1,0,0,0,1,0,0,0,0,0,1,0,0,1,0,0,0,0,1,0,0,0,1,0,0,0,1,0,1,0
CLI-003770,307906.0,14,536,37,6.9,1,0.2,1,2,7,6,2.7,2,0,37549.49,0.02,0,0.02,0,0,1,0,0,0,0,0,0,0,1,0,0,0,1,0,0,0,0,0,0,0,0,1,0,0,0,1,0,0,0,0,1,1,0,0,0,0,0,1,0,0,0,1,0,0,1
CLI-000391,90467.0,20,72,38,52.8,45,8.8,8,4,0,0,1.0,4,0,3343.2,0.0,0,0.31,0,0,0,0,0,0,1,1,0,0,0,0,0,0,0,0,1,0,0,0,0,0,1,0,0,0,1,0,0,0,0,1,0,0,0,0,1,0,1,0,0,0,0,1,0,0,1
CLI-004769,12357.0,19,27,19,70.4,54,35.0,5,6,0,4,10.1,4,0,655.22,0.0,0,0.31,0,0,0,1,0,0,0,0,0,1,0,0,0,0,0,0,1,0,0,0,0,1,0,0,0,1,0,0,0,0,0,0,1,0,1,0,0,0,1,0,0,0,1,0,0,0,1
CLI-003533,340.0,13,3,2,66.7,19,5.7,2,1,1,0,5.9,5,1,69.01,0.0,0,0.12,0,1,0,0,0,0,0,0,0,0,0,1,0,0,1,0,0,0,0,0,1,0,0,0,0,1,0,0,0,0,1,0,0,0,0,0,1,0,1,0,0,0,0,1,0,0,1
CLI-003765,866273.0,25,547,517,94.5,88,59.0,12,5,1,2,5.2,4,0,29345.3,0.0,0,0.46,0,0,0,0,1,0,0,0,0,1,0,0,0,0,0,0,0,0,1,0,0,0,0,1,0,0,1,0,0,0,1,0,0,0,0,0,1,0,0,1,0,0,1,0,0,0,1
CLI-000797,20844.0,6,36,16,44.4,7,3.0,7,0,7,0,1.9,5,0,770.29,0.04,0,0.44,0,1,0,0,0,0,0,0,0,1,0,0,0,0,1,0,0,0,0,0,0,1,0,0,0,1,0,0,0,0,0,0,1,0,0,0,1,0,1,0,0,0,0,1,0,1,0
CLI-002515,4960.0,15,18,14,77.8,38,11.3,9,5,0,0,4.7,4,0,504.02,0.0,0,0.56,0,0,0,0,0,0,1,0,0,1,0,0,0,0,0,0,0,0,1,0,0,1,0,0,0,1,0,0,0,0,1,0,0,1,0,0,0,1,0,0,0,0,0,1,0,0,1
CLI-002808,10027.0,15,44,3,6.8,1,0.1,0,3,23,3,24.2,3,0,643.55,0.05,0,0.0,0,0,0,0,0,1,0,1,0,0,0,0,0,0,1,0,0,0,0,0,0,1,0,0,1,0,0,0,0,0,0,1,0,0,1,0,0,0,0,1,1,0,0,0,0,0,1
CLI-001863,5777.0,5,19,15,50.0,46,30.7,4,3,0,3,31.8,4,0,234.82,0.0,0,0.5,0,1,0,0,0,0,0,0,1,0,0,0,0,0,0,0,1,0,0,0,0,1,0,0,1,0,0,0,0,1,0,0,0,0,0,0,1,1,0,0,0,0,1,0,0,1,0
CLI-002583,300.0,1,3,2,66.7,29,8.3,4,0,0,1,25.1,4,0,31.99,0.0,0,0.5,0,0,0,1,0,0,0,0,0,0,0,1,0,0,1,0,0,0,0,0,1,0,0,0,1,0,0,0,0,1,0,0,0,0,1,0,0,0,1,0,0,1,0,0,1,0,0
CLI-001050,14841.0,14,27,11,40.7,7,0.6,1,6,21,4,16.9,1,0,696.13,0.05,0,0.06,1,0,0,0,0,0,0,0,0,1,0,0,0,0,1,0,0,0,0,0,0,1,0,0,0,1,0,0,1,0,0,0,0,0,0,0,1,0,0,1,0,0,0,1,0,0,1
CLI-004678,34135.0,30,55,40,72.7,34,5.7,3,12,0,0,11.5,5,0,770.89,0.0,0,0.38,0,0,0,0,1,0,0,0,0,1,0,0,0,0,0,1,0,0,0,0,0,1,0,0,1,0,0,0,1,0,0,0,0,1,0,0,0,0,1,0,0,0,1,0,0,0,1
CLI-004620,2731.0,1,27,21,77.8,61,53.2,7,0,4,2,15.2,2,0,555.09,0.13,0,0.44,0,0,0,0,1,0,0,0,0,0,0,1,0,0,1,0,0,0,0,0,0,1,0,0,0,1,0,0,0,0,1,0,0,1,0,0,0,0,1,0,1,0,0,0,1,0,0
CLI-002818,2451.0,6,2,1,50.0,22,7.1,8,0,0,4,10.65,2,2,103.06,0.0,0,0.31,0,0,0,1,0,0,0,0,0,1,0,0,0,0,1,0,0,0,0,0,1,0,0,0,0,0,1,0,1,0,0,0,0,0,0,0,1,0,1,0,0,0,0,1,0,1,0
CLI-000240,65366.0,17,57,25,43.9,14,2.7,8,6,1,0,8.0,5,0,2657.17,0.0,0,0.31,0,0,0,1,0,0,0,1,0,0,0,0,0,0,1,0,0,0,0,0,0,1,0,0,0,0,1,0,0,0,0,0,1,1,0,0,0,0,0,1,0,0,0,1,0,0,1
CLI-000748,24912.0,1,46,36,78.3,49,28.5,15,0,0,0,2.1,5,1,2025.39,0.0,0,0.58,1,0,0,0,0,0,0,0,0,0,0,0,0,1,0,0,0,1,0,0,0,1,0,0,0,0,1,0,1,0,0,0,0,0,0,1,0,0,0,1,0,0,0,1,1,0,0
CLI-003998,17133.0,10,33,25,75.8,36,23.3,6,5,0,1,11.4,4,2,746.19,0.0,0,0.38,0,0,1,0,0,0,0,1,0,0,0,0,0,0,0,0,0,1,0,0,0,1,0,0,0,1,0,0,0,1,0,0,0,0,1,0,0,0,1,0,0,0,1,0,0,1,0
CLI-001874,23482.0,22,50,15,30.0,5,2.3,6,4,8,1,14.2,3,0,1245.05,0.01,0,0.38,0,0,1,0,0,0,0,0,1,0,0,0,0,0,1,0,0,0,0,0,0,1,0,0,0,1,0,0,0,0,0,0,1,1,0,0,0,0,0,1,0,0,0,1,0,0,1
CLI-001676,3218.0,16,11,7,63.6,24,6.6,3,3,3,5,39.5,3,0,156.96,0.01,0,0.38,0,1,0,0,0,0,0,0,0,0,0,0,1,0,1,0,0,0,0,0,1,0,0,0,1,0,0,0,1,0,0,0,0,0,0,1,0,1,0,0,0,0,0,1,0,0,1
CLI-002498,99383.0,1,86,0,0.0,0,0.0,0,0,30,2,10.65,3,2,6378.87,1.0,1,0.0,0,0,0,1,0,0,0,0,0,1,0,0,0,0,0,0,1,0,0,0,0,0,1,0,0,0,0,1,0,0,0,1,0,0,0,1,0,0,1,0,1,0,0,0,1,0,0
CLI-004958,30629.0,18,28,14,50.0,12,7.5,10,4,3,5,7.4,2,0,1436.65,0.01,0,0.38,0,0,0,0,0,0,1,0,0,0,1,0,0,0,1,0,0,0,0,0,0,1,0,0,0,0,1,0,0,1,0,0,0,0,0,0,1,1,0,0,0,0,0,1,0,0,1
CLI-004685,1181311.0,18,292,161,55.1,21,11.7,16,3,1,3,3.6,5,0,27704.29,0.0,0,0.4,0,0,0,0,1,0,0,0,0,0,0,1,0,0,1,0,0,0,0,0,0,0,0,1,0,0,0,1,0,0,1,0,0,0,0,1,0,1,0,0,0,0,0,1,0,0,1
CLI-004347,300.0,6,2,0,0.0,0,5.7,0,0,55,0,6.3,3,4,17.61,0.31,1,0.0,0,1,0,0,0,0,0,1,0,0,0,0,0,0,0,0,0,1,0,0,1,0,0,0,1,0,0,0,0,0,1,0,0,0,0,1,0,1,0,0,1,0,0,0,0,1,0
CLI-002958,152851.0,23,205,25,50.0,1,0.4,6,5,30,0,5.8,3,0,9320.18,0.04,1,0.23,1,0,0,0,0,0,0,0,0,0,0,0,0,1,1,0,0,0,0,0,0,0,1,0,0,0,1,0,0,0,1,0,0,1,0,0,0,0,1,0,0,0,0,1,0,0,1
CLI-004097,2668.0,9,9,5,55.6,12,3.4,2,0,4,5,32.1,3,1,112.2,0.01,0,0.25,0,0,0,0,0,0,1,0,0,0,0,0,1,0,1,0,0,0,0,0,1,0,0,0,1,0,0,0,0,0,1,0,0,0,1,0,0,0,0,1,0,0,0,1,0,1,0
CLI-003503,300.0,9,1,1,100.0,1,0.2,2,1,1,3,10.65,3,1,10.82,0.0,0,0.25,0,0,0,0,0,0,1,0,0,0,0,0,0,1,0,0,0,0,0,1,1,0,0,0,1,0,0,0,0,0,0,0,1,0,1,0,0,0,1,0,0,0,0,1,0,1,0
CLI-004456,4460.0,8,52,11,21.2,3,1.1,2,2,23,6,23.7,3,2,494.48,0.1,0,0.25,0,0,0,0,1,0,0,0,0,0,0,0,0,1,1,0,0,0,0,0,0,1,0,0,1,0,0,0,0,0,1,0,0,0,0,0,1,0,1,0,0,0,0,1,0,1,0
CLI-001499,13530.0,7,47,31,66.0,22,7.0,19,2,2,1,2.5,4,0,3300.11,0.01,0,0.48,0,0,0,1,0,0,0,0,1,0,0,0,0,0,1,0,0,0,0,0,0,1,0,0,0,0,0,1,0,0,0,0,1,0,0,0,1,0,1,0,0,0,0,1,0,1,0
CLI-001234,300.0,17,1,1,100.0,59,10.5,3,5,0,1,10.65,4,0,12.41,0.0,0,0.38,0,1,0,0,0,0,0,1,0,0,0,0,0,0,1,0,0,0,0,0,1,0,0,0,1,0,0,0,0,0,0,1,0,0,0,0,1,0,0,1,0,0,1,0,0,0,1
CLI-003787,726549.0,6,164,76,46.3,15,4.0,21,1,1,2,3.9,3,1,15017.55,0.01,0,0.52,0,0,0,0,0,0,1,0,0,0,0,0,0,1,0,0,0,1,0,0,0,0,1,0,0,0,0,1,1,0,0,0,0,0,0,1,0,0,0,1,0,0,0,1,0,1,0
CLI-004275,98323.0,4,147,118,80.3,45,24.2,15,0,2,3,8.2,4,2,5995.3,0.02,0,0.58,0,0,0,0,0,1,0,0,0,0,0,0,1,0,1,0,0,0,0,0,0,0,1,0,0,0,1,0,0,0,1,0,0,1,0,0,0,1,0,0,0,0,0,1,0,1,0
CLI-001081,24176.0,18,49,19,38.8,2,0.4,10,2,15,1,1.4,3,1,2680.28,0.03,0,0.25,1,0,0,0,0,0,0,1,0,0,0,0,0,0,1,0,0,0,0,0,0,0,1,0,0,0,0,1,1,0,0,0,0,0,1,0,0,0,0,1,0,0,0,1,0,0,1
CLI-002882,68948.0,11,203,76,37.4,2,0.1,4,2,5,2,10.8,2,0,9342.55,0.02,0,0.15,0,0,1,0,0,0,0,0,0,0,0,0,0,1,0,0,1,0,0,0,0,0,1,0,0,0,1,0,0,0,0,0,1,1,0,0,0,1,0,0,0,0,0,1,0,1,0
CLI-001857,197296.0,17,196,109,55.6,35,15.5,10,3,0,2,6.5,4,0,8020.18,0.0,0,0.38,0,0,0,0,0,1,0,1,0,0,0,0,0,0,1,0,0,0,0,0,0,0,1,0,0,0,1,0,0,0,1,0,0,0,1,0,0,0,0,1,0,0,1,0,0,0,1
CLI-003675,48614.0,10,57,39,68.4,46,16.8,7,1,0,3,18.8,1,2,1602.32,0.0,0,0.44,0,0,0,1,0,0,0,0,0,1,0,0,0,0,0,0,1,0,0,0,0,1,0,0,0,1,0,0,1,0,0,0,0,0,1,0,0,0,0,1,0,0,0,1,0,1,0
CLI-003450,425.0,5,10,5,50.0,16,6.9,1,0,0,3,19.3,5,1,103.58,0.0,0,0.12,1,0,0,0,0,0,0,0,0,0,1,0,0,0,1,0,0,0,0,0,1,0,0,0,1,0,0,0,0,0,0,1,0,0,1,0,0,0,0,1,0,0,0,1,0,1,0
CLI-000335,40821.0,19,22,9,40.9,4,5.7,13,3,3,0,3.8,3,0,1131.39,0.01,0,0.5,0,0,0,0,1,0,0,1,0,0,0,0,0,0,1,0,0,0,0,0,0,1,0,0,0,0,1,0,0,0,0,1,0,0,0,1,0,0,1,0,0,0,0,1,0,0,1
CLI-001076,14361.0,14,24,8,33.3,3,1.2,3,6,6,0,12.9,4,0,648.64,0.01,0,0.19,0,1,0,0,0,0,0,0,0,0,1,0,0,0,1,0,0,0,0,0,0,1,0,0,0,1,0,0,0,1,0,0,0,0,0,1,0,0,1,0,0,0,0,1,0,0,1
CLI-004905,36066.0,9,39,33,84.6,28,17.2,8,2,2,0,8.3,5,0,975.0,0.01,0,0.5,0,0,0,0,1,0,0,0,0,1,0,0,0,0,1,0,0,0,0,0,0,0,1,0,0,1,0,0,0,0,0,1,0,0,1,0,0,1,0,0,0,0,1,0,0,1,0
CLI-004867,12021.0,9,10,7,70.0,53,39.3,7,3,1,1,9.2,3,0,276.6,0.0,0,0.44,0,0,1,0,0,0,0,0,1,0,0,0,0,0,0,0,0,0,0,1,0,1,0,0,0,1,0,0,0,0,1,0,0,0,0,0,1,0,0,1,0,1,0,0,0,1,0
CLI-000815,19490.0,2,58,34,58.6,23,12.8,5,0,2,3,14.1,2,2,1398.16,0.03,0,0.31,0,0,0,0,1,0,0,0,0,1,0,0,0,0,1,0,0,0,0,0,0,1,0,0,0,1,0,0,0,0,0,1,0,0,0,1,0,1,0,0,1,0,0,0,1,0,0
CLI-003124,820.0,11,3,2,66.7,15,4.0,4,4,0,8,35.6,3,0,37.04,0.0,0,0.5,0,0,0,0,1,0,0,0,0,0,0,1,0,0,0,0,1,0,0,0,1,0,0,0,1,0,0,0,0,0,1,0,0,0,0,1,0,0,0,1,0,0,0,1,0,1,0
CLI-004823,164689.0,8,130,78,60.0,2,0.7,12,0,30,0,5.4,5,1,5738.28,0.12,1,0.46,1,0,0,0,0,0,0,0,0,0,1,0,0,0,0,0,0,1,0,0,0,0,1,0,0,0,1,0,0,1,0,0,0,1,0,0,0,1,0,0,0,1,0,0,0,1,0
CLI-000870,8936.0,1,4,3,75.0,56,15.0,10,0,0,0,6.3,4,2,217.94,0.0,0,0.38,0,1,0,0,0,0,0,1,0,0,0,0,0,0,1,0,0,0,0,0,1,0,0,0,0,0,1,0,0,1,0,0,0,0,0,1,0,0,0,1,0,1,0,0,1,0,0
CLI-003322,471864.0,1,715,573,80.1,66,37.5,20,0,0,5,4.8,4,2,44264.93,0.0,0,0.5,0,0,0,0,0,1,0,0,0,1,0,0,0,0,1,0,0,0,0,0,0,0,0,1,0,0,0,1,0,0,1,0,0,0,0,0,1,0,1,0,0,0,0,1,1,0,0
CLI-004833,1506954.0,24,639,0,0.0,0,0.0,0,0,63,3,4.1,5,0,35341.33,0.09,1,0.0,1,0,0,0,0,0,0,0,0,0,0,0,1,0,1,0,0,0,0,0,0,0,0,1,0,0,1,0,0,0,0,1,0,0,1,0,0,0,0,1,0,0,0,1,0,0,1
CLI-004340,300.0,10,1,1,100.0,22,15.3,2,1,3,0,14.4,4,1,9.91,0.01,0,0.25,0,0,0,0,1,0,0,0,0,0,0,1,0,0,0,0,0,0,0,1,1,0,0,0,1,0,0,0,0,0,0,1,0,0,0,1,0,1,0,0,0,1,0,0,0,1,0
CLI-000383,14071.0,17,32,12,37.5,1,0.1,11,6,30,5,2.2,3,0,2451.33,0.06,1,0.28,0,0,0,0,0,0,1,0,0,1,0,0,0,0,1,0,0,0,0,0,0,1,0,0,0,0,0,1,0,1,0,0,0,0,0,0,1,0,1,0,0,0,0,1,0,0,1
CLI-002129,1082.0,28,5,3,60.0,25,15.7,4,9,2,4,22.3,4,0,59.98,0.0,0,0.5,1,0,0,0,0,0,0,0,0,0,0,0,0,1,0,0,1,0,0,0,1,0,0,0,1,0,0,0,0,0,0,1,0,0,0,1,0,0,0,1,0,0,0,1,0,0,1
CLI-000686,4177.0,6,24,5,20.8,1,0.4,4,0,9,0,8.4,4,1,566.02,0.05,0,0.25,1,0,0,0,0,0,0,0,0,1,0,0,0,0,1,0,0,0,0,0,0,1,0,0,0,1,0,0,0,0,0,0,1,0,1,0,0,0,0,1,0,0,0,1,0,1,0
CLI-004861,32477.0,1,16,11,68.8,18,6.1,3,0,2,0,5.0,5,4,430.5,0.07,0,0.19,0,0,0,1,0,0,0,0,0,0,0,1,0,0,1,0,0,0,0,0,0,1,0,0,0,1,0,0,1,0,0,0,0,0,1,0,0,0,0,1,0,0,0,1,1,0,0
CLI-004179,62614.0,23,24,18,50.0,70,65.6,17,4,1,0,1.9,4,0,2181.68,0.0,0,0.42,1,0,0,0,0,0,0,0,0,0,1,0,0,0,1,0,0,0,0,0,0,1,0,0,0,0,0,1,1,0,0,0,0,0,1,0,0,0,1,0,0,0,0,1,0,0,1
CLI-003006,61211.0,1,159,108,67.9,32,25.2,14,0,2,1,3.1,3,3,7464.79,0.07,0,0.54,0,0,0,0,1,0,0,0,0,0,0,0,0,1,1,0,0,0,0,0,0,0,1,0,0,0,1,0,0,0,0,1,0,0,0,0,1,0,1,0,0,0,0,1,1,0,0
CLI-004062,1785.0,19,5,1,20.0,1,0.3,0,3,14,0,3.2,5,0,94.62,0.02,0,0.0,0,1,0,0,0,0,0,0,0,0,0,1,0,0,1,0,0,0,0,0,1,0,0,0,0,1,0,0,1,0,0,0,0,0,0,1,0,0,0,1,1,0,0,0,0,0,1
CLI-000105,34453.0,8,88,76,86.4,95,76.8,35,0,0,1,2.2,5,3,5252.03,0.0,0,0.88,0,0,0,0,1,0,0,0,0,0,0,0,1,0,1,0,0,0,0,0,0,0,1,0,0,0,0,1,0,0,1,0,0,0,0,0,1,0,1,0,0,0,0,1,0,1,0
CLI-002338,17877.0,13,11,4,36.4,7,2.7,17,4,7,2,1.8,5,0,1038.15,0.02,0,0.42,0,1,0,0,0,0,0,0,0,1,0,0,0,0,1,0,0,0,0,0,1,0,0,0,0,0,0,1,0,0,0,1,0,1,0,0,0,0,1,0,0,0,1,0,0,0,1
CLI-003096,27482.0,4,37,12,32.4,1,0.3,3,2,14,2,13.1,3,0,698.22,0.12,0,0.19,0,0,0,0,0,1,0,0,1,0,0,0,0,0,1,0,0,0,0,0,0,1,0,0,0,1,0,0,0,0,1,0,0,1,0,0,0,0,0,1,0,0,0,1,0,1,0
CLI-003066,87523.0,13,97,30,30.9,9,0.4,18,5,0,0,0.5,5,0,7115.69,0.0,0,0.45,0,1,0,0,0,0,0,0,0,0,0,0,0,1,1,0,0,0,0,0,0,0,1,0,0,0,0,1,0,0,1,0,0,0,0,1,0,0,1,0,0,0,0,1,0,0,1
CLI-000385,239357.0,5,151,94,62.3,27,12.4,12,1,2,1,4.5,2,0,9729.97,0.01,0,0.3,0,0,1,0,0,0,0,0,0,0,0,1,0,0,0,0,0,0,0,1,0,0,1,0,0,0,0,1,1,0,0,0,0,0,1,0,0,0,0,1,1,0,0,0,0,1,0
CLI-000638,551.0,16,6,5,83.3,64,49.1,4,4,4,0,14.1,5,0,67.19,0.01,0,0.5,0,0,1,0,0,0,0,0,0,0,0,1,0,0,0,0,0,1,0,0,1,0,0,0,1,0,0,0,0,0,1,0,0,0,0,1,0,1,0,0,0,0,1,0,0,0,1
CLI-000121,1824.0,8,5,3,60.0,30,12.9,8,2,1,1,11.4,4,0,123.58,0.0,0,0.5,0,0,0,0,1,0,0,1,0,0,0,0,0,0,1,0,0,0,0,0,1,0,0,0,0,1,0,0,0,0,1,0,0,0,0,0,1,1,0,0,0,0,0,1,0,1,0
CLI-003189,60728.0,21,18,6,33.3,1,0.1,8,8,27,2,5.9,3,1,861.15,0.04,0,0.31,0,0,0,1,0,0,0,0,1,0,0,0,0,0,0,0,0,0,1,0,0,1,0,0,0,0,1,0,0,0,0,1,0,0,0,0,1,1,0,0,0,0,0,1,0,0,1
CLI-002508,2063.0,19,8,3,50.0,10,4.0,3,6,1,1,15.9,3,0,93.19,0.0,0,0.38,1,0,0,0,0,0,0,0,1,0,0,0,0,0,0,0,0,0,1,0,1,0,0,0,1,0,0,0,0,0,1,0,0,0,0,0,1,0,0,1,0,1,0,0,0,0,1
CLI-001012,488.0,14,2,1,50.0,11,4.2,5,3,0,0,10.65,4,0,28.35,0.0,0,0.62,0,0,0,0,0,0,1,0,0,0,0,0,0,1,1,0,0,0,0,0,1,0,0,0,1,0,0,0,1,0,0,0,0,1,0,0,0,0,1,0,0,0,0,1,0,0,1
CLI-003860,1255.0,8,7,5,71.4,67,23.8,4,3,0,0,19.0,5,1,85.04,0.0,0,0.5,0,0,0,1,0,0,0,1,0,0,0,0,0,0,0,0,0,0,1,0,1,0,0,0,1,0,0,0,0,0,1,0,0,0,0,0,1,0,1,0,0,0,1,0,0,1,0
CLI-004681,23031.0,12,20,13,65.0,34,13.1,6,1,1,0,1.3,5,2,492.74,0.0,0,0.38,0,0,0,0,0,0,1,0,0,0,0,0,1,0,1,0,0,0,0,0,0,1,0,0,0,1,0,0,0,0,0,1,0,1,0,0,0,0,0,1,0,1,0,0,0,1,0
CLI-000018,115025.0,12,71,60,84.5,110,37.9,10,0,0,4,14.6,3,0,2032.97,0.0,0,0.62,1,0,0,0,0,0,0,1,0,0,0,0,0,0,0,0,1,0,0,0,0,0,1,0,0,1,0,0,1,0,0,0,0,0,0,0,1,0,1,0,0,1,0,0,0,1,0
CLI-003262,9675.0,13,12,8,50.0,13,0.7,14,0,1,5,11.6,4,0,536.3,0.0,0,0.54,0,0,0,0,1,0,0,0,0,0,1,0,0,0,0,0,0,0,1,0,0,1,0,0,0,0,1,0,0,0,0,0,1,1,0,0,0,0,1,0,0,0,0,1,0,0,1
CLI-002109,4105.0,1,4,4,100.0,76,55.6,16,0,1,6,10.8,3,5,178.79,0.03,0,0.62,0,1,0,0,0,0,0,0,1,0,0,0,0,0,0,0,1,0,0,0,1,0,0,0,0,0,1,0,0,1,0,0,0,0,0,0,1,0,1,0,0,0,0,1,1,0,0
CLI-002196,4877.0,1,11,2,18.2,1,0.1,1,0,13,0,6.8,3,1,396.54,0.43,0,0.04,0,0,0,1,0,0,0,1,0,0,0,0,0,0,0,0,0,0,0,1,0,1,0,0,0,0,1,0,0,1,0,0,0,0,1,0,0,0,0,1,0,0,0,1,1,0,0
CLI-004950,1332.0,13,4,2,50.0,23,15.1,5,2,1,6,19.9,3,1,108.31,0.0,0,0.31,0,0,0,1,0,0,0,0,1,0,0,0,0,0,1,0,0,0,0,0,1,0,0,0,0,1,0,0,1,0,0,0,0,0,0,1,0,0,1,0,1,0,0,0,0,0,1
CLI-002204,3082.0,1,6,3,50.0,32,11.0,11,0,1,0,1.6,5,1,250.53,0.03,0,0.42,0,0,0,0,1,0,0,0,0,0,0,1,0,0,0,0,0,1,0,0,0,1,0,0,0,0,1,0,1,0,0,0,0,0,0,1,0,1,0,0,0,0,0,1,1,0,0
CLI-002381,8722.0,7,9,5,55.6,23,15.2,12,2,2,1,1.6,5,3,443.21,0.01,0,0.46,1,0,0,0,0,0,0,0,0,0,0,1,0,0,1,0,0,0,0,0,1,0,0,0,0,0,1,0,0,1,0,0,0,1,0,0,0,1,0,0,0,0,0,1,0,1,0
CLI-004983,30877.0,6,54,47,87.0,70,35.1,17,2,0,4,5.9,4,0,2896.51,0.0,0,0.65,0,0,0,0,0,0,1,0,0,0,0,1,0,0,1,0,0,0,0,0,0,1,0,0,0,0,1,0,0,0,1,0,0,0,0,1,0,0,1,0,0,0,0,1,0,1,0
CLI-003404,4854.0,11,32,23,71.9,45,26.6,2,2,0,4,32.4,3,4,370.0,0.0,0,0.25,0,0,1,0,0,0,0,0,0,1,0,0,0,0,0,0,0,1,0,0,0,1,0,0,1,0,0,0,1,0,0,0,0,0,0,1,0,0,1,0,0,1,0,0,0,1,0
CLI-002904,27909.0,15,40,13,32.5,3,5.7,5,4,6,5,10.1,3,0,1547.07,0.01,0,0.19,0,0,0,0,0,1,0,0,0,0,1,0,0,0,1,0,0,0,0,0,0,1,0,0,0,0,1,0,1,0,0,0,0,0,0,1,0,0,1,0,0,0,0,1,0,0,1
CLI-004200,23014.0,9,59,29,49.2,19,9.2,6,1,1,2,14.6,3,0,1477.13,0.0,0,0.38,0,0,0,0,0,1,0,0,0,0,1,0,0,0,1,0,0,0,0,0,0,1,0,0,0,1,0,0,1,0,0,0,0,0,0,1,0,0,1,0,0,1,0,0,0,1,0
CLI-004443,6839.0,11,30,6,20.0,5,0.2,8,4,3,5,12.2,3,1,521.24,0.01,0,0.5,0,1,0,0,0,0,0,0,0,1,0,0,0,0,1,0,0,0,0,0,0,1,0,0,0,1,0,0,0,0,1,0,0,0,0,1,0,0,1,0,0,0,0,1,0,1,0
CLI-002576,106837.0,2,131,76,58.0,4,2.1,10,0,4,10,8.3,1,1,6857.32,0.07,0,0.38,0,1,0,0,0,0,0,0,1,0,0,0,0,0,1,0,0,0,0,0,0,0,0,1,0,0,1,0,0,0,0,1,0,0,1,0,0,1,0,0,1,0,0,0,1,0,0
CLI-001837,18226.0,14,49,44,89.8,85,17.2,4,2,2,6,10.65,2,0,740.88,0.0,0,0.5,0,0,0,0,0,1,0,1,0,0,0,0,0,0,0,0,0,1,0,0,0,1,0,0,1,0,0,0,0,1,0,0,0,0,0,1,0,0,1,0,1,0,0,0,0,0,1
CLI-004493,13091.0,10,17,13,76.5,42,20.4,7,5,1,8,15.7,3,0,514.98,0.0,0,0.44,0,0,0,1,0,0,0,1,0,0,0,0,0,0,1,0,0,0,0,0,0,1,0,0,0,1,0,0,0,0,0,1,0,0,0,1,0,0,1,0,1,0,0,0,0,1,0
CLI-003237,24119.0,2,58,52,89.7,81,5.7,10,0,0,0,6.3,4,1,2941.34,0.0,0,0.38,0,1,0,0,0,0,0,1,0,0,0,0,0,0,1,0,0,0,0,0,0,1,0,0,0,0,1,0,0,0,0,0,1,0,0,1,0,1,0,0,0,1,0,0,1,0,0
CLI-004429,14903.0,3,18,12,66.7,8,2.2,10,1,2,3,4.9,3,3,790.19,0.02,0,0.38,0,0,0,0,1,0,0,1,0,0,0,0,0,0,1,0,0,0,0,0,0,1,0,0,0,0,1,0,0,0,1,0,0,0,0,1,0,0,0,1,0,0,0,1,1,0,0
CLI-004121,1455.0,12,4,2,50.0,27,11.4,3,6,1,0,16.9,4,0,52.19,0.0,0,0.38,0,1,0,0,0,0,0,0,0,0,0,0,0,1,1,0,0,0,0,0,1,0,0,0,1,0,0,0,0,0,1,0,0,0,1,0,0,1,0,0,0,0,0,1,0,1,0
CLI-002467,92366.0,26,136,113,83.1,46,10.7,7,7,2,1,11.2,4,0,4171.89,0.0,0,0.44,1,0,0,0,0,0,0,0,0,1,0,0,0,0,0,0,0,1,0,0,0,0,1,0,0,1,0,0,0,1,0,0,0,0,0,1,0,0,1,0,0,0,0,1,0,0,1
CLI-000563,237267.0,25,95,65,68.4,57,23.2,13,5,1,0,4.2,3,0,5166.96,0.0,0,0.5,0,0,0,1,0,0,0,0,0,0,0,0,0,1,1,0,0,0,0,0,0,0,1,0,0,0,1,0,0,0,1,0,0,0,0,1,0,0,1,0,0,0,1,0,0,0,1
CLI-001646,2746.0,17,42,13,31.0,1,0.6,4,3,22,1,10.5,5,0,478.34,0.04,0,0.5,0,0,0,0,1,0,0,1,0,0,0,0,0,0,0,0,0,0,1,0,0,1,0,0,1,0,0,0,0,0,0,1,0,0,0,0,1,0,1,0,0,0,0,1,0,0,1
CLI-003228,646.0,8,5,2,40.0,30,9.7,3,2,3,3,29.7,3,1,56.23,0.01,0,0.38,0,0,0,0,0,1,0,1,0,0,0,0,0,0,0,0,1,0,0,0,1,0,0,0,1,0,0,0,0,0,0,0,1,0,0,0,1,1,0,0,0,1,0,0,0,1,0
CLI-000458,6697.0,15,17,3,17.6,1,0.1,7,4,3,2,10.9,4,0,480.42,0.01,0,0.44,0,0,0,0,1,0,0,0,1,0,0,0,0,0,1,0,0,0,0,0,0,1,0,0,0,1,0,0,0,0,1,0,0,1,0,0,0,1,0,0,0,0,0,1,0,0,1
CLI-000171,8099.0,1,34,4,11.8,1,0.4,4,0,1,0,10.65,5,0,617.27,0.03,0,0.25,0,1,0,0,0,0,0,1,0,0,0,0,0,0,1,0,0,0,0,0,0,1,0,0,0,1,0,0,0,0,1,0,0,1,0,0,0,1,0,0,0,0,0,1,1,0,0
CLI-000846,14534.0,5,44,24,54.5,29,7.2,6,2,1,3,11.1,4,2,1107.76,0.01,0,0.38,1,0,0,0,0,0,0,0,0,1,0,0,0,0,1,0,0,0,0,0,0,1,0,0,0,1,0,0,0,0,1,0,0,0,1,0,0,1,0,0,0,0,0,1,0,1,0
CLI-003445,87483.0,18,133,0,0.0,0,0.0,0,2,107,1,2.1,4,0,10668.67,0.2,1,0.0,0,0,0,1,0,0,0,0,0,0,0,1,0,0,0,1,0,0,0,0,0,0,1,0,0,0,0,1,0,0,0,1,0,0,0,1,0,1,0,0,0,0,0,1,0,0,1
CLI-003053,3476.0,3,11,2,18.2,1,0.5,0,0,4,3,13.0,2,3,211.98,0.04,0,0.0,0,0,0,0,0,1,0,0,0,0,1,0,0,0,1,0,0,0,0,0,1,0,0,0,0,1,0,0,0,0,0,0,1,0,0,0,1,1,0,0,0,0,0,1,1,0,0
CLI-001009,214381.0,14,169,141,83.4,53,30.3,7,3,1,2,16.1,4,0,4668.57,0.0,0,0.44,0,0,1,0,0,0,0,1,0,0,0,0,0,0,0,0,0,0,1,0,0,0,1,0,0,1,0,0,1,0,0,0,0,1,0,0,0,0,1,0,0,0,0,1,0,0,1
CLI-002319,3088.0,9,6,3,50.0,9,3.1,6,3,6,5,12.2,3,3,144.83,0.02,0,0.38,0,0,0,1,0,0,0,0,0,0,1,0,0,0,0,0,0,0,0,1,1,0,0,0,0,1,0,0,0,1,0,0,0,0,0,1,0,0,1,0,0,1,0,0,0,1,0
CLI-000084,56811.0,15,21,18,85.7,55,35.9,19,3,1,3,0.5,3,0,1732.03,0.0,0,0.48,0,0,0,0,1,0,0,1,0,0,0,0,0,0,0,0,0,0,0,1,0,1,0,0,0,0,0,1,0,0,0,0,1,0,1,0,0,0,0,1,0,1,0,0,0,0,1
CLI-003461,5463.0,2,10,2,20.0,1,0.2,7,0,1,6,10.65,1,1,740.24,0.02,0,0.18,1,0,0,0,0,0,0,0,1,0,0,0,0,0,1,0,0,0,0,0,1,0,0,0,0,0,0,1,1,0,0,0,0,0,1,0,0,0,1,0,1,0,0,0,1,0,0
CLI-004664,719.0,10,3,1,33.3,16,5.7,2,3,2,2,30.2,3,0,38.12,0.01,0,0.25,0,0,0,0,0,0,1,0,1,0,0,0,0,0,0,0,0,0,1,0,1,0,0,0,1,0,0,0,0,1,0,0,0,1,0,0,0,0,1,0,0,0,0,1,0,1,0
CLI-001963,15724.0,19,9,8,88.9,76,37.3,7,8,1,1,11.5,3,0,266.33,0.0,0,0.44,0,1,0,0,0,0,0,0,1,0,0,0,0,0,0,1,0,0,0,0,0,1,0,0,0,1,0,0,0,0,1,0,0,0,0,1,0,0,0,1,0,0,0,1,0,0,1
CLI-001847,10460.0,11,44,19,43.2,11,4.6,3,2,2,6,19.6,5,0,579.81,0.01,0,0.38,0,0,0,0,0,1,0,0,0,1,0,0,0,0,1,0,0,0,0,0,0,1,0,0,1,0,0,0,0,0,1,0,0,1,0,0,0,0,1,0,0,0,0,1,0,1,0
CLI-002251,2434.0,6,8,2,25.0,2,5.7,3,0,6,0,18.3,5,0,98.95,0.03,0,0.38,0,0,0,0,1,0,0,0,0,1,0,0,0,0,0,0,1,0,0,0,1,0,0,0,1,0,0,0,0,1,0,0,0,1,0,0,0,0,0,1,0,1,0,0,0,1,0
CLI-003561,17862.0,5,36,23,63.9,36,19.5,0,0,3,7,31.6,3,2,418.91,0.02,0,0.0,0,0,1,0,0,0,0,0,0,1,0,0,0,0,0,0,0,0,0,1,0,1,0,0,1,0,0,0,0,0,0,1,0,0,1,0,0,0,1,0,1,0,0,0,0,1,0
CLI-002672,21698.0,17,41,16,39.0,9,1.5,8,2,5,3,10.8,3,0,1025.0,0.01,0,0.5,1,0,0,0,0,0,0,0,0,1,0,0,0,0,1,0,0,0,0,0,0,1,0,0,0,1,0,0,0,0,0,0,1,1,0,0,0,0,0,1,0,0,0,1,0,0,1
CLI-004712,5228.0,1,25,5,20.0,1,0.1,4,2,5,10,19.9,2,5,375.0,0.17,0,0.25,0,0,1,0,0,0,0,0,0,0,0,0,1,0,0,1,0,0,0,0,0,1,0,0,0,1,0,0,0,1,0,0,0,1,0,0,0,0,0,1,0,0,0,1,1,0,0
CLI-000309,23459.0,15,51,22,43.1,16,3.7,13,6,2,5,9.7,3,0,2200.65,0.0,0,0.5,0,0,0,0,0,0,1,0,0,1,0,0,0,0,0,0,0,1,0,0,0,1,0,0,0,0,1,0,0,1,0,0,0,0,0,0,1,0,1,0,0,0,0,1,0,0,1
CLI-004096,82606.0,15,126,80,63.5,28,21.0,11,5,1,5,11.0,3,0,5036.98,0.0,0,0.42,1,0,0,0,0,0,0,0,0,1,0,0,0,0,0,0,0,0,1,0,0,0,1,0,0,0,1,0,0,0,0,0,1,0,1,0,0,0,1,0,0,0,0,1,0,0,1
CLI-003806,2925.0,1,45,14,31.1,10,6.6,3,0,11,0,17.8,5,0,509.62,0.37,0,0.38,0,0,0,1,0,0,0,0,1,0,0,0,0,0,1,0,0,0,0,0,0,1,0,0,1,0,0,0,0,0,0,0,1,0,0,0,1,0,1,0,0,0,0,1,1,0,0
CLI-004090,863.0,13,7,4,57.1,9,2.7,2,5,5,3,25.3,4,0,80.97,0.01,0,0.25,1,0,0,0,0,0,0,0,0,1,0,0,0,0,1,0,0,0,0,0,1,0,0,0,1,0,0,0,1,0,0,0,0,0,0,0,1,0,0,1,0,0,0,1,0,0,1
CLI-000649,854.0,2,4,1,25.0,4,2.7,5,0,10,3,14.8,2,2,94.65,0.17,0,0.31,1,0,0,0,0,0,0,0,0,0,0,1,0,0,1,0,0,0,0,0,1,0,0,0,0,1,0,0,0,0,0,1,0,0,0,0,1,0,0,1,1,0,0,0,1,0,0
CLI-000048,300.0,1,2,1,50.0,2,1.2,1,0,13,3,22.2,4,5,22.15,0.43,0,0.12,0,0,0,1,0,0,0,0,0,0,0,0,0,1,1,0,0,0,0,0,1,0,0,0,1,0,0,0,0,0,0,0,1,0,0,1,0,0,0,1,0,1,0,0,1,0,0
CLI-004143,137646.0,7,167,38,22.8,3,1.1,9,1,2,0,3.6,5,1,6217.08,0.01,0,0.35,0,0,1,0,0,0,0,0,0,0,0,0,0,1,0,0,0,0,0,1,0,0,1,0,0,0,1,0,0,0,0,0,1,0,0,0,1,0,1,0,1,0,0,0,0,1,0
CLI-000152,1360.0,15,6,2,33.3,17,1.5,3,3,0,6,10.65,2,0,66.35,0.0,0,0.38,0,1,0,0,0,0,0,0,0,0,1,0,0,0,1,0,0,0,0,0,1,0,0,0,1,0,0,0,0,0,1,0,0,0,0,1,0,0,0,1,0,0,0,1,0,0,1
CLI-002064,945.0,1,4,3,75.0,36,27.4,2,0,3,4,26.6,4,3,50.12,0.1,0,0.25,0,0,0,0,0,1,0,0,0,0,0,0,1,0,0,1,0,0,0,0,1,0,0,0,1,0,0,0,0,0,0,0,1,0,1,0,0,1,0,0,0,1,0,0,1,0,0
CLI-003616,62810.0,14,58,12,20.7,1,0.3,3,5,5,0,7.3,4,0,1367.82,0.01,0,0.19,1,0,0,0,0,0,0,0,0,1,0,0,0,0,0,0,0,1,0,0,0,1,0,0,0,1,0,0,0,0,0,1,0,0,0,1,0,0,1,0,1,0,0,0,0,0,1
CLI-001730,241137.0,1,206,102,49.5,22,6.6,11,0,0,7,4.4,5,3,14003.33,0.0,0,0.28,0,0,0,1,0,0,0,0,1,0,0,0,0,0,1,0,0,0,0,0,0,0,1,0,0,0,0,1,0,0,0,0,1,0,0,1,0,0,1,0,0,0,0,1,1,0,0
CLI-002405,504.0,1,7,0,0.0,0,0.0,0,0,30,4,24.9,3,2,87.74,1.0,1,0.0,0,1,0,0,0,0,0,0,0,1,0,0,0,0,1,0,0,0,0,0,1,0,0,0,1,0,0,0,0,0,0,0,1,0,0,0,1,0,1,0,1,0,0,0,1,0,0
CLI-001231,352802.0,19,439,360,82.0,62,61.4,14,3,1,0,3.0,3,0,21512.33,0.0,0,0.54,0,1,0,0,0,0,0,1,0,0,0,0,0,0,0,0,0,0,0,1,0,0,0,1,0,0,1,0,0,0,0,0,1,0,0,1,0,0,0,1,0,0,0,1,0,0,1
CLI-004634,63032.0,8,55,4,7.3,1,0.1,1,0,23,0,1.7,5,1,4045.71,0.1,0,0.02,0,0,1,0,0,0,0,0,1,0,0,0,0,0,0,1,0,0,0,0,0,1,0,0,0,0,0,1,0,0,0,0,1,0,0,1,0,0,1,0,1,0,0,0,0,1,0
CLI-002290,153309.0,14,179,111,62.0,29,9.1,13,0,1,0,9.8,4,0,8902.98,0.0,0,0.5,1,0,0,0,0,0,0,0,1,0,0,0,0,0,0,0,0,1,0,0,0,0,1,0,0,0,1,0,0,1,0,0,0,0,0,0,1,1,0,0,0,0,0,1,0,0,1
CLI-004222,300.0,1,1,1,100.0,33,21.5,2,0,1,0,15.0,3,0,11.37,0.03,0,0.25,0,0,0,0,1,0,0,0,0,0,0,0,0,1,1,0,0,0,0,0,1,0,0,0,1,0,0,0,0,0,0,0,1,0,1,0,0,0,1,0,0,1,0,0,1,0,0
CLI-002314,1743.0,15,7,1,14.3,1,0.4,0,2,2,4,18.6,4,0,88.58,0.0,0,0.0,0,0,0,1,0,0,0,0,0,1,0,0,0,0,1,0,0,0,0,0,1,0,0,0,1,0,0,0,0,0,0,1,0,1,0,0,0,1,0,0,1,0,0,0,0,0,1
CLI-000624,5017.0,1,43,13,30.2,4,0.6,7,0,0,0,9.9,3,3,874.12,0.0,0,0.44,0,0,0,1,0,0,0,0,0,0,0,0,1,0,1,0,0,0,0,0,0,1,0,0,0,1,0,0,0,0,0,0,1,1,0,0,0,1,0,0,0,0,0,1,1,0,0
CLI-000215,26628.0,16,25,14,56.0,45,31.2,12,3,0,2,7.3,4,1,1202.73,0.0,0,0.46,0,0,0,0,1,0,0,0,0,0,1,0,0,0,0,0,0,0,0,1,0,1,0,0,0,0,1,0,0,0,0,0,1,0,1,0,0,1,0,0,0,0,0,1,0,0,1
CLI-004996,10872.0,13,31,12,38.7,19,2.4,6,4,1,2,9.1,5,0,697.8,0.0,0,0.38,0,1,0,0,0,0,0,0,0,0,0,1,0,0,1,0,0,0,0,0,0,1,0,0,0,1,0,0,0,0,0,0,1,0,1,0,0,1,0,0,0,0,1,0,0,0,1
CLI-001290,9487.0,8,59,4,6.8,1,0.2,1,0,6,0,5.5,5,1,2313.79,0.02,0,0.04,1,0,0,0,0,0,0,0,1,0,0,0,0,0,1,0,0,0,0,0,0,1,0,0,0,0,1,0,0,0,0,0,1,0,0,0,1,1,0,0,1,0,0,0,0,1,0
CLI-004979,4445.0,6,8,6,75.0,27,10.9,6,2,0,1,14.6,3,2,208.5,0.0,0,0.38,1,0,0,0,0,0,0,0,1,0,0,0,0,0,1,0,0,0,0,0,1,0,0,0,0,1,0,0,0,0,0,1,0,1,0,0,0,0,1,0,0,1,0,0,0,1,0
CLI-003437,47650.0,3,37,27,73.0,72,40.0,8,1,1,5,12.0,3,3,1709.11,0.01,0,0.31,1,0,0,0,0,0,0,0,0,0,0,0,1,0,1,0,0,0,0,0,0,1,0,0,0,0,1,0,0,0,1,0,0,0,0,1,0,1,0,0,0,0,0,1,1,0,0
CLI-002899,845.0,12,2,1,50.0,30,9.7,7,2,1,2,16.1,3,0,54.21,0.0,0,0.44,0,0,0,0,1,0,0,0,0,1,0,0,0,0,0,0,0,1,0,0,1,0,0,0,0,1,0,0,1,0,0,0,0,1,0,0,0,0,1,0,0,1,0,0,0,1,0
CLI-000614,39224.0,7,107,57,53.3,27,20.5,10,2,0,0,4.6,5,1,2391.73,0.0,0,0.62,0,1,0,0,0,0,0,0,0,0,0,0,0,1,0,0,1,0,0,0,0,0,1,0,0,1,0,0,0,0,1,0,0,0,1,0,0,1,0,0,0,0,0,1,0,1,0
CLI-004871,9315.0,13,6,2,50.0,1,0.5,3,3,27,2,22.9,1,0,157.78,0.07,0,0.19,0,0,0,0,0,0,1,0,0,0,0,1,0,0,0,0,1,0,0,0,0,1,0,0,0,1,0,0,1,0,0,0,0,0,0,1,0,0,0,1,1,0,0,0,0,0,1
CLI-003173,18718.0,1,48,36,75.0,62,39.9,14,0,1,0,0.5,5,2,1755.9,0.03,0,0.54,0,0,0,0,0,0,1,0,0,0,1,0,0,0,1,0,0,0,0,0,0,1,0,0,0,0,1,0,1,0,0,0,0,0,1,0,0,0,0,1,0,1,0,0,1,0,0
CLI-001789,1482.0,1,8,1,12.5,1,0.2,1,1,30,1,9.1,2,3,164.26,1.0,1,0.06,0,0,0,0,0,0,1,0,1,0,0,0,0,0,1,0,0,0,0,0,1,0,0,0,0,1,0,0,0,0,0,0,1,1,0,0,0,0,0,1,1,0,0,0,1,0,0
CLI-001089,502.0,1,5,1,20.0,2,0.1,3,1,0,3,10.65,4,4,61.17,0.0,0,0.38,0,0,0,0,1,0,0,0,0,1,0,0,0,0,1,0,0,0,0,0,1,0,0,0,1,0,0,0,0,0,0,1,0,1,0,0,0,1,0,0,0,0,0,1,1,0,0
CLI-004482,21905.0,3,77,39,50.6,19,7.4,13,0,2,0,11.7,3,1,3339.16,0.02,0,0.5,0,0,0,0,0,0,1,0,1,0,0,0,0,0,1,0,0,0,0,0,0,0,1,0,0,0,1,0,0,1,0,0,0,0,0,1,0,0,1,0,0,0,0,1,1,0,0
CLI-002717,1687.0,1,8,3,37.5,6,3.6,3,1,7,1,20.8,3,1,108.27,0.23,0,0.38,0,1,0,0,0,0,0,1,0,0,0,0,0,0,1,0,0,0,0,0,1,0,0,0,1,0,0,0,0,0,0,0,1,0,0,0,1,1,0,0,0,1,0,0,1,0,0
CLI-003155,1415.0,22,4,0,0.0,0,0.0,0,0,89,1,9.5,4,0,100.0,0.13,1,0.0,0,0,1,0,0,0,0,0,0,0,0,0,0,1,1,0,0,0,0,0,1,0,0,0,0,1,0,0,0,1,0,0,0,1,0,0,0,1,0,0,1,0,0,0,0,0,1
CLI-000608,2272.0,8,8,5,62.5,25,9.4,10,3,1,4,3.8,4,0,307.82,0.0,0,0.38,0,0,0,0,0,1,0,0,0,0,0,0,0,1,0,0,0,1,0,0,1,0,0,0,0,0,1,0,1,0,0,0,0,0,0,1,0,0,1,0,0,0,1,0,0,1,0
CLI-003325,1896.0,7,9,3,50.0,19,1.0,3,3,5,3,33.4,3,1,115.6,0.02,0,0.38,0,0,0,0,1,0,0,0,0,0,0,1,0,0,1,0,0,0,0,0,1,0,0,0,1,0,0,0,0,0,1,0,0,0,0,1,0,0,1,0,0,0,0,1,0,1,0
CLI-001913,20811.0,12,32,18,56.2,10,5.9,6,0,10,5,14.1,1,1,939.96,0.03,0,0.38,0,0,0,1,0,0,0,1,0,0,0,0,0,0,1,0,0,0,0,0,0,1,0,0,0,1,0,0,0,0,1,0,0,1,0,0,0,1,0,0,1,0,0,0,0,1,0
CLI-002764,6425.0,1,12,7,58.3,5,3.1,7,0,4,3,8.3,3,2,559.71,0.13,0,0.27,0,1,0,0,0,0,0,1,0,0,0,0,0,0,1,0,0,0,0,0,0,1,0,0,0,0,1,0,0,0,1,0,0,0,1,0,0,1,0,0,0,0,0,1,1,0,0
CLI-001813,15363.0,15,186,74,39.8,1,5.7,4,1,3,0,9.1,4,1,4683.99,0.01,0,0.25,0,0,0,0,0,0,1,1,0,0,0,0,0,0,1,0,0,0,0,0,0,0,1,0,0,1,0,0,0,0,0,0,1,0,1,0,0,0,1,0,0,0,0,1,0,0,1
CLI-002468,13561.0,7,30,11,36.7,1,0.1,2,2,30,0,19.6,4,1,344.53,0.14,1,0.25,0,0,1,0,0,0,0,0,0,0,1,0,0,0,0,0,0,1,0,0,0,1,0,0,1,0,0,0,0,0,0,1,0,0,0,0,1,1,0,0,0,1,0,0,0,1,0
CLI-004688,1147.0,1,3,1,33.3,1,0.6,1,0,8,1,9.4,5,1,73.6,0.27,0,0.06,0,1,0,0,0,0,0,0,0,0,1,0,0,0,1,0,0,0,0,0,1,0,0,0,0,1,0,0,0,0,1,0,0,0,1,0,0,1,0,0,0,0,0,1,1,0,0
CLI-004826,47600.0,9,28,15,53.6,20,7.3,5,4,2,3,9.3,3,0,1319.3,0.01,0,0.19,0,0,0,0,0,0,1,0,1,0,0,0,0,0,0,0,0,1,0,0,0,1,0,0,0,0,1,0,0,0,0,1,0,0,0,1,0,0,0,1,0,0,0,1,0,1,0
CLI-002187,300.0,8,1,1,100.0,60,9.6,3,2,2,0,18.7,3,0,10.84,0.01,0,0.38,0,0,1,0,0,0,0,0,0,1,0,0,0,0,1,0,0,0,0,0,1,0,0,0,1,0,0,0,0,0,0,0,1,1,0,0,0,1,0,0,0,1,0,0,0,1,0
CLI-004683,19578.0,7,45,20,44.4,6,5.7,9,3,4,3,9.1,5,1,1136.91,0.02,0,0.56,0,0,0,0,0,0,1,1,0,0,0,0,0,0,1,0,0,0,0,0,0,1,0,0,0,1,0,0,0,0,0,1,0,0,0,1,0,0,0,1,0,0,1,0,0,1,0
CLI-001062,22001.0,22,27,21,77.8,53,39.6,9,2,1,0,15.2,4,0,813.03,0.0,0,0.56,0,0,0,1,0,0,0,0,0,1,0,0,0,0,1,0,0,0,0,0,0,1,0,0,0,1,0,0,0,1,0,0,0,0,0,1,0,0,1,0,0,1,0,0,0,0,1
CLI-001930,6385.0,10,34,20,58.8,26,7.4,8,3,3,4,7.9,4,1,865.12,0.01,0,0.5,1,0,0,0,0,0,0,0,0,0,0,1,0,0,0,0,1,0,0,0,0,0,1,0,0,1,0,0,0,0,0,1,0,0,1,0,0,1,0,0,0,0,0,1,0,1,0
CLI-003514,43999.0,8,27,14,51.9,23,7.0,8,0,1,5,6.2,5,3,1166.46,0.0,0,0.31,0,0,0,0,1,0,0,1,0,0,0,0,0,0,1,0,0,0,0,0,0,1,0,0,0,0,1,0,1,0,0,0,0,0,0,1,0,0,1,0,0,1,0,0,0,1,0
CLI-004378,2366.0,21,8,0,0.0,0,0.0,0,0,36,4,10.1,3,0,206.14,0.06,1,0.0,0,1,0,0,0,0,0,0,0,1,0,0,0,0,0,0,0,0,0,1,1,0,0,0,0,1,0,0,1,0,0,0,0,0,0,1,0,1,0,0,1,0,0,0,0,0,1
CLI-000938,42003.0,13,58,21,36.2,8,2.7,12,4,1,0,0.5,5,0,2695.96,0.0,0,0.46,0,1,0,0,0,0,0,0,0,0,0,1,0,0,0,0,0,0,0,1,0,0,1,0,0,0,1,0,0,0,0,0,1,0,0,0,1,0,0,1,0,0,0,1,0,0,1
CLI-004759,3982.0,24,7,1,14.3,1,0.1,0,7,4,2,9.4,5,0,173.44,0.01,0,0.0,0,0,0,0,1,0,0,1,0,0,0,0,0,0,0,1,0,0,0,0,1,0,0,0,0,1,0,0,1,0,0,0,0,1,0,0,0,1,0,0,1,0,0,0,0,0,1
CLI-003095,5445.0,5,42,23,54.8,16,5.4,6,0,2,4,16.3,4,2,948.56,0.01,0,0.38,0,0,0,0,0,0,1,0,0,0,0,1,0,0,1,0,0,0,0,0,0,1,0,0,0,1,0,0,0,0,0,0,1,0,0,0,1,0,1,0,0,0,0,1,0,1,0
CLI-003101,14326.0,23,9,8,88.9,74,46.1,8,7,1,5,17.0,3,0,272.98,0.0,0,0.5,0,0,1,0,0,0,0,0,0,0,1,0,0,0,1,0,0,0,0,0,1,0,0,0,0,1,0,0,1,0,0,0,0,0,1,0,0,0,1,0,0,0,0,1,0,0,1
CLI-004389,46799.0,31,123,0,0.0,0,0.0,0,0,46,8,17.3,2,0,3003.79,0.05,1,0.0,0,0,0,0,1,0,0,0,0,0,0,0,0,1,1,0,0,0,0,0,0,0,1,0,0,1,0,0,0,0,1,0,0,0,1,0,0,0,0,1,0,0,0,1,0,0,1
CLI-001077,554404.0,18,714,226,31.7,3,1.9,7,2,1,5,4.3,3,0,52007.86,0.0,0,0.18,1,0,0,0,0,0,0,0,0,1,0,0,0,0,0,0,0,0,0,1,0,0,0,1,0,0,0,1,0,0,1,0,0,0,0,0,1,0,1,0,1,0,0,0,0,0,1
CLI-003991,17839.0,4,44,20,45.5,15,4.2,10,1,1,2,4.0,3,0,1977.7,0.01,0,0.38,0,0,1,0,0,0,0,0,1,0,0,0,0,0,0,1,0,0,0,0,0,0,1,0,0,0,1,0,0,0,0,0,1,0,0,1,0,1,0,0,0,1,0,0,0,1,0
CLI-000729,42109.0,5,112,107,95.5,99,45.3,4,0,1,2,31.3,3,0,1426.47,0.01,0,0.5,0,1,0,0,0,0,0,0,0,0,1,0,0,0,0,0,0,0,1,0,0,0,1,0,1,0,0,0,0,1,0,0,0,1,0,0,0,0,0,1,0,0,0,1,0,1,0
CLI-002922,134201.0,18,53,48,90.6,103,82.6,19,3,0,1,4.7,4,0,2597.77,0.0,0,0.73,0,0,1,0,0,0,0,0,0,1,0,0,0,0,0,0,0,0,0,1,0,1,0,0,0,0,1,0,1,0,0,0,0,0,1,0,0,0,0,1,0,0,1,0,0,0,1
CLI-001634,199088.0,6,195,34,17.4,1,0.4,11,0,25,0,10.65,3,2,12139.53,0.14,0,0.28,0,0,0,0,0,1,0,1,0,0,0,0,0,0,1,0,0,0,0,0,0,0,1,0,0,0,0,1,0,0,0,1,0,0,0,1,0,1,0,0,0,0,0,1,0,1,0
CLI-002860,300.0,1,1,1,100.0,98,21.2,3,0,1,1,18.2,5,1,11.33,0.03,0,0.38,0,1,0,0,0,0,0,0,0,1,0,0,0,0,0,0,0,1,0,0,1,0,0,0,1,0,0,0,0,0,0,0,1,1,0,0,0,0,0,1,0,0,0,1,1,0,0
CLI-002364,22440.0,5,37,29,78.4,58,5.7,8,1,3,10,10.65,3,4,977.34,0.02,0,0.5,1,0,0,0,0,0,0,0,0,0,1,0,0,0,0,0,0,0,1,0,0,1,0,0,0,1,0,0,0,0,0,1,0,1,0,0,0,1,0,0,1,0,0,0,0,1,0
CLI-001830,1812.0,17,5,4,80.0,56,10.9,3,4,0,2,27.2,4,0,71.3,0.0,0,0.38,0,0,0,0,1,0,0,0,0,0,0,1,0,0,1,0,0,0,0,0,1,0,0,0,1,0,0,0,0,0,0,1,0,1,0,0,0,0,0,1,0,0,1,0,0,0,1
CLI-004352,77506.0,16,36,32,88.9,88,49.0,12,2,0,2,9.7,3,0,1294.78,0.0,0,0.75,0,1,0,0,0,0,0,0,0,1,0,0,0,0,1,0,0,0,0,0,0,1,0,0,0,1,0,0,1,0,0,0,0,0,0,1,0,0,0,1,0,1,0,0,0,0,1
CLI-003271,21472.0,12,50,40,80.0,58,29.3,6,4,2,3,32.7,3,0,623.47,0.01,0,0.75,0,0,1,0,0,0,0,0,0,1,0,0,0,0,0,0,0,1,0,0,0,1,0,0,1,0,0,0,0,0,1,0,0,0,0,0,1,1,0,0,0,0,0,1,0,1,0
CLI-002542,1650.0,12,5,2,40.0,17,10.5,1,1,1,2,25.4,3,0,64.9,0.0,0,0.12,0,0,0,1,0,0,0,0,0,0,1,0,0,0,0,0,0,0,1,0,1,0,0,0,1,0,0,0,0,1,0,0,0,0,0,0,1,1,0,0,0,0,0,1,0,1,0
CLI-004515,5888.0,20,38,10,26.3,4,1.1,5,2,2,4,10.7,4,0,897.63,0.0,0,0.31,1,0,0,0,0,0,0,0,1,0,0,0,0,0,0,0,1,0,0,0,0,0,1,0,0,1,0,0,0,1,0,0,0,0,0,1,0,0,1,0,0,0,0,1,0,0,1
CLI-001943,22493.0,4,25,20,80.0,42,38.2,21,3,1,5,8.2,2,1,1097.24,0.01,0,0.81,0,0,1,0,0,0,0,1,0,0,0,0,0,0,1,0,0,0,0,0,0,1,0,0,0,0,1,0,0,1,0,0,0,0,0,1,0,1,0,0,0,0,0,1,0,1,0
CLI-004545,9338.0,8,37,18,48.6,16,5.3,6,3,6,0,2.6,5,0,1423.45,0.02,0,0.23,0,0,1,0,0,0,0,0,0,0,0,1,0,0,0,0,1,0,0,0,0,1,0,0,0,0,1,0,0,0,1,0,0,0,0,1,0,0,1,0,0,0,1,0,0,1,0
CLI-002219,71571.0,7,53,43,81.1,62,22.7,15,2,3,2,3.4,3,3,2385.0,0.01,0,0.58,0,0,0,0,0,0,1,1,0,0,0,0,0,0,0,0,0,0,1,0,0,1,0,0,0,0,1,0,0,0,0,1,0,0,0,0,1,0,0,1,0,0,0,1,0,1,0
CLI-001858,482.0,5,4,3,50.0,69,44.6,5,1,2,1,10.65,5,1,48.99,0.01,0,0.62,0,0,0,1,0,0,0,0,0,1,0,0,0,0,1,0,0,0,0,0,1,0,0,0,1,0,0,0,1,0,0,0,0,0,0,0,1,0,0,1,0,0,0,1,0,1,0
CLI-002881,2543.0,8,5,4,80.0,58,41.1,9,1,0,3,14.9,5,1,125.0,0.0,0,0.56,1,0,0,0,0,0,0,0,0,0,0,0,0,1,0,0,0,1,0,0,1,0,0,0,0,1,0,0,0,0,0,0,1,0,0,1,0,1,0,0,0,0,0,1,0,1,0
CLI-002340,1436.0,1,7,1,14.3,1,0.1,1,0,2,3,24.3,3,2,60.4,0.07,0,0.12,0,0,1,0,0,0,0,0,0,1,0,0,0,0,1,0,0,0,0,0,1,0,0,0,1,0,0,0,0,0,0,0,1,0,1,0,0,1,0,0,0,0,0,1,1,0,0
CLI-001629,667.0,4,10,4,40.0,19,10.1,2,0,6,3,15.8,4,2,120.0,0.05,0,0.25,0,0,0,0,1,0,0,0,0,1,0,0,0,0,0,1,0,0,0,0,1,0,0,0,1,0,0,0,0,0,1,0,0,1,0,0,0,0,0,1,0,0,0,1,0,1,0
CLI-003311,5515.0,19,3,2,66.7,19,6.3,12,6,5,4,7.5,4,0,140.12,0.01,0,0.46,0,0,1,0,0,0,0,0,0,0,1,0,0,0,0,1,0,0,0,0,1,0,0,0,0,0,1,0,0,0,0,1,0,0,1,0,0,0,0,1,0,0,1,0,0,0,1
CLI-000928,69216.0,1,613,85,13.9,1,0.5,0,0,30,0,11.0,4,3,12058.6,1.0,1,0.0,0,1,0,0,0,0,0,0,0,0,1,0,0,0,0,0,0,0,0,1,0,0,0,1,0,1,0,0,0,1,0,0,0,1,0,0,0,1,0,0,1,0,0,0,1,0,0
CLI-002847,3092.0,14,1,1,100.0,41,17.1,15,3,0,4,11.0,2,0,45.99,0.0,0,0.58,0,0,1,0,0,0,0,0,0,0,0,1,0,0,0,0,1,0,0,0,1,0,0,0,0,0,1,0,0,1,0,0,0,0,0,0,1,0,1,0,0,0,0,1,0,0,1
CLI-003501,139854.0,9,108,63,58.3,15,15.1,16,3,3,5,2.8,4,2,6091.21,0.01,0,0.62,0,1,0,0,0,0,0,0,0,1,0,0,0,0,1,0,0,0,0,0,0,0,1,0,0,0,1,0,0,0,1,0,0,1,0,0,0,0,0,1,0,0,1,0,0,1,0
CLI-004178,8155.0,16,56,48,85.7,74,54.0,4,7,1,0,0.5,5,0,672.0,0.0,0,0.5,0,0,0,0,0,0,1,0,1,0,0,0,0,0,1,0,0,0,0,0,0,1,0,0,1,0,0,0,0,1,0,0,0,0,0,0,1,0,0,1,0,0,1,0,0,0,1
CLI-004406,21025.0,1,39,25,64.1,31,10.7,19,0,0,7,3.3,3,3,2848.86,0.0,0,0.48,0,0,1,0,0,0,0,0,0,0,0,0,0,1,1,0,0,0,0,0,0,1,0,0,0,0,0,1,0,1,0,0,0,0,0,0,1,1,0,0,0,0,0,1,1,0,0
CLI-003567,1651.0,1,16,9,56.2,25,10.9,5,1,2,4,10.65,2,3,335.6,0.07,0,0.31,0,0,1,0,0,0,0,0,0,0,0,1,0,0,0,0,0,0,1,0,0,1,0,0,0,1,0,0,1,0,0,0,0,0,0,1,0,1,0,0,0,0,0,1,1,0,0
CLI-004581,2471.0,11,28,8,28.6,13,6.8,5,2,1,8,21.4,2,0,602.68,0.0,0,0.31,0,0,0,0,0,1,0,0,0,1,0,0,0,0,0,0,1,0,0,0,0,1,0,0,0,1,0,0,0,1,0,0,0,0,1,0,0,0,0,1,0,0,0,1,0,1,0
CLI-002555,6347.0,15,37,2,5.4,1,0.1,2,2,30,4,1.3,2,0,1289.97,0.07,1,0.08,0,0,0,0,0,1,0,0,0,0,0,0,0,1,1,0,0,0,0,0,0,1,0,0,0,0,1,0,1,0,0,0,0,1,0,0,0,1,0,0,1,0,0,0,0,0,1
CLI-003858,288911.0,17,215,137,50.0,40,29.6,8,2,1,4,6.1,3,0,10676.68,0.0,0,0.31,0,0,0,0,0,0,1,1,0,0,0,0,0,0,0,0,0,0,0,1,0,0,1,0,0,0,1,0,0,1,0,0,0,0,0,0,1,0,0,1,0,0,0,1,0,0,1
CLI-001764,16259.0,21,43,24,55.8,20,6.9,5,2,0,0,10.65,4,0,566.5,0.0,0,0.62,1,0,0,0,0,0,0,0,0,1,0,0,0,0,1,0,0,0,0,0,0,1,0,0,1,0,0,0,0,0,0,1,0,0,0,1,0,0,0,1,0,0,0,1,0,0,1
CLI-003792,66288.0,12,175,87,49.7,11,4.0,8,3,3,2,2.1,3,0,6736.6,0.01,0,0.31,0,0,0,0,0,0,1,0,1,0,0,0,0,0,1,0,0,0,0,0,0,0,1,0,0,0,1,0,0,1,0,0,0,1,0,0,0,0,1,0,0,1,0,0,0,1,0
CLI-000103,3334.0,18,6,4,66.7,21,4.5,3,4,8,2,9.2,4,0,127.07,0.01,0,0.19,0,1,0,0,0,0,0,0,0,1,0,0,0,0,1,0,0,0,0,0,1,0,0,0,0,1,0,0,0,0,0,1,0,1,0,0,0,0,1,0,0,0,0,1,0,0,1
CLI-002639,1080.0,8,11,6,50.0,17,5.7,2,2,1,2,22.7,3,0,109.8,0.0,0,0.25,0,0,0,0,0,0,1,0,0,0,0,1,0,0,1,0,0,0,0,0,1,0,0,0,1,0,0,0,0,0,0,0,1,1,0,0,0,0,0,1,0,0,0,1,0,1,0
CLI-004571,733.0,18,1,1,100.0,58,48.3,6,4,2,6,10.3,3,0,33.13,0.0,0,0.38,0,0,0,1,0,0,0,0,0,0,1,0,0,0,1,0,0,0,0,0,1,0,0,0,0,1,0,0,0,0,0,1,0,1,0,0,0,1,0,0,0,1,0,0,0,0,1
CLI-002896,3533.0,14,7,6,85.7,53,25.5,5,2,0,4,16.6,3,0,195.87,0.0,0,0.31,0,1,0,0,0,0,0,0,1,0,0,0,0,0,1,0,0,0,0,0,0,1,0,0,0,1,0,0,0,1,0,0,0,0,0,0,1,1,0,0,0,0,0,1,0,0,1
CLI-004461,1557.0,11,3,1,33.3,15,11.9,2,0,1,0,0.5,5,0,37.22,0.0,0,0.25,0,0,1,0,0,0,0,0,1,0,0,0,0,0,0,0,0,0,1,0,1,0,0,0,1,0,0,0,0,0,0,1,0,1,0,0,0,1,0,0,0,1,0,0,0,1,0
CLI-001969,16420.0,16,41,23,56.1,28,15.9,7,2,0,0,10.65,3,0,1053.9,0.0,0,0.44,0,1,0,0,0,0,0,0,0,0,0,1,0,0,1,0,0,0,0,0,0,1,0,0,0,1,0,0,0,0,0,0,1,1,0,0,0,0,0,1,0,0,0,1,0,0,1
CLI-000542,15747.0,10,55,25,45.5,8,3.4,7,3,7,0,8.9,4,1,1200.21,0.02,0,0.44,0,1,0,0,0,0,0,1,0,0,0,0,0,0,0,0,0,1,0,0,0,1,0,0,0,1,0,0,0,0,1,0,0,0,1,0,0,0,0,1,0,0,1,0,0,1,0
CLI-004255,39049.0,13,152,72,47.4,14,6.8,3,5,0,1,10.65,3,0,3663.17,0.0,0,0.19,0,1,0,0,0,0,0,0,0,0,0,1,0,0,1,0,0,0,0,0,0,0,1,0,0,1,0,0,1,0,0,0,0,0,0,0,1,0,1,0,0,1,0,0,0,0,1
CLI-003795,11303.0,6,58,0,0.0,0,0.0,0,0,53,0,12.2,4,1,696.0,0.29,1,0.0,0,0,0,0,0,0,1,1,0,0,0,0,0,0,0,0,1,0,0,0,0,1,0,0,1,0,0,0,1,0,0,0,0,0,0,0,1,1,0,0,1,0,0,0,0,1,0
CLI-000307,621.0,6,6,2,33.3,18,17.0,6,0,7,0,13.0,4,0,68.9,0.04,0,0.75,0,0,0,0,0,1,0,0,0,0,0,1,0,0,0,0,0,0,0,1,1,0,0,0,1,0,0,0,1,0,0,0,0,0,0,1,0,1,0,0,0,0,0,1,0,1,0
CLI-003579,26132.0,2,47,27,57.4,37,17.0,10,0,0,0,9.1,5,1,1274.72,0.0,0,0.62,1,0,0,0,0,0,0,0,0,1,0,0,0,0,1,0,0,0,0,0,0,1,0,0,0,1,0,0,0,1,0,0,0,0,1,0,0,1,0,0,0,0,0,1,1,0,0
CLI-000358,4530.0,15,4,3,75.0,22,8.7,4,2,0,8,38.6,2,0,46.42,0.0,0,0.5,1,0,0,0,0,0,0,0,0,1,0,0,0,0,0,0,0,1,0,0,1,0,0,0,1,0,0,0,0,0,1,0,0,0,1,0,0,0,1,0,0,0,0,1,0,0,1
CLI-003499,11663.0,6,41,23,56.1,14,2.7,6,0,0,1,3.6,3,2,1580.42,0.0,0,0.23,0,1,0,0,0,0,0,1,0,0,0,0,0,0,1,0,0,0,0,0,0,1,0,0,0,0,1,0,0,0,0,0,1,1,0,0,0,0,0,1,0,0,0,1,0,1,0
CLI-001718,10255.0,19,12,7,58.3,15,4.7,3,4,0,2,13.4,4,0,357.3,0.0,0,0.19,0,0,0,1,0,0,0,0,1,0,0,0,0,0,1,0,0,0,0,0,0,1,0,0,0,1,0,0,0,0,0,1,0,0,0,0,1,0,0,1,0,0,0,1,0,0,1
CLI-002147,24774.0,10,48,27,56.2,20,5.1,5,3,0,1,18.1,3,1,1118.97,0.0,0,0.31,0,0,0,0,1,0,0,0,0,0,0,1,0,0,1,0,0,0,0,0,0,1,0,0,0,1,0,0,0,1,0,0,0,0,0,0,1,1,0,0,0,0,0,1,0,1,0
CLI-004891,433.0,5,1,1,100.0,52,21.4,3,1,1,2,23.3,4,0,12.89,0.01,0,0.38,0,0,0,0,0,0,1,0,0,1,0,0,0,0,0,0,0,1,0,0,1,0,0,0,1,0,0,0,0,1,0,0,0,0,1,0,0,0,1,0,0,0,0,1,0,1,0
CLI-001373,59161.0,28,32,28,50.0,77,44.3,17,3,1,0,4.9,4,0,1898.61,0.0,0,0.65,0,0,0,0,0,0,1,1,0,0,0,0,0,0,1,0,0,0,0,0,0,1,0,0,0,0,1,0,0,0,0,1,0,0,0,0,1,1,0,0,0,0,1,0,0,0,1
CLI-000384,89125.0,9,142,27,50.0,1,0.3,11,2,7,1,4.4,4,0,6793.03,0.03,0,0.42,1,0,0,0,0,0,0,0,1,0,0,0,0,0,1,0,0,0,0,0,0,0,1,0,0,0,1,0,0,0,1,0,0,0,0,0,1,1,0,0,0,0,0,1,0,1,0
CLI-001008,250729.0,17,49,14,28.6,5,1.6,19,1,0,0,6.2,4,0,4131.99,0.0,0,0.48,1,0,0,0,0,0,0,0,0,0,0,1,0,0,1,0,0,0,0,0,0,0,1,0,0,0,0,1,0,0,1,0,0,0,0,1,0,0,1,0,0,0,0,1,0,0,1
CLI-002362,13933.0,5,27,0,0.0,0,0.0,0,0,70,2,19.9,3,1,377.6,0.47,1,0.0,0,0,0,1,0,0,0,0,0,0,1,0,0,0,1,0,0,0,0,0,0,1,0,0,1,0,0,0,1,0,0,0,0,0,0,1,0,0,1,0,0,0,0,1,0,1,0
CLI-000031,17433.0,7,98,10,10.2,1,0.3,2,0,17,0,4.8,3,3,3037.11,0.08,0,0.08,0,0,0,0,0,0,1,0,0,0,1,0,0,0,0,0,0,0,1,0,0,0,1,0,0,0,1,0,0,0,1,0,0,1,0,0,0,0,0,1,0,0,0,1,0,1,0
CLI-002539,15207.0,1,49,28,57.1,20,5.7,9,0,1,2,5.7,4,1,1685.97,0.03,0,0.35,0,0,0,0,0,1,0,0,0,1,0,0,0,0,0,0,0,1,0,0,0,1,0,0,0,0,1,0,0,0,0,0,1,0,0,0,1,0,0,1,0,1,0,0,1,0,0
CLI-004556,376.0,19,1,1,100.0,15,2.9,3,8,1,5,10.65,4,0,26.98,0.0,0,0.19,0,1,0,0,0,0,0,0,0,0,0,0,1,0,1,0,0,0,0,0,1,0,0,0,0,1,0,0,1,0,0,0,0,0,0,1,0,1,0,0,0,0,0,1,0,0,1
CLI-004626,2068.0,1,9,7,77.8,44,5.7,4,0,1,5,28.8,4,0,114.61,0.03,0,0.5,0,0,0,1,0,0,0,0,0,0,0,1,0,0,0,0,0,0,1,0,1,0,0,0,1,0,0,0,0,0,1,0,0,0,0,0,1,0,1,0,0,1,0,0,1,0,0
CLI-000780,2478.0,15,9,6,66.7,35,16.5,3,3,1,1,17.2,5,0,111.91,0.0,0,0.38,0,0,0,0,1,0,0,0,0,1,0,0,0,0,1,0,0,0,0,0,1,0,0,0,1,0,0,0,0,0,0,0,1,0,0,0,1,0,1,0,0,0,0,1,0,0,1
CLI-000521,630.0,1,3,2,66.7,18,4.7,4,0,1,6,10.65,2,1,34.92,0.03,0,0.5,0,1,0,0,0,0,0,0,0,1,0,0,0,0,1,0,0,0,0,0,1,0,0,0,1,0,0,0,1,0,0,0,0,0,0,1,0,0,0,1,0,0,0,1,1,0,0
CLI-001010,68897.0,16,106,62,58.5,23,5.7,5,3,1,0,4.2,5,0,2800.7,0.0,0,0.31,0,0,1,0,0,0,0,0,0,0,0,0,0,1,1,0,0,0,0,0,0,0,1,0,0,1,0,0,0,0,1,0,0,0,1,0,0,0,1,0,0,0,1,0,0,0,1
CLI-000710,34994.0,18,133,80,60.2,26,5.7,5,2,0,1,16.1,3,0,3556.34,0.0,0,0.31,0,0,0,0,1,0,0,0,0,0,0,1,0,0,1,0,0,0,0,0,0,0,1,0,0,1,0,0,1,0,0,0,0,1,0,0,0,0,0,1,0,0,0,1,0,0,1
CLI-004832,2163.0,13,6,0,0.0,0,0.0,0,0,85,5,18.5,2,0,131.88,0.22,1,0.0,0,0,0,0,0,1,0,0,0,0,0,0,1,0,1,0,0,0,0,0,1,0,0,0,0,1,0,0,0,0,1,0,0,0,0,1,0,0,1,0,0,0,0,1,0,0,1
CLI-000448,2144.0,17,7,6,85.7,74,76.3,5,0,1,0,7.7,5,0,104.6,0.0,0,0.62,1,0,0,0,0,0,0,1,0,0,0,0,0,0,1,0,0,0,0,0,1,0,0,0,1,0,0,0,1,0,0,0,0,0,0,1,0,0,1,0,0,1,0,0,0,0,1
CLI-001627,2418.0,33,2,1,50.0,25,21.7,14,4,2,4,8.4,2,0,92.15,0.0,0,0.54,0,1,0,0,0,0,0,0,0,0,0,0,0,1,1,0,0,0,0,0,1,0,0,0,0,0,1,0,0,1,0,0,0,1,0,0,0,0,1,0,1,0,0,0,0,0,1
CLI-001761,81052.0,8,215,0,0.0,0,0.0,0,0,79,0,9.7,3,1,5202.3,0.33,1,0.0,0,0,0,0,0,0,1,0,0,0,1,0,0,0,1,0,0,0,0,0,0,0,1,0,0,1,0,0,0,0,0,1,0,1,0,0,0,0,1,0,0,0,0,1,0,1,0
CLI-002223,18607.0,27,13,0,0.0,0,0.0,0,0,42,1,12.7,2,0,333.7,0.05,1,0.0,0,0,1,0,0,0,0,1,0,0,0,0,0,0,1,0,0,0,0,0,0,1,0,0,0,1,0,0,0,0,1,0,0,0,0,1,0,0,0,1,0,0,0,1,0,0,1
CLI-003656,52985.0,15,52,12,23.1,2,0.3,12,3,2,8,10.65,2,0,2153.88,0.0,0,0.46,0,0,0,1,0,0,0,0,1,0,0,0,0,0,0,1,0,0,0,0,0,1,0,0,0,0,1,0,1,0,0,0,0,1,0,0,0,0,0,1,0,0,0,1,0,0,1
CLI-004557,1358.0,10,3,2,66.7,29,14.2,3,2,0,2,40.8,1,1,33.11,0.0,0,0.38,0,0,0,1,0,0,0,0,0,1,0,0,0,0,0,1,0,0,0,0,1,0,0,0,1,0,0,0,0,0,0,0,1,1,0,0,0,0,1,0,1,0,0,0,0,1,0
CLI-001906,177630.0,1,57,36,63.2,34,17.3,14,0,1,1,5.6,5,1,2565.0,0.03,0,0.54,1,0,0,0,0,0,0,0,0,0,1,0,0,0,0,0,0,0,0,1,0,1,0,0,0,0,1,0,0,0,1,0,0,0,0,1,0,0,0,1,0,0,0,1,1,0,0
CLI-000698,5866.0,1,35,15,42.9,1,0.2,7,0,12,7,15.1,4,4,894.25,0.4,0,0.44,0,0,0,0,0,0,1,0,1,0,0,0,0,0,1,0,0,0,0,0,0,1,0,0,0,1,0,0,0,1,0,0,0,0,1,0,0,0,0,1,1,0,0,0,1,0,0
CLI-003594,2986.0,1,13,8,61.5,36,14.9,4,0,0,2,14.0,4,2,364.13,0.0,0,0.25,0,0,1,0,0,0,0,0,0,0,0,1,0,0,0,0,1,0,0,0,0,1,0,0,0,1,0,0,0,0,0,0,1,0,0,1,0,1,0,0,0,0,0,1,1,0,0
CLI-004595,161398.0,13,43,34,50.0,48,16.7,17,3,0,3,2.2,4,1,3785.13,0.0,0,0.42,1,0,0,0,0,0,0,0,1,0,0,0,0,0,0,1,0,0,0,0,0,1,0,0,0,0,0,1,0,1,0,0,0,0,0,1,0,0,1,0,0,0,0,1,0,0,1
CLI-000191,54100.0,2,92,36,39.1,4,2.2,4,2,9,1,6.4,5,2,4712.51,0.15,0,0.15,0,1,0,0,0,0,0,0,1,0,0,0,0,0,1,0,0,0,0,0,0,0,1,0,0,0,1,0,1,0,0,0,0,0,1,0,0,0,1,0,0,1,0,0,1,0,0
CLI-000574,72543.0,7,53,38,71.7,36,23.3,7,0,0,2,19.5,3,2,1325.0,0.0,0,0.44,0,0,0,0,0,1,0,0,0,0,0,0,0,1,1,0,0,0,0,0,0,1,0,0,0,1,0,0,0,0,0,0,1,0,0,1,0,0,1,0,0,0,0,1,0,1,0
CLI-000178,449.0,11,5,0,0.0,0,0.0,0,0,64,3,12.7,2,0,78.31,0.19,1,0.0,1,0,0,0,0,0,0,0,0,1,0,0,0,0,0,0,1,0,0,0,1,0,0,0,0,1,0,0,0,1,0,0,0,0,0,0,1,0,1,0,1,0,0,0,0,1,0
CLI-003946,36471.0,1,54,15,27.8,1,0.5,6,0,1,2,10.65,3,4,1347.8,0.03,0,0.38,1,0,0,0,0,0,0,1,0,0,0,0,0,0,0,0,0,0,1,0,0,1,0,0,0,1,0,0,0,0,0,0,1,1,0,0,0,0,0,1,0,0,0,1,1,0,0
CLI-001990,275464.0,7,193,164,85.0,85,43.2,26,1,0,5,7.8,2,1,15269.61,0.0,0,0.65,0,1,0,0,0,0,0,0,0,1,0,0,0,0,0,0,0,1,0,0,0,0,1,0,0,0,0,1,1,0,0,0,0,0,0,1,0,0,0,1,0,0,0,1,0,1,0
CLI-000540,7890.0,1,14,8,57.1,36,26.8,9,0,0,4,15.6,3,1,320.73,0.0,0,0.56,1,0,0,0,0,0,0,0,0,1,0,0,0,0,1,0,0,0,0,0,0,1,0,0,0,1,0,0,0,0,0,1,0,0,0,1,0,0,1,0,0,1,0,0,1,0,0
CLI-003234,1773.0,12,9,6,66.7,1,0.1,2,2,12,0,6.8,3,0,102.95,0.03,0,0.25,0,0,1,0,0,0,0,0,0,0,0,0,1,0,0,0,0,0,1,0,1,0,0,0,1,0,0,0,0,0,0,1,0,0,0,1,0,0,1,0,0,0,0,1,0,1,0
CLI-003531,13067.0,28,50,40,80.0,48,14.1,5,10,0,5,35.2,3,0,612.92,0.0,0,0.62,0,0,0,0,1,0,0,0,0,1,0,0,0,0,1,0,0,0,0,0,0,1,0,0,1,0,0,0,0,0,0,1,0,0,1,0,0,1,0,0,0,1,0,0,0,0,1
CLI-002943,79853.0,19,44,28,63.6,30,14.4,10,3,0,0,2.3,4,0,2264.69,0.0,0,0.38,1,0,0,0,0,0,0,1,0,0,0,0,0,0,1,0,0,0,0,0,0,0,1,0,0,0,1,0,0,0,0,0,1,1,0,0,0,1,0,0,0,0,1,0,0,0,1
CLI-002890,68243.0,1,179,108,60.3,36,9.5,7,0,1,4,17.2,3,2,3963.02,0.03,0,0.44,1,0,0,0,0,0,0,1,0,0,0,0,0,0,1,0,0,0,0,0,0,0,1,0,0,1,0,0,0,0,0,1,0,0,0,0,1,0,0,1,0,0,0,1,1,0,0
CLI-002299,300.0,12,2,2,100.0,59,35.6,5,0,0,2,30.5,2,0,21.33,0.0,0,0.62,0,0,1,0,0,0,0,0,0,0,0,0,0,1,1,0,0,0,0,0,1,0,0,0,1,0,0,0,0,0,1,0,0,0,1,0,0,1,0,0,1,0,0,0,0,1,0
CLI-000493,46189.0,15,52,21,40.4,5,1.4,1,3,1,2,25.4,3,0,599.23,0.0,0,0.12,1,0,0,0,0,0,0,1,0,0,0,0,0,0,1,0,0,0,0,0,0,1,0,0,1,0,0,0,0,0,0,1,0,0,0,0,1,0,0,1,0,0,0,1,0,0,1
CLI-001137,5956.0,4,20,9,45.0,10,5.7,7,1,6,0,6.0,3,2,726.32,0.05,0,0.27,0,0,0,1,0,0,0,0,0,1,0,0,0,0,0,0,0,0,0,1,0,1,0,0,0,0,1,0,0,0,0,1,0,0,1,0,0,0,1,0,0,1,0,0,0,1,0
CLI-002927,1768.0,18,6,2,33.3,13,0.6,5,1,3,3,16.2,3,0,143.72,0.01,0,0.31,0,1,0,0,0,0,0,0,0,0,0,0,0,1,0,0,0,1,0,0,1,0,0,0,0,1,0,0,0,0,1,0,0,1,0,0,0,0,1,0,0,1,0,0,0,0,1
CLI-000732,738.0,20,10,5,50.0,16,8.3,3,1,1,6,27.7,3,0,112.46,0.0,0,0.38,0,0,0,0,1,0,0,0,0,0,1,0,0,0,1,0,0,0,0,0,1,0,0,0,1,0,0,0,0,0,1,0,0,0,0,1,0,1,0,0,0,0,0,1,0,0,1
CLI-003719,98919.0,19,172,123,71.5,68,36.3,10,5,4,3,12.2,4,1,4308.32,0.01,0,0.62,0,1,0,0,0,0,0,0,0,0,0,1,0,0,1,0,0,0,0,0,0,0,1,0,0,1,0,0,1,0,0,0,0,0,1,0,0,0,1,0,0,0,0,1,0,0,1
CLI-002781,723.0,18,1,0,0.0,0,0.0,0,0,46,0,25.0,4,0,12.41,0.09,1,0.0,0,0,0,0,0,1,0,1,0,0,0,0,0,0,1,0,0,0,0,0,1,0,0,0,1,0,0,0,0,0,0,0,1,1,0,0,0,0,0,1,0,0,0,1,0,0,1
CLI-002480,7330.0,1,38,18,47.4,11,1.3,13,2,7,1,10.65,3,2,1489.79,0.23,0,0.5,0,1,0,0,0,0,0,0,0,0,1,0,0,0,1,0,0,0,0,0,0,1,0,0,0,0,1,0,0,1,0,0,0,0,0,0,1,1,0,0,0,0,0,1,1,0,0
CLI-004492,1447.0,21,10,3,30.0,5,0.2,5,7,6,4,12.0,3,0,196.06,0.01,0,0.31,0,0,0,0,1,0,0,0,0,1,0,0,0,0,0,0,0,0,0,1,0,1,0,0,0,1,0,0,0,0,0,0,1,0,1,0,0,0,0,1,0,0,0,1,0,0,1
CLI-002401,11408.0,2,39,7,17.9,3,1.4,1,0,7,0,5.8,3,1,1070.19,0.12,0,0.06,0,0,0,0,0,1,0,1,0,0,0,0,0,0,1,0,0,0,0,0,0,1,0,0,0,1,0,0,0,0,0,1,0,1,0,0,0,0,0,1,1,0,0,0,1,0,0
CLI-002974,2768.0,12,8,5,62.5,39,20.0,5,5,0,0,27.0,4,0,99.28,0.0,0,0.62,0,0,0,0,0,0,1,0,1,0,0,0,0,0,0,0,1,0,0,0,1,0,0,0,1,0,0,0,0,0,1,0,0,1,0,0,0,0,1,0,0,0,1,0,0,1,0
CLI-000135,2921.0,5,5,4,80.0,36,16.2,12,0,1,1,6.9,4,1,254.4,0.01,0,0.46,0,0,0,1,0,0,0,0,0,0,1,0,0,0,1,0,0,0,0,0,1,0,0,0,0,0,1,0,0,0,0,1,0,0,0,1,0,0,0,1,0,0,0,1,0,1,0
CLI-001319,341955.0,9,192,93,48.4,1,0.5,7,0,17,0,6.8,3,0,5957.41,0.06,0,0.44,1,0,0,0,0,0,0,1,0,0,0,0,0,0,0,0,1,0,0,0,0,0,1,0,0,1,0,0,0,0,0,0,1,0,1,0,0,0,0,1,0,1,0,0,0,1,0
CLI-004857,70708.0,8,57,19,33.3,11,5.7,8,4,1,2,3.8,3,0,2781.58,0.0,0,0.31,0,1,0,0,0,0,0,0,0,0,1,0,0,0,1,0,0,0,0,0,0,1,0,0,0,0,1,0,1,0,0,0,0,1,0,0,0,1,0,0,0,0,0,1,0,1,0
CLI-000726,29776.0,17,52,0,0.0,0,0.0,0,0,43,8,11.3,4,0,1344.9,0.08,1,0.0,0,1,0,0,0,0,0,0,1,0,0,0,0,0,1,0,0,0,0,0,0,1,0,0,0,1,0,0,0,1,0,0,0,0,1,0,0,1,0,0,1,0,0,0,0,0,1
CLI-000566,300.0,13,1,1,100.0,57,30.6,4,5,0,1,33.6,2,0,12.04,0.0,0,0.5,1,0,0,0,0,0,0,0,1,0,0,0,0,0,1,0,0,0,0,0,1,0,0,0,1,0,0,0,0,0,0,0,1,0,0,1,0,0,0,1,0,0,0,1,0,0,1
CLI-000147,448611.0,23,194,74,38.1,1,0.2,18,9,4,0,3.8,4,0,18865.05,0.01,0,0.45,1,0,0,0,0,0,0,0,0,0,1,0,0,0,0,1,0,0,0,0,0,0,1,0,0,0,0,1,0,1,0,0,0,0,1,0,0,0,1,0,0,0,1,0,0,0,1
CLI-004869,300.0,15,2,2,100.0,83,47.8,3,5,2,3,37.9,2,0,24.46,0.0,0,0.38,0,0,0,1,0,0,0,0,1,0,0,0,0,0,1,0,0,0,0,0,1,0,0,0,1,0,0,0,0,1,0,0,0,1,0,0,0,1,0,0,0,0,0,1,0,0,1
CLI-004471,2785.0,15,10,3,30.0,9,5.5,4,3,1,5,29.4,2,0,109.55,0.0,0,0.5,1,0,0,0,0,0,0,0,0,0,0,0,0,1,0,1,0,0,0,0,1,0,0,0,1,0,0,0,0,0,1,0,0,0,0,0,1,1,0,0,0,0,0,1,0,0,1
CLI-001030,8820.0,6,56,35,62.5,14,0.7,1,1,9,3,11.9,4,0,977.86,0.05,0,0.06,0,0,0,0,0,1,0,0,1,0,0,0,0,0,1,0,0,0,0,0,0,1,0,0,0,1,0,0,0,0,1,0,0,1,0,0,0,0,0,1,0,1,0,0,0,1,0
CLI-003870,1284.0,9,4,2,50.0,25,14.1,3,2,1,3,28.2,4,0,52.18,0.0,0,0.38,0,1,0,0,0,0,0,0,0,1,0,0,0,0,1,0,0,0,0,0,1,0,0,0,1,0,0,0,0,0,1,0,0,1,0,0,0,0,0,1,0,1,0,0,0,1,0
CLI-003607,1688.0,14,6,0,0.0,0,0.0,0,0,64,1,26.5,3,0,73.51,0.15,1,0.0,0,0,0,0,1,0,0,0,0,0,0,0,0,1,0,0,1,0,0,0,0,1,0,0,1,0,0,0,0,1,0,0,0,0,0,1,0,0,1,0,0,0,0,1,0,0,1
CLI-002844,22088.0,10,43,9,20.9,3,0.9,5,2,3,6,7.6,3,1,1924.07,0.01,0,0.19,0,0,0,1,0,0,0,0,0,1,0,0,0,0,0,0,0,0,1,0,0,1,0,0,0,0,1,0,0,0,1,0,0,0,0,0,1,0,1,0,1,0,0,0,0,1,0
CLI-003578,5455.0,16,22,11,50.0,11,6.6,4,3,2,4,24.3,4,0,289.22,0.0,0,0.5,0,0,0,1,0,0,0,0,0,1,0,0,0,0,0,0,0,0,1,0,0,1,0,0,1,0,0,0,0,0,1,0,0,0,0,0,1,1,0,0,0,0,1,0,0,0,1
CLI-000623,85173.0,12,112,13,50.0,1,5.7,2,5,5,7,18.6,2,0,3245.93,0.01,0,0.12,0,0,0,0,0,0,1,1,0,0,0,0,0,0,0,0,0,1,0,0,0,0,1,0,0,1,0,0,0,0,1,0,0,0,0,0,1,0,0,1,0,0,0,1,0,1,0
CLI-000535,3151.0,5,5,2,40.0,28,3.0,9,1,1,0,10.65,3,1,125.0,0.01,0,0.56,0,0,0,0,0,0,1,0,0,0,0,1,0,0,1,0,0,0,0,0,1,0,0,0,0,1,0,0,1,0,0,0,0,0,1,0,0,1,0,0,0,1,0,0,0,1,0
CLI-001235,49473.0,25,53,40,75.5,44,16.9,6,4,2,11,21.3,1,0,1283.69,0.0,0,0.38,0,0,0,0,0,0,1,0,0,0,0,0,0,1,1,0,0,0,0,0,0,1,0,0,0,1,0,0,0,1,0,0,0,0,0,0,1,1,0,0,1,0,0,0,0,0,1
CLI-003282,12116.0,2,51,34,66.7,46,26.2,10,0,1,0,10.65,4,0,2110.83,0.02,0,0.38,0,0,0,0,0,0,1,0,0,0,0,0,0,1,1,0,0,0,0,0,0,1,0,0,0,0,1,0,1,0,0,0,0,0,1,0,0,0,0,1,0,0,0,1,1,0,0
CLI-002979,26947.0,18,51,15,29.4,8,0.4,3,6,2,1,8.0,3,1,1263.93,0.0,0,0.19,0,0,1,0,0,0,0,0,0,1,0,0,0,0,1,0,0,0,0,0,0,1,0,0,0,1,0,0,0,1,0,0,0,0,0,1,0,1,0,0,0,0,0,1,0,0,1
CLI-000244,98113.0,7,135,63,46.7,5,1.4,8,2,9,0,3.5,5,2,9970.85,0.04,0,0.2,0,0,0,0,0,1,0,1,0,0,0,0,0,0,0,0,0,0,0,1,0,0,1,0,0,0,0,1,1,0,0,0,0,0,0,0,1,0,1,0,0,1,0,0,0,1,0
CLI-004943,300.0,1,4,1,25.0,5,1.5,2,0,5,10,43.5,1,3,44.01,0.17,0,0.25,0,1,0,0,0,0,0,1,0,0,0,0,0,0,1,0,0,0,0,0,1,0,0,0,1,0,0,0,0,0,1,0,0,1,0,0,0,1,0,0,1,0,0,0,1,0,0
CLI-001555,40274.0,20,49,10,20.4,1,0.1,6,2,13,0,9.3,5,0,1403.28,0.02,0,0.38,0,0,0,0,0,0,1,0,0,1,0,0,0,0,1,0,0,0,0,0,0,1,0,0,0,1,0,0,0,0,1,0,0,1,0,0,0,0,0,1,0,0,0,1,0,0,1
CLI-002891,2000000.0,7,646,0,0.0,0,0.0,0,0,40,4,3.3,2,1,58331.06,0.19,1,0.0,0,0,0,0,1,0,0,1,0,0,0,0,0,0,1,0,0,0,0,0,0,0,0,1,0,0,0,1,0,0,0,1,0,1,0,0,0,0,1,0,0,0,0,1,0,1,0
CLI-004863,165795.0,28,201,109,54.2,46,27.3,2,2,1,0,10.65,4,0,3159.2,0.0,0,0.25,0,0,0,0,0,1,0,0,0,0,0,0,1,0,1,0,0,0,0,0,0,0,1,0,1,0,0,0,0,0,0,0,1,0,0,1,0,0,0,1,0,0,1,0,0,0,1
CLI-003364,7151.0,1,35,18,51.4,30,2.0,6,0,0,2,10.65,3,0,969.02,0.0,0,0.38,1,0,0,0,0,0,0,0,0,1,0,0,0,0,0,1,0,0,0,0,0,1,0,0,0,1,0,0,0,0,0,1,0,0,0,1,0,0,1,0,0,1,0,0,1,0,0
CLI-003610,21764.0,1,50,5,50.0,1,0.2,1,0,14,1,13.8,3,2,1396.91,0.47,0,0.06,0,0,0,1,0,0,0,0,0,1,0,0,0,0,1,0,0,0,0,0,0,1,0,0,0,1,0,0,0,0,0,1,0,0,0,0,1,0,0,1,0,0,0,1,1,0,0
CLI-004451,2134.0,21,7,3,42.9,18,9.9,4,3,2,4,32.5,5,0,83.93,0.0,0,0.5,1,0,0,0,0,0,0,1,0,0,0,0,0,0,0,0,0,0,1,0,1,0,0,0,1,0,0,0,0,0,0,1,0,0,0,0,1,0,0,1,0,0,0,1,0,0,1
CLI-001063,29252.0,25,57,17,29.8,1,5.7,2,5,22,13,11.2,2,0,2229.54,0.03,0,0.08,0,0,0,1,0,0,0,1,0,0,0,0,0,0,1,0,0,0,0,0,0,0,1,0,0,0,1,0,0,1,0,0,0,0,1,0,0,0,1,0,0,0,0,1,0,0,1
CLI-001653,292527.0,14,722,396,54.8,16,3.3,8,2,4,3,11.9,3,1,29728.4,0.01,0,0.31,0,0,1,0,0,0,0,0,0,0,1,0,0,0,0,0,1,0,0,0,0,0,0,1,0,0,1,0,0,0,0,1,0,0,1,0,0,1,0,0,0,0,0,1,0,0,1
CLI-001100,2668.0,11,4,2,50.0,24,7.4,5,4,1,3,12.4,3,0,90.39,0.0,0,0.31,0,0,1,0,0,0,0,0,0,0,0,0,1,0,0,0,0,0,0,1,1,0,0,0,0,1,0,0,0,1,0,0,0,0,1,0,0,0,1,0,0,0,0,1,0,1,0
CLI-002126,1870.0,2,3,1,33.3,1,0.1,0,1,11,2,10.7,3,0,78.64,0.18,0,0.0,0,0,1,0,0,0,0,0,0,0,0,1,0,0,1,0,0,0,0,0,1,0,0,0,0,1,0,0,0,0,0,1,0,0,1,0,0,0,1,0,0,1,0,0,1,0,0
CLI-001035,12986.0,4,16,7,43.8,22,12.3,5,0,1,1,12.3,3,0,406.06,0.01,0,0.31,0,0,0,0,0,1,0,0,0,0,0,0,1,0,0,1,0,0,0,0,0,1,0,0,0,1,0,0,0,0,0,1,0,0,0,1,0,0,1,0,0,1,0,0,0,1,0
CLI-003522,7595.0,14,30,21,70.0,41,24.2,4,5,1,3,24.0,3,1,421.0,0.0,0,0.5,0,0,0,1,0,0,0,0,0,0,0,0,0,1,0,1,0,0,0,0,0,1,0,0,1,0,0,0,0,0,0,1,0,0,1,0,0,0,0,1,0,0,0,1,0,0,1
CLI-001147,7448.0,8,7,4,57.1,19,5.5,13,1,0,5,4.9,2,2,567.71,0.0,0,0.32,0,0,0,0,0,0,1,0,0,0,1,0,0,0,1,0,0,0,0,0,1,0,0,0,0,0,0,1,0,0,0,0,1,0,0,0,1,0,1,0,1,0,0,0,0,1,0
CLI-000714,8305.0,10,40,36,90.0,50,27.7,6,5,1,10,17.6,2,1,1012.86,0.0,0,0.38,0,1,0,0,0,0,0,0,0,0,0,0,0,1,1,0,0,0,0,0,0,1,0,0,0,1,0,0,0,0,1,0,0,1,0,0,0,0,1,0,1,0,0,0,0,1,0
CLI-002242,135803.0,8,92,67,72.8,48,38.7,16,0,1,3,3.7,4,1,4476.05,0.0,0,0.62,0,0,0,0,1,0,0,0,1,0,0,0,0,0,1,0,0,0,0,0,0,0,1,0,0,0,1,0,0,0,0,0,1,0,1,0,0,0,0,1,0,0,0,1,0,1,0
CLI-001250,8318.0,26,40,0,0.0,0,0.0,0,0,71,0,9.4,3,0,1014.38,0.09,1,0.0,0,0,0,0,0,0,1,0,0,0,0,0,0,1,1,0,0,0,0,0,0,0,1,0,0,1,0,0,0,0,1,0,0,0,1,0,0,0,1,0,1,0,0,0,0,0,1
CLI-002361,4610.0,12,26,17,50.0,27,13.0,10,1,0,2,14.4,3,1,702.77,0.0,0,0.62,0,1,0,0,0,0,0,0,1,0,0,0,0,0,1,0,0,0,0,0,0,1,0,0,0,1,0,0,0,0,0,0,1,0,1,0,0,0,1,0,0,1,0,0,0,1,0
CLI-000268,64463.0,7,261,30,11.5,1,0.3,1,2,9,0,7.9,4,0,9826.75,0.04,0,0.04,0,0,0,0,0,0,1,0,0,1,0,0,0,0,0,0,0,0,1,0,0,0,0,1,0,0,1,0,0,0,0,0,1,0,0,1,0,0,0,1,0,0,0,1,0,1,0
CLI-004112,645.0,11,4,3,75.0,58,13.0,3,2,1,4,29.9,3,0,46.25,0.0,0,0.38,0,0,0,0,0,1,0,0,0,1,0,0,0,0,1,0,0,0,0,0,1,0,0,0,1,0,0,0,0,0,0,0,1,0,0,0,1,1,0,0,0,0,0,1,0,1,0
CLI-004956,189779.0,17,203,104,51.2,7,1.7,3,4,2,3,19.7,3,0,5510.42,0.0,0,0.19,0,0,1,0,0,0,0,0,1,0,0,0,0,0,0,0,0,0,1,0,0,0,1,0,0,1,0,0,0,1,0,0,0,1,0,0,0,0,0,1,0,0,0,1,0,0,1
CLI-003050,3377.0,18,6,2,33.3,9,7.4,5,2,1,5,10.65,4,0,137.27,0.0,0,0.31,0,0,0,0,1,0,0,0,0,0,0,0,0,1,1,0,0,0,0,0,1,0,0,0,0,1,0,0,0,0,0,1,0,0,1,0,0,0,1,0,0,0,0,1,0,0,1
CLI-000752,1395.0,10,6,4,66.7,15,5.9,3,4,0,2,10.2,3,0,141.72,0.0,0,0.19,0,0,0,1,0,0,0,0,0,0,1,0,0,0,0,1,0,0,0,0,1,0,0,0,0,1,0,0,0,0,0,1,0,0,0,1,0,0,0,1,0,0,0,1,0,1,0
CLI-004747,822.0,6,5,2,40.0,19,6.2,7,1,2,0,11.8,4,1,111.4,0.01,0,0.44,0,0,0,1,0,0,0,0,0,0,0,1,0,0,0,0,0,0,0,1,1,0,0,0,0,1,0,0,0,0,0,1,0,0,1,0,0,0,0,1,0,0,0,1,0,1,0
CLI-004202,90170.0,20,57,43,50.0,53,42.1,22,2,1,0,0.5,4,0,5498.16,0.0,0,0.55,0,1,0,0,0,0,0,0,0,0,1,0,0,0,1,0,0,0,0,0,0,1,0,0,0,0,0,1,0,1,0,0,0,0,0,0,1,0,1,0,0,0,0,1,0,0,1
CLI-003274,120607.0,6,44,37,84.1,65,30.7,22,0,0,1,1.0,3,1,4202.33,0.0,0,0.55,0,0,0,1,0,0,0,0,0,1,0,0,0,0,1,0,0,0,0,0,0,0,1,0,0,0,0,1,0,0,0,1,0,1,0,0,0,0,0,1,0,0,0,1,0,1,0
CLI-000738,37331.0,10,107,75,70.1,43,5.7,9,1,1,4,15.8,4,0,2845.35,0.0,0,0.56,0,1,0,0,0,0,0,0,0,0,0,1,0,0,1,0,0,0,0,0,0,0,1,0,0,1,0,0,0,0,0,1,0,0,1,0,0,1,0,0,0,0,0,1,0,1,0
CLI-001116,2606.0,5,11,3,27.3,2,5.7,5,0,14,6,11.4,4,1,288.95,0.09,0,0.31,0,0,0,1,0,0,0,0,1,0,0,0,0,0,0,0,0,0,1,0,1,0,0,0,0,1,0,0,0,1,0,0,0,0,1,0,0,1,0,0,0,1,0,0,0,1,0
CLI-003944,11118.0,16,11,7,63.6,27,5.7,7,5,0,2,12.5,5,0,301.29,0.0,0,0.44,0,0,0,0,1,0,0,0,0,1,0,0,0,0,1,0,0,0,0,0,1,0,0,0,0,1,0,0,0,0,1,0,0,0,1,0,0,0,1,0,0,0,1,0,0,0,1
CLI-004432,52241.0,13,34,25,73.5,51,27.5,10,3,0,1,13.0,4,0,950.88,0.0,0,0.62,1,0,0,0,0,0,0,0,0,1,0,0,0,0,0,0,0,0,0,1,0,1,0,0,0,1,0,0,0,0,0,1,0,0,0,0,1,1,0,0,0,0,1,0,0,0,1
CLI-003868,20926.0,16,19,9,47.4,13,7.2,3,3,0,1,22.4,4,0,255.2,0.0,0,0.38,0,1,0,0,0,0,0,0,0,0,0,1,0,0,1,0,0,0,0,0,0,1,0,0,1,0,0,0,0,0,0,0,1,0,0,0,1,0,0,1,0,0,1,0,0,0,1
CLI-003070,15557.0,24,11,9,81.8,66,31.6,11,1,1,0,6.3,5,0,311.02,0.0,0,0.69,0,0,0,1,0,0,0,0,0,1,0,0,0,0,0,0,0,1,0,0,1,0,0,0,0,1,0,0,0,0,1,0,0,0,1,0,0,0,1,0,0,1,0,0,0,0,1
CLI-002341,9616.0,8,14,13,92.9,56,49.5,11,1,0,1,9.0,4,1,366.48,0.0,0,0.69,0,0,0,0,0,1,0,1,0,0,0,0,0,0,1,0,0,0,0,0,0,1,0,0,0,1,0,0,0,0,0,0,1,0,0,1,0,1,0,0,0,1,0,0,0,1,0
CLI-004669,38624.0,18,181,49,27.1,1,5.7,4,2,30,5,13.9,4,0,3140.16,0.06,1,0.25,0,0,1,0,0,0,0,0,1,0,0,0,0,0,1,0,0,0,0,0,0,0,1,0,0,1,0,0,0,0,0,1,0,1,0,0,0,0,0,1,0,0,0,1,0,0,1
CLI-003444,1118.0,1,9,0,0.0,0,0.0,0,0,30,2,9.4,5,2,170.43,1.0,1,0.0,1,0,0,0,0,0,0,0,1,0,0,0,0,0,1,0,0,0,0,0,1,0,0,0,0,1,0,0,0,0,1,0,0,0,1,0,0,1,0,0,1,0,0,0,1,0,0
CLI-004657,1374.0,3,8,5,62.5,22,12.4,2,0,0,0,9.9,4,1,98.54,0.0,0,0.25,1,0,0,0,0,0,0,1,0,0,0,0,0,0,0,0,1,0,0,0,1,0,0,0,1,0,0,0,0,0,0,1,0,1,0,0,0,0,0,1,0,0,0,1,1,0,0
CLI-003340,123402.0,9,177,60,33.9,7,0.4,5,2,7,4,3.8,3,1,7166.21,0.03,0,0.19,1,0,0,0,0,0,0,0,0,0,1,0,0,0,1,0,0,0,0,0,0,0,1,0,0,0,1,0,0,0,0,0,1,0,0,1,0,0,0,1,0,0,0,1,0,1,0
CLI-003033,2922.0,12,8,5,62.5,28,7.7,4,4,0,5,9.6,3,0,222.68,0.0,0,0.25,0,0,1,0,0,0,0,0,0,1,0,0,0,0,1,0,0,0,0,0,1,0,0,0,0,1,0,0,0,0,1,0,0,0,0,1,0,0,0,1,0,1,0,0,0,1,0
CLI-002823,1336.0,5,9,5,55.6,54,42.0,4,0,1,1,22.2,5,3,101.8,0.01,0,0.5,0,0,0,0,0,1,0,0,0,1,0,0,0,0,1,0,0,0,0,0,1,0,0,0,1,0,0,0,0,0,1,0,0,0,0,0,1,1,0,0,0,0,0,1,0,1,0
CLI-003490,3843.0,11,9,3,33.3,12,3.6,8,3,4,0,6.3,5,1,223.16,0.01,0,0.5,0,0,0,0,0,1,0,1,0,0,0,0,0,0,1,0,0,0,0,0,0,1,0,0,0,1,0,0,0,0,1,0,0,1,0,0,0,0,1,0,0,0,1,0,0,1,0
CLI-001043,3205.0,25,5,2,40.0,13,6.5,3,7,5,7,10.65,3,0,57.48,0.01,0,0.38,0,0,0,0,0,1,0,0,0,1,0,0,0,0,1,0,0,0,0,0,1,0,0,0,1,0,0,0,0,0,0,1,0,1,0,0,0,0,1,0,1,0,0,0,0,0,1
CLI-004860,14969.0,8,52,25,48.1,22,15.9,4,2,0,0,7.4,5,0,493.37,0.0,0,0.5,0,0,1,0,0,0,0,0,0,1,0,0,0,0,1,0,0,0,0,0,0,0,1,0,1,0,0,0,1,0,0,0,0,0,0,1,0,0,0,1,0,1,0,0,0,1,0
CLI-000367,6556.0,20,12,4,33.3,1,0.4,6,5,4,2,8.0,4,0,307.52,0.01,0,0.38,1,0,0,0,0,0,0,1,0,0,0,0,0,0,1,0,0,0,0,0,0,1,0,0,0,1,0,0,0,0,0,0,1,0,0,1,0,0,1,0,0,0,0,1,0,0,1
CLI-004680,1134.0,14,6,2,33.3,8,5.1,4,2,3,4,20.4,5,0,69.14,0.01,0,0.5,0,0,0,0,0,0,1,0,0,0,0,1,0,0,1,0,0,0,0,0,1,0,0,0,1,0,0,0,1,0,0,0,0,0,0,0,1,0,0,1,0,0,0,1,0,0,1
CLI-001334,46084.0,10,42,13,31.0,15,12.1,12,1,9,2,7.9,3,2,1812.89,0.03,0,0.46,0,0,0,1,0,0,0,1,0,0,0,0,0,0,0,1,0,0,0,0,0,1,0,0,0,0,1,0,1,0,0,0,0,0,0,1,0,1,0,0,0,1,0,0,0,1,0
CLI-000145,300.0,7,1,1,50.0,85,20.4,6,0,1,4,18.4,3,2,21.35,0.0,0,0.38,0,0,0,0,0,1,0,0,0,0,0,1,0,0,1,0,0,0,0,0,1,0,0,0,0,1,0,0,1,0,0,0,0,1,0,0,0,0,0,1,0,0,0,1,0,1,0
CLI-000554,25826.0,14,43,27,62.8,20,7.7,7,0,0,1,8.1,3,0,984.22,0.0,0,0.44,0,0,0,0,1,0,0,0,0,0,0,0,0,1,1,0,0,0,0,0,0,1,0,0,0,1,0,0,1,0,0,0,0,0,1,0,0,0,1,0,0,0,0,1,0,0,1
CLI-003843,83007.0,11,40,12,30.0,12,2.8,16,3,1,2,8.5,3,0,2249.52,0.0,0,0.62,0,0,0,1,0,0,0,0,0,0,0,0,1,0,1,0,0,0,0,0,0,1,0,0,0,0,1,0,1,0,0,0,0,0,1,0,0,0,0,1,0,0,0,1,0,1,0
CLI-000871,1266.0,18,10,8,80.0,42,43.1,4,7,0,1,21.3,3,0,128.64,0.0,0,0.5,0,1,0,0,0,0,0,0,0,1,0,0,0,0,1,0,0,0,0,0,0,1,0,0,1,0,0,0,0,1,0,0,0,0,0,0,1,1,0,0,0,0,0,1,0,0,1
CLI-000040,116032.0,11,95,53,55.8,36,13.7,5,3,1,3,4.7,2,0,5442.41,0.0,0,0.19,0,0,0,1,0,0,0,0,0,1,0,0,0,0,0,1,0,0,0,0,0,0,1,0,0,0,1,0,0,1,0,0,0,0,0,0,1,1,0,0,0,0,0,1,0,1,0
CLI-004560,399.0,8,4,3,75.0,51,32.7,4,1,0,0,13.6,5,1,54.05,0.0,0,0.5,0,1,0,0,0,0,0,0,0,0,0,0,0,1,0,1,0,0,0,0,1,0,0,0,1,0,0,0,1,0,0,0,0,0,1,0,0,0,1,0,0,0,0,1,0,1,0
CLI-002594,10769.0,15,15,0,0.0,0,0.0,0,0,46,5,14.9,1,0,336.74,0.1,1,0.0,0,0,1,0,0,0,0,1,0,0,0,0,0,0,1,0,0,0,0,0,0,1,0,0,0,1,0,0,0,0,0,1,0,0,1,0,0,0,1,0,1,0,0,0,0,0,1
CLI-001873,5362.0,17,48,11,22.9,5,1.0,2,4,1,0,13.8,4,0,502.97,0.0,0,0.25,1,0,0,0,0,0,0,0,0,0,0,1,0,0,1,0,0,0,0,0,0,0,1,0,1,0,0,0,1,0,0,0,0,0,0,0,1,0,0,1,1,0,0,0,0,0,1
CLI-000148,30058.0,1,55,44,80.0,73,35.3,5,0,1,3,25.2,3,4,678.82,0.03,0,0.62,0,0,0,0,0,1,0,0,0,0,0,1,0,0,0,0,0,0,1,0,0,1,0,0,1,0,0,0,0,0,1,0,0,1,0,0,0,0,0,1,0,1,0,0,1,0,0
CLI-001346,2468.0,20,9,0,0.0,0,0.0,0,0,84,0,25.0,1,0,136.81,0.14,1,0.0,0,0,1,0,0,0,0,0,0,0,1,0,0,0,1,0,0,0,0,0,0,1,0,0,1,0,0,0,0,0,1,0,0,0,1,0,0,0,1,0,1,0,0,0,0,0,1
CLI-004840,13289.0,34,9,2,22.2,1,0.1,4,7,5,0,6.9,4,0,279.42,0.0,0,0.25,0,0,0,1,0,0,0,0,0,0,0,0,0,1,1,0,0,0,0,0,1,0,0,0,0,1,0,0,0,0,1,0,0,0,1,0,0,0,1,0,1,0,0,0,0,0,1
CLI-002081,3163.0,22,35,0,0.0,0,0.0,0,0,44,4,27.9,2,0,385.75,0.07,1,0.0,0,0,1,0,0,0,0,0,1,0,0,0,0,0,0,0,0,0,0,1,0,1,0,0,1,0,0,0,1,0,0,0,0,0,1,0,0,0,0,1,0,0,0,1,0,0,1
CLI-000576,1272.0,12,5,2,40.0,9,3.1,3,2,1,2,9.2,3,1,129.31,0.0,0,0.19,0,0,0,0,0,1,0,0,1,0,0,0,0,0,0,0,0,1,0,0,1,0,0,0,0,1,0,0,0,0,0,0,1,0,1,0,0,0,0,1,0,0,0,1,0,1,0
CLI-000343,2101.0,8,9,1,11.1,1,0.4,3,5,3,1,13.8,2,0,197.09,0.01,0,0.19,0,0,0,0,0,0,1,0,0,1,0,0,0,0,1,0,0,0,0,0,1,0,0,0,0,1,0,0,1,0,0,0,0,1,0,0,0,0,0,1,1,0,0,0,0,1,0
CLI-000514,804526.0,1,418,141,33.7,2,0.9,15,0,17,2,0.5,5,2,31649.35,0.57,0,0.38,1,0,0,0,0,0,0,1,0,0,0,0,0,0,1,0,0,0,0,0,0,0,0,1,0,0,0,1,0,0,1,0,0,0,0,0,1,0,1,0,0,0,0,1,1,0,0
CLI-002133,1824.0,17,1,1,100.0,73,28.2,15,3,2,5,5.8,2,0,55.62,0.0,0,0.58,0,0,0,0,0,1,0,0,0,0,0,1,0,0,1,0,0,0,0,0,1,0,0,0,0,0,1,0,1,0,0,0,0,0,1,0,0,0,1,0,0,0,0,1,0,0,1
CLI-001517,75167.0,10,112,28,25.0,1,0.1,1,2,1,2,9.0,4,0,2619.07,0.0,0,0.06,0,0,0,0,0,1,0,0,0,1,0,0,0,0,0,0,1,0,0,0,0,0,1,0,0,1,0,0,0,0,1,0,0,0,0,1,0,0,1,0,0,1,0,0,0,1,0
CLI-000392,518.0,12,2,2,50.0,88,60.8,10,2,1,5,9.7,1,0,78.99,0.0,0,0.38,0,0,0,0,0,1,0,0,0,0,0,1,0,0,0,0,0,0,1,0,1,0,0,0,0,0,1,0,0,1,0,0,0,0,0,0,1,1,0,0,0,0,0,1,0,1,0
CLI-004660,756.0,3,10,2,50.0,1,0.3,2,0,12,1,27.3,2,1,115.28,0.13,0,0.25,0,0,1,0,0,0,0,0,0,0,0,0,0,1,0,0,0,1,0,0,1,0,0,0,1,0,0,0,0,0,0,0,1,1,0,0,0,1,0,0,1,0,0,0,1,0,0
CLI-000257,4970.0,4,57,3,5.3,1,0.1,4,1,30,3,10.2,3,1,1010.12,0.25,1,0.25,0,0,0,0,0,0,1,0,0,1,0,0,0,0,1,0,0,0,0,0,0,1,0,0,0,1,0,0,1,0,0,0,0,0,0,1,0,0,1,0,1,0,0,0,0,1,0
CLI-003553,13461.0,1,53,41,77.4,34,14.3,7,0,1,2,11.4,4,2,1262.79,0.03,0,0.44,0,0,0,0,0,0,1,0,0,0,0,0,1,0,1,0,0,0,0,0,0,1,0,0,0,1,0,0,0,0,0,0,1,0,1,0,0,1,0,0,0,0,0,1,1,0,0
CLI-000060,819821.0,2,849,244,28.7,12,5.0,19,0,1,5,4.7,2,5,58810.66,0.02,0,0.48,0,0,0,1,0,0,0,1,0,0,0,0,0,0,0,0,0,1,0,0,0,0,0,1,0,0,0,1,0,1,0,0,0,0,0,0,1,0,1,0,0,0,0,1,1,0,0
CLI-004370,784.0,19,3,2,66.7,36,14.0,2,2,0,3,25.2,4,0,39.84,0.0,0,0.25,1,0,0,0,0,0,0,0,0,0,0,1,0,0,0,0,0,1,0,0,1,0,0,0,1,0,0,0,0,0,0,0,1,0,0,1,0,1,0,0,0,1,0,0,0,0,1
CLI-001565,4496.0,14,47,11,23.4,1,0.2,0,1,6,0,20.1,4,0,609.26,0.01,0,0.0,0,0,0,0,0,0,1,0,0,0,0,1,0,0,0,0,0,0,0,1,0,1,0,0,1,0,0,0,1,0,0,0,0,1,0,0,0,1,0,0,1,0,0,0,0,0,1
CLI-004259,1635.0,12,7,0,0.0,0,0.0,0,0,64,0,15.4,5,0,84.0,0.18,1,0.0,0,0,0,0,1,0,0,0,0,0,0,0,0,1,1,0,0,0,0,0,1,0,0,0,1,0,0,0,0,0,0,0,1,0,0,0,1,0,1,0,0,0,0,1,0,1,0
CLI-004995,13501.0,6,14,8,57.1,41,5.7,11,0,3,1,10.5,3,3,392.02,0.02,0,0.69,0,0,0,0,1,0,0,1,0,0,0,0,0,0,0,0,0,0,0,1,0,1,0,0,0,1,0,0,0,0,0,1,0,1,0,0,0,0,1,0,0,1,0,0,0,1,0
CLI-001101,1491.0,3,8,5,62.5,21,13.2,2,0,3,0,0.9,5,1,200.0,0.03,0,0.12,1,0,0,0,0,0,0,0,0,0,0,1,0,0,1,0,0,0,0,0,1,0,0,0,0,1,0,0,0,0,0,1,0,1,0,0,0,0,0,1,0,0,0,1,1,0,0
CLI-001058,136600.0,18,110,93,84.5,68,44.1,9,4,2,1,6.3,4,0,4899.58,0.0,0,0.35,0,0,0,0,1,0,0,0,0,0,0,0,0,1,0,0,1,0,0,0,0,0,1,0,0,0,1,0,0,0,1,0,0,0,1,0,0,0,1,0,0,0,1,0,0,0,1
CLI-003645,7183.0,17,32,10,31.2,1,0.1,0,6,10,0,10.65,3,0,336.92,0.02,0,0.0,0,0,0,0,0,1,0,0,0,1,0,0,0,0,1,0,0,0,0,0,0,1,0,0,1,0,0,0,1,0,0,0,0,0,1,0,0,0,1,0,1,0,0,0,0,0,1
CLI-002554,4544.0,6,7,5,71.4,28,22.0,3,1,0,3,28.1,4,0,79.16,0.0,0,0.38,0,0,0,0,1,0,0,1,0,0,0,0,0,0,1,0,0,0,0,0,1,0,0,0,1,0,0,0,0,0,0,1,0,0,1,0,0,0,0,1,0,1,0,0,0,1,0
CLI-003315,3796.0,7,9,3,33.3,10,5.3,1,2,2,0,9.7,5,0,201.25,0.01,0,0.06,0,0,0,0,1,0,0,0,0,1,0,0,0,0,0,1,0,0,0,0,1,0,0,0,0,1,0,0,0,0,0,1,0,0,0,0,1,0,0,1,0,1,0,0,0,1,0
CLI-004880,148477.0,18,184,69,37.5,6,1.6,6,3,11,4,9.7,2,0,8622.35,0.02,0,0.23,0,0,0,0,0,1,0,0,0,0,0,1,0,0,0,0,0,1,0,0,0,0,1,0,0,0,1,0,1,0,0,0,0,1,0,0,0,0,0,1,1,0,0,0,0,0,1
CLI-004878,12010.0,11,16,3,18.8,2,0.8,6,1,6,3,11.9,3,0,457.71,0.02,0,0.38,0,0,0,1,0,0,0,0,0,0,0,1,0,0,0,0,0,0,1,0,0,1,0,0,0,1,0,0,0,0,1,0,0,0,0,0,1,1,0,0,1,0,0,0,0,1,0
CLI-002389,965755.0,15,466,172,36.9,19,8.7,9,5,4,1,7.6,3,0,21031.25,0.01,0,0.35,1,0,0,0,0,0,0,0,1,0,0,0,0,0,1,0,0,0,0,0,0,0,0,1,0,0,1,0,0,0,0,0,1,1,0,0,0,0,1,0,0,1,0,0,0,0,1
CLI-003258,63313.0,2,210,134,63.8,38,17.3,14,2,0,4,9.7,3,3,11030.21,0.0,0,0.54,0,0,1,0,0,0,0,0,1,0,0,0,0,0,0,0,1,0,0,0,0,0,1,0,0,0,1,0,1,0,0,0,0,0,1,0,0,1,0,0,0,0,0,1,1,0,0
CLI-000330,204772.0,23,181,144,79.6,65,43.4,15,2,2,1,1.2,5,0,15607.62,0.0,0,0.38,0,0,0,0,0,1,0,0,0,0,0,1,0,0,1,0,0,0,0,0,0,0,1,0,0,0,0,1,1,0,0,0,0,0,0,1,0,0,1,0,0,0,1,0,0,0,1
CLI-000471,1324.0,6,11,3,27.3,1,0.1,2,2,25,4,26.7,3,0,107.68,0.14,0,0.25,0,0,0,0,1,0,0,0,0,0,1,0,0,0,1,0,0,0,0,0,1,0,0,0,1,0,0,0,0,0,0,1,0,1,0,0,0,1,0,0,0,0,0,1,0,1,0
CLI-004788,4196.0,18,13,9,69.2,47,37.6,3,6,2,0,13.0,5,0,176.45,0.0,0,0.38,0,0,0,1,0,0,0,0,0,0,0,1,0,0,1,0,0,0,0,0,0,1,0,0,1,0,0,0,0,0,0,0,1,0,1,0,0,1,0,0,0,0,0,1,0,0,1
CLI-002411,15196.0,2,46,20,50.0,14,1.7,10,0,0,6,10.65,2,1,2059.02,0.0,0,0.38,0,0,0,0,0,1,0,1,0,0,0,0,0,0,0,0,0,0,0,1,0,1,0,0,0,0,1,0,0,0,0,1,0,1,0,0,0,0,0,1,1,0,0,0,1,0,0
CLI-000286,7525.0,14,21,17,81.0,71,35.9,4,4,2,0,12.4,4,1,262.21,0.0,0,0.5,0,0,1,0,0,0,0,0,0,0,0,0,1,0,0,1,0,0,0,0,0,1,0,0,1,0,0,0,0,0,0,0,1,1,0,0,0,1,0,0,0,0,1,0,0,0,1
CLI-000821,1114.0,4,4,1,25.0,1,0.3,0,1,16,0,12.5,5,2,31.58,0.13,0,0.0,0,0,0,0,1,0,0,1,0,0,0,0,0,0,1,0,0,0,0,0,1,0,0,0,1,0,0,0,0,1,0,0,0,0,0,0,1,0,0,1,0,1,0,0,0,1,0
CLI-000450,56284.0,9,43,30,69.8,50,29.9,10,1,0,6,12.1,1,0,1806.28,0.0,0,0.38,0,0,1,0,0,0,0,0,1,0,0,0,0,0,0,1,0,0,0,0,0,1,0,0,0,0,1,0,0,0,0,0,1,1,0,0,0,1,0,0,1,0,0,0,0,1,0
CLI-000897,2063.0,2,11,6,54.5,25,18.2,8,2,1,2,14.4,3,3,279.56,0.02,0,0.5,0,0,0,0,0,0,1,0,0,1,0,0,0,0,0,0,0,1,0,0,1,0,0,0,0,1,0,0,0,0,1,0,0,1,0,0,0,0,0,1,0,0,0,1,1,0,0
CLI-003188,31888.0,12,43,26,50.0,18,7.7,17,1,4,0,3.0,3,0,1944.39,0.01,0,0.65,0,0,0,1,0,0,0,0,0,0,0,0,1,0,1,0,0,0,0,0,0,1,0,0,0,0,1,0,0,0,0,0,1,1,0,0,0,1,0,0,0,0,0,1,0,1,0
CLI-003238,6655.0,2,43,19,50.0,25,16.6,4,0,1,2,9.1,4,3,901.74,0.02,0,0.25,0,0,1,0,0,0,0,1,0,0,0,0,0,0,1,0,0,0,0,0,0,1,0,0,0,1,0,0,0,0,0,1,0,0,1,0,0,0,0,1,0,0,0,1,1,0,0
CLI-000086,576.0,12,9,1,11.1,1,0.1,0,4,6,0,18.0,4,0,78.05,0.02,0,0.0,1,0,0,0,0,0,0,0,0,1,0,0,0,0,1,0,0,0,0,0,1,0,0,0,1,0,0,0,1,0,0,0,0,1,0,0,0,0,0,1,1,0,0,0,0,1,0
CLI-004208,1253182.0,17,208,0,0.0,0,0.0,0,0,63,4,10.65,4,0,17566.33,0.12,1,0.0,1,0,0,0,0,0,0,1,0,0,0,0,0,0,0,0,1,0,0,0,0,0,1,0,0,0,0,1,1,0,0,0,0,0,0,1,0,0,0,1,0,0,0,1,0,0,1
CLI-000763,6321.0,7,32,15,46.9,1,0.3,5,3,14,3,7.5,3,2,770.88,0.07,0,0.31,0,0,0,0,0,0,1,0,0,0,1,0,0,0,1,0,0,0,0,0,0,1,0,0,0,1,0,0,0,0,1,0,0,0,0,1,0,0,1,0,0,0,0,1,0,1,0
CLI-002358,3684.0,1,11,6,54.5,1,0.4,5,0,1,5,20.6,2,7,320.92,0.03,0,0.31,0,0,0,0,0,0,1,0,0,0,0,0,0,1,0,0,0,0,1,0,1,0,0,0,0,1,0,0,0,0,0,0,1,0,1,0,0,1,0,0,1,0,0,0,1,0,0
CLI-001363,23377.0,18,17,3,17.6,2,0.5,20,3,6,4,6.5,1,0,1357.54,0.01,0,0.5,1,0,0,0,0,0,0,0,1,0,0,0,0,0,1,0,0,0,0,0,0,1,0,0,0,0,0,1,0,0,0,1,0,0,0,1,0,0,1,0,1,0,0,0,0,0,1
CLI-001625,185748.0,12,575,309,53.7,20,11.3,5,5,1,1,13.8,2,0,12584.54,0.0,0,0.31,0,0,0,0,1,0,0,0,1,0,0,0,0,0,1,0,0,0,0,0,0,0,0,1,0,1,0,0,1,0,0,0,0,0,0,0,1,1,0,0,1,0,0,0,0,1,0
CLI-001710,1061.0,12,3,2,50.0,50,39.1,6,0,2,1,12.5,3,0,80.89,0.01,0,0.38,1,0,0,0,0,0,0,0,0,1,0,0,0,0,1,0,0,0,0,0,1,0,0,0,0,1,0,0,0,0,0,1,0,1,0,0,0,0,0,1,0,0,0,1,0,1,0
CLI-001503,20270.0,1,47,40,85.1,84,65.3,11,0,0,3,15.0,4,4,1074.74,0.0,0,0.69,0,0,0,0,0,0,1,1,0,0,0,0,0,0,0,0,1,0,0,0,0,1,0,0,0,1,0,0,0,0,0,1,0,0,0,0,1,1,0,0,0,0,0,1,1,0,0
CLI-001174,22060.0,6,44,34,77.3,89,72.2,11,1,0,0,13.9,3,0,1222.86,0.0,0,0.69,0,1,0,0,0,0,0,0,0,0,1,0,0,0,0,0,1,0,0,0,0,1,0,0,0,1,0,0,0,0,0,0,1,0,0,1,0,1,0,0,0,0,0,1,0,1,0
CLI-003747,54461.0,13,35,31,88.6,101,59.2,9,2,1,2,13.2,5,1,1071.23,0.0,0,0.56,0,0,0,0,0,0,1,0,1,0,0,0,0,0,0,0,0,1,0,0,0,0,1,0,0,1,0,0,1,0,0,0,0,0,0,1,0,0,0,1,0,1,0,0,0,0,1
CLI-001508,73003.0,3,149,36,24.2,3,1.3,2,0,2,2,10.6,5,0,3424.16,0.02,0,0.12,1,0,0,0,0,0,0,0,1,0,0,0,0,0,0,0,0,1,0,0,0,0,1,0,0,1,0,0,0,0,0,1,0,0,0,0,1,0,1,0,1,0,0,0,1,0,0
CLI-003054,40897.0,12,59,12,20.3,3,0.2,5,6,16,1,11.5,4,2,1662.46,0.04,0,0.31,1,0,0,0,0,0,0,0,0,0,0,0,1,0,1,0,0,0,0,0,0,1,0,0,0,1,0,0,0,1,0,0,0,1,0,0,0,0,1,0,1,0,0,0,0,1,0
CLI-002146,38544.0,11,37,8,21.6,2,0.8,6,3,20,7,13.8,3,0,783.41,0.06,0,0.38,0,0,0,0,0,1,0,0,0,0,0,0,0,1,0,0,1,0,0,0,0,1,0,0,0,1,0,0,0,0,0,1,0,1,0,0,0,0,1,0,1,0,0,0,0,1,0
CLI-002669,3116.0,11,8,7,87.5,68,61.3,17,0,1,0,3.7,4,1,542.87,0.0,0,0.42,0,0,0,0,0,0,1,0,0,0,0,1,0,0,1,0,0,0,0,0,1,0,0,0,0,0,0,1,1,0,0,0,0,0,1,0,0,1,0,0,0,0,0,1,0,1,0
CLI-003496,407.0,9,4,2,50.0,17,5.7,2,0,2,0,19.5,3,0,45.07,0.01,0,0.25,0,1,0,0,0,0,0,0,0,1,0,0,0,0,0,0,0,0,1,0,1,0,0,0,1,0,0,0,0,0,0,0,1,0,1,0,0,0,0,1,0,0,0,1,0,1,0
CLI-004303,269214.0,8,183,83,45.4,16,11.8,9,2,5,3,3.1,3,1,7816.91,0.02,0,0.35,0,0,0,0,1,0,0,0,0,0,0,0,0,1,1,0,0,0,0,0,0,0,1,0,0,0,1,0,1,0,0,0,0,0,1,0,0,1,0,0,0,1,0,0,0,1,0
CLI-001396,56716.0,20,128,67,52.3,30,20.4,9,6,0,3,12.6,4,0,3458.3,0.0,0,0.56,0,0,0,0,0,1,0,1,0,0,0,0,0,0,0,0,0,0,0,1,0,0,1,0,0,1,0,0,0,1,0,0,0,0,0,1,0,0,0,1,0,0,1,0,0,0,1
CLI-003176,852.0,8,8,2,25.0,1,0.1,3,5,16,6,12.6,3,1,173.27,0.07,0,0.19,1,0,0,0,0,0,0,1,0,0,0,0,0,0,1,0,0,0,0,0,1,0,0,0,0,1,0,0,0,0,1,0,0,1,0,0,0,0,1,0,0,0,0,1,0,1,0
CLI-003300,29318.0,1,53,44,83.0,49,18.7,3,1,0,0,10.65,5,2,1232.87,0.0,0,0.19,0,0,0,0,0,0,1,0,1,0,0,0,0,0,1,0,0,0,0,0,0,1,0,0,0,1,0,0,0,1,0,0,0,0,1,0,0,0,1,0,0,1,0,0,1,0,0
CLI-002651,7370.0,1,15,10,66.7,45,18.4,9,0,1,2,12.5,4,1,345.68,0.03,0,0.56,1,0,0,0,0,0,0,0,0,1,0,0,0,0,0,0,0,0,0,1,0,1,0,0,0,1,0,0,0,0,0,1,0,0,0,1,0,1,0,0,0,1,0,0,1,0,0
CLI-001959,22900.0,9,36,13,36.1,1,0.2,4,2,29,0,10.6,4,0,962.98,0.11,0,0.25,1,0,0,0,0,0,0,0,0,0,0,0,0,1,1,0,0,0,0,0,0,1,0,0,0,1,0,0,0,0,0,0,1,0,1,0,0,0,1,0,0,0,0,1,0,1,0
CLI-001727,72035.0,10,52,33,63.5,28,4.1,5,2,7,2,19.3,3,0,1203.39,0.02,0,0.31,0,0,0,0,0,1,0,0,0,0,0,1,0,0,1,0,0,0,0,0,0,1,0,0,0,1,0,0,0,0,1,0,0,0,1,0,0,0,1,0,0,0,0,1,0,1,0
CLI-003786,2488.0,13,8,5,62.5,4,1.9,11,3,1,1,9.1,3,1,337.09,0.0,0,0.42,1,0,0,0,0,0,0,0,1,0,0,0,0,0,0,0,0,0,1,0,1,0,0,0,0,0,1,0,1,0,0,0,0,0,0,0,1,0,1,0,0,0,0,1,0,0,1
CLI-002193,5387.0,4,10,2,20.0,1,0.1,3,1,1,3,14.6,3,1,273.73,0.01,0,0.19,1,0,0,0,0,0,0,1,0,0,0,0,0,0,1,0,0,0,0,0,0,1,0,0,0,1,0,0,0,0,1,0,0,0,1,0,0,0,0,1,0,0,0,1,0,1,0
CLI-000099,300.0,14,7,5,71.4,45,28.3,4,3,0,1,22.1,3,1,62.76,0.0,0,0.5,0,0,0,0,0,1,0,0,0,0,1,0,0,0,1,0,0,0,0,0,1,0,0,0,1,0,0,0,1,0,0,0,0,1,0,0,0,0,1,0,0,0,0,1,0,0,1
CLI-003954,2080.0,1,15,6,40.0,16,6.3,6,0,0,0,10.65,3,3,362.39,0.0,0,0.38,0,1,0,0,0,0,0,0,0,0,0,0,1,0,1,0,0,0,0,0,0,1,0,0,0,1,0,0,0,0,0,0,1,0,0,0,1,0,0,1,0,0,0,1,1,0,0
CLI-002660,15243.0,20,27,17,63.0,61,34.5,16,7,1,4,9.0,4,0,1327.81,0.0,0,0.62,1,0,0,0,0,0,0,0,0,0,0,0,1,0,0,0,1,0,0,0,0,1,0,0,0,0,1,0,0,1,0,0,0,0,0,0,1,1,0,0,0,0,0,1,0,0,1
CLI-001176,808.0,3,6,1,16.7,1,0.3,3,1,9,1,15.4,3,1,70.39,0.1,0,0.38,0,0,0,0,0,0,1,0,0,0,0,0,1,0,0,0,1,0,0,0,1,0,0,0,1,0,0,0,0,0,0,0,1,0,0,0,1,1,0,0,0,0,0,1,1,0,0
CLI-000888,1870.0,18,1,0,0.0,0,0.0,0,0,133,0,9.1,5,0,29.62,0.25,1,0.0,0,0,0,0,0,1,0,0,0,1,0,0,0,0,0,1,0,0,0,0,1,0,0,0,0,1,0,0,0,1,0,0,0,0,0,0,1,0,1,0,1,0,0,0,0,0,1
CLI-000227,3273.0,13,10,6,60.0,1,0.5,4,1,17,3,22.7,3,1,120.94,0.04,0,0.5,0,1,0,0,0,0,0,0,0,0,1,0,0,0,0,0,0,0,0,1,1,0,0,0,1,0,0,0,0,0,1,0,0,1,0,0,0,0,0,1,0,0,0,1,0,0,1
CLI-003943,87881.0,6,141,0,50.0,0,0.0,0,0,77,3,8.3,4,0,5358.6,0.43,1,0.0,0,0,0,0,1,0,0,0,0,0,0,1,0,0,0,0,0,0,0,1,0,0,1,0,0,0,1,0,0,1,0,0,0,0,1,0,0,0,1,0,0,0,0,1,0,1,0
CLI-003324,4377.0,20,6,3,50.0,30,22.6,4,6,2,1,25.2,3,0,75.18,0.0,0,0.5,0,0,0,0,0,1,0,0,0,0,0,0,0,1,1,0,0,0,0,0,1,0,0,0,1,0,0,0,0,0,1,0,0,0,0,0,1,0,0,1,0,1,0,0,0,0,1
CLI-003431,3270.0,5,9,1,11.1,1,0.3,0,0,6,2,10.0,4,0,234.58,0.04,0,0.0,0,0,0,0,0,0,1,0,0,0,0,1,0,0,0,0,0,0,1,0,1,0,0,0,0,1,0,0,0,0,0,1,0,0,1,0,0,1,0,0,1,0,0,0,0,1,0
CLI-001636,14122.0,4,48,39,81.2,68,51.7,12,0,4,0,5.2,5,3,1013.07,0.03,0,0.75,0,0,0,0,0,0,1,0,0,0,1,0,0,0,0,0,1,0,0,0,0,1,0,0,0,1,0,0,0,0,0,1,0,0,0,1,0,0,0,1,0,0,0,1,0,1,0
CLI-001132,279798.0,7,167,118,70.7,50,20.1,10,4,1,1,14.4,5,0,4674.21,0.0,0,0.62,0,0,0,0,0,0,1,0,0,1,0,0,0,0,1,0,0,0,0,0,0,0,1,0,0,1,0,0,0,0,0,0,1,0,0,0,1,1,0,0,0,0,1,0,0,1,0
CLI-004328,320576.0,4,785,304,38.7,7,0.7,3,0,2,0,10.65,4,0,43438.47,0.02,0,0.08,0,0,0,0,1,0,0,0,0,0,0,1,0,0,0,0,1,0,0,0,0,0,0,1,0,0,0,1,0,1,0,0,0,0,1,0,0,0,0,1,0,0,0,1,0,1,0
CLI-004835,4093.0,19,6,2,33.3,7,3.0,6,2,1,0,9.5,5,0,155.99,0.0,0,0.38,1,0,0,0,0,0,0,0,1,0,0,0,0,0,1,0,0,0,0,0,1,0,0,0,0,1,0,0,0,0,0,0,1,0,0,1,0,1,0,0,0,1,0,0,0,0,1
CLI-003502,55872.0,9,28,15,53.6,2,0.5,15,3,6,8,3.4,3,0,2197.96,0.02,0,0.38,0,0,0,0,0,1,0,0,0,0,0,0,1,0,1,0,0,0,0,0,0,1,0,0,0,0,0,1,0,0,0,0,1,1,0,0,0,0,1,0,0,0,0,1,0,1,0
CLI-000427,89647.0,6,120,83,69.2,41,36.5,8,1,1,1,6.6,5,1,6073.66,0.01,0,0.31,0,0,0,0,1,0,0,0,0,0,0,1,0,0,0,0,0,1,0,0,0,0,1,0,0,0,1,0,0,1,0,0,0,0,0,0,1,0,0,1,0,1,0,0,0,1,0
CLI-003196,10415.0,12,21,8,38.1,23,9.1,4,5,0,1,21.8,4,0,309.78,0.0,0,0.5,0,0,0,0,1,0,0,1,0,0,0,0,0,0,1,0,0,0,0,0,0,1,0,0,1,0,0,0,0,0,0,1,0,0,0,0,1,1,0,0,0,0,1,0,0,1,0
CLI-003863,35468.0,7,56,16,28.6,1,0.3,4,2,18,7,10.65,3,0,2544.34,0.09,0,0.15,0,0,0,0,0,1,0,0,0,0,1,0,0,0,1,0,0,0,0,0,0,1,0,0,0,0,1,0,0,0,0,1,0,0,0,1,0,0,1,0,1,0,0,0,0,1,0
CLI-001831,3963.0,2,11,3,27.3,6,3.3,9,0,0,5,7.7,2,1,483.27,0.0,0,0.35,0,0,1,0,0,0,0,0,0,0,0,0,0,1,1,0,0,0,0,0,0,1,0,0,0,0,1,0,0,0,0,0,1,0,1,0,0,0,0,1,0,0,0,1,1,0,0
CLI-004291,4481.0,3,46,29,63.0,14,6.7,2,1,1,3,4.3,3,1,1366.27,0.01,0,0.08,0,0,0,0,0,0,1,0,0,1,0,0,0,0,0,0,0,1,0,0,0,1,0,0,0,0,1,0,1,0,0,0,0,1,0,0,0,0,0,1,0,0,0,1,1,0,0
CLI-000983,169931.0,19,113,100,88.5,54,60.5,20,5,1,1,6.5,4,0,5756.46,0.0,0,0.77,0,0,0,0,0,0,1,0,0,1,0,0,0,0,0,1,0,0,0,0,0,0,1,0,0,0,1,0,0,0,1,0,0,0,0,0,1,0,1,0,0,0,0,1,0,0,1
CLI-002098,26892.0,10,30,20,66.7,42,11.1,5,3,0,1,9.5,4,1,910.97,0.0,0,0.31,1,0,0,0,0,0,0,1,0,0,0,0,0,0,1,0,0,0,0,0,0,1,0,0,0,1,0,0,1,0,0,0,0,0,1,0,0,0,1,0,0,0,1,0,0,1,0
CLI-004654,1136916.0,13,621,546,87.9,78,36.5,11,4,1,0,4.8,4,0,30810.72,0.0,0,0.42,0,0,0,0,0,0,1,0,1,0,0,0,0,0,0,0,1,0,0,0,0,0,0,1,0,0,1,0,0,0,1,0,0,1,0,0,0,0,0,1,0,0,1,0,0,0,1
CLI-003847,2276.0,16,5,3,60.0,17,2.0,9,6,1,0,2.9,5,0,198.27,0.0,0,0.35,0,0,0,1,0,0,0,0,0,0,0,1,0,0,1,0,0,0,0,0,1,0,0,0,0,0,1,0,0,0,0,0,1,1,0,0,0,0,1,0,0,0,0,1,0,0,1
CLI-003170,30415.0,1,72,51,70.8,62,34.8,12,0,1,6,10.7,3,1,2853.19,0.03,0,0.46,0,0,0,1,0,0,0,0,1,0,0,0,0,0,1,0,0,0,0,0,0,0,1,0,0,0,1,0,0,0,1,0,0,0,1,0,0,1,0,0,0,1,0,0,1,0,0
CLI-003540,19241.0,17,32,17,53.1,8,2.9,5,2,6,0,0.5,5,0,1564.33,0.01,0,0.19,0,0,0,0,1,0,0,0,0,1,0,0,0,0,0,0,0,0,0,1,0,0,1,0,0,0,1,0,1,0,0,0,0,0,1,0,0,0,1,0,0,0,0,1,0,0,1
CLI-004035,439.0,12,1,1,50.0,76,73.5,4,6,0,0,10.65,4,2,12.74,0.0,0,0.5,0,0,0,0,0,1,0,0,0,0,0,0,0,1,0,0,0,1,0,0,1,0,0,0,1,0,0,0,0,0,0,0,1,0,0,0,1,1,0,0,0,0,0,1,0,1,0
CLI-000170,992.0,3,25,22,88.0,71,45.5,3,0,0,3,27.2,3,3,241.98,0.0,0,0.38,0,1,0,0,0,0,0,1,0,0,0,0,0,0,0,0,0,1,0,0,0,1,0,0,1,0,0,0,0,1,0,0,0,0,0,1,0,0,0,1,0,0,0,1,1,0,0
CLI-001355,3327.0,12,7,3,42.9,1,0.2,3,3,1,0,12.9,3,0,96.6,0.0,0,0.38,0,0,0,0,1,0,0,0,0,0,1,0,0,0,1,0,0,0,0,0,1,0,0,0,1,0,0,0,0,1,0,0,0,0,1,0,0,1,0,0,0,0,0,1,0,1,0
CLI-000541,2448.0,7,9,4,44.4,9,4.0,4,0,2,0,8.9,3,1,186.58,0.01,0,0.25,0,0,1,0,0,0,0,0,1,0,0,0,0,0,1,0,0,0,0,0,1,0,0,0,0,1,0,0,0,0,0,1,0,1,0,0,0,0,1,0,0,1,0,0,0,1,0
CLI-000592,2623.0,9,9,3,33.3,1,0.1,0,2,30,2,10.4,3,0,139.07,0.11,1,0.0,0,0,0,0,0,1,0,1,0,0,0,0,0,0,1,0,0,0,0,0,1,0,0,0,0,1,0,0,1,0,0,0,0,0,0,0,1,0,0,1,0,1,0,0,0,1,0
CLI-004742,690.0,1,9,2,22.2,1,0.3,1,0,8,0,23.5,2,1,93.44,0.27,0,0.12,0,0,0,0,0,1,0,0,1,0,0,0,0,0,1,0,0,0,0,0,1,0,0,0,1,0,0,0,1,0,0,0,0,0,0,1,0,0,1,0,0,0,0,1,1,0,0
CLI-004851,38163.0,14,22,15,68.2,36,5.7,8,4,1,5,10.8,3,0,581.76,0.0,0,0.5,0,0,0,0,1,0,0,0,0,1,0,0,0,0,0,0,0,1,0,0,0,1,0,0,0,1,0,0,0,0,0,0,1,0,0,0,1,1,0,0,0,0,0,1,0,0,1
CLI-000485,16025.0,10,30,21,70.0,75,39.1,10,2,0,0,6.0,3,0,1503.32,0.0,0,0.38,0,0,0,1,0,0,0,0,0,1,0,0,0,0,1,0,0,0,0,0,0,1,0,0,0,0,1,0,0,0,0,1,0,0,0,1,0,1,0,0,0,1,0,0,0,1,0
CLI-004017,14425.0,16,7,1,14.3,1,0.2,5,2,22,5,15.6,3,0,199.9,0.05,0,0.31,0,0,0,1,0,0,0,0,0,0,0,1,0,0,0,0,0,0,1,0,1,0,0,0,0,1,0,0,0,0,1,0,0,0,0,0,1,0,1,0,0,0,0,1,0,0,1
CLI-000096,300.0,1,1,1,100.0,34,20.6,1,2,2,7,26.0,3,1,11.03,0.07,0,0.12,0,0,0,1,0,0,0,0,0,1,0,0,0,0,0,0,0,1,0,0,1,0,0,0,1,0,0,0,0,1,0,0,0,0,0,1,0,0,0,1,1,0,0,0,1,0,0
CLI-000154,1702.0,8,5,3,60.0,1,5.7,5,5,20,2,12.0,3,0,122.09,0.08,0,0.31,0,0,1,0,0,0,0,1,0,0,0,0,0,0,1,0,0,0,0,0,1,0,0,0,0,1,0,0,0,0,1,0,0,0,0,1,0,0,1,0,0,0,0,1,0,1,0
CLI-001717,902399.0,21,546,181,33.2,7,0.4,9,3,1,5,5.1,3,0,30569.07,0.0,0,0.35,0,0,1,0,0,0,0,0,0,0,0,1,0,0,0,0,0,0,1,0,0,0,0,1,0,0,1,0,0,0,0,1,0,1,0,0,0,1,0,0,0,1,0,0,0,0,1
CLI-001578,6434.0,8,56,26,46.4,22,10.5,9,3,3,2,11.5,3,0,1307.7,0.01,0,0.56,0,0,1,0,0,0,0,0,1,0,0,0,0,0,1,0,0,0,0,0,0,1,0,0,0,1,0,0,0,0,1,0,0,0,1,0,0,0,0,1,0,0,0,1,0,1,0
CLI-004220,12489.0,4,27,12,44.4,32,22.0,3,3,4,1,28.1,3,2,276.92,0.03,0,0.38,0,0,1,0,0,0,0,0,0,0,0,0,1,0,1,0,0,0,0,0,0,1,0,0,1,0,0,0,1,0,0,0,0,0,0,0,1,0,0,1,0,1,0,0,0,1,0
CLI-004615,1991.0,3,9,7,77.8,33,24.3,3,2,1,3,31.8,4,1,97.12,0.01,0,0.38,0,0,0,0,0,0,1,0,0,0,1,0,0,0,1,0,0,0,0,0,1,0,0,0,1,0,0,0,0,0,1,0,0,1,0,0,0,1,0,0,0,0,0,1,1,0,0
CLI-001358,83505.0,10,92,53,57.6,44,29.5,8,5,1,0,10.65,3,2,4427.64,0.0,0,0.31,0,0,0,1,0,0,0,0,0,1,0,0,0,0,1,0,0,0,0,0,0,0,1,0,0,0,1,0,0,1,0,0,0,1,0,0,0,0,1,0,0,0,0,1,0,1,0
CLI-000573,207548.0,10,214,154,72.0,36,29.8,14,5,1,5,8.7,3,0,9734.89,0.0,0,0.54,0,1,0,0,0,0,0,0,0,0,0,1,0,0,0,1,0,0,0,0,0,0,1,0,0,0,1,0,1,0,0,0,0,0,0,0,1,0,1,0,0,1,0,0,0,1,0
CLI-004800,10936.0,11,59,15,25.4,1,0.1,4,3,30,6,12.7,2,0,1481.82,0.09,1,0.25,0,0,0,1,0,0,0,0,0,0,0,0,0,1,1,0,0,0,0,0,0,1,0,0,0,1,0,0,0,1,0,0,0,1,0,0,0,0,1,0,0,0,0,1,0,1,0
CLI-003335,2658.0,9,2,1,50.0,1,0.1,10,5,1,4,7.5,2,1,90.04,0.0,0,0.38,0,1,0,0,0,0,0,0,0,1,0,0,0,0,0,0,0,0,0,1,1,0,0,0,0,0,1,0,0,0,0,1,0,0,0,1,0,0,1,0,0,0,0,1,0,1,0
CLI-002285,468406.0,14,285,188,66.0,1,0.3,11,5,8,3,2.4,2,0,23801.13,0.02,0,0.28,0,0,0,0,0,1,0,0,0,0,0,0,0,1,1,0,0,0,0,0,0,0,0,1,0,0,0,1,1,0,0,0,0,0,0,0,1,0,0,1,0,0,0,1,0,0,1
CLI-000804,9209.0,22,45,10,22.2,5,5.7,2,2,8,0,7.7,5,0,561.54,0.01,0,0.25,0,0,0,0,0,0,1,0,0,0,0,0,1,0,0,0,0,0,0,1,0,1,0,0,1,0,0,0,0,0,1,0,0,0,0,1,0,0,0,1,0,0,0,1,0,0,1
CLI-000232,7451.0,15,45,34,75.6,25,4.8,4,3,2,4,30.6,3,0,567.93,0.0,0,0.5,0,1,0,0,0,0,0,1,0,0,0,0,0,0,1,0,0,0,0,0,0,1,0,0,1,0,0,0,0,1,0,0,0,0,1,0,0,1,0,0,0,0,0,1,0,0,1
CLI-001859,9689.0,18,11,4,36.4,14,6.7,3,6,0,0,19.9,5,0,171.25,0.0,0,0.38,0,0,0,1,0,0,0,0,0,0,1,0,0,0,0,0,0,0,1,0,1,0,0,0,1,0,0,0,0,0,1,0,0,0,0,0,1,0,1,0,0,0,0,1,0,0,1
CLI-003709,6617.0,10,12,10,83.3,63,26.4,11,1,0,0,2.3,5,0,336.22,0.0,0,0.69,0,0,0,0,0,0,1,0,0,1,0,0,0,0,1,0,0,0,0,0,0,1,0,0,0,1,0,0,1,0,0,0,0,1,0,0,0,0,1,0,0,0,0,1,0,1,0
CLI-003662,2015.0,12,7,4,57.1,23,3.4,6,3,5,5,11.1,2,1,245.72,0.01,0,0.23,0,0,1,0,0,0,0,1,0,0,0,0,0,0,1,0,0,0,0,0,0,1,0,0,0,0,1,0,0,0,1,0,0,0,1,0,0,0,1,0,0,0,0,1,0,1,0
CLI-003107,13321.0,19,53,0,0.0,0,5.7,0,0,49,4,28.2,2,0,676.86,0.09,1,0.0,1,0,0,0,0,0,0,0,0,0,0,1,0,0,0,0,1,0,0,0,0,1,0,0,1,0,0,0,0,0,0,1,0,0,0,1,0,1,0,0,0,0,0,1,0,0,1
CLI-004187,1214.0,9,28,2,7.1,1,0.1,0,0,4,5,35.8,2,0,211.47,0.01,0,0.0,0,1,0,0,0,0,0,0,0,0,1,0,0,0,1,0,0,0,0,0,0,1,0,0,1,0,0,0,0,0,0,0,1,0,0,1,0,0,0,1,0,0,0,1,0,1,0
CLI-000019,17556.0,9,21,8,38.1,17,9.0,9,2,0,2,6.7,3,1,856.39,0.0,0,0.35,0,0,0,0,0,1,0,0,0,0,0,1,0,0,1,0,0,0,0,0,0,1,0,0,0,0,1,0,0,0,1,0,0,0,0,1,0,0,1,0,0,0,0,1,0,1,0
CLI-002745,1370.0,12,11,8,72.7,32,9.9,2,3,0,0,19.1,4,1,128.53,0.0,0,0.25,0,0,0,1,0,0,0,0,0,0,1,0,0,0,0,1,0,0,0,0,1,0,0,0,1,0,0,0,0,0,0,0,1,1,0,0,0,1,0,0,0,0,1,0,0,1,0
CLI-002351,539.0,7,3,1,33.3,16,5.0,3,1,0,2,20.7,4,0,36.54,0.0,0,0.38,0,0,0,0,0,1,0,0,0,0,0,1,0,0,0,0,0,0,1,0,1,0,0,0,1,0,0,0,0,0,0,1,0,0,0,1,0,0,1,0,0,1,0,0,0,1,0
CLI-003055,99273.0,14,199,123,61.8,25,8.3,8,1,1,1,10.65,3,0,5044.38,0.0,0,0.5,0,0,0,0,1,0,0,0,0,0,1,0,0,0,1,0,0,0,0,0,0,0,1,0,0,1,0,0,0,0,0,1,0,1,0,0,0,0,1,0,0,1,0,0,0,0,1
CLI-004584,737.0,1,8,5,62.5,35,20.7,3,0,1,1,10.65,4,2,99.86,0.03,0,0.38,0,0,0,1,0,0,0,1,0,0,0,0,0,0,1,0,0,0,0,0,1,0,0,0,1,0,0,0,0,1,0,0,0,0,0,0,1,1,0,0,0,0,0,1,1,0,0
CLI-000758,48179.0,11,196,33,50.0,1,0.1,1,1,7,0,8.3,4,0,4519.64,0.02,0,0.06,1,0,0,0,0,0,0,0,0,1,0,0,0,0,0,0,0,0,1,0,0,0,1,0,0,1,0,0,0,0,1,0,0,0,0,1,0,0,0,1,1,0,0,0,0,1,0
CLI-003637,870.0,11,9,8,88.9,80,46.5,6,2,1,2,26.6,3,1,96.42,0.0,0,0.75,0,0,1,0,0,0,0,0,0,1,0,0,0,0,1,0,0,0,0,0,1,0,0,0,1,0,0,0,0,0,0,0,1,0,0,0,1,1,0,0,0,0,0,1,0,1,0
CLI-001518,4842.0,24,8,7,50.0,71,5.7,3,2,2,8,31.8,1,0,109.34,0.0,0,0.38,0,0,0,0,0,1,0,0,0,0,0,1,0,0,1,0,0,0,0,0,1,0,0,0,1,0,0,0,0,0,1,0,0,0,0,1,0,0,0,1,1,0,0,0,0,0,1
CLI-003395,6040.0,14,23,14,60.9,17,4.3,8,1,3,8,21.7,1,0,491.03,0.01,0,0.5,0,0,0,0,0,0,1,1,0,0,0,0,0,0,1,0,0,0,0,0,0,1,0,0,0,1,0,0,0,1,0,0,0,0,0,0,1,0,1,0,1,0,0,0,0,0,1
CLI-001532,1237.0,8,9,4,44.4,9,5.7,5,3,2,0,4.9,5,1,107.75,0.01,0,0.62,0,0,0,0,1,0,0,0,0,1,0,0,0,0,1,0,0,0,0,0,1,0,0,0,1,0,0,0,0,0,0,0,1,0,0,0,1,0,0,1,0,0,0,1,0,1,0
CLI-003317,5366.0,1,11,9,81.8,78,54.0,17,1,1,1,3.2,5,0,436.26,0.03,0,0.65,0,1,0,0,0,0,0,0,0,0,1,0,0,0,1,0,0,0,0,0,0,1,0,0,0,0,1,0,0,0,1,0,0,0,1,0,0,0,0,1,0,1,0,0,1,0,0
CLI-000994,300.0,1,7,2,28.6,2,0.3,1,0,0,7,38.2,2,2,71.43,0.0,0,0.12,1,0,0,0,0,0,0,1,0,0,0,0,0,0,1,0,0,0,0,0,1,0,0,0,1,0,0,0,0,0,0,1,0,0,1,0,0,0,1,0,0,0,0,1,1,0,0
CLI-002122,538.0,6,5,1,20.0,2,0.1,1,1,16,5,40.1,1,0,46.86,0.09,0,0.12,0,0,1,0,0,0,0,0,1,0,0,0,0,0,1,0,0,0,0,0,1,0,0,0,1,0,0,0,0,0,0,0,1,1,0,0,0,0,1,0,1,0,0,0,0,1,0
CLI-002418,9371.0,7,55,27,49.1,27,19.8,8,0,0,4,17.9,2,0,1269.72,0.0,0,0.5,0,0,0,0,0,0,1,0,0,0,0,0,0,1,0,1,0,0,0,0,0,1,0,0,0,1,0,0,0,1,0,0,0,0,1,0,0,0,1,0,0,0,0,1,0,1,0
CLI-004360,4230.0,2,10,6,60.0,34,4.6,15,1,1,0,10.65,4,0,368.5,0.02,0,0.58,0,1,0,0,0,0,0,1,0,0,0,0,0,0,1,0,0,0,0,0,0,1,0,0,0,0,1,0,0,0,1,0,0,1,0,0,0,0,0,1,0,1,0,0,1,0,0
CLI-002609,8888.0,1,22,10,45.5,22,14.5,6,0,1,2,10.65,4,0,516.12,0.03,0,0.38,1,0,0,0,0,0,0,0,0,1,0,0,0,0,1,0,0,0,0,0,0,1,0,0,0,1,0,0,0,1,0,0,0,0,0,1,0,1,0,0,0,1,0,0,1,0,0
CLI-001275,1781.0,22,3,2,66.7,66,60.5,6,4,1,1,10.65,5,0,36.0,0.0,0,0.75,0,1,0,0,0,0,0,1,0,0,0,0,0,0,1,0,0,0,0,0,1,0,0,0,1,0,0,0,0,0,0,0,1,0,0,1,0,0,0,1,0,0,1,0,0,0,1
CLI-003390,2743.0,22,11,1,9.1,1,0.3,2,4,5,5,10.2,3,0,223.03,0.01,0,0.12,0,0,0,0,0,1,0,0,0,0,0,0,0,1,0,1,0,0,0,0,0,1,0,0,0,1,0,0,0,1,0,0,0,0,0,0,1,0,0,1,0,0,0,1,0,0,1
CLI-003024,9805.0,20,16,7,43.8,7,1.9,14,2,5,1,8.5,3,0,797.13,0.01,0,0.54,0,0,0,0,1,0,0,1,0,0,0,0,0,0,1,0,0,0,0,0,0,1,0,0,0,0,1,0,0,1,0,0,0,0,0,1,0,1,0,0,0,0,0,1,0,0,1
CLI-001912,1601.0,11,8,0,0.0,0,5.7,0,0,31,0,15.0,5,1,108.44,0.09,1,0.0,0,0,1,0,0,0,0,0,1,0,0,0,0,0,1,0,0,0,0,0,1,0,0,0,1,0,0,0,0,0,1,0,0,0,0,0,1,0,1,0,0,0,0,1,0,1,0
CLI-002421,11816.0,9,13,8,61.5,29,5.7,9,2,1,5,7.1,5,0,600.43,0.0,0,0.35,0,0,0,0,1,0,0,0,0,0,0,1,0,0,0,1,0,0,0,0,0,1,0,0,0,0,1,0,1,0,0,0,0,0,0,0,1,0,0,1,0,0,0,1,0,1,0
CLI-000925,1306.0,27,1,1,100.0,57,42.0,5,11,1,8,40.1,2,0,13.27,0.0,0,0.62,0,1,0,0,0,0,0,0,0,0,0,0,0,1,0,0,0,0,0,1,1,0,0,0,1,0,0,0,0,0,0,0,1,0,0,0,1,1,0,0,0,0,0,1,0,0,1
CLI-002073,6297.0,15,85,68,80.0,48,28.2,8,2,1,8,19.6,1,0,1919.79,0.0,0,0.5,0,0,1,0,0,0,0,0,0,0,1,0,0,0,1,0,0,0,0,0,0,0,1,0,0,1,0,0,1,0,0,0,0,0,0,0,1,0,1,0,1,0,0,0,0,0,1
CLI-000294,6730.0,23,3,2,50.0,59,31.8,6,4,0,0,10.65,3,0,88.25,0.0,0,0.38,1,0,0,0,0,0,0,0,0,0,0,0,0,1,0,0,0,0,1,0,1,0,0,0,0,1,0,0,0,1,0,0,0,0,1,0,0,0,1,0,0,0,0,1,0,0,1
CLI-000112,20348.0,14,13,11,84.6,65,29.6,14,3,0,0,1.1,5,0,751.95,0.0,0,0.54,1,0,0,0,0,0,0,0,0,0,0,0,0,1,1,0,0,0,0,0,0,1,0,0,0,0,1,0,0,1,0,0,0,0,0,1,0,1,0,0,0,0,0,1,0,0,1
CLI-001371,12494.0,10,39,17,43.6,7,1.3,10,5,2,1,4.5,2,0,1904.54,0.01,0,0.38,0,0,1,0,0,0,0,0,0,0,0,1,0,0,1,0,0,0,0,0,0,1,0,0,0,0,1,0,0,0,0,0,1,0,0,1,0,0,0,1,0,0,0,1,0,1,0
CLI-002476,11385.0,3,10,1,10.0,1,0.3,0,1,10,0,10.3,4,0,213.61,0.11,0,0.0,0,1,0,0,0,0,0,0,0,0,1,0,0,0,0,0,0,0,0,1,1,0,0,0,0,1,0,0,0,0,0,1,0,0,0,1,0,0,0,1,0,0,0,1,1,0,0
CLI-001453,911380.0,30,197,137,69.5,32,4.4,13,0,0,0,2.4,5,0,9261.99,0.0,0,0.5,1,0,0,0,0,0,0,0,0,0,0,0,1,0,1,0,0,0,0,0,0,0,1,0,0,0,1,0,0,1,0,0,0,1,0,0,0,0,0,1,0,0,0,1,0,0,1
CLI-000468,4174.0,1,7,3,42.9,36,39.2,11,0,1,0,3.9,5,3,299.42,0.03,0,0.42,0,0,0,0,0,1,0,0,0,0,0,1,0,0,1,0,0,0,0,0,1,0,0,0,0,0,1,0,0,0,0,1,0,0,1,0,0,0,0,1,0,0,0,1,1,0,0
CLI-003689,7412.0,9,18,16,88.9,64,5.7,9,4,0,7,18.9,3,0,564.95,0.0,0,0.56,0,0,0,0,0,1,0,0,0,0,0,1,0,0,1,0,0,0,0,0,0,1,0,0,0,1,0,0,1,0,0,0,0,1,0,0,0,1,0,0,0,0,0,1,0,1,0
CLI-000850,3138.0,11,5,2,40.0,1,0.3,6,3,9,3,0.8,3,1,201.38,0.03,0,0.23,0,1,0,0,0,0,0,0,0,1,0,0,0,0,1,0,0,0,0,0,1,0,0,0,0,0,1,0,0,0,0,0,1,0,0,0,1,0,1,0,0,1,0,0,0,1,0
CLI-004051,887.0,12,6,2,50.0,3,1.0,0,2,3,1,33.4,2,1,63.65,0.01,0,0.0,0,0,1,0,0,0,0,0,0,0,0,1,0,0,1,0,0,0,0,0,0,1,0,0,1,0,0,0,0,1,0,0,0,0,0,0,1,0,0,1,0,0,0,1,0,1,0
CLI-004206,81315.0,19,218,87,39.9,30,11.8,10,5,1,0,7.0,4,0,9810.0,0.0,0,0.38,0,0,0,1,0,0,0,0,0,1,0,0,0,0,0,0,0,1,0,0,0,0,1,0,0,0,1,0,0,0,1,0,0,0,1,0,0,0,0,1,0,0,1,0,0,0,1
CLI-003518,620.0,3,1,1,100.0,84,102.0,11,0,0,6,10.1,3,0,27.02,0.0,0,0.69,0,0,0,0,0,1,0,0,1,0,0,0,0,0,0,0,1,0,0,0,1,0,0,0,0,1,0,0,0,0,1,0,0,0,0,1,0,1,0,0,0,0,0,1,1,0,0
CLI-004195,582861.0,14,258,201,77.9,71,38.4,32,2,3,0,1.9,3,0,22929.24,0.01,0,0.8,0,0,0,1,0,0,0,0,0,0,1,0,0,0,1,0,0,0,0,0,0,0,0,1,0,0,0,1,0,0,1,0,0,0,1,0,0,1,0,0,0,0,0,1,0,0,1
CLI-001597,1447.0,16,7,4,57.1,26,15.2,4,2,2,2,30.8,2,0,84.02,0.0,0,0.5,0,0,0,0,0,0,1,0,0,1,0,0,0,0,1,0,0,0,0,0,1,0,0,0,1,0,0,0,0,0,0,0,1,0,0,0,1,1,0,0,1,0,0,0,0,0,1
CLI-004576,267191.0,21,101,15,14.9,1,0.3,3,1,4,0,5.5,4,0,4863.32,0.01,0,0.12,0,0,0,0,1,0,0,0,0,0,1,0,0,0,0,0,1,0,0,0,0,0,1,0,0,0,1,0,0,0,0,1,0,0,1,0,0,0,0,1,0,0,0,1,0,0,1
CLI-001114,613.0,7,8,2,25.0,4,0.2,3,1,17,1,22.9,3,0,83.11,0.08,0,0.38,0,0,1,0,0,0,0,0,1,0,0,0,0,0,0,0,0,0,0,1,1,0,0,0,1,0,0,0,0,0,0,1,0,0,1,0,0,0,1,0,0,0,0,1,0,1,0
CLI-000942,51540.0,9,97,77,79.4,57,5.7,8,3,1,4,11.0,3,1,2417.45,0.0,0,0.5,0,0,0,1,0,0,0,0,0,1,0,0,0,0,1,0,0,0,0,0,0,0,1,0,0,1,0,0,0,1,0,0,0,1,0,0,0,1,0,0,0,0,0,1,0,1,0
CLI-000933,10143.0,5,7,0,0.0,0,0.0,0,0,56,3,5.1,3,2,458.12,0.37,1,0.0,0,1,0,0,0,0,0,0,0,0,1,0,0,0,1,0,0,0,0,0,1,0,0,0,0,0,0,1,0,0,0,0,1,0,1,0,0,0,1,0,0,0,0,1,0,1,0
CLI-002685,49875.0,3,51,25,49.0,21,2.7,3,0,0,3,12.8,4,0,1414.48,0.0,0,0.19,0,0,0,0,0,0,1,0,0,0,0,0,1,0,1,0,0,0,0,0,0,1,0,0,0,1,0,0,0,0,0,0,1,1,0,0,0,0,0,1,0,0,0,1,1,0,0
CLI-000430,18525.0,13,54,48,88.9,74,37.0,3,2,1,5,23.4,4,0,806.84,0.0,0,0.38,0,0,0,1,0,0,0,1,0,0,0,0,0,0,0,0,0,0,1,0,0,1,0,0,1,0,0,0,0,1,0,0,0,0,0,0,1,1,0,0,0,1,0,0,0,0,1
CLI-002112,32981.0,14,34,23,67.6,21,5.7,7,2,3,1,13.0,4,0,855.76,0.01,0,0.44,0,0,0,1,0,0,0,1,0,0,0,0,0,0,0,1,0,0,0,0,0,1,0,0,0,1,0,0,1,0,0,0,0,0,0,0,1,1,0,0,0,0,0,1,0,0,1
CLI-003370,1032.0,12,3,1,33.3,1,0.3,4,3,6,1,17.9,3,1,40.6,0.02,0,0.5,0,1,0,0,0,0,0,0,1,0,0,0,0,0,0,0,0,0,1,0,1,0,0,0,1,0,0,0,0,0,0,1,0,0,0,1,0,0,1,0,0,0,0,1,0,1,0
CLI-003389,1396.0,23,2,1,50.0,27,8.9,3,2,1,0,20.0,5,0,24.0,0.0,0,0.38,1,0,0,0,0,0,0,0,0,0,1,0,0,0,1,0,0,0,0,0,1,0,0,0,1,0,0,0,0,0,0,0,1,1,0,0,0,0,0,1,0,1,0,0,0,0,1
CLI-000041,300.0,4,1,1,100.0,1,0.3,3,1,28,3,10.1,2,0,17.95,0.23,0,0.19,1,0,0,0,0,0,0,0,0,0,0,0,1,0,0,0,0,0,1,0,1,0,0,0,0,1,0,0,0,0,0,1,0,0,0,1,0,0,0,1,0,0,0,1,0,1,0
CLI-004309,2291.0,11,11,6,54.5,13,5.6,3,2,2,0,11.6,5,0,116.43,0.01,0,0.38,0,0,1,0,0,0,0,0,1,0,0,0,0,0,1,0,0,0,0,0,1,0,0,0,1,0,0,0,0,0,1,0,0,0,0,0,1,0,0,1,0,1,0,0,0,1,0
CLI-003936,313.0,5,4,1,25.0,8,3.7,2,0,2,6,10.65,2,1,42.45,0.01,0,0.25,0,0,1,0,0,0,0,1,0,0,0,0,0,0,1,0,0,0,0,0,1,0,0,0,1,0,0,0,0,0,0,1,0,1,0,0,0,0,1,0,0,0,0,1,0,1,0
CLI-004990,180977.0,2,188,125,66.5,56,9.0,17,0,0,9,4.4,3,0,18391.96,0.0,0,0.42,0,0,1,0,0,0,0,0,0,0,1,0,0,0,1,0,0,0,0,0,0,0,1,0,0,0,0,1,0,0,0,1,0,0,0,0,1,1,0,0,0,0,0,1,1,0,0
CLI-001007,11157.0,4,33,22,66.7,58,31.6,8,1,0,1,12.2,3,0,907.1,0.0,0,0.5,0,1,0,0,0,0,0,1,0,0,0,0,0,0,0,0,0,0,1,0,0,1,0,0,0,1,0,0,0,0,1,0,0,0,0,1,0,0,0,1,0,1,0,0,0,1,0
CLI-004183,100601.0,7,71,37,52.1,44,5.7,13,0,2,0,10.65,3,1,6134.2,0.01,0,0.32,0,0,0,0,0,1,0,1,0,0,0,0,0,0,1,0,0,0,0,0,0,0,1,0,0,0,0,1,0,1,0,0,0,0,0,1,0,0,0,1,0,0,0,1,0,1,0
CLI-002802,78712.0,11,155,52,33.5,8,1.0,7,1,2,4,6.2,2,0,6856.45,0.01,0,0.27,0,0,0,0,1,0,0,0,0,1,0,0,0,0,1,0,0,0,0,0,0,0,1,0,0,0,1,0,0,0,0,1,0,1,0,0,0,0,0,1,1,0,0,0,0,1,0
CLI-000894,1355.0,10,4,3,75.0,73,57.9,6,3,0,0,10.65,4,1,118.06,0.0,0,0.38,0,0,0,1,0,0,0,0,0,0,0,0,1,0,0,0,0,0,1,0,1,0,0,0,0,1,0,0,0,0,0,0,1,0,0,0,1,0,0,1,0,0,0,1,0,1,0
CLI-004611,579.0,17,3,2,66.7,62,30.3,5,4,0,1,16.6,4,0,33.6,0.0,0,0.62,0,0,0,0,0,0,1,0,0,1,0,0,0,0,0,0,0,1,0,0,1,0,0,0,1,0,0,0,0,0,0,0,1,0,0,1,0,1,0,0,0,0,0,1,0,0,1
CLI-001148,14468.0,3,40,10,25.0,2,5.7,10,0,3,0,0.7,5,1,1960.42,0.03,0,0.38,0,0,1,0,0,0,0,0,1,0,0,0,0,0,1,0,0,0,0,0,0,0,1,0,0,0,1,0,0,0,0,1,0,1,0,0,0,0,0,1,0,1,0,0,1,0,0
CLI-002963,2865.0,9,5,2,40.0,11,4.7,2,1,1,8,16.2,3,1,139.77,0.0,0,0.12,0,0,0,0,0,1,0,1,0,0,0,0,0,0,1,0,0,0,0,0,1,0,0,0,0,1,0,0,0,0,1,0,0,1,0,0,0,1,0,0,1,0,0,0,0,1,0
CLI-003841,8399.0,10,13,12,92.3,107,72.6,18,4,0,6,10.65,4,0,512.14,0.0,0,0.69,0,0,0,0,0,1,0,0,0,0,0,1,0,0,0,1,0,0,0,0,0,1,0,0,0,0,1,0,1,0,0,0,0,1,0,0,0,1,0,0,0,0,1,0,0,1,0
CLI-001991,117899.0,27,49,18,36.7,10,6.5,9,8,5,2,4.1,3,0,2614.17,0.01,0,0.35,0,0,0,0,0,0,1,0,0,0,0,0,1,0,1,0,0,0,0,0,0,1,0,0,0,0,1,0,0,0,0,0,1,0,0,1,0,0,0,1,0,1,0,0,0,0,1
CLI-002929,69600.0,29,56,45,80.4,61,25.0,7,6,1,1,14.1,3,0,1571.81,0.0,0,0.44,0,0,0,0,1,0,0,0,0,0,0,1,0,0,1,0,0,0,0,0,0,1,0,0,0,1,0,0,0,0,0,1,0,0,1,0,0,0,1,0,0,0,0,1,0,0,1
CLI-003233,40325.0,7,55,42,76.4,49,31.4,6,3,0,0,11.2,3,0,1490.2,0.0,0,0.38,0,0,0,1,0,0,0,1,0,0,0,0,0,0,1,0,0,0,0,0,0,1,0,0,0,1,0,0,0,0,1,0,0,0,1,0,0,0,1,0,0,0,0,1,0,1,0
CLI-003635,7259.0,6,56,33,58.9,33,15.6,2,3,0,2,20.2,3,1,553.25,0.0,0,0.25,1,0,0,0,0,0,0,0,0,1,0,0,0,0,0,0,1,0,0,0,0,1,0,0,1,0,0,0,0,1,0,0,0,0,0,1,0,1,0,0,0,0,0,1,0,1,0
CLI-001268,300.0,9,1,1,100.0,4,2.9,2,4,5,2,19.8,4,1,9.11,0.02,0,0.25,0,0,1,0,0,0,0,0,0,0,1,0,0,0,0,1,0,0,0,0,1,0,0,0,1,0,0,0,0,0,0,1,0,0,0,1,0,0,1,0,0,0,0,1,0,1,0
CLI-000129,54349.0,4,28,21,75.0,82,55.2,25,0,2,0,3.0,5,1,2367.1,0.02,0,0.62,0,0,1,0,0,0,0,0,0,0,0,0,0,1,1,0,0,0,0,0,0,1,0,0,0,0,0,1,0,0,0,1,0,0,0,0,1,0,0,1,0,0,0,1,0,1,0
CLI-003896,110245.0,15,50,32,64.0,33,6.7,22,3,0,0,0.5,5,0,4636.02,0.0,0,0.55,0,0,0,0,0,0,1,1,0,0,0,0,0,0,1,0,0,0,0,0,0,0,1,0,0,0,0,1,0,0,0,0,1,0,1,0,0,1,0,0,0,0,0,1,0,0,1
CLI-002950,397.0,10,2,1,50.0,13,4.0,1,3,2,0,3.7,4,0,48.41,0.01,0,0.06,0,0,0,1,0,0,0,0,0,1,0,0,0,0,1,0,0,0,0,0,1,0,0,0,0,1,0,0,0,0,0,0,1,0,1,0,0,1,0,0,0,0,1,0,0,1,0
CLI-001110,10926.0,1,40,18,45.0,12,11.6,6,0,5,0,10.5,4,3,888.26,0.17,0,0.38,0,0,0,0,0,0,1,0,0,0,0,0,1,0,0,0,0,0,0,1,0,1,0,0,0,1,0,0,0,0,0,0,1,0,0,1,0,0,1,0,0,1,0,0,1,0,0
CLI-000962,59412.0,8,179,117,65.4,43,8.1,11,2,3,2,4.8,4,0,8050.34,0.01,0,0.42,1,0,0,0,0,0,0,0,0,1,0,0,0,0,1,0,0,0,0,0,0,0,1,0,0,0,1,0,0,0,1,0,0,0,1,0,0,0,1,0,0,0,0,1,0,1,0
CLI-004197,9467.0,15,11,3,27.3,11,4.6,2,5,1,0,11.0,3,0,149.93,0.0,0,0.25,1,0,0,0,0,0,0,0,0,1,0,0,0,0,0,0,0,0,1,0,1,0,0,0,1,0,0,0,0,0,1,0,0,1,0,0,0,0,1,0,0,0,0,1,0,0,1
CLI-000831,20155.0,30,11,6,50.0,1,0.3,3,8,1,5,4.9,3,0,847.56,0.0,0,0.08,0,0,0,0,0,1,0,0,0,0,0,1,0,0,1,0,0,0,0,0,1,0,0,0,0,0,0,1,1,0,0,0,0,1,0,0,0,0,1,0,0,0,0,1,0,0,1
CLI-004124,6090.0,17,97,31,32.0,4,0.2,9,1,2,1,17.6,3,0,1856.64,0.0,0,0.56,1,0,0,0,0,0,0,0,0,1,0,0,0,0,1,0,0,0,0,0,0,0,1,0,0,1,0,0,0,0,0,0,1,1,0,0,0,0,1,0,0,0,0,1,0,0,1
CLI-003046,3618.0,11,10,6,60.0,24,15.4,6,3,5,1,10.0,5,2,259.57,0.02,0,0.38,1,0,0,0,0,0,0,0,0,1,0,0,0,0,0,0,0,0,1,0,1,0,0,0,0,1,0,0,0,0,1,0,0,0,0,1,0,0,0,1,0,0,1,0,0,1,0
CLI-002359,9425.0,14,10,4,40.0,10,1.6,5,3,2,1,8.3,3,0,547.32,0.0,0,0.19,0,0,0,0,1,0,0,0,0,1,0,0,0,0,1,0,0,0,0,0,0,1,0,0,0,0,1,0,1,0,0,0,0,1,0,0,0,1,0,0,0,0,0,1,0,0,1
CLI-001444,13578.0,14,13,7,53.8,26,18.4,5,5,0,0,1.1,5,0,331.18,0.0,0,0.31,0,1,0,0,0,0,0,0,0,0,1,0,0,0,0,0,0,0,1,0,0,1,0,0,0,1,0,0,0,0,0,1,0,0,0,1,0,1,0,0,0,0,0,1,0,0,1
CLI-002162,7781.0,4,11,10,90.9,56,47.5,7,0,1,3,15.5,4,1,287.56,0.01,0,0.44,0,0,0,0,0,1,0,0,0,0,0,1,0,0,1,0,0,0,0,0,1,0,0,0,0,1,0,0,0,1,0,0,0,0,1,0,0,0,0,1,0,1,0,0,0,1,0
CLI-004635,591944.0,26,215,138,64.2,63,11.7,15,6,3,0,5.3,5,0,11834.14,0.0,0,0.58,0,0,0,0,1,0,0,0,1,0,0,0,0,0,0,1,0,0,0,0,0,0,0,1,0,0,1,0,0,0,0,1,0,0,0,1,0,0,1,0,0,0,0,1,0,0,1
CLI-004999,7649.0,8,41,18,43.9,28,14.8,6,3,7,0,2.9,3,1,1865.51,0.03,0,0.23,1,0,0,0,0,0,0,0,0,0,1,0,0,0,0,0,1,0,0,0,0,1,0,0,0,0,1,0,0,1,0,0,0,1,0,0,0,0,0,1,0,0,0,1,0,1,0
CLI-004726,973201.0,2,604,202,33.4,3,0.2,1,0,3,5,7.3,2,1,47473.24,0.05,0,0.02,0,0,1,0,0,0,0,0,0,0,0,1,0,0,0,0,0,1,0,0,0,0,0,1,0,0,0,1,0,0,0,1,0,0,0,1,0,1,0,0,0,0,0,1,1,0,0
CLI-000793,6417.0,14,28,14,50.0,11,3.3,1,2,6,5,17.9,3,0,355.71,0.01,0,0.12,0,0,0,0,1,0,0,0,1,0,0,0,0,0,1,0,0,0,0,0,0,1,0,0,1,0,0,0,0,0,0,0,1,0,1,0,0,0,1,0,0,0,0,1,0,0,1
CLI-001237,19191.0,8,27,8,29.6,12,4.7,6,1,0,2,6.7,4,1,1170.16,0.0,0,0.23,0,1,0,0,0,0,0,0,0,1,0,0,0,0,1,0,0,0,0,0,0,1,0,0,0,0,1,0,0,0,0,0,1,1,0,0,0,0,1,0,0,0,0,1,0,1,0
CLI-003012,16212.0,15,56,19,33.9,7,1.8,3,4,1,0,4.9,3,0,1235.64,0.0,0,0.19,1,0,0,0,0,0,0,0,1,0,0,0,0,0,0,1,0,0,0,0,0,1,0,0,0,1,0,0,0,0,0,1,0,0,0,1,0,0,1,0,0,1,0,0,0,0,1
CLI-004452,11601.0,1,16,11,68.8,45,38.4,6,0,0,0,13.0,5,3,392.98,0.0,0,0.38,0,0,1,0,0,0,0,0,0,0,1,0,0,0,0,0,0,0,0,1,0,1,0,0,0,1,0,0,0,0,0,0,1,0,0,1,0,0,1,0,0,0,0,1,1,0,0
CLI-004872,25389.0,11,54,16,29.6,1,0.1,3,3,5,2,7.7,5,0,1407.37,0.02,0,0.19,0,0,0,0,0,0,1,0,1,0,0,0,0,0,1,0,0,0,0,0,0,0,1,0,0,1,0,0,1,0,0,0,0,0,0,0,1,1,0,0,0,0,0,1,0,1,0
CLI-002331,2610.0,11,8,3,37.5,3,0.5,0,1,3,5,32.9,3,1,109.74,0.01,0,0.0,1,0,0,0,0,0,0,0,0,0,0,1,0,0,1,0,0,0,0,0,0,1,0,0,1,0,0,0,0,0,1,0,0,0,0,1,0,1,0,0,0,1,0,0,0,1,0
CLI-002729,8748.0,30,11,4,36.4,6,4.0,3,7,0,6,21.2,3,0,136.78,0.0,0,0.38,0,0,0,0,1,0,0,1,0,0,0,0,0,0,1,0,0,0,0,0,1,0,0,0,1,0,0,0,1,0,0,0,0,1,0,0,0,0,0,1,0,0,0,1,0,0,1
CLI-000907,450.0,19,1,1,100.0,4,0.2,3,6,6,4,34.4,2,0,11.92,0.01,0,0.38,0,0,0,0,1,0,0,1,0,0,0,0,0,0,0,0,0,0,0,1,1,0,0,0,1,0,0,0,0,0,0,1,0,0,0,0,1,0,1,0,1,0,0,0,0,0,1
CLI-004430,7137.0,11,7,5,71.4,58,40.8,13,4,1,0,10.1,5,0,193.42,0.0,0,0.81,0,0,0,0,1,0,0,0,0,0,0,0,1,0,1,0,0,0,0,0,1,0,0,0,0,1,0,0,0,0,1,0,0,0,0,1,0,1,0,0,0,0,1,0,0,1,0
CLI-000352,55900.0,8,128,116,90.6,83,31.3,9,0,0,1,12.8,3,0,3098.68,0.0,0,0.56,0,0,0,0,0,0,1,0,0,0,0,1,0,0,1,0,0,0,0,0,0,0,1,0,0,1,0,0,0,0,1,0,0,1,0,0,0,0,0,1,0,1,0,0,0,1,0
CLI-004517,399.0,7,6,2,33.3,1,0.1,2,2,2,2,23.8,4,0,60.78,0.01,0,0.25,0,0,1,0,0,0,0,0,0,1,0,0,0,0,0,0,1,0,0,0,1,0,0,0,1,0,0,0,0,1,0,0,0,0,0,0,1,0,1,0,0,1,0,0,0,1,0
CLI-002951,20390.0,2,45,27,60.0,12,9.7,5,1,7,1,10.8,4,3,956.38,0.12,0,0.31,0,1,0,0,0,0,0,1,0,0,0,0,0,0,0,0,0,0,0,1,0,1,0,0,0,1,0,0,0,0,0,1,0,0,1,0,0,0,1,0,0,0,0,1,1,0,0
CLI-001127,1564.0,15,6,2,33.3,1,0.7,0,1,11,5,27.6,3,1,73.37,0.02,0,0.0,1,0,0,0,0,0,0,0,0,1,0,0,0,0,1,0,0,0,0,0,1,0,0,0,1,0,0,0,0,0,1,0,0,1,0,0,0,0,1,0,0,1,0,0,0,0,1
CLI-002022,8062.0,12,17,7,41.2,2,1.3,3,6,13,5,15.4,3,0,446.9,0.04,0,0.19,0,0,0,1,0,0,0,0,0,0,0,0,0,1,1,0,0,0,0,0,0,1,0,0,0,1,0,0,0,1,0,0,0,0,0,0,1,0,1,0,1,0,0,0,0,1,0
CLI-002607,6535.0,5,25,13,52.0,23,5.7,3,0,1,6,35.6,3,4,318.77,0.01,0,0.38,0,0,0,0,1,0,0,1,0,0,0,0,0,0,1,0,0,0,0,0,0,1,0,0,1,0,0,0,0,1,0,0,0,1,0,0,0,0,1,0,0,0,0,1,0,1,0
CLI-000564,33965.0,1,116,0,0.0,0,0.0,0,0,30,4,3.7,3,2,8284.23,1.0,1,0.0,0,0,0,1,0,0,0,1,0,0,0,0,0,0,1,0,0,0,0,0,0,0,1,0,0,0,0,1,0,1,0,0,0,0,0,1,0,0,1,0,1,0,0,0,1,0,0
CLI-000600,3351.0,9,9,4,44.4,7,0.4,6,0,1,0,10.65,5,0,240.37,0.0,0,0.38,0,0,0,0,1,0,0,0,0,1,0,0,0,0,0,0,0,0,0,1,0,1,0,0,0,1,0,0,0,0,1,0,0,1,0,0,0,0,0,1,0,1,0,0,0,1,0
CLI-002257,31010.0,1,46,10,21.7,1,0.1,7,0,30,2,10.65,3,2,1800.79,1.0,1,0.27,0,0,0,1,0,0,0,0,0,1,0,0,0,0,1,0,0,0,0,0,0,1,0,0,0,0,1,0,0,0,1,0,0,1,0,0,0,0,1,0,0,0,0,1,1,0,0
CLI-001161,469.0,7,4,2,50.0,15,7.5,2,2,2,0,15.2,5,2,43.99,0.01,0,0.25,0,0,0,0,0,0,1,0,0,1,0,0,0,0,0,0,0,1,0,0,1,0,0,0,1,0,0,0,0,0,0,0,1,1,0,0,0,1,0,0,0,1,0,0,0,1,0
CLI-000791,260227.0,3,679,81,11.9,1,0.1,4,0,1,5,11.0,2,2,26445.87,0.01,0,0.15,0,0,0,1,0,0,0,1,0,0,0,0,0,0,1,0,0,0,0,0,0,0,0,1,0,0,1,0,1,0,0,0,0,0,0,1,0,0,0,1,0,0,0,1,1,0,0
CLI-000594,1287.0,14,3,3,100.0,106,81.1,13,2,0,6,17.5,3,0,87.2,0.0,0,0.81,0,0,0,0,1,0,0,1,0,0,0,0,0,0,1,0,0,0,0,0,1,0,0,0,0,1,0,0,0,0,1,0,0,0,0,1,0,0,0,1,0,0,0,1,0,0,1
CLI-004290,1767.0,6,4,1,25.0,3,0.9,2,4,4,0,15.9,3,1,55.24,0.02,0,0.25,0,0,0,0,0,0,1,0,0,0,1,0,0,0,1,0,0,0,0,0,1,0,0,0,1,0,0,0,0,0,0,0,1,1,0,0,0,0,0,1,0,0,0,1,0,1,0
CLI-004450,27933.0,13,57,25,43.9,4,2.3,10,4,12,0,3.8,4,0,2620.38,0.03,0,0.38,0,1,0,0,0,0,0,0,0,0,1,0,0,0,1,0,0,0,0,0,0,1,0,0,0,0,1,0,0,0,0,1,0,1,0,0,0,1,0,0,0,1,0,0,0,0,1
CLI-004207,10427.0,1,22,10,45.5,15,8.8,10,2,0,0,4.2,3,1,794.72,0.0,0,0.38,1,0,0,0,0,0,0,0,1,0,0,0,0,0,0,1,0,0,0,0,0,1,0,0,0,0,1,0,0,0,0,0,1,0,1,0,0,1,0,0,0,0,0,1,1,0,0
CLI-001385,46207.0,11,76,22,28.9,7,0.9,11,0,2,1,4.7,3,1,3314.74,0.01,0,0.42,0,0,0,1,0,0,0,0,0,1,0,0,0,0,1,0,0,0,0,0,0,0,1,0,0,0,1,0,0,0,1,0,0,0,0,1,0,1,0,0,0,1,0,0,0,1,0
CLI-003887,5281.0,10,11,8,72.7,40,12.4,7,0,1,6,19.9,3,0,322.01,0.0,0,0.44,0,0,0,1,0,0,0,0,0,0,1,0,0,0,0,0,0,0,1,0,0,1,0,0,0,1,0,0,0,0,1,0,0,0,1,0,0,1,0,0,0,0,0,1,0,1,0
CLI-000689,57680.0,1,41,27,65.9,29,11.6,7,0,2,1,8.9,3,1,1099.09,0.07,0,0.44,0,0,0,0,0,1,0,1,0,0,0,0,0,0,0,1,0,0,0,0,0,1,0,0,0,1,0,0,0,0,1,0,0,0,1,0,0,0,0,1,0,1,0,0,1,0,0
CLI-002511,535.0,1,1,1,100.0,66,19.7,7,0,1,1,5.7,4,0,20.4,0.03,0,0.44,0,0,0,0,1,0,0,0,0,0,0,1,0,0,0,0,0,0,1,0,1,0,0,0,0,1,0,0,0,0,0,1,0,0,0,1,0,0,1,0,0,1,0,0,1,0,0
CLI-004638,65737.0,12,56,44,78.6,70,5.7,11,3,0,0,10.1,3,0,1484.57,0.0,0,0.69,0,0,0,0,0,0,1,0,0,0,1,0,0,0,0,0,1,0,0,0,0,1,0,0,0,1,0,0,0,0,1,0,0,1,0,0,0,0,1,0,0,0,1,0,0,1,0
CLI-000407,11812.0,23,6,2,33.3,1,0.1,0,7,3,4,15.3,3,0,134.62,0.0,0,0.0,0,1,0,0,0,0,0,0,0,0,0,1,0,0,0,0,1,0,0,0,1,0,0,0,0,1,0,0,0,0,0,0,1,1,0,0,0,0,0,1,0,0,0,1,0,0,1
CLI-004787,219300.0,10,231,159,68.8,56,19.5,15,1,1,0,4.0,5,1,9905.13,0.0,0,0.58,1,0,0,0,0,0,0,0,0,0,0,1,0,0,1,0,0,0,0,0,0,0,0,1,0,0,1,0,0,1,0,0,0,1,0,0,0,1,0,0,0,0,0,1,0,1,0
CLI-004618,91808.0,1,88,29,33.0,17,3.6,9,0,2,5,6.0,3,1,4306.18,0.07,0,0.35,0,0,0,0,0,1,0,0,0,0,0,0,1,0,0,0,0,0,0,1,0,0,1,0,0,0,1,0,1,0,0,0,0,0,0,1,0,0,0,1,0,0,0,1,1,0,0
CLI-001096,27508.0,10,48,14,29.2,5,0.9,3,2,2,2,11.5,3,0,1242.47,0.01,0,0.19,0,1,0,0,0,0,0,0,0,0,1,0,0,0,1,0,0,0,0,0,0,1,0,0,0,1,0,0,1,0,0,0,0,0,0,1,0,1,0,0,0,1,0,0,0,1,0
CLI-002603,1542.0,1,7,3,42.9,16,1.1,9,0,1,5,12.7,3,2,156.74,0.03,0,0.56,0,0,0,0,1,0,0,0,1,0,0,0,0,0,0,0,0,0,0,1,1,0,0,0,0,1,0,0,0,0,1,0,0,1,0,0,0,0,0,1,0,0,0,1,1,0,0
CLI-004070,4259.0,17,8,7,87.5,80,34.4,3,7,0,1,26.1,3,0,115.41,0.0,0,0.38,0,0,0,1,0,0,0,0,0,0,1,0,0,0,0,0,1,0,0,0,1,0,0,0,1,0,0,0,0,0,0,0,1,0,0,0,1,0,0,1,0,0,0,1,0,0,1
CLI-000743,146662.0,4,37,25,67.6,43,17.5,14,1,0,5,9.0,2,1,1987.29,0.0,0,0.54,1,0,0,0,0,0,0,0,0,1,0,0,0,0,1,0,0,0,0,0,0,1,0,0,0,0,1,0,1,0,0,0,0,1,0,0,0,0,0,1,0,0,0,1,0,1,0
CLI-004409,8749.0,2,22,12,54.5,18,9.0,4,1,1,0,14.0,4,1,288.35,0.02,0,0.5,0,1,0,0,0,0,0,0,0,1,0,0,0,0,1,0,0,0,0,0,0,1,0,0,1,0,0,0,1,0,0,0,0,0,0,1,0,1,0,0,0,0,0,1,1,0,0
CLI-003113,17758.0,15,43,17,39.5,6,2.1,5,7,6,3,11.4,3,0,1203.14,0.01,0,0.31,0,0,0,1,0,0,0,0,0,1,0,0,0,0,0,0,0,0,1,0,0,0,1,0,0,1,0,0,0,0,0,1,0,0,1,0,0,0,1,0,0,0,0,1,0,0,1
CLI-001978,19828.0,14,32,9,28.1,1,0.1,9,5,10,5,5.0,2,1,1209.05,0.02,0,0.35,0,0,1,0,0,0,0,0,0,0,0,0,1,0,1,0,0,0,0,0,0,1,0,0,0,0,1,0,0,0,1,0,0,1,0,0,0,0,0,1,0,0,0,1,0,0,1
CLI-004025,81100.0,14,72,66,91.7,111,109.2,8,3,1,1,11.5,5,0,2104.31,0.0,0,0.5,0,0,1,0,0,0,0,0,1,0,0,0,0,0,1,0,0,0,0,0,0,0,1,0,0,1,0,0,0,0,0,0,1,0,1,0,0,0,1,0,0,0,1,0,0,0,1
CLI-002985,52538.0,18,136,66,48.5,23,8.1,6,3,1,0,5.5,3,0,3203.53,0.0,0,0.38,0,0,1,0,0,0,0,1,0,0,0,0,0,0,1,0,0,0,0,0,0,0,1,0,0,1,0,0,1,0,0,0,0,1,0,0,0,0,1,0,0,1,0,0,0,0,1
CLI-000546,376371.0,8,274,229,83.6,82,46.7,12,2,1,2,9.8,3,1,10928.3,0.0,0,0.46,0,1,0,0,0,0,0,0,0,0,0,1,0,0,1,0,0,0,0,0,0,0,0,1,0,0,1,0,1,0,0,0,0,0,0,1,0,0,0,1,0,0,0,1,0,1,0
CLI-004794,65625.0,1,36,24,66.7,53,42.0,16,0,0,0,2.3,5,2,2964.09,0.0,0,0.4,0,1,0,0,0,0,0,0,0,1,0,0,0,0,1,0,0,0,0,0,0,1,0,0,0,0,0,1,0,0,0,0,1,0,0,0,1,0,1,0,0,1,0,0,1,0,0
CLI-000999,17180.0,11,37,14,37.8,9,2.4,9,2,4,4,9.2,3,0,952.33,0.01,0,0.56,0,0,0,0,0,1,0,0,0,0,0,1,0,0,0,0,1,0,0,0,0,1,0,0,0,1,0,0,0,0,1,0,0,0,0,0,1,0,1,0,1,0,0,0,0,1,0
CLI-000833,104338.0,18,116,53,45.7,23,11.7,16,2,1,0,2.5,5,0,8482.77,0.0,0,0.4,0,0,0,0,0,1,0,0,0,1,0,0,0,0,0,0,0,0,1,0,0,0,1,0,0,0,0,1,0,1,0,0,0,0,0,0,1,1,0,0,0,1,0,0,0,0,1
CLI-001343,43089.0,14,26,14,53.8,19,9.0,10,2,1,1,1.5,4,0,1695.1,0.0,0,0.25,0,0,0,0,0,0,1,0,0,0,1,0,0,0,1,0,0,0,0,0,0,1,0,0,0,0,0,1,0,0,1,0,0,1,0,0,0,1,0,0,0,0,0,1,0,0,1
CLI-001184,2266.0,12,9,3,33.3,1,0.5,1,2,12,4,19.6,3,1,110.56,0.03,0,0.12,0,0,0,0,1,0,0,0,1,0,0,0,0,0,1,0,0,0,0,0,1,0,0,0,1,0,0,0,0,1,0,0,0,0,0,1,0,0,0,1,0,1,0,0,0,1,0
CLI-003947,13243.0,20,42,25,59.5,27,5.6,5,4,0,2,10.65,4,0,1076.69,0.0,0,0.31,0,0,0,1,0,0,0,0,0,0,0,1,0,0,1,0,0,0,0,0,0,1,0,0,0,1,0,0,1,0,0,0,0,0,1,0,0,1,0,0,0,0,0,1,0,0,1
CLI-003383,89129.0,23,28,21,75.0,50,40.6,8,6,2,1,7.8,4,0,905.78,0.0,0,0.5,0,0,0,0,0,1,0,0,0,0,1,0,0,0,0,0,0,1,0,0,0,1,0,0,0,1,0,0,0,0,1,0,0,1,0,0,0,0,1,0,0,0,0,1,0,0,1
CLI-004964,11305.0,33,11,3,27.3,17,8.4,9,4,0,5,7.0,4,0,626.64,0.0,0,0.35,1,0,0,0,0,0,0,0,0,0,0,0,1,0,1,0,0,0,0,0,0,1,0,0,0,0,1,0,1,0,0,0,0,0,0,0,1,1,0,0,0,0,0,1,0,0,1
CLI-004335,1083.0,24,7,3,42.9,16,3.5,0,7,0,0,35.6,3,0,69.49,0.0,0,0.0,1,0,0,0,0,0,0,0,0,0,0,0,1,0,1,0,0,0,0,0,1,0,0,0,1,0,0,0,0,0,1,0,0,0,0,0,1,0,1,0,0,1,0,0,0,0,1
CLI-003682,3657.0,10,7,2,28.6,1,0.3,2,4,3,3,22.3,3,0,85.76,0.01,0,0.25,1,0,0,0,0,0,0,0,0,1,0,0,0,0,0,0,0,0,0,1,1,0,0,0,1,0,0,0,0,0,1,0,0,0,0,1,0,0,0,1,0,1,0,0,0,1,0
CLI-004374,10771.0,7,15,11,73.3,38,15.0,8,0,1,1,19.1,2,0,437.85,0.0,0,0.5,0,0,0,0,0,1,0,0,1,0,0,0,0,0,1,0,0,0,0,0,0,1,0,0,0,1,0,0,0,1,0,0,0,1,0,0,0,0,0,1,1,0,0,0,0,1,0
CLI-002611,89713.0,1,192,138,50.0,27,10.9,6,0,2,2,10.3,3,2,9117.22,0.07,0,0.23,0,0,0,0,1,0,0,1,0,0,0,0,0,0,0,1,0,0,0,0,0,0,1,0,0,0,1,0,0,0,0,0,1,1,0,0,0,0,0,1,0,0,0,1,1,0,0
CLI-000653,2916.0,1,13,11,50.0,62,51.7,6,0,0,2,15.2,4,3,253.99,0.0,0,0.38,0,0,0,0,0,1,0,0,1,0,0,0,0,0,0,0,1,0,0,0,0,1,0,0,0,1,0,0,0,0,0,1,0,1,0,0,0,0,0,1,0,0,0,1,1,0,0
CLI-003468,561028.0,9,58,53,91.4,90,68.8,25,0,2,11,2.7,3,0,5701.5,0.01,0,0.62,0,0,0,0,1,0,0,1,0,0,0,0,0,0,0,0,1,0,0,0,0,1,0,0,0,0,0,1,1,0,0,0,0,1,0,0,0,0,1,0,0,0,0,1,0,1,0
CLI-001986,13328.0,8,18,14,77.8,57,41.9,9,0,0,4,12.6,5,0,478.04,0.0,0,0.56,0,0,0,0,0,0,1,1,0,0,0,0,0,0,1,0,0,0,0,0,0,1,0,0,0,1,0,0,0,1,0,0,0,1,0,0,0,0,1,0,0,1,0,0,0,1,0
CLI-002992,2966.0,7,7,2,28.6,1,0.3,3,2,5,4,6.7,4,1,226.05,0.02,0,0.12,0,0,1,0,0,0,0,0,0,0,0,1,0,0,1,0,0,0,0,0,0,1,0,0,0,0,1,0,1,0,0,0,0,0,1,0,0,0,1,0,0,0,0,1,0,1,0
CLI-000881,1310489.0,6,615,588,95.6,87,52.4,17,1,1,1,8.7,4,1,34003.36,0.01,0,0.65,0,1,0,0,0,0,0,0,0,0,0,0,0,1,0,0,0,0,1,0,0,0,0,1,0,0,1,0,0,0,0,0,1,0,1,0,0,1,0,0,0,0,0,1,0,1,0
CLI-003347,300.0,20,1,1,100.0,1,0.1,0,3,2,4,17.9,3,0,9.22,0.0,0,0.0,1,0,0,0,0,0,0,0,0,0,0,0,0,1,0,1,0,0,0,0,1,0,0,0,1,0,0,0,0,0,1,0,0,0,1,0,0,0,0,1,0,1,0,0,0,0,1
CLI-000356,62410.0,6,132,98,74.2,48,30.8,6,1,0,5,10.65,3,0,3171.24,0.0,0,0.38,0,1,0,0,0,0,0,0,0,0,0,1,0,0,1,0,0,0,0,0,0,0,1,0,0,1,0,0,0,0,0,1,0,0,1,0,0,0,0,1,0,0,0,1,0,1,0
CLI-002519,694.0,16,2,1,50.0,15,4.4,7,3,1,7,2.7,1,0,169.34,0.0,0,0.18,0,0,1,0,0,0,0,0,1,0,0,0,0,0,0,0,0,0,0,1,1,0,0,0,0,0,0,1,0,0,1,0,0,0,0,1,0,1,0,0,1,0,0,0,0,0,1
CLI-004744,300.0,13,1,1,100.0,1,0.1,1,1,30,0,10.7,5,0,10.72,0.08,1,0.12,0,0,1,0,0,0,0,0,0,1,0,0,0,0,0,0,0,0,1,0,1,0,0,0,1,0,0,0,0,0,1,0,0,1,0,0,0,0,1,0,0,0,0,1,0,0,1
CLI-002392,10274.0,1,41,27,65.9,21,13.7,3,0,0,2,22.0,5,1,447.49,0.0,0,0.38,0,0,0,0,0,1,0,0,0,0,0,0,1,0,1,0,0,0,0,0,0,1,0,0,1,0,0,0,0,0,0,1,0,0,0,0,1,0,1,0,0,0,0,1,1,0,0
CLI-002236,300.0,11,1,1,100.0,42,10.5,4,0,1,4,24.2,4,0,12.28,0.0,0,0.5,0,0,0,1,0,0,0,0,0,0,0,1,0,0,1,0,0,0,0,0,1,0,0,0,1,0,0,0,0,0,0,1,0,0,1,0,0,1,0,0,0,1,0,0,0,1,0
CLI-000543,22868.0,3,115,42,36.5,1,5.7,4,0,21,0,6.4,5,3,2535.28,0.23,0,0.25,0,0,0,1,0,0,0,0,0,1,0,0,0,0,0,0,0,1,0,0,0,0,1,0,0,1,0,0,0,0,0,1,0,0,0,1,0,0,0,1,0,0,0,1,1,0,0
CLI-003688,3659.0,4,34,11,32.4,4,0.2,2,1,5,5,41.3,1,0,343.21,0.04,0,0.25,1,0,0,0,0,0,0,0,0,0,0,0,0,1,0,0,0,0,0,1,0,1,0,0,1,0,0,0,0,0,0,1,0,0,1,0,0,0,0,1,0,0,0,1,0,1,0
CLI-003433,680.0,15,4,1,25.0,1,0.1,3,1,3,3,18.2,3,0,46.05,0.01,0,0.38,0,0,0,0,1,0,0,0,0,0,0,0,0,1,1,0,0,0,0,0,1,0,0,0,1,0,0,0,0,1,0,0,0,1,0,0,0,0,1,0,0,0,0,1,0,0,1
CLI-004536,47468.0,8,59,7,11.9,1,0.1,0,2,26,5,14.8,3,0,1564.54,0.11,0,0.0,0,0,0,0,1,0,0,0,0,0,1,0,0,0,1,0,0,0,0,0,0,1,0,0,0,1,0,0,0,0,1,0,0,0,1,0,0,0,1,0,0,0,0,1,0,1,0
CLI-001430,3754.0,13,7,4,57.1,28,10.1,6,4,1,1,14.8,3,0,147.68,0.0,0,0.38,0,0,0,0,1,0,0,0,0,0,0,1,0,0,1,0,0,0,0,0,1,0,0,0,0,1,0,0,0,0,1,0,0,1,0,0,0,0,1,0,0,0,0,1,0,0,1
CLI-002061,1514.0,6,6,4,66.7,33,7.4,5,0,2,0,7.8,5,0,150.0,0.01,0,0.31,0,1,0,0,0,0,0,0,0,0,0,1,0,0,0,0,1,0,0,0,1,0,0,0,0,1,0,0,0,0,0,0,1,0,1,0,0,0,0,1,0,1,0,0,0,1,0
CLI-003676,1638.0,6,21,13,61.9,27,2.2,3,2,0,0,14.4,4,2,252.0,0.0,0,0.38,0,1,0,0,0,0,0,1,0,0,0,0,0,0,1,0,0,0,0,0,0,1,0,0,1,0,0,0,0,0,1,0,0,0,1,0,0,0,1,0,0,1,0,0,0,1,0
CLI-004010,487.0,6,12,5,41.7,12,3.3,3,0,2,2,14.2,4,1,118.72,0.01,0,0.38,0,0,0,0,0,1,0,0,0,0,0,0,1,0,0,0,1,0,0,0,0,1,0,0,1,0,0,0,1,0,0,0,0,0,0,1,0,0,0,1,0,0,0,1,0,1,0
CLI-002070,68479.0,13,149,126,84.6,63,17.9,10,3,3,4,7.3,3,0,6423.94,0.01,0,0.38,0,1,0,0,0,0,0,0,0,1,0,0,0,0,1,0,0,0,0,0,0,0,1,0,0,0,1,0,0,0,0,1,0,0,0,1,0,0,0,1,0,0,0,1,0,0,1
CLI-001222,300.0,7,2,1,50.0,1,0.1,0,2,30,5,21.8,2,0,17.98,0.14,1,0.0,0,0,1,0,0,0,0,0,0,0,0,1,0,0,1,0,0,0,0,0,1,0,0,0,1,0,0,0,1,0,0,0,0,0,0,1,0,1,0,0,0,0,0,1,0,1,0
CLI-003664,241854.0,6,467,297,63.6,56,47.5,27,2,0,0,4.6,5,2,42134.9,0.0,0,0.68,0,0,0,0,1,0,0,0,0,1,0,0,0,0,0,0,1,0,0,0,0,0,0,1,0,0,0,1,0,0,1,0,0,0,0,1,0,1,0,0,0,1,0,0,0,1,0
CLI-000803,10456.0,5,13,6,46.2,19,11.1,6,1,1,7,6.7,3,2,607.21,0.01,0,0.23,0,0,0,0,0,0,1,0,0,0,0,1,0,0,1,0,0,0,0,0,0,1,0,0,0,0,1,0,1,0,0,0,0,1,0,0,0,1,0,0,0,0,0,1,0,1,0
CLI-002040,841.0,16,6,3,50.0,29,1.5,1,6,1,2,22.3,3,0,68.39,0.0,0,0.12,0,0,1,0,0,0,0,0,1,0,0,0,0,0,1,0,0,0,0,0,1,0,0,0,1,0,0,0,0,0,0,0,1,0,0,1,0,0,1,0,0,0,1,0,0,0,1
CLI-002025,943.0,1,5,2,40.0,1,0.6,3,0,1,4,10.65,4,3,47.93,0.03,0,0.38,1,0,0,0,0,0,0,0,0,0,0,0,0,1,1,0,0,0,0,0,1,0,0,0,1,0,0,0,1,0,0,0,0,0,0,1,0,1,0,0,0,0,0,1,1,0,0
CLI-003321,392159.0,2,134,42,31.3,1,0.1,5,0,30,2,4.1,5,2,11121.92,0.5,1,0.12,0,0,0,1,0,0,0,0,0,0,1,0,0,0,1,0,0,0,0,0,0,0,1,0,0,0,0,1,1,0,0,0,0,0,1,0,0,0,0,1,0,0,0,1,1,0,0
CLI-002080,54705.0,1,278,125,45.0,12,4.6,1,0,7,0,12.9,5,1,3511.22,0.23,0,0.12,0,0,0,0,1,0,0,0,0,0,0,1,0,0,0,1,0,0,0,0,0,0,0,1,1,0,0,0,0,0,1,0,0,0,0,1,0,1,0,0,0,0,0,1,1,0,0
CLI-000778,589177.0,3,524,219,41.8,10,3.1,12,0,7,4,6.6,2,1,44906.77,0.08,0,0.3,0,0,0,0,0,0,1,0,0,1,0,0,0,0,1,0,0,0,0,0,0,0,0,1,0,0,0,1,0,0,0,1,0,0,0,1,0,0,1,0,0,0,0,1,1,0,0
CLI-004473,162694.0,18,116,42,36.2,1,0.4,5,4,11,1,10.65,3,0,6400.23,0.02,0,0.19,0,0,1,0,0,0,0,0,0,0,0,0,0,1,1,0,0,0,0,0,0,0,1,0,0,0,1,0,0,0,0,1,0,0,1,0,0,0,0,1,0,0,0,1,0,0,1
CLI-003204,3360.0,1,38,0,0.0,0,0.0,0,0,30,6,28.5,3,0,409.78,1.0,1,0.0,0,0,0,0,0,1,0,0,0,0,0,0,1,0,0,0,0,0,0,1,0,1,0,0,1,0,0,0,1,0,0,0,0,0,0,0,1,0,0,1,0,0,0,1,1,0,0
CLI-000826,4669.0,10,9,5,55.6,25,1.2,27,4,0,3,4.4,3,0,632.69,0.0,0,0.68,0,0,0,0,1,0,0,0,0,1,0,0,0,0,1,0,0,0,0,0,1,0,0,0,0,0,0,1,1,0,0,0,0,0,1,0,0,0,0,1,0,0,0,1,0,1,0
CLI-001928,1531.0,1,6,4,66.7,10,3.4,3,0,2,1,10.0,5,4,71.83,0.07,0,0.38,0,0,0,0,0,0,1,0,0,1,0,0,0,0,1,0,0,0,0,0,1,0,0,0,1,0,0,0,0,0,0,1,0,0,0,0,1,0,1,0,0,1,0,0,1,0,0
CLI-000634,544.0,1,8,2,25.0,1,0.7,3,0,30,5,25.5,5,4,73.7,1.0,1,0.38,1,0,0,0,0,0,0,0,0,0,0,0,0,1,1,0,0,0,0,0,1,0,0,0,1,0,0,0,0,0,1,0,0,0,0,0,1,0,0,1,0,0,0,1,1,0,0
CLI-002505,18073.0,16,49,0,0.0,0,0.0,0,0,45,1,13.2,3,0,918.34,0.09,1,0.0,0,0,0,0,0,0,1,1,0,0,0,0,0,0,1,0,0,0,0,0,0,1,0,0,0,1,0,0,0,1,0,0,0,0,0,0,1,1,0,0,1,0,0,0,0,0,1
CLI-002806,30426.0,3,46,13,50.0,5,3.1,1,1,1,0,10.65,4,3,1952.88,0.01,0,0.04,0,0,0,0,0,1,0,0,0,1,0,0,0,0,1,0,0,0,0,0,0,1,0,0,0,0,1,0,0,0,0,1,0,0,0,0,1,0,1,0,0,0,0,1,1,0,0
CLI-001342,1155.0,4,11,1,9.1,1,0.3,2,0,1,5,24.7,3,0,100.64,0.01,0,0.25,0,0,0,0,1,0,0,0,0,0,1,0,0,0,1,0,0,0,0,0,1,0,0,0,1,0,0,0,1,0,0,0,0,0,1,0,0,0,1,0,1,0,0,0,0,1,0
CLI-004394,313461.0,1,789,506,64.1,31,5.8,25,0,0,4,3.6,2,4,54609.99,0.0,0,0.62,0,0,0,0,0,0,1,0,0,0,1,0,0,0,0,0,0,1,0,0,0,0,0,1,0,0,0,1,1,0,0,0,0,1,0,0,0,1,0,0,0,0,0,1,1,0,0
CLI-000066,411063.0,28,360,158,43.9,18,3.8,15,7,1,8,7.4,1,0,14744.01,0.0,0,0.58,0,1,0,0,0,0,0,0,0,0,0,0,1,0,0,0,0,0,1,0,0,0,0,1,0,0,1,0,0,0,1,0,0,0,1,0,0,0,0,1,0,0,0,1,0,0,1
CLI-001144,3818.0,9,3,1,50.0,1,0.3,3,3,25,2,14.6,3,0,81.69,0.09,0,0.19,0,1,0,0,0,0,0,0,0,0,0,0,1,0,1,0,0,0,0,0,1,0,0,0,0,1,0,0,0,0,0,1,0,0,1,0,0,1,0,0,0,1,0,0,0,1,0
CLI-000386,478798.0,3,468,128,27.4,1,0.1,1,0,30,7,4.9,2,1,29194.97,0.33,1,0.02,0,0,1,0,0,0,0,0,0,0,1,0,0,0,0,0,1,0,0,0,0,0,0,1,0,0,0,1,0,0,0,0,1,0,0,0,1,0,0,1,1,0,0,0,1,0,0
CLI-000028,752272.0,1,348,293,84.2,54,23.6,20,0,1,1,3.8,4,4,33977.96,0.03,0,0.5,0,0,1,0,0,0,0,0,0,0,1,0,0,0,1,0,0,0,0,0,0,0,0,1,0,0,0,1,0,0,0,1,0,1,0,0,0,0,1,0,0,0,0,1,1,0,0
CLI-000050,4413.0,17,7,4,57.1,38,10.4,3,4,0,2,20.7,5,0,85.43,0.0,0,0.38,0,0,0,1,0,0,0,0,0,1,0,0,0,0,1,0,0,0,0,0,0,1,0,0,1,0,0,0,0,0,1,0,0,0,0,1,0,0,0,1,0,0,0,1,0,0,1
CLI-001115,5463.0,7,18,5,27.8,13,3.5,7,2,3,2,5.2,4,0,666.24,0.01,0,0.27,0,0,0,0,1,0,0,0,0,0,0,1,0,0,0,0,0,0,1,0,0,1,0,0,0,0,1,0,1,0,0,0,0,0,0,0,1,0,1,0,0,0,0,1,0,1,0
CLI-004152,1114965.0,22,229,144,62.9,26,8.2,9,6,0,4,5.0,2,0,11426.16,0.0,0,0.35,0,0,0,0,1,0,0,0,0,1,0,0,0,0,1,0,0,0,0,0,0,0,0,1,0,0,1,0,0,0,0,0,1,0,1,0,0,1,0,0,1,0,0,0,0,0,1
CLI-002667,536.0,16,4,2,50.0,34,25.6,5,0,1,0,23.6,3,0,46.68,0.0,0,0.62,0,0,1,0,0,0,0,0,0,0,1,0,0,0,0,0,0,0,0,1,1,0,0,0,1,0,0,0,0,0,0,0,1,0,0,0,1,1,0,0,0,0,0,1,0,0,1
CLI-000433,4006.0,2,19,6,31.6,1,0.2,5,0,14,2,16.4,2,2,407.07,0.23,0,0.31,1,0,0,0,0,0,0,0,0,0,0,1,0,0,1,0,0,0,0,0,0,1,0,0,0,1,0,0,0,0,0,0,1,0,0,0,1,0,0,1,0,0,0,1,1,0,0
CLI-004007,3226.0,17,11,5,45.5,5,0.2,1,4,2,6,23.0,1,0,262.3,0.0,0,0.06,0,0,1,0,0,0,0,0,0,0,0,1,0,0,0,0,1,0,0,0,1,0,0,0,0,1,0,0,0,0,0,0,1,1,0,0,0,0,0,1,0,0,0,1,0,0,1
CLI-003169,27419.0,9,56,37,66.1,43,25.7,6,7,4,1,10.5,4,0,1194.22,0.01,0,0.38,0,1,0,0,0,0,0,0,0,1,0,0,0,0,0,1,0,0,0,0,0,0,1,0,0,1,0,0,0,0,0,0,1,0,0,1,0,0,0,1,0,0,0,1,0,1,0
CLI-000014,2227.0,24,3,1,33.3,15,10.2,3,4,2,1,7.7,3,0,90.53,0.0,0,0.19,0,0,0,0,0,1,0,0,1,0,0,0,0,0,1,0,0,0,0,0,1,0,0,0,0,1,0,0,0,0,1,0,0,0,1,0,0,1,0,0,0,0,0,1,0,0,1
CLI-000874,98754.0,1,88,36,40.9,9,2.5,3,0,1,6,8.5,2,5,3884.89,0.03,0,0.12,0,0,0,0,0,0,1,0,0,0,0,0,0,1,1,0,0,0,0,0,0,0,1,0,0,0,1,0,1,0,0,0,0,0,1,0,0,0,1,0,0,0,0,1,1,0,0
CLI-000932,13823.0,1,38,22,57.9,48,11.1,16,0,1,3,6.7,3,1,1873.04,0.03,0,0.62,0,1,0,0,0,0,0,0,0,1,0,0,0,0,1,0,0,0,0,0,0,1,0,0,0,0,1,0,0,1,0,0,0,0,0,0,1,1,0,0,0,1,0,0,1,0,0
CLI-003906,674.0,14,7,1,14.3,1,0.3,1,3,2,0,10.65,4,0,82.2,0.0,0,0.12,0,0,1,0,0,0,0,0,0,0,0,0,1,0,1,0,0,0,0,0,1,0,0,0,1,0,0,0,0,0,0,0,1,0,1,0,0,0,0,1,0,0,0,1,0,0,1
CLI-003897,234245.0,22,306,60,19.6,2,1.2,4,8,30,5,5.5,3,0,23805.4,0.05,1,0.1,0,0,0,0,0,0,1,0,0,0,1,0,0,0,0,1,0,0,0,0,0,0,0,1,0,0,0,1,0,0,0,1,0,0,0,0,1,0,0,1,0,0,0,1,0,0,1
CLI-004135,17037.0,11,46,39,84.8,77,36.4,9,5,0,5,11.6,4,1,1222.14,0.0,0,0.56,1,0,0,0,0,0,0,0,1,0,0,0,0,0,0,0,0,1,0,0,0,0,1,0,0,1,0,0,0,0,1,0,0,0,0,1,0,1,0,0,0,0,1,0,0,1,0
CLI-004034,1506.0,13,7,4,57.1,13,1.4,4,5,2,2,7.3,5,0,175.0,0.01,0,0.25,0,0,1,0,0,0,0,0,1,0,0,0,0,0,1,0,0,0,0,0,1,0,0,0,0,1,0,0,0,0,0,0,1,0,1,0,0,1,0,0,0,0,0,1,0,0,1
CLI-000368,1365.0,11,24,11,45.8,22,5.7,3,0,0,0,8.9,5,0,288.0,0.0,0,0.38,0,0,0,0,1,0,0,0,0,1,0,0,0,0,1,0,0,0,0,0,0,1,0,0,1,0,0,0,1,0,0,0,0,0,0,1,0,0,0,1,0,1,0,0,0,1,0
CLI-000381,16762.0,14,25,14,56.0,31,20.7,7,8,4,3,11.6,4,0,567.83,0.01,0,0.44,0,0,0,0,0,1,0,1,0,0,0,0,0,0,1,0,0,0,0,0,0,1,0,0,0,1,0,0,0,1,0,0,0,0,0,1,0,0,0,1,0,0,0,1,0,0,1
CLI-003488,52043.0,24,29,8,27.6,13,3.9,3,4,3,0,5.1,3,0,1547.97,0.0,0,0.12,0,0,0,0,0,1,0,0,0,0,1,0,0,0,1,0,0,0,0,0,0,1,0,0,0,0,1,0,0,1,0,0,0,1,0,0,0,0,0,1,0,0,0,1,0,0,1
CLI-003810,35149.0,10,48,10,20.8,1,0.2,13,1,3,3,4.0,4,3,3572.09,0.01,0,0.32,0,0,1,0,0,0,0,0,1,0,0,0,0,0,1,0,0,0,0,0,0,1,0,0,0,0,0,1,0,1,0,0,0,0,0,0,1,0,0,1,0,0,0,1,0,1,0
CLI-000828,300.0,16,2,1,50.0,14,8.6,4,1,2,3,26.0,4,0,25.96,0.0,0,0.5,1,0,0,0,0,0,0,0,0,1,0,0,0,0,1,0,0,0,0,0,1,0,0,0,1,0,0,0,1,0,0,0,0,0,0,1,0,1,0,0,0,1,0,0,0,0,1
CLI-004793,300.0,16,1,1,100.0,60,27.0,5,2,0,2,24.2,4,0,12.51,0.0,0,0.62,1,0,0,0,0,0,0,0,0,1,0,0,0,0,1,0,0,0,0,0,1,0,0,0,1,0,0,0,0,0,0,1,0,0,0,0,1,0,1,0,0,0,0,1,0,0,1
CLI-003086,23065.0,11,51,29,56.9,41,29.5,13,6,1,0,7.5,4,1,2344.0,0.0,0,0.5,0,1,0,0,0,0,0,1,0,0,0,0,0,0,0,0,1,0,0,0,0,1,0,0,0,0,1,0,0,0,1,0,0,0,0,0,1,0,0,1,0,0,0,1,0,1,0
CLI-003333,10463.0,12,43,23,53.5,3,1.9,4,2,30,2,12.8,3,0,1063.29,0.08,1,0.25,0,0,1,0,0,0,0,0,0,0,1,0,0,0,0,0,1,0,0,0,0,1,0,0,0,1,0,0,1,0,0,0,0,0,1,0,0,0,0,1,0,0,0,1,0,1,0
CLI-000890,41085.0,21,24,15,62.5,43,15.7,12,4,1,0,3.6,3,0,1284.71,0.0,0,0.46,0,0,0,0,0,0,1,1,0,0,0,0,0,0,1,0,0,0,0,0,0,1,0,0,0,0,1,0,0,1,0,0,0,0,1,0,0,1,0,0,0,0,0,1,0,0,1
CLI-000974,1785.0,6,3,2,66.7,58,24.8,8,0,3,1,11.5,4,2,87.09,0.02,0,0.5,1,0,0,0,0,0,0,0,0,0,0,0,0,1,0,0,0,1,0,0,1,0,0,0,0,1,0,0,0,1,0,0,0,0,1,0,0,1,0,0,0,0,0,1,0,1,0
CLI-001677,1500.0,17,10,7,70.0,50,21.4,5,6,4,5,33.5,2,0,130.67,0.01,0,0.62,0,0,0,0,1,0,0,1,0,0,0,0,0,0,1,0,0,0,0,0,1,0,0,0,1,0,0,0,0,0,1,0,0,0,0,0,1,0,0,1,1,0,0,0,0,0,1
CLI-003283,146290.0,14,200,141,70.5,34,18.8,17,4,0,2,3.4,3,0,16218.35,0.0,0,0.42,0,0,0,0,0,1,0,1,0,0,0,0,0,0,1,0,0,0,0,0,0,0,1,0,0,0,0,1,0,0,1,0,0,0,0,1,0,0,1,0,0,1,0,0,0,0,1
CLI-004376,1521.0,13,11,5,45.5,8,1.3,3,2,8,0,0.5,5,0,132.51,0.02,0,0.38,0,0,0,0,1,0,0,0,0,0,1,0,0,0,1,0,0,0,0,0,1,0,0,0,1,0,0,0,0,0,1,0,0,0,1,0,0,1,0,0,0,1,0,0,0,0,1
CLI-004663,2682.0,7,11,2,18.2,4,1.7,2,1,2,5,36.7,3,0,142.21,0.01,0,0.25,0,0,0,0,1,0,0,1,0,0,0,0,0,0,0,0,0,1,0,0,1,0,0,0,1,0,0,0,0,0,0,0,1,0,0,1,0,1,0,0,0,0,0,1,0,1,0
CLI-003388,5376.0,15,7,3,42.9,19,1.0,6,4,0,3,15.8,4,0,177.18,0.0,0,0.38,0,0,0,0,0,1,0,0,0,0,1,0,0,0,1,0,0,0,0,0,1,0,0,0,0,1,0,0,0,0,0,0,1,0,0,0,1,0,1,0,0,0,1,0,0,0,1
CLI-002876,2829.0,5,11,9,81.8,52,50.2,2,2,0,1,22.1,4,1,127.76,0.0,0,0.25,0,1,0,0,0,0,0,0,0,0,0,0,0,1,0,0,1,0,0,0,1,0,0,0,1,0,0,0,0,0,0,1,0,0,0,1,0,1,0,0,0,0,0,1,0,1,0
CLI-001738,1670049.0,24,556,207,37.2,18,6.9,10,3,1,4,10.65,3,0,45258.77,0.0,0,0.25,0,0,0,0,0,1,0,0,0,0,1,0,0,0,0,0,0,1,0,0,0,0,0,1,0,0,0,1,0,1,0,0,0,1,0,0,0,0,1,0,0,1,0,0,0,0,1
CLI-004496,34735.0,1,26,23,88.5,68,56.9,16,0,1,2,1.9,3,3,1114.72,0.03,0,0.62,0,0,0,0,0,1,0,0,0,0,0,0,1,0,1,0,0,0,0,0,0,1,0,0,0,0,1,0,1,0,0,0,0,0,0,0,1,0,0,1,0,0,0,1,1,0,0
CLI-001573,4132.0,11,10,9,50.0,114,61.1,4,3,1,4,27.5,3,1,119.98,0.0,0,0.5,0,0,0,1,0,0,0,0,0,0,0,0,0,1,1,0,0,0,0,0,1,0,0,0,1,0,0,0,0,1,0,0,0,0,0,1,0,0,0,1,0,0,0,1,0,1,0
CLI-000801,21385.0,14,90,18,20.0,4,1.8,6,5,0,5,17.7,1,0,1738.63,0.0,0,0.38,0,0,0,0,0,1,0,0,0,0,1,0,0,0,1,0,0,0,0,0,0,0,1,0,0,1,0,0,0,1,0,0,0,1,0,0,0,0,0,1,0,0,0,1,0,0,1
CLI-002497,377140.0,15,497,96,19.3,1,0.3,1,1,25,2,6.5,1,0,32851.93,0.06,0,0.02,0,0,0,1,0,0,0,0,0,1,0,0,0,0,1,0,0,0,0,0,0,0,0,1,0,0,0,1,0,0,0,1,0,1,0,0,0,1,0,0,0,0,0,1,0,0,1
CLI-004607,268057.0,16,160,124,77.5,58,20.9,14,2,0,4,7.9,3,0,8602.59,0.0,0,0.54,0,0,0,1,0,0,0,0,1,0,0,0,0,0,1,0,0,0,0,0,0,0,1,0,0,0,1,0,0,0,0,1,0,0,0,1,0,0,1,0,0,0,0,1,0,0,1
CLI-000197,840.0,12,7,2,28.6,5,0.4,2,2,6,0,6.8,4,1,73.19,0.02,0,0.25,1,0,0,0,0,0,0,0,0,0,0,0,0,1,1,0,0,0,0,0,1,0,0,0,1,0,0,0,0,0,0,0,1,1,0,0,0,0,0,1,0,0,0,1,0,1,0
CLI-004490,15642.0,5,21,17,81.0,66,5.7,21,3,1,6,4.9,3,1,1734.17,0.01,0,0.52,0,0,0,1,0,0,0,0,0,1,0,0,0,0,0,0,0,0,1,0,0,1,0,0,0,0,0,1,1,0,0,0,0,1,0,0,0,0,0,1,0,1,0,0,0,1,0
CLI-002590,91837.0,16,181,80,44.2,5,4.2,12,4,7,3,7.5,3,0,8145.0,0.01,0,0.46,1,0,0,0,0,0,0,0,0,1,0,0,0,0,1,0,0,0,0,0,0,0,1,0,0,0,1,0,0,0,0,0,1,0,0,1,0,0,1,0,0,0,0,1,0,0,1
CLI-001736,31946.0,7,167,92,55.1,34,24.0,3,1,1,6,14.4,3,0,4328.68,0.0,0,0.19,0,0,1,0,0,0,0,0,0,1,0,0,0,0,0,0,0,1,0,0,0,0,0,1,0,1,0,0,0,1,0,0,0,0,0,0,1,1,0,0,0,1,0,0,0,1,0
CLI-003884,6190.0,27,4,4,100.0,136,72.6,6,6,0,2,26.5,4,0,62.91,0.0,0,0.75,0,0,0,0,0,1,0,0,0,1,0,0,0,0,0,0,0,0,1,0,1,0,0,0,1,0,0,0,1,0,0,0,0,1,0,0,0,0,1,0,0,0,0,1,0,0,1
CLI-004927,3646.0,2,54,0,0.0,0,0.0,0,0,60,0,24.3,5,2,555.83,1.0,1,0.0,1,0,0,0,0,0,0,0,0,1,0,0,0,0,1,0,0,0,0,0,0,1,0,0,1,0,0,0,0,0,0,1,0,1,0,0,0,0,1,0,1,0,0,0,1,0,0
CLI-001055,2625.0,3,4,3,75.0,69,27.8,4,1,1,0,9.9,5,0,48.0,0.01,0,0.5,0,0,0,0,0,0,1,0,0,0,0,0,0,1,1,0,0,0,0,0,1,0,0,0,1,0,0,0,0,0,0,0,1,0,1,0,0,0,1,0,0,1,0,0,1,0,0
CLI-003525,53116.0,1,124,65,52.4,29,5.7,6,0,0,2,10.7,3,1,2944.33,0.0,0,0.38,1,0,0,0,0,0,0,0,0,1,0,0,0,0,1,0,0,0,0,0,0,0,1,0,0,1,0,0,0,0,1,0,0,0,0,1,0,1,0,0,0,0,0,1,1,0,0
CLI-002817,1688.0,13,4,1,25.0,7,3.2,7,3,2,1,10.7,4,2,114.34,0.01,0,0.44,1,0,0,0,0,0,0,1,0,0,0,0,0,0,0,0,1,0,0,0,1,0,0,0,0,1,0,0,0,0,0,0,1,1,0,0,0,0,1,0,0,0,1,0,0,0,1
CLI-003099,3832.0,3,11,6,54.5,38,24.8,9,0,1,0,12.5,3,0,245.96,0.01,0,0.56,0,0,0,0,0,1,0,0,0,1,0,0,0,0,0,0,0,0,1,0,1,0,0,0,0,1,0,0,0,0,1,0,0,0,0,0,1,0,0,1,0,0,0,1,1,0,0
CLI-003154,368.0,1,5,0,0.0,0,0.0,0,0,30,4,50.6,2,3,40.82,1.0,1,0.0,0,1,0,0,0,0,0,0,1,0,0,0,0,0,0,0,0,1,0,0,1,0,0,0,1,0,0,0,0,0,1,0,0,1,0,0,0,1,0,0,0,0,0,1,1,0,0
CLI-004155,1159668.0,13,479,310,64.7,61,28.6,23,2,1,1,10.65,4,0,47140.98,0.0,0,0.57,0,0,0,0,0,1,0,1,0,0,0,0,0,0,1,0,0,0,0,0,0,0,0,1,0,0,0,1,0,0,1,0,0,0,1,0,0,0,1,0,0,1,0,0,0,0,1
CLI-000457,2617.0,5,9,4,44.4,11,6.4,9,3,2,0,3.9,3,2,319.18,0.01,0,0.35,1,0,0,0,0,0,0,0,0,0,0,1,0,0,1,0,0,0,0,0,0,1,0,0,0,0,1,0,0,0,0,0,1,0,1,0,0,1,0,0,0,1,0,0,0,1,0
CLI-000915,34788.0,5,58,15,50.0,1,0.2,1,0,30,3,7.4,3,3,1844.54,0.2,1,0.04,0,0,1,0,0,0,0,0,1,0,0,0,0,0,1,0,0,0,0,0,0,1,0,0,0,0,1,0,0,0,0,1,0,0,1,0,0,0,0,1,0,1,0,0,0,1,0
CLI-001580,9825.0,15,22,9,40.9,14,8.0,3,1,1,2,16.3,3,0,460.82,0.0,0,0.19,0,0,0,1,0,0,0,0,0,1,0,0,0,0,0,0,0,0,0,1,0,1,0,0,0,1,0,0,0,0,0,0,1,0,1,0,0,0,1,0,0,0,0,1,0,0,1
CLI-000024,21712.0,15,130,94,72.3,32,23.4,4,5,1,2,14.0,4,0,2647.81,0.0,0,0.25,0,0,0,1,0,0,0,1,0,0,0,0,0,0,0,0,1,0,0,0,0,0,1,0,0,1,0,0,1,0,0,0,0,1,0,0,0,0,0,1,0,0,0,1,0,0,1
CLI-001394,4493.0,16,5,4,80.0,48,23.6,5,3,1,5,36.0,3,0,74.04,0.0,0,0.62,0,0,0,0,0,1,0,0,0,0,0,0,1,0,0,0,0,0,1,0,1,0,0,0,1,0,0,0,1,0,0,0,0,0,0,0,1,1,0,0,0,0,0,1,0,0,1
CLI-004015,5772.0,6,4,2,50.0,42,5.7,6,1,2,4,13.4,3,0,97.76,0.01,0,0.38,0,0,0,0,0,0,1,0,0,0,0,0,0,1,1,0,0,0,0,0,1,0,0,0,0,1,0,0,0,0,0,1,0,1,0,0,0,0,1,0,0,1,0,0,0,1,0
CLI-004510,365723.0,18,502,137,27.3,5,2.3,9,2,12,6,9.0,3,0,22300.21,0.02,0,0.35,0,1,0,0,0,0,0,0,0,1,0,0,0,0,1,0,0,0,0,0,0,0,0,1,0,0,1,0,1,0,0,0,0,0,1,0,0,1,0,0,1,0,0,0,0,0,1
CLI-000404,5944.0,1,52,15,28.8,3,1.2,0,0,0,6,27.0,4,2,517.81,0.0,0,0.0,0,0,0,0,0,1,0,0,0,1,0,0,0,0,1,0,0,0,0,0,0,1,0,0,1,0,0,0,0,1,0,0,0,0,0,1,0,0,0,1,0,0,0,1,1,0,0
CLI-004748,53370.0,16,57,13,22.8,7,2.9,2,5,3,4,23.5,2,0,619.86,0.01,0,0.25,0,0,0,1,0,0,0,0,0,1,0,0,0,0,1,0,0,0,0,0,0,1,0,0,1,0,0,0,0,0,0,1,0,0,0,1,0,1,0,0,0,0,0,1,0,0,1
CLI-003861,29105.0,1,57,42,73.7,67,26.4,13,0,1,4,10.65,4,1,2218.39,0.03,0,0.5,0,0,0,0,1,0,0,1,0,0,0,0,0,0,1,0,0,0,0,0,0,1,0,0,0,0,1,0,0,0,1,0,0,1,0,0,0,1,0,0,0,0,0,1,1,0,0
CLI-002862,4870.0,1,22,3,13.6,1,0.1,0,0,19,0,2.5,4,0,456.87,0.63,0,0.0,0,0,0,1,0,0,0,1,0,0,0,0,0,0,1,0,0,0,0,0,0,1,0,0,0,1,0,0,1,0,0,0,0,0,1,0,0,1,0,0,0,0,0,1,1,0,0
CLI-000042,46258.0,11,37,34,91.9,116,67.6,12,4,2,3,20.1,2,1,940.21,0.01,0,0.75,0,0,1,0,0,0,0,1,0,0,0,0,0,0,1,0,0,0,0,0,0,0,1,0,0,1,0,0,0,1,0,0,0,1,0,0,0,0,0,1,1,0,0,0,0,1,0
CLI-003828,6897.0,23,27,8,29.6,7,0.8,1,3,8,5,28.9,4,0,262.83,0.01,0,0.12,0,0,0,0,1,0,0,0,0,0,0,0,1,0,1,0,0,0,0,0,0,1,0,0,1,0,0,0,1,0,0,0,0,0,0,0,1,0,0,1,0,0,0,1,0,0,1
CLI-003278,358430.0,10,191,108,56.5,30,5.7,12,0,0,1,2.1,3,0,16189.26,0.0,0,0.3,0,0,0,0,1,0,0,0,0,1,0,0,0,0,0,0,1,0,0,0,0,0,1,0,0,0,0,1,0,0,0,0,1,0,0,0,1,1,0,0,0,0,0,1,0,1,0
CLI-001033,39248.0,17,38,16,42.1,1,0.2,4,6,30,1,10.8,2,0,1063.63,0.06,1,0.25,0,0,0,1,0,0,0,0,0,1,0,0,0,0,0,0,0,0,1,0,0,1,0,0,0,1,0,0,0,0,0,1,0,1,0,0,0,0,0,1,0,0,0,1,0,0,1
CLI-000659,20657.0,23,55,11,20.0,1,0.3,4,4,8,1,8.3,3,0,1095.26,0.01,0,0.25,1,0,0,0,0,0,0,0,0,0,0,0,1,0,1,0,0,0,0,0,0,1,0,0,0,1,0,0,0,0,0,1,0,0,0,0,1,0,0,1,0,0,0,1,0,0,1
CLI-004924,158649.0,5,46,39,84.8,34,5.7,22,0,1,1,4.4,4,1,4116.48,0.01,0,0.55,1,0,0,0,0,0,0,0,1,0,0,0,0,0,1,0,0,0,0,0,0,1,0,0,0,0,0,1,0,0,0,0,1,0,1,0,0,0,0,1,0,1,0,0,0,1,0
CLI-000949,2835.0,21,6,2,33.3,3,5.7,2,7,8,4,31.4,3,0,82.32,0.01,0,0.25,0,0,1,0,0,0,0,0,1,0,0,0,0,0,1,0,0,0,0,0,1,0,0,0,1,0,0,0,0,0,0,1,0,0,0,0,1,1,0,0,0,1,0,0,0,0,1
CLI-000596,172833.0,12,197,162,82.2,65,7.5,10,4,4,8,12.5,2,1,10538.61,0.01,0,0.38,0,0,0,0,0,1,0,0,0,0,0,0,0,1,0,1,0,0,0,0,0,0,1,0,0,0,1,0,0,1,0,0,0,0,1,0,0,0,1,0,0,0,0,1,0,1,0
CLI-003047,14978.0,4,38,16,42.1,10,4.3,6,1,1,11,23.0,3,1,1014.74,0.01,0,0.38,0,0,0,0,0,1,0,0,1,0,0,0,0,0,1,0,0,0,0,0,0,1,0,0,0,1,0,0,0,0,1,0,0,1,0,0,0,0,1,0,1,0,0,0,0,1,0
CLI-000575,1195.0,5,6,3,50.0,20,4.2,5,1,4,2,11.4,3,2,132.43,0.03,0,0.31,0,0,0,0,0,1,0,1,0,0,0,0,0,0,0,0,0,0,0,1,1,0,0,0,0,1,0,0,0,0,0,1,0,1,0,0,0,1,0,0,0,0,0,1,0,1,0
CLI-004591,26588.0,9,52,43,82.7,39,22.5,9,2,1,2,9.7,3,1,1351.04,0.0,0,0.56,0,0,0,0,0,0,1,0,0,1,0,0,0,0,0,0,0,0,0,1,0,1,0,0,0,1,0,0,0,0,0,0,1,1,0,0,0,0,0,1,0,1,0,0,0,1,0
CLI-000948,260329.0,25,99,30,30.3,1,0.1,1,10,30,4,8.8,1,1,5380.92,0.04,1,0.04,0,0,1,0,0,0,0,0,0,0,1,0,0,0,0,0,0,0,0,1,0,0,1,0,0,0,1,0,0,0,1,0,0,0,0,1,0,0,0,1,1,0,0,0,0,0,1
CLI-001702,586341.0,9,319,110,34.5,11,3.8,13,1,1,10,4.7,1,0,26483.33,0.0,0,0.32,0,0,0,1,0,0,0,0,1,0,0,0,0,0,0,1,0,0,0,0,0,0,0,1,0,0,0,1,0,0,0,0,1,0,0,1,0,0,0,1,0,0,0,1,0,1,0
CLI-002514,359.0,4,2,2,100.0,69,21.3,4,0,0,5,16.0,3,3,54.7,0.0,0,0.25,0,1,0,0,0,0,0,0,0,0,0,0,1,0,1,0,0,0,0,0,1,0,0,0,0,1,0,0,0,0,0,0,1,0,0,1,0,0,1,0,0,1,0,0,0,1,0
CLI-003905,385.0,1,4,1,25.0,11,6.3,4,1,2,3,30.4,3,0,42.73,0.07,0,0.5,0,0,0,1,0,0,0,1,0,0,0,0,0,0,1,0,0,0,0,0,1,0,0,0,1,0,0,0,0,0,0,0,1,0,1,0,0,0,1,0,0,0,0,1,1,0,0
CLI-003908,40382.0,15,57,28,49.1,38,24.4,14,4,2,1,1.0,3,0,4103.83,0.0,0,0.35,0,0,1,0,0,0,0,0,0,1,0,0,0,0,0,0,0,1,0,0,0,1,0,0,0,0,0,1,0,0,0,1,0,1,0,0,0,0,0,1,0,0,0,1,0,0,1
CLI-000487,126258.0,1,168,61,36.3,1,0.2,11,0,21,3,1.3,3,3,12831.1,0.7,0,0.28,0,0,0,0,1,0,0,0,0,1,0,0,0,0,0,0,0,0,1,0,0,0,1,0,0,0,0,1,1,0,0,0,0,0,0,1,0,0,0,1,0,0,0,1,1,0,0
CLI-002230,204568.0,9,161,110,68.3,20,14.5,24,4,1,0,1.2,5,0,13859.61,0.0,0,0.6,0,0,0,0,0,1,0,0,0,0,0,1,0,0,1,0,0,0,0,0,0,0,0,1,0,0,0,1,0,1,0,0,0,0,0,1,0,0,0,1,0,0,1,0,0,1,0
CLI-000761,792.0,19,2,1,50.0,1,0.7,1,2,30,0,10.7,4,0,23.0,0.05,1,0.12,0,0,0,1,0,0,0,0,0,0,0,1,0,0,0,1,0,0,0,0,1,0,0,0,1,0,0,0,0,0,0,1,0,1,0,0,0,0,0,1,0,0,0,1,0,0,1
CLI-001456,16451.0,13,29,13,44.8,3,1.1,4,1,1,2,15.6,4,0,691.8,0.0,0,0.25,0,0,0,0,1,0,0,0,0,0,0,0,1,0,0,1,0,0,0,0,0,1,0,0,0,1,0,0,0,0,0,1,0,0,0,1,0,1,0,0,0,1,0,0,0,0,1
CLI-002422,3114.0,5,39,20,51.3,15,6.5,6,1,2,2,9.5,4,1,949.31,0.01,0,0.38,0,0,0,1,0,0,0,0,0,1,0,0,0,0,1,0,0,0,0,0,0,1,0,0,0,1,0,0,0,0,1,0,0,0,1,0,0,0,0,1,0,1,0,0,0,1,0
CLI-002582,357.0,20,1,1,100.0,16,5.7,2,2,3,2,28.6,4,0,12.82,0.0,0,0.25,0,0,0,0,0,0,1,0,0,1,0,0,0,0,1,0,0,0,0,0,1,0,0,0,1,0,0,0,0,0,1,0,0,0,0,1,0,0,0,1,0,1,0,0,0,0,1
CLI-003028,1784.0,16,14,7,50.0,20,4.4,4,1,2,3,21.7,3,0,168.0,0.0,0,0.5,1,0,0,0,0,0,0,0,0,1,0,0,0,0,0,1,0,0,0,0,0,1,0,0,1,0,0,0,0,0,1,0,0,0,0,0,1,1,0,0,0,0,0,1,0,0,1
CLI-000269,17750.0,8,45,14,31.1,4,1.4,4,3,2,3,8.6,4,0,1202.6,0.01,0,0.25,0,0,0,1,0,0,0,0,0,0,1,0,0,0,1,0,0,0,0,0,0,1,0,0,0,1,0,0,1,0,0,0,0,1,0,0,0,1,0,0,0,0,0,1,0,1,0
CLI-003097,15666.0,32,10,1,10.0,1,0.4,7,11,7,4,12.3,4,0,293.92,0.01,0,0.44,0,0,1,0,0,0,0,0,0,0,1,0,0,0,1,0,0,0,0,0,1,0,0,0,0,1,0,0,0,0,1,0,0,0,0,0,1,1,0,0,1,0,0,0,0,0,1
CLI-003642,1798.0,19,15,9,60.0,32,4.7,9,3,0,0,2.3,3,0,548.15,0.0,0,0.35,0,1,0,0,0,0,0,0,0,0,0,0,1,0,0,0,0,1,0,0,0,1,0,0,0,0,1,0,1,0,0,0,0,0,0,1,0,0,0,1,0,0,0,1,0,0,1
CLI-000995,44829.0,5,43,26,60.5,23,21.1,11,0,0,3,3.8,5,0,1607.92,0.0,0,0.42,0,0,0,0,0,0,1,0,0,0,0,0,1,0,0,0,0,0,1,0,0,1,0,0,0,0,1,0,0,1,0,0,0,0,0,1,0,1,0,0,0,0,0,1,0,1,0
CLI-000318,3109.0,17,2,1,50.0,39,17.3,14,2,0,3,12.7,4,0,114.91,0.0,0,0.54,0,0,0,1,0,0,0,0,1,0,0,0,0,0,0,1,0,0,0,0,1,0,0,0,0,0,1,0,0,0,0,0,1,0,0,1,0,0,1,0,0,1,0,0,0,0,1
CLI-003796,553.0,17,4,1,25.0,2,5.7,2,3,6,1,8.1,3,0,84.35,0.01,0,0.12,0,0,0,0,0,0,1,0,0,0,0,1,0,0,1,0,0,0,0,0,1,0,0,0,0,1,0,0,0,0,1,0,0,1,0,0,0,1,0,0,0,0,0,1,0,0,1
CLI-001344,740.0,1,2,1,50.0,10,3.0,5,0,2,1,13.4,4,4,53.1,0.07,0,0.31,0,0,0,1,0,0,0,0,1,0,0,0,0,0,1,0,0,0,0,0,1,0,0,0,0,1,0,0,0,0,1,0,0,0,0,1,0,0,0,1,0,1,0,0,1,0,0
CLI-001065,1444.0,3,11,5,45.5,1,0.4,12,0,30,2,10.65,4,2,440.24,0.33,1,0.46,0,1,0,0,0,0,0,1,0,0,0,0,0,0,0,0,0,0,0,1,1,0,0,0,0,0,1,0,0,1,0,0,0,0,0,0,1,0,0,1,0,1,0,0,1,0,0
CLI-004036,22157.0,3,54,51,94.4,97,67.4,19,1,1,0,3.1,4,2,2702.05,0.01,0,0.73,1,0,0,0,0,0,0,0,0,1,0,0,0,0,0,0,1,0,0,0,0,1,0,0,0,0,1,0,0,1,0,0,0,0,0,1,0,0,0,1,0,0,0,1,1,0,0
CLI-002283,191637.0,12,130,67,51.5,31,5.7,16,2,1,1,2.1,3,0,9737.65,0.0,0,0.4,0,0,0,0,0,0,1,0,0,1,0,0,0,0,0,0,0,0,0,1,0,0,0,1,0,0,0,1,0,0,0,1,0,0,1,0,0,0,0,1,0,0,0,1,0,1,0
CLI-001600,1284.0,5,5,3,60.0,18,7.6,1,1,1,4,15.6,1,3,120.45,0.01,0,0.06,0,0,0,1,0,0,0,0,0,0,0,0,0,1,1,0,0,0,0,0,1,0,0,0,0,1,0,0,0,0,0,1,0,0,0,0,1,0,0,1,0,0,0,1,0,1,0
CLI-003026,5733.0,6,7,3,42.9,15,6.0,12,3,0,4,7.9,3,0,291.31,0.0,0,0.46,0,0,0,0,1,0,0,0,0,0,0,0,0,1,0,0,1,0,0,0,1,0,0,0,0,0,1,0,0,0,1,0,0,0,0,0,1,0,0,1,0,1,0,0,0,1,0
CLI-004602,3951.0,5,17,5,29.4,1,0.4,0,1,13,4,8.9,3,0,401.5,0.09,0,0.0,0,0,0,0,0,0,1,0,1,0,0,0,0,0,0,0,0,0,1,0,0,1,0,0,0,1,0,0,0,0,0,0,1,0,0,0,1,0,0,1,0,1,0,0,0,1,0
CLI-000194,3473.0,12,11,5,45.5,15,9.7,4,4,1,0,6.4,5,0,282.33,0.0,0,0.25,0,0,1,0,0,0,0,0,0,0,0,1,0,0,0,0,0,0,0,1,1,0,0,0,0,1,0,0,0,0,0,1,0,0,1,0,0,0,0,1,0,0,0,1,0,1,0
CLI-004507,7060.0,13,25,15,60.0,26,9.7,5,4,0,0,7.8,5,0,717.46,0.0,0,0.31,0,0,0,0,0,1,0,1,0,0,0,0,0,0,0,0,0,1,0,0,0,1,0,0,0,1,0,0,0,1,0,0,0,0,0,1,0,0,1,0,0,0,0,1,0,0,1
CLI-003336,1537.0,8,7,4,57.1,29,15.7,2,2,4,9,31.9,4,1,89.28,0.02,0,0.25,0,1,0,0,0,0,0,0,0,1,0,0,0,0,0,0,0,0,0,1,1,0,0,0,1,0,0,0,0,1,0,0,0,0,0,1,0,0,0,1,0,0,0,1,0,1,0
CLI-003221,1043.0,3,4,1,25.0,2,1.2,3,1,14,4,11.8,2,0,90.82,0.16,0,0.19,0,0,0,1,0,0,0,0,0,1,0,0,0,0,1,0,0,0,0,0,1,0,0,0,0,1,0,0,0,0,0,0,1,1,0,0,0,0,0,1,0,0,0,1,1,0,0
CLI-001340,40194.0,1,80,11,13.8,1,0.1,2,2,30,5,10.6,2,4,2883.33,1.0,1,0.08,0,0,1,0,0,0,0,0,0,0,1,0,0,0,1,0,0,0,0,0,0,0,1,0,0,0,1,0,0,0,1,0,0,0,0,0,1,0,1,0,0,0,0,1,1,0,0
CLI-002451,4442.0,12,7,6,85.7,65,36.4,6,4,0,0,20.6,3,0,85.99,0.0,0,0.75,0,1,0,0,0,0,0,0,0,0,0,1,0,0,1,0,0,0,0,0,1,0,0,0,1,0,0,0,0,0,1,0,0,1,0,0,0,0,0,1,0,0,0,1,0,1,0
CLI-004334,1230.0,7,6,3,50.0,17,5.7,4,1,1,4,20.4,2,0,149.99,0.0,0,0.25,0,0,0,1,0,0,0,0,0,0,1,0,0,0,0,1,0,0,0,0,1,0,0,0,0,1,0,0,1,0,0,0,0,0,0,0,1,0,0,1,1,0,0,0,0,1,0
CLI-001145,66863.0,14,149,36,24.2,2,0.1,3,4,5,12,18.9,2,0,3136.15,0.01,0,0.19,0,1,0,0,0,0,0,0,0,0,0,1,0,0,1,0,0,0,0,0,0,0,1,0,0,1,0,0,1,0,0,0,0,0,1,0,0,1,0,0,1,0,0,0,0,0,1
CLI-003152,46962.0,12,42,30,71.4,47,27.5,9,3,0,5,15.6,3,1,1145.41,0.0,0,0.56,0,0,0,0,0,0,1,0,1,0,0,0,0,0,1,0,0,0,0,0,0,1,0,0,0,1,0,0,0,0,0,0,1,0,0,1,0,0,1,0,0,0,0,1,0,1,0
CLI-001942,18230.0,17,32,0,0.0,0,0.0,0,0,38,0,4.2,4,0,1587.94,0.07,1,0.0,0,0,0,0,1,0,0,0,0,0,0,1,0,0,0,0,0,0,0,1,0,1,0,0,0,0,1,0,0,0,0,0,1,0,1,0,0,0,1,0,1,0,0,0,0,0,1
CLI-001722,40812.0,12,24,15,62.5,16,8.3,6,2,1,5,20.5,2,1,638.09,0.0,0,0.38,0,0,0,0,0,1,0,0,0,1,0,0,0,0,0,0,0,0,0,1,0,1,0,0,0,1,0,0,1,0,0,0,0,0,0,1,0,0,0,1,0,0,0,1,0,1,0
CLI-001186,22036.0,6,57,22,38.6,4,2.0,4,0,1,2,8.5,5,0,1279.7,0.01,0,0.25,0,0,0,0,1,0,0,0,0,1,0,0,0,0,1,0,0,0,0,0,0,1,0,0,0,1,0,0,1,0,0,0,0,0,0,1,0,0,1,0,0,0,0,1,0,1,0
CLI-003426,907.0,16,2,1,50.0,1,0.1,4,3,5,2,10.9,5,0,52.69,0.01,0,0.25,0,0,0,0,1,0,0,0,1,0,0,0,0,0,0,0,0,1,0,0,1,0,0,0,0,1,0,0,1,0,0,0,0,0,0,1,0,0,1,0,0,0,1,0,0,0,1
CLI-003622,5015.0,11,6,3,50.0,8,2.8,3,1,4,3,27.1,2,1,76.45,0.01,0,0.38,0,0,0,0,1,0,0,0,0,0,0,1,0,0,0,0,0,0,0,1,1,0,0,0,1,0,0,0,0,0,0,1,0,0,0,1,0,0,1,0,0,0,0,1,0,1,0
CLI-003618,5393.0,1,11,9,81.8,52,18.9,13,0,5,8,5.5,3,3,469.77,0.17,0,0.5,0,0,0,0,0,1,0,0,0,0,0,0,0,1,0,0,0,1,0,0,0,1,0,0,0,0,1,0,0,0,0,0,1,1,0,0,0,1,0,0,1,0,0,0,1,0,0
CLI-004559,14673.0,17,53,18,34.0,1,5.7,4,3,10,0,10.2,3,0,1192.93,0.02,0,0.25,1,0,0,0,0,0,0,0,1,0,0,0,0,0,1,0,0,0,0,0,0,1,0,0,0,1,0,0,0,0,0,1,0,0,0,1,0,0,0,1,0,1,0,0,0,0,1
CLI-004315,51741.0,26,48,27,56.2,25,1.5,3,9,0,4,38.8,2,0,589.71,0.0,0,0.38,0,0,1,0,0,0,0,0,0,0,0,0,1,0,1,0,0,0,0,0,0,1,0,0,1,0,0,0,0,0,1,0,0,0,1,0,0,0,0,1,1,0,0,0,0,0,1
CLI-002385,22544.0,3,41,35,85.4,69,25.7,17,0,2,1,10.65,4,0,2114.79,0.02,0,0.65,0,0,0,1,0,0,0,1,0,0,0,0,0,0,0,0,0,0,1,0,0,1,0,0,0,0,1,0,0,0,0,1,0,0,0,0,1,1,0,0,0,1,0,0,1,0,0
CLI-002005,10869.0,16,37,9,24.3,1,0.1,1,2,5,0,7.5,5,0,473.38,0.01,0,0.12,0,0,0,0,1,0,0,1,0,0,0,0,0,0,1,0,0,0,0,0,0,1,0,0,1,0,0,0,0,0,0,0,1,1,0,0,0,0,1,0,1,0,0,0,0,0,1
CLI-004674,253561.0,1,366,174,47.5,26,13.6,9,0,2,0,6.1,2,2,14724.81,0.07,0,0.35,1,0,0,0,0,0,0,1,0,0,0,0,0,0,0,0,1,0,0,0,0,0,0,1,0,0,1,0,0,0,0,1,0,0,0,0,1,0,0,1,1,0,0,0,1,0,0
CLI-003789,627.0,4,1,1,100.0,45,18.0,12,2,1,2,2.3,4,0,40.26,0.01,0,0.46,0,0,0,0,0,0,1,0,0,0,0,1,0,0,1,0,0,0,0,0,1,0,0,0,0,0,1,0,0,0,0,0,1,0,0,1,0,0,0,1,0,0,0,1,0,1,0
CLI-001605,7218.0,22,11,9,50.0,79,57.7,10,4,1,4,14.0,4,0,303.54,0.0,0,0.62,0,1,0,0,0,0,0,0,1,0,0,0,0,0,0,1,0,0,0,0,1,0,0,0,0,1,0,0,0,0,0,0,1,0,0,1,0,1,0,0,0,0,0,1,0,0,1
CLI-004864,149953.0,27,54,29,53.7,21,18.3,6,16,0,2,10.65,2,0,2949.51,0.0,0,0.23,0,0,0,0,1,0,0,1,0,0,0,0,0,0,1,0,0,0,0,0,0,0,1,0,0,0,1,0,0,0,1,0,0,0,1,0,0,0,0,1,0,0,0,1,0,0,1
CLI-003736,355.0,10,1,1,100.0,3,1.1,4,2,1,7,15.5,3,0,22.81,0.0,0,0.25,0,0,0,1,0,0,0,0,1,0,0,0,0,0,0,0,0,0,0,1,1,0,0,0,0,1,0,0,0,0,0,1,0,0,0,1,0,1,0,0,0,0,0,1,0,1,0
CLI-001735,7331.0,10,43,28,65.1,45,24.7,7,0,0,0,11.0,5,0,1117.55,0.0,0,0.44,0,0,0,0,0,0,1,0,0,0,0,1,0,0,0,0,0,1,0,0,0,1,0,0,0,1,0,0,0,1,0,0,0,0,0,1,0,1,0,0,0,0,0,1,0,1,0
CLI-001142,26311.0,9,25,18,72.0,25,11.8,19,1,3,4,4.3,4,0,1887.46,0.01,0,0.48,0,0,0,0,0,0,1,1,0,0,0,0,0,0,0,0,0,1,0,0,0,1,0,0,0,0,0,1,0,0,0,0,1,0,0,0,1,0,0,1,0,0,0,1,0,1,0
CLI-003752,2619.0,13,20,4,20.0,6,1.1,4,1,2,5,15.1,2,1,399.21,0.01,0,0.25,0,0,0,0,1,0,0,0,0,0,1,0,0,0,0,1,0,0,0,0,0,1,0,0,0,1,0,0,0,0,0,1,0,1,0,0,0,0,0,1,1,0,0,0,0,0,1
CLI-003250,53457.0,14,147,92,62.6,47,28.4,7,1,1,0,4.4,5,0,4074.48,0.0,0,0.44,0,0,0,1,0,0,0,0,0,1,0,0,0,0,0,0,0,0,1,0,0,0,1,0,0,1,0,0,0,0,1,0,0,0,0,0,1,1,0,0,0,1,0,0,0,0,1
CLI-004671,895.0,10,1,1,100.0,48,11.5,9,2,2,1,11.6,4,0,26.61,0.01,0,0.56,0,0,0,0,0,0,1,1,0,0,0,0,0,0,0,0,0,1,0,0,1,0,0,0,0,1,0,0,0,1,0,0,0,0,1,0,0,0,1,0,0,0,0,1,0,1,0
CLI-004292,70855.0,15,50,6,12.0,1,0.1,6,1,30,5,4.5,3,0,2618.45,0.07,1,0.23,0,0,0,1,0,0,0,0,0,0,0,0,0,1,0,0,1,0,0,0,0,1,0,0,0,0,1,0,0,0,0,0,1,0,1,0,0,0,1,0,1,0,0,0,0,0,1
CLI-001838,334537.0,23,83,68,81.9,49,31.1,11,4,0,6,7.5,3,0,4162.98,0.0,0,0.42,1,0,0,0,0,0,0,0,0,0,0,0,0,1,0,0,0,0,0,1,0,0,1,0,0,0,1,0,0,0,0,1,0,0,0,0,1,0,1,0,0,0,0,1,0,0,1
CLI-002377,9879.0,10,26,15,57.7,1,0.1,5,2,19,0,4.3,3,0,1003.94,0.06,0,0.19,0,0,0,0,1,0,0,0,1,0,0,0,0,0,1,0,0,0,0,0,0,1,0,0,0,0,1,0,0,0,0,0,1,0,0,0,1,0,0,1,0,1,0,0,0,1,0
CLI-004302,6063.0,9,13,2,15.4,1,0.1,3,1,15,2,4.3,2,0,492.89,0.06,0,0.12,0,1,0,0,0,0,0,0,0,1,0,0,0,0,0,1,0,0,0,0,0,1,0,0,0,0,1,0,0,0,0,1,0,0,0,1,0,0,1,0,0,0,0,1,0,1,0
CLI-000089,15661.0,19,32,26,81.2,81,53.6,13,4,2,6,14.5,4,0,795.78,0.0,0,0.81,0,0,0,0,0,0,1,0,1,0,0,0,0,0,0,1,0,0,0,0,0,1,0,0,0,1,0,0,0,0,0,0,1,1,0,0,0,1,0,0,0,0,0,1,0,0,1
CLI-001252,1881.0,1,10,4,40.0,2,0.5,0,0,11,1,6.7,4,0,114.7,0.37,0,0.0,0,0,1,0,0,0,0,1,0,0,0,0,0,0,0,0,1,0,0,0,0,1,0,0,1,0,0,0,1,0,0,0,0,0,0,0,1,1,0,0,0,1,0,0,1,0,0
CLI-003971,47337.0,23,46,25,54.3,36,15.1,7,4,0,6,16.9,3,0,1202.66,0.0,0,0.44,0,0,0,1,0,0,0,0,0,1,0,0,0,0,0,0,0,0,0,1,0,1,0,0,0,1,0,0,0,0,0,1,0,0,1,0,0,0,1,0,0,0,0,1,0,0,1
CLI-000572,1527.0,15,3,2,66.7,56,51.6,7,3,0,1,15.6,3,0,97.98,0.0,0,0.44,0,1,0,0,0,0,0,0,0,1,0,0,0,0,1,0,0,0,0,0,1,0,0,0,0,1,0,0,1,0,0,0,0,1,0,0,0,1,0,0,0,1,0,0,0,0,1
CLI-000525,2784.0,27,2,1,50.0,6,3.5,2,2,1,6,41.7,1,0,30.87,0.0,0,0.25,0,0,0,0,0,1,0,0,0,0,0,1,0,0,1,0,0,0,0,0,1,0,0,0,1,0,0,0,1,0,0,0,0,0,1,0,0,1,0,0,0,0,0,1,0,0,1
CLI-000924,22454.0,17,59,0,0.0,0,0.0,0,0,82,0,7.0,4,0,1521.28,0.16,1,0.0,0,0,0,0,1,0,0,0,1,0,0,0,0,0,1,0,0,0,0,0,0,1,0,0,0,1,0,0,0,0,0,1,0,0,1,0,0,0,1,0,0,0,0,1,0,0,1
CLI-000263,300.0,1,3,1,33.3,7,3.3,2,1,3,1,15.6,4,3,29.54,0.1,0,0.25,0,0,1,0,0,0,0,0,1,0,0,0,0,0,1,0,0,0,0,0,1,0,0,0,1,0,0,0,1,0,0,0,0,0,0,0,1,0,1,0,0,1,0,0,1,0,0
CLI-000162,851.0,4,3,2,66.7,23,9.0,4,4,0,1,28.1,3,0,39.91,0.0,0,0.5,0,0,0,0,0,0,1,0,0,0,0,1,0,0,1,0,0,0,0,0,1,0,0,0,1,0,0,0,0,1,0,0,0,0,0,0,1,0,0,1,0,0,0,1,0,1,0
CLI-002100,13331.0,7,7,4,57.1,17,7.2,6,1,1,2,2.1,3,0,369.48,0.0,0,0.23,0,0,1,0,0,0,0,0,1,0,0,0,0,0,1,0,0,0,0,0,1,0,0,0,0,0,1,0,0,0,0,0,1,0,1,0,0,0,0,1,0,0,0,1,0,1,0
CLI-002766,20718.0,21,15,14,93.3,85,83.8,26,6,1,0,3.6,5,0,1403.69,0.0,0,0.65,1,0,0,0,0,0,0,0,0,0,0,1,0,0,0,0,0,0,0,1,0,1,0,0,0,0,0,1,1,0,0,0,0,0,0,1,0,1,0,0,0,0,1,0,0,0,1
CLI-003202,10060.0,1,16,13,81.2,30,24.3,10,0,2,2,10.65,3,0,395.76,0.07,0,0.62,0,0,0,0,0,1,0,1,0,0,0,0,0,0,1,0,0,0,0,0,0,1,0,0,0,1,0,0,1,0,0,0,0,0,0,0,1,1,0,0,0,1,0,0,1,0,0
CLI-000023,357271.0,10,190,85,44.7,23,17.3,11,1,1,0,5.2,5,2,9682.14,0.0,0,0.42,0,0,0,1,0,0,0,0,0,0,0,0,0,1,1,0,0,0,0,0,0,0,1,0,0,0,1,0,0,0,0,0,1,0,0,0,1,0,0,1,0,0,0,1,0,1,0
CLI-000615,26212.0,16,40,26,65.0,30,9.7,2,3,0,8,37.6,2,0,532.77,0.0,0,0.25,0,0,0,0,1,0,0,0,0,0,0,1,0,0,0,0,0,0,0,1,0,1,0,0,1,0,0,0,0,0,0,0,1,1,0,0,0,0,0,1,1,0,0,0,0,0,1
CLI-002315,51972.0,14,33,29,87.9,90,66.3,12,4,0,2,9.7,3,0,1195.86,0.0,0,0.75,0,0,1,0,0,0,0,0,0,0,0,1,0,0,1,0,0,0,0,0,0,1,0,0,0,1,0,0,0,0,0,0,1,0,0,1,0,0,1,0,0,0,1,0,0,0,1
CLI-000552,10234.0,14,58,28,48.3,37,14.7,5,2,0,1,5.2,4,1,2080.09,0.0,0,0.19,0,1,0,0,0,0,0,0,0,1,0,0,0,0,1,0,0,0,0,0,0,1,0,0,0,0,1,0,0,0,0,1,0,0,0,1,0,1,0,0,0,1,0,0,0,0,1
CLI-000883,5105.0,13,9,3,33.3,4,1.8,3,7,2,3,17.1,2,0,200.82,0.01,0,0.19,1,0,0,0,0,0,0,0,1,0,0,0,0,0,0,0,0,0,1,0,1,0,0,0,0,1,0,0,0,0,0,0,1,0,0,1,0,1,0,0,1,0,0,0,0,0,1
CLI-004972,4142.0,12,8,6,75.0,47,40.0,2,3,2,0,7.8,4,0,126.29,0.01,0,0.25,0,0,1,0,0,0,0,0,0,0,0,0,0,1,0,0,1,0,0,0,1,0,0,0,1,0,0,0,0,0,0,1,0,1,0,0,0,0,1,0,0,0,1,0,0,1,0
CLI-002491,1060875.0,18,297,122,41.1,21,9.5,6,5,1,0,1.3,5,0,28749.99,0.0,0,0.15,0,1,0,0,0,0,0,0,1,0,0,0,0,0,1,0,0,0,0,0,0,0,0,1,0,0,0,1,0,1,0,0,0,0,1,0,0,0,0,1,0,0,1,0,0,0,1
CLI-003098,26155.0,1,18,7,38.9,23,8.9,12,0,3,4,3.5,4,1,1275.87,0.1,0,0.3,0,0,0,0,1,0,0,0,1,0,0,0,0,0,1,0,0,0,0,0,0,1,0,0,0,0,0,1,0,0,0,0,1,1,0,0,0,0,0,1,0,1,0,0,1,0,0
CLI-001647,11083.0,1,217,98,45.2,29,18.7,5,0,0,4,20.1,2,1,3378.97,0.0,0,0.31,0,0,0,0,1,0,0,0,0,0,1,0,0,0,1,0,0,0,0,0,0,0,0,1,0,1,0,0,0,1,0,0,0,0,0,1,0,1,0,0,0,0,0,1,1,0,0
CLI-001109,16779.0,12,37,14,37.8,11,1.3,1,2,1,6,24.3,1,1,889.67,0.0,0,0.06,1,0,0,0,0,0,0,0,0,0,0,0,0,1,0,0,1,0,0,0,0,1,0,0,0,1,0,0,0,0,1,0,0,0,0,0,1,0,0,1,1,0,0,0,0,1,0
CLI-001339,51128.0,13,58,31,53.4,33,15.8,6,2,1,4,13.8,4,0,1385.59,0.0,0,0.38,0,0,0,0,1,0,0,0,0,0,1,0,0,0,0,0,1,0,0,0,0,1,0,0,0,1,0,0,0,1,0,0,0,0,0,1,0,0,0,1,0,0,0,1,0,0,1
CLI-003922,6081.0,7,26,7,26.9,1,0.7,5,3,4,6,13.7,4,0,674.19,0.02,0,0.31,0,1,0,0,0,0,0,0,0,0,1,0,0,0,0,0,0,0,0,1,0,1,0,0,0,1,0,0,0,0,0,1,0,0,0,0,1,1,0,0,0,0,0,1,0,1,0
CLI-000530,3151.0,1,24,14,58.3,22,1.2,4,0,1,1,8.2,3,2,600.0,0.03,0,0.25,0,0,1,0,0,0,0,0,1,0,0,0,0,0,0,0,0,0,1,0,0,1,0,0,0,1,0,0,0,0,1,0,0,1,0,0,0,0,0,1,0,0,0,1,1,0,0
CLI-000187,76174.0,18,39,28,71.8,51,5.7,13,7,1,2,7.3,4,0,1857.91,0.0,0,0.5,0,0,1,0,0,0,0,0,0,1,0,0,0,0,0,1,0,0,0,0,0,1,0,0,0,0,1,0,0,0,0,1,0,1,0,0,0,0,0,1,0,0,0,1,0,0,1
CLI-004714,1432.0,11,6,2,33.3,1,0.8,7,1,3,0,9.0,3,0,174.68,0.01,0,0.44,0,0,1,0,0,0,0,0,1,0,0,0,0,0,0,0,0,0,0,1,1,0,0,0,0,1,0,0,0,0,1,0,0,0,1,0,0,0,0,1,0,0,0,1,0,1,0
CLI-001771,7252.0,14,56,11,19.6,1,0.3,3,3,4,3,8.6,3,0,982.67,0.01,0,0.19,0,0,1,0,0,0,0,0,1,0,0,0,0,0,1,0,0,0,0,0,0,1,0,0,0,1,0,0,0,0,1,0,0,0,0,1,0,0,1,0,0,0,0,1,0,0,1
CLI-003871,45318.0,4,84,19,22.6,2,0.7,6,1,3,4,8.9,3,0,3250.95,0.02,0,0.23,0,0,0,0,0,0,1,1,0,0,0,0,0,0,0,0,0,0,0,1,0,0,1,0,0,0,1,0,1,0,0,0,0,0,0,0,1,1,0,0,1,0,0,0,0,1,0
CLI-001802,126289.0,9,55,19,34.5,2,5.7,4,3,3,1,9.2,2,0,1283.42,0.01,0,0.25,0,0,1,0,0,0,0,0,0,0,1,0,0,0,0,0,0,1,0,0,0,1,0,0,0,1,0,0,1,0,0,0,0,1,0,0,0,1,0,0,0,0,0,1,0,1,0
CLI-004404,151257.0,6,173,42,24.3,1,0.3,1,0,30,3,0.8,3,0,10850.55,0.17,1,0.02,0,0,0,1,0,0,0,0,0,0,1,0,0,0,1,0,0,0,0,0,0,0,1,0,0,0,0,1,1,0,0,0,0,1,0,0,0,1,0,0,0,0,0,1,0,1,0
CLI-003483,15380.0,15,55,45,81.8,58,30.8,4,4,0,2,21.8,4,0,721.39,0.0,0,0.5,0,1,0,0,0,0,0,0,1,0,0,0,0,0,0,1,0,0,0,0,0,1,0,0,1,0,0,0,0,0,1,0,0,0,0,1,0,0,0,1,0,0,0,1,0,0,1
CLI-001221,12912.0,11,18,9,50.0,6,1.3,2,5,2,1,10.1,4,1,342.3,0.01,0,0.12,0,0,0,0,1,0,0,0,0,0,0,1,0,0,0,0,0,1,0,0,0,1,0,0,0,1,0,0,0,0,1,0,0,0,1,0,0,0,1,0,0,0,1,0,0,1,0
CLI-001460,104655.0,1,175,66,37.7,7,4.4,7,0,3,2,7.5,3,4,7976.79,0.1,0,0.27,0,0,0,1,0,0,0,0,0,0,0,1,0,0,1,0,0,0,0,0,0,0,1,0,0,0,1,0,1,0,0,0,0,1,0,0,0,0,1,0,0,1,0,0,1,0,0
CLI-002949,1223.0,5,4,3,75.0,39,25.4,2,0,0,0,19.2,3,1,51.45,0.0,0,0.25,0,0,1,0,0,0,0,0,0,1,0,0,0,0,0,0,0,1,0,0,1,0,0,0,1,0,0,0,1,0,0,0,0,1,0,0,0,1,0,0,0,1,0,0,0,1,0
CLI-001251,82285.0,17,111,7,6.3,1,0.1,1,4,5,2,0.5,3,0,7167.65,0.01,0,0.02,0,0,0,0,0,1,0,0,0,0,0,0,0,1,1,0,0,0,0,0,0,0,1,0,0,0,0,1,0,1,0,0,0,1,0,0,0,0,1,0,1,0,0,0,0,0,1
CLI-001372,1330.0,7,8,8,100.0,128,5.7,9,4,0,0,10.4,3,1,202.82,0.0,0,0.56,1,0,0,0,0,0,0,0,0,1,0,0,0,0,1,0,0,0,0,0,0,1,0,0,0,1,0,0,0,0,0,0,1,1,0,0,0,0,1,0,0,0,1,0,0,1,0
CLI-000863,5990.0,1,18,8,50.0,15,8.6,10,0,1,4,18.7,3,2,429.69,0.03,0,0.62,0,0,0,0,0,1,0,1,0,0,0,0,0,0,1,0,0,0,0,0,0,1,0,0,0,1,0,0,0,0,0,1,0,0,0,1,0,0,1,0,0,0,0,1,1,0,0
CLI-002790,300.0,8,1,1,100.0,15,8.0,1,1,1,0,9.6,5,0,10.72,0.0,0,0.12,0,0,0,0,1,0,0,0,1,0,0,0,0,0,1,0,0,0,0,0,1,0,0,0,1,0,0,0,0,0,0,1,0,0,0,1,0,0,1,0,0,1,0,0,0,1,0
CLI-003805,9822.0,12,8,3,37.5,21,17.5,25,5,0,6,6.6,3,0,630.43,0.0,0,0.62,1,0,0,0,0,0,0,1,0,0,0,0,0,0,0,0,0,1,0,0,1,0,0,0,0,0,0,1,0,0,0,0,1,0,0,0,1,0,1,0,0,1,0,0,0,1,0
CLI-000688,12027.0,17,7,5,71.4,49,21.9,5,2,2,0,6.7,5,0,222.22,0.0,0,0.31,0,0,0,1,0,0,0,0,0,0,1,0,0,0,1,0,0,0,0,0,0,1,0,0,0,1,0,0,0,0,0,1,0,0,1,0,0,0,0,1,0,0,0,1,0,0,1
CLI-000034,5158.0,12,5,3,60.0,30,10.1,4,1,1,4,24.0,3,0,64.18,0.0,0,0.5,0,0,0,0,0,1,0,0,0,0,0,0,1,0,1,0,0,0,0,0,1,0,0,0,1,0,0,0,0,1,0,0,0,0,0,1,0,0,1,0,0,0,0,1,0,1,0
CLI-004902,866.0,21,8,4,50.0,12,3.5,3,7,2,4,33.8,3,0,96.06,0.0,0,0.38,0,0,1,0,0,0,0,0,0,0,0,1,0,0,0,0,0,1,0,0,1,0,0,0,1,0,0,0,0,1,0,0,0,0,0,1,0,0,1,0,0,0,0,1,0,0,1
CLI-004580,8594.0,8,50,14,28.0,2,1.1,3,3,20,1,11.8,3,1,873.41,0.08,0,0.19,0,0,0,1,0,0,0,0,0,0,1,0,0,0,1,0,0,0,0,0,0,1,0,0,0,1,0,0,0,0,1,0,0,0,0,0,1,1,0,0,0,0,0,1,0,1,0
CLI-002393,2528.0,17,7,5,71.4,38,18.6,5,3,0,0,15.7,5,0,93.41,0.0,0,0.62,0,0,0,0,1,0,0,0,1,0,0,0,0,0,0,0,0,1,0,0,1,0,0,0,1,0,0,0,0,1,0,0,0,0,1,0,0,1,0,0,0,0,1,0,0,0,1
CLI-003479,2039.0,15,6,3,50.0,23,11.3,3,8,1,5,36.5,2,1,63.77,0.0,0,0.38,0,0,0,0,0,1,0,0,1,0,0,0,0,0,0,1,0,0,0,0,1,0,0,0,1,0,0,0,0,1,0,0,0,1,0,0,0,0,0,1,1,0,0,0,0,0,1
CLI-000496,563.0,6,4,2,50.0,18,2.1,2,0,0,0,18.1,4,0,38.16,0.0,0,0.25,0,0,0,0,1,0,0,1,0,0,0,0,0,0,1,0,0,0,0,0,1,0,0,0,1,0,0,0,0,1,0,0,0,0,1,0,0,1,0,0,0,1,0,0,0,1,0
CLI-001383,24333.0,6,22,15,68.2,27,7.3,6,1,1,3,17.2,2,1,581.84,0.01,0,0.38,0,0,0,0,0,1,0,0,0,0,1,0,0,0,1,0,0,0,0,0,0,1,0,0,0,1,0,0,1,0,0,0,0,0,0,1,0,0,0,1,0,0,0,1,0,1,0
CLI-003596,32762.0,8,54,41,75.9,47,28.1,6,2,3,1,9.9,5,1,1536.66,0.01,0,0.38,1,0,0,0,0,0,0,0,0,1,0,0,0,0,0,0,0,0,1,0,0,1,0,0,0,1,0,0,0,1,0,0,0,0,0,0,1,0,1,0,0,0,0,1,0,1,0
CLI-003356,2466.0,17,8,3,37.5,1,0.6,6,4,10,0,10.65,5,0,167.04,0.02,0,0.38,0,0,1,0,0,0,0,0,0,0,0,0,0,1,1,0,0,0,0,0,0,1,0,0,0,1,0,0,0,0,1,0,0,0,0,0,1,1,0,0,0,0,0,1,0,0,1
CLI-004307,885.0,23,2,0,50.0,0,0.0,0,0,41,5,19.5,2,0,46.93,0.06,1,0.0,0,1,0,0,0,0,0,0,0,0,0,0,0,1,1,0,0,0,0,0,1,0,0,0,0,1,0,0,1,0,0,0,0,0,0,1,0,1,0,0,1,0,0,0,0,0,1
CLI-002010,5795.0,17,9,5,55.6,34,9.2,5,4,0,2,6.0,4,0,243.7,0.0,0,0.31,0,0,0,0,0,0,1,0,0,1,0,0,0,0,1,0,0,0,0,0,1,0,0,0,0,1,0,0,0,0,0,1,0,1,0,0,0,0,1,0,0,0,1,0,0,0,1
CLI-000701,4712.0,1,6,3,50.0,20,7.9,6,0,0,0,13.1,5,3,151.22,0.0,0,0.38,0,0,0,0,1,0,0,0,0,1,0,0,0,0,1,0,0,0,0,0,1,0,0,0,0,1,0,0,0,1,0,0,0,1,0,0,0,0,0,1,0,1,0,0,1,0,0
CLI-003034,5928.0,12,9,8,88.9,55,31.0,4,0,0,0,22.0,4,0,85.05,0.0,0,0.5,0,0,0,1,0,0,0,1,0,0,0,0,0,0,0,1,0,0,0,0,1,0,0,0,1,0,0,0,1,0,0,0,0,0,0,1,0,1,0,0,0,0,0,1,0,1,0
CLI-001265,2906.0,1,8,2,25.0,1,0.4,2,0,2,0,4.7,5,5,86.43,0.07,0,0.25,0,0,0,1,0,0,0,0,0,0,0,0,0,1,1,0,0,0,0,0,1,0,0,0,1,0,0,0,1,0,0,0,0,0,0,1,0,0,1,0,0,0,0,1,1,0,0
CLI-000452,480.0,16,3,1,33.3,1,0.4,2,1,1,0,28.6,3,0,38.99,0.0,0,0.25,0,0,0,1,0,0,0,1,0,0,0,0,0,0,1,0,0,0,0,0,1,0,0,0,1,0,0,0,0,0,0,1,0,0,0,1,0,1,0,0,0,0,0,1,0,0,1
CLI-003685,5644.0,16,7,3,42.9,17,3.1,9,7,1,1,5.4,4,0,275.31,0.0,0,0.35,0,0,0,0,0,0,1,0,1,0,0,0,0,0,1,0,0,0,0,0,0,1,0,0,0,0,1,0,0,0,1,0,0,0,0,0,1,0,1,0,0,0,0,1,0,0,1
CLI-001083,110782.0,6,25,20,80.0,29,20.1,21,0,1,2,3.4,5,1,2412.49,0.01,0,0.52,1,0,0,0,0,0,0,1,0,0,0,0,0,0,0,0,1,0,0,0,0,1,0,0,0,0,0,1,0,0,0,0,1,1,0,0,0,1,0,0,0,0,0,1,0,1,0
CLI-001921,16350.0,9,23,5,21.7,1,0.4,6,3,14,6,4.2,4,1,1049.45,0.05,0,0.23,0,0,0,0,0,0,1,1,0,0,0,0,0,0,0,0,0,0,0,1,0,1,0,0,0,0,1,0,0,0,0,1,0,0,0,1,0,1,0,0,0,0,0,1,0,1,0
CLI-004527,9304.0,14,26,22,84.6,72,46.2,7,5,3,2,12.5,5,1,630.36,0.01,0,0.44,0,0,1,0,0,0,0,0,0,0,0,0,0,1,1,0,0,0,0,0,0,1,0,0,0,1,0,0,1,0,0,0,0,1,0,0,0,1,0,0,0,0,1,0,0,0,1
CLI-000784,81171.0,15,70,58,82.9,51,32.2,13,6,1,3,9.5,3,0,3535.31,0.0,0,0.5,0,0,0,0,0,0,1,1,0,0,0,0,0,0,1,0,0,0,0,0,0,0,1,0,0,0,1,0,0,0,0,0,1,1,0,0,0,0,0,1,0,1,0,0,0,0,1
CLI-003700,530.0,1,3,2,66.7,53,45.2,5,0,0,2,10.65,4,1,34.04,0.0,0,0.62,0,0,0,0,0,1,0,0,1,0,0,0,0,0,1,0,0,0,0,0,1,0,0,0,1,0,0,0,1,0,0,0,0,0,0,0,1,0,1,0,0,0,0,1,1,0,0
CLI-003224,84035.0,24,59,48,81.4,67,38.2,11,7,2,9,22.7,1,0,1626.7,0.0,0,0.69,0,0,1,0,0,0,0,1,0,0,0,0,0,0,0,0,1,0,0,0,0,1,0,0,0,1,0,0,1,0,0,0,0,0,0,1,0,1,0,0,1,0,0,0,0,0,1
CLI-001855,34946.0,1,36,4,11.1,1,5.7,1,0,4,1,4.4,4,1,1522.04,0.13,0,0.04,1,0,0,0,0,0,0,0,0,1,0,0,0,0,0,0,0,1,0,0,0,1,0,0,0,0,1,0,1,0,0,0,0,0,1,0,0,0,0,1,1,0,0,0,1,0,0
CLI-001108,10363.0,4,35,19,54.3,22,7.1,6,2,0,1,10.65,4,4,972.1,0.0,0,0.38,0,0,1,0,0,0,0,0,0,0,0,0,1,0,1,0,0,0,0,0,0,1,0,0,0,1,0,0,0,0,0,1,0,1,0,0,0,0,1,0,0,1,0,0,0,1,0
CLI-002854,2239.0,7,29,6,20.7,1,0.1,2,2,30,0,10.65,5,1,303.39,0.14,1,0.25,0,0,0,0,1,0,0,0,0,0,1,0,0,0,1,0,0,0,0,0,0,1,0,0,1,0,0,0,0,1,0,0,0,0,0,0,1,0,0,1,1,0,0,0,0,1,0
CLI-001046,28958.0,13,27,8,29.6,4,0.2,5,3,0,6,8.3,3,1,1261.24,0.0,0,0.19,1,0,0,0,0,0,0,0,0,1,0,0,0,0,0,0,0,1,0,0,0,1,0,0,0,0,1,0,0,0,0,1,0,0,1,0,0,0,0,1,0,1,0,0,0,0,1
CLI-001314,431411.0,8,534,267,50.0,6,0.7,6,2,1,4,7.1,4,0,26305.54,0.0,0,0.23,0,0,0,0,1,0,0,1,0,0,0,0,0,0,0,0,0,0,1,0,0,0,0,1,0,0,1,0,0,0,0,1,0,0,0,0,1,0,1,0,0,0,0,1,0,1,0
CLI-004949,9561.0,10,44,6,13.6,1,0.2,3,2,12,0,5.5,3,0,832.83,0.04,0,0.19,1,0,0,0,0,0,0,1,0,0,0,0,0,0,1,0,0,0,0,0,0,1,0,0,0,1,0,0,0,0,0,0,1,0,0,0,1,0,1,0,1,0,0,0,0,1,0
CLI-001057,300.0,14,2,1,50.0,1,5.7,1,4,16,0,19.4,4,0,21.69,0.04,0,0.12,0,1,0,0,0,0,0,0,0,1,0,0,0,0,1,0,0,0,0,0,1,0,0,0,1,0,0,0,0,0,1,0,0,0,1,0,0,0,0,1,0,0,0,1,0,0,1
CLI-002775,5375.0,9,12,0,0.0,0,0.0,0,0,86,1,13.9,3,2,273.11,0.32,1,0.0,0,0,0,0,1,0,0,0,0,0,0,1,0,0,1,0,0,0,0,0,0,1,0,0,0,1,0,0,0,0,1,0,0,0,0,0,1,0,0,1,1,0,0,0,0,1,0
CLI-004304,1493.0,21,6,3,50.0,5,0.6,3,3,4,2,15.3,4,0,62.79,0.01,0,0.38,0,0,1,0,0,0,0,0,0,1,0,0,0,0,1,0,0,0,0,0,1,0,0,0,1,0,0,0,0,0,0,0,1,1,0,0,0,0,1,0,0,0,1,0,0,0,1
CLI-000285,330.0,17,1,1,100.0,112,60.4,5,2,0,0,19.8,4,0,12.99,0.0,0,0.62,0,0,0,0,0,1,0,1,0,0,0,0,0,0,0,0,0,0,0,1,1,0,0,0,1,0,0,0,0,0,0,0,1,0,0,1,0,0,0,1,0,0,0,1,0,0,1
CLI-001289,356.0,1,4,1,25.0,1,0.1,2,0,30,9,18.8,2,1,86.8,1.0,1,0.12,0,0,1,0,0,0,0,0,0,0,1,0,0,0,1,0,0,0,0,0,1,0,0,0,0,1,0,0,0,0,1,0,0,1,0,0,0,1,0,0,0,0,0,1,1,0,0
CLI-003084,978.0,14,10,6,60.0,13,5.2,4,3,4,3,12.5,3,0,198.76,0.01,0,0.25,1,0,0,0,0,0,0,1,0,0,0,0,0,0,1,0,0,0,0,0,1,0,0,0,0,1,0,0,1,0,0,0,0,0,0,1,0,1,0,0,0,1,0,0,0,0,1
CLI-000302,1310.0,25,9,8,88.9,85,78.5,4,6,1,2,21.1,4,0,114.1,0.0,0,0.5,0,0,0,0,1,0,0,0,0,0,0,0,1,0,1,0,0,0,0,0,1,0,0,0,1,0,0,0,0,0,1,0,0,0,0,0,1,0,1,0,0,0,1,0,0,0,1
CLI-003763,12881.0,1,35,10,28.6,1,5.7,7,1,22,7,11.2,3,0,1309.04,0.73,0,0.27,0,0,0,0,1,0,0,0,0,1,0,0,0,0,0,1,0,0,0,0,0,0,1,0,0,0,1,0,0,0,0,1,0,0,0,0,1,1,0,0,0,0,0,1,1,0,0
CLI-001829,2178.0,7,35,12,34.3,8,0.4,1,2,2,1,9.9,3,2,664.11,0.01,0,0.06,0,0,0,0,0,1,0,0,1,0,0,0,0,0,1,0,0,0,0,0,0,1,0,0,0,1,0,0,0,0,1,0,0,0,1,0,0,0,1,0,0,1,0,0,0,1,0
CLI-001272,11452.0,2,38,28,73.7,47,18.6,7,2,1,0,7.5,4,1,931.09,0.02,0,0.44,0,1,0,0,0,0,0,0,0,0,0,0,0,1,1,0,0,0,0,0,0,1,0,0,0,1,0,0,0,0,0,0,1,0,0,1,0,0,1,0,0,0,0,1,1,0,0
CLI-004087,9627.0,22,13,10,76.9,47,22.9,4,3,1,1,9.5,4,0,345.29,0.0,0,0.25,0,1,0,0,0,0,0,0,0,0,0,0,1,0,0,0,1,0,0,0,0,1,0,0,0,1,0,0,1,0,0,0,0,0,0,1,0,0,0,1,0,0,0,1,0,0,1
CLI-001427,14868.0,14,26,11,42.3,1,0.4,2,2,24,1,18.2,5,0,329.66,0.06,0,0.25,0,0,0,0,1,0,0,1,0,0,0,0,0,0,0,0,1,0,0,0,0,1,0,0,1,0,0,0,0,0,1,0,0,0,0,0,1,0,0,1,0,0,0,1,0,0,1
CLI-000467,4907.0,8,34,9,26.5,1,0.3,3,1,0,4,10.65,4,1,408.0,0.0,0,0.38,0,0,0,1,0,0,0,0,0,0,0,1,0,0,1,0,0,0,0,0,0,1,0,0,1,0,0,0,0,0,1,0,0,0,0,0,1,0,1,0,0,0,0,1,0,1,0
CLI-002629,30242.0,8,57,27,47.4,10,2.5,5,0,1,3,24.2,3,0,723.14,0.0,0,0.62,0,1,0,0,0,0,0,0,1,0,0,0,0,0,0,0,0,0,1,0,0,1,0,0,1,0,0,0,1,0,0,0,0,0,0,1,0,1,0,0,0,0,0,1,0,1,0
CLI-001070,67935.0,1,198,18,9.1,1,0.1,9,0,7,4,3.9,3,1,11835.33,0.23,0,0.22,0,1,0,0,0,0,0,0,0,1,0,0,0,0,0,0,0,0,1,0,0,0,0,1,0,0,0,1,0,0,0,1,0,0,0,0,1,1,0,0,1,0,0,0,1,0,0
CLI-004498,1127.0,3,7,1,14.3,1,0.1,3,0,0,2,14.8,3,1,152.7,0.0,0,0.19,0,0,1,0,0,0,0,0,0,0,1,0,0,0,1,0,0,0,0,0,1,0,0,0,0,1,0,0,0,0,1,0,0,0,0,1,0,1,0,0,1,0,0,0,1,0,0
CLI-003059,1161.0,12,4,2,50.0,11,5.8,4,2,3,2,16.7,5,0,44.24,0.01,0,0.5,1,0,0,0,0,0,0,1,0,0,0,0,0,0,0,0,1,0,0,0,1,0,0,0,1,0,0,0,0,0,1,0,0,0,0,1,0,0,1,0,0,1,0,0,0,1,0
CLI-002158,14906.0,12,17,4,23.5,4,2.5,8,3,4,2,8.4,3,1,826.28,0.01,0,0.31,0,0,1,0,0,0,0,0,1,0,0,0,0,0,0,0,1,0,0,0,0,1,0,0,0,0,1,0,1,0,0,0,0,1,0,0,0,1,0,0,1,0,0,0,0,1,0
CLI-001515,44884.0,11,49,10,20.4,4,1.9,7,2,2,2,0.5,5,0,3421.0,0.01,0,0.18,0,0,0,1,0,0,0,0,1,0,0,0,0,0,0,0,0,1,0,0,0,0,1,0,0,0,0,1,0,0,1,0,0,0,1,0,0,0,0,1,0,0,0,1,0,1,0
CLI-004169,31071.0,18,23,12,52.2,15,0.8,2,2,0,0,15.4,5,0,315.76,0.0,0,0.25,0,0,0,1,0,0,0,0,0,1,0,0,0,0,0,0,0,0,1,0,0,1,0,0,1,0,0,0,0,1,0,0,0,1,0,0,0,1,0,0,0,0,0,1,0,0,1
CLI-001038,164685.0,22,106,38,35.8,2,0.1,1,0,12,5,4.5,3,1,4098.69,0.02,0,0.04,0,1,0,0,0,0,0,0,1,0,0,0,0,0,1,0,0,0,0,0,0,0,1,0,0,0,1,0,0,0,1,0,0,0,0,0,1,0,0,1,0,1,0,0,0,0,1
CLI-003405,670.0,14,3,1,33.3,4,1.4,2,4,1,4,37.7,1,0,35.53,0.0,0,0.25,1,0,0,0,0,0,0,0,0,0,0,1,0,0,0,0,1,0,0,0,1,0,0,0,1,0,0,0,0,0,0,0,1,0,1,0,0,0,1,0,1,0,0,0,0,0,1
CLI-003183,1200.0,1,8,4,50.0,7,5.7,4,0,16,5,33.6,2,4,86.09,0.53,0,0.5,0,0,1,0,0,0,0,1,0,0,0,0,0,0,0,0,0,1,0,0,1,0,0,0,1,0,0,0,1,0,0,0,0,0,0,0,1,0,0,1,0,0,0,1,1,0,0
CLI-004648,151559.0,19,169,125,74.0,79,83.3,14,5,2,3,7.5,3,0,7393.14,0.0,0,0.54,0,0,0,0,0,0,1,0,0,0,1,0,0,0,0,0,0,0,1,0,0,0,1,0,0,0,1,0,0,0,0,0,1,0,0,1,0,0,0,1,0,1,0,0,0,0,1
CLI-004488,196823.0,2,146,84,57.5,28,16.3,9,0,1,3,2.7,3,2,15001.77,0.02,0,0.22,0,0,0,1,0,0,0,0,0,1,0,0,0,0,0,0,0,0,0,1,0,0,1,0,0,0,0,1,0,1,0,0,0,0,0,0,1,1,0,0,0,1,0,0,1,0,0
CLI-003337,713.0,6,6,2,33.3,7,2.6,4,2,2,6,10.65,2,1,72.47,0.01,0,0.5,0,0,0,1,0,0,0,0,0,0,0,0,0,1,1,0,0,0,0,0,1,0,0,0,1,0,0,0,1,0,0,0,0,0,0,0,1,1,0,0,0,0,0,1,0,1,0
CLI-003249,8398.0,13,19,10,52.6,30,7.4,9,2,1,7,9.0,3,0,731.51,0.0,0,0.35,0,1,0,0,0,0,0,0,0,0,0,0,1,0,1,0,0,0,0,0,0,1,0,0,0,0,1,0,0,0,0,0,1,0,0,0,1,0,0,1,0,0,0,1,0,0,1
CLI-002888,1488.0,4,1,1,100.0,98,91.2,12,2,1,4,6.1,3,0,49.04,0.01,0,0.46,0,0,0,0,0,0,1,0,0,0,1,0,0,0,1,0,0,0,0,0,1,0,0,0,0,0,1,0,0,0,0,0,1,0,0,1,0,0,0,1,0,1,0,0,0,1,0
CLI-003882,7384.0,15,7,4,57.1,51,39.1,6,2,3,4,16.0,2,0,214.39,0.01,0,0.38,0,1,0,0,0,0,0,0,0,1,0,0,0,0,1,0,0,0,0,0,1,0,0,0,0,1,0,0,0,0,0,1,0,0,0,1,0,0,1,0,0,0,0,1,0,0,1
CLI-001922,3591.0,1,8,6,75.0,26,10.7,5,0,0,1,11.8,4,3,175.19,0.0,0,0.31,0,0,0,0,0,0,1,0,0,0,1,0,0,0,1,0,0,0,0,0,1,0,0,0,0,1,0,0,0,0,0,0,1,0,1,0,0,0,1,0,0,0,0,1,1,0,0
CLI-000522,13206.0,13,21,0,0.0,0,0.0,0,0,92,7,22.2,2,0,596.49,0.24,1,0.0,1,0,0,0,0,0,0,0,0,0,0,0,1,0,1,0,0,0,0,0,0,1,0,0,0,1,0,0,0,1,0,0,0,1,0,0,0,0,0,1,0,0,0,1,0,0,1
CLI-003873,1089.0,6,7,4,57.1,20,7.8,3,4,6,4,10.65,3,1,88.53,0.03,0,0.38,0,0,0,0,0,1,0,0,0,1,0,0,0,0,1,0,0,0,0,0,1,0,0,0,1,0,0,0,0,0,1,0,0,0,1,0,0,0,0,1,0,0,0,1,0,1,0
CLI-003733,3124.0,33,4,1,25.0,1,0.1,0,11,1,1,10.65,3,0,53.65,0.0,0,0.0,0,0,0,0,0,0,1,0,0,0,0,1,0,0,0,0,1,0,0,0,1,0,0,0,1,0,0,0,0,0,1,0,0,0,1,0,0,0,0,1,0,1,0,0,0,0,1
CLI-002858,3404.0,10,10,9,90.0,65,60.0,10,0,0,3,9.2,3,1,276.73,0.0,0,0.62,0,1,0,0,0,0,0,1,0,0,0,0,0,0,1,0,0,0,0,0,1,0,0,0,0,1,0,0,0,0,0,0,1,0,0,0,1,1,0,0,0,1,0,0,0,1,0
CLI-002945,1942.0,15,10,2,20.0,1,0.1,0,2,0,3,14.5,2,1,263.11,0.0,0,0.0,1,0,0,0,0,0,0,0,1,0,0,0,0,0,0,0,0,1,0,0,1,0,0,0,0,1,0,0,0,1,0,0,0,0,1,0,0,0,1,0,1,0,0,0,0,0,1
CLI-000258,2282.0,2,31,11,35.5,15,5.7,8,0,1,4,11.9,3,1,556.56,0.02,0,0.5,1,0,0,0,0,0,0,1,0,0,0,0,0,0,1,0,0,0,0,0,0,1,0,0,0,1,0,0,1,0,0,0,0,0,0,1,0,0,1,0,0,0,0,1,1,0,0
CLI-000727,7323.0,14,15,6,40.0,4,2.6,12,3,30,2,10.65,3,0,686.93,0.07,1,0.46,0,0,0,0,0,1,0,0,0,0,0,1,0,0,0,0,0,0,0,1,0,1,0,0,0,0,1,0,0,1,0,0,0,0,1,0,0,0,0,1,0,0,0,1,0,0,1
CLI-002690,715.0,4,2,1,50.0,20,5.4,8,1,2,3,12.7,3,1,45.88,0.02,0,0.5,0,0,0,0,0,0,1,0,0,1,0,0,0,0,1,0,0,0,0,0,1,0,0,0,0,1,0,0,0,0,1,0,0,1,0,0,0,0,1,0,0,0,0,1,0,1,0
CLI-002948,40102.0,15,12,8,66.7,39,20.0,16,5,1,5,2.8,3,0,1137.33,0.0,0,0.4,0,0,1,0,0,0,0,0,0,0,0,0,0,1,1,0,0,0,0,0,0,1,0,0,0,0,0,1,0,0,0,0,1,1,0,0,0,0,0,1,0,1,0,0,0,0,1
CLI-002029,6328.0,1,11,5,45.5,11,2.5,3,0,1,0,10.65,5,1,285.81,0.03,0,0.19,0,0,0,0,0,1,0,0,0,0,0,1,0,0,0,0,0,0,0,1,1,0,0,0,0,1,0,0,0,1,0,0,0,0,0,0,1,0,0,1,0,0,0,1,1,0,0
CLI-000217,30865.0,21,7,1,14.3,1,0.2,2,2,30,8,10.0,3,0,313.67,0.05,1,0.08,0,0,0,1,0,0,0,1,0,0,0,0,0,0,1,0,0,0,0,0,1,0,0,0,0,0,1,0,0,0,0,0,1,0,1,0,0,0,0,1,1,0,0,0,0,0,1
CLI-004264,13557.0,6,42,20,47.6,20,8.3,5,1,0,3,10.65,2,0,688.85,0.0,0,0.31,0,0,0,1,0,0,0,1,0,0,0,0,0,0,0,0,0,0,1,0,0,1,0,0,0,1,0,0,0,0,0,0,1,1,0,0,0,0,1,0,0,0,0,1,0,1,0
CLI-003832,481528.0,22,545,183,33.6,1,0.4,18,5,16,0,0.5,4,0,45171.44,0.02,0,0.45,0,0,0,1,0,0,0,0,0,1,0,0,0,0,0,0,0,0,0,1,0,0,0,1,0,0,0,1,1,0,0,0,0,0,0,1,0,0,1,0,0,1,0,0,0,0,1
CLI-001361,26335.0,3,59,40,67.8,43,6.6,6,1,1,4,11.8,5,1,1396.34,0.01,0,0.38,0,0,0,0,0,1,0,0,0,0,1,0,0,0,1,0,0,0,0,0,0,1,0,0,0,1,0,0,0,0,0,0,1,0,0,0,1,0,1,0,0,0,0,1,1,0,0
CLI-003354,132321.0,12,50,26,52.0,1,0.6,13,4,30,3,10.8,2,1,2408.46,0.08,1,0.5,0,0,0,0,0,1,0,0,1,0,0,0,0,0,1,0,0,0,0,0,0,1,0,0,0,0,1,0,0,0,1,0,0,0,1,0,0,1,0,0,0,0,0,1,0,1,0
CLI-003644,13811.0,2,59,29,49.2,29,9.6,9,0,3,1,14.0,3,2,1684.27,0.05,0,0.56,0,1,0,0,0,0,0,0,0,0,0,1,0,0,1,0,0,0,0,0,0,1,0,0,0,1,0,0,0,1,0,0,0,0,0,1,0,0,1,0,0,0,0,1,1,0,0
CLI-002925,22464.0,16,41,22,53.7,5,1.7,3,2,3,4,26.6,3,0,537.17,0.01,0,0.38,0,0,0,0,0,0,1,0,0,1,0,0,0,0,1,0,0,0,0,0,0,1,0,0,1,0,0,0,1,0,0,0,0,1,0,0,0,0,1,0,0,0,0,1,0,0,1
CLI-000361,282275.0,7,192,177,92.2,112,121.8,17,1,1,0,0.5,5,0,8826.61,0.0,0,0.65,0,0,1,0,0,0,0,0,0,0,0,0,0,1,1,0,0,0,0,0,0,0,1,0,0,0,1,0,0,0,0,1,0,1,0,0,0,0,1,0,0,1,0,0,0,1,0
CLI-003025,2606.0,2,9,7,77.8,28,17.9,4,0,3,6,35.2,4,0,108.0,0.05,0,0.5,0,0,0,0,1,0,0,0,0,1,0,0,0,0,0,1,0,0,0,0,1,0,0,0,1,0,0,0,0,0,0,0,1,0,1,0,0,0,0,1,0,0,0,1,1,0,0
CLI-000063,300.0,20,1,1,100.0,72,22.0,3,5,0,2,31.8,2,0,13.54,0.0,0,0.38,0,0,0,0,0,1,0,0,1,0,0,0,0,0,0,1,0,0,0,0,1,0,0,0,1,0,0,0,0,1,0,0,0,0,0,0,1,0,1,0,0,0,0,1,0,0,1
CLI-000399,13263.0,2,15,7,46.7,20,9.2,5,1,0,0,3.3,3,2,278.86,0.0,0,0.31,1,0,0,0,0,0,0,0,0,0,0,1,0,0,0,0,0,0,0,1,0,1,0,0,0,1,0,0,0,0,0,0,1,0,0,1,0,0,1,0,0,1,0,0,1,0,0
CLI-002967,137159.0,12,50,0,0.0,0,0.0,0,0,161,2,4.2,3,0,4288.91,0.45,1,0.0,0,1,0,0,0,0,0,0,0,0,0,0,1,0,1,0,0,0,0,0,0,1,0,0,0,0,0,1,1,0,0,0,0,0,0,1,0,0,1,0,0,0,0,1,0,1,0
CLI-003342,791566.0,3,678,476,70.2,39,13.5,21,0,2,3,10.65,3,2,50806.56,0.02,0,0.52,0,0,0,1,0,0,0,1,0,0,0,0,0,0,0,0,0,0,0,1,0,0,0,1,0,0,0,1,0,0,0,1,0,0,1,0,0,0,1,0,0,0,0,1,1,0,0
CLI-001742,625.0,17,7,1,14.3,1,0.5,3,3,16,0,15.7,4,0,84.63,0.03,0,0.38,0,0,0,0,0,0,1,0,0,0,1,0,0,0,1,0,0,0,0,0,1,0,0,0,1,0,0,0,0,1,0,0,0,1,0,0,0,0,0,1,0,0,0,1,0,0,1
CLI-000720,20610.0,7,41,20,48.8,8,0.4,2,0,2,4,11.9,4,2,930.88,0.01,0,0.12,0,0,0,0,1,0,0,0,1,0,0,0,0,0,1,0,0,0,0,0,0,1,0,0,0,1,0,0,0,1,0,0,0,0,0,1,0,0,0,1,0,1,0,0,0,1,0
CLI-001256,187486.0,9,217,149,50.0,49,29.9,16,0,0,1,9.7,3,0,9145.64,0.0,0,0.62,1,0,0,0,0,0,0,1,0,0,0,0,0,0,1,0,0,0,0,0,0,0,0,1,0,0,1,0,1,0,0,0,0,0,1,0,0,0,0,1,0,0,0,1,0,1,0
CLI-001786,45562.0,21,49,18,36.7,1,0.2,2,3,20,7,13.1,2,0,2057.91,0.03,0,0.08,1,0,0,0,0,0,0,0,1,0,0,0,0,0,1,0,0,0,0,0,0,1,0,0,0,0,1,0,0,0,1,0,0,0,1,0,0,1,0,0,1,0,0,0,0,0,1
CLI-004764,119907.0,18,148,14,9.5,1,0.1,4,2,8,0,5.2,3,0,6357.74,0.01,0,0.15,0,0,0,0,1,0,0,0,0,0,1,0,0,0,1,0,0,0,0,0,0,0,1,0,0,0,1,0,0,0,0,0,1,0,0,1,0,0,1,0,1,0,0,0,0,0,1
CLI-001473,6687.0,18,27,11,50.0,2,0.1,5,4,4,0,10.65,5,0,582.48,0.01,0,0.31,0,0,0,0,1,0,0,0,0,1,0,0,0,0,1,0,0,0,0,0,0,1,0,0,0,1,0,0,0,0,0,0,1,0,0,1,0,1,0,0,0,0,0,1,0,0,1
CLI-000348,841.0,7,9,4,44.4,11,5.2,5,2,1,1,10.7,4,0,205.22,0.0,0,0.31,1,0,0,0,0,0,0,0,1,0,0,0,0,0,0,0,0,0,0,1,1,0,0,0,0,1,0,0,0,0,1,0,0,1,0,0,0,1,0,0,0,0,0,1,0,1,0
CLI-001610,528.0,17,1,1,100.0,34,14.2,7,10,1,3,11.0,3,0,23.83,0.0,0,0.44,0,0,0,0,0,1,0,0,0,1,0,0,0,0,0,0,0,0,1,0,1,0,0,0,0,1,0,0,0,1,0,0,0,0,0,0,1,0,1,0,0,1,0,0,0,0,1
CLI-000078,65682.0,12,186,12,50.0,1,0.3,5,2,19,0,4.2,3,0,8010.0,0.05,0,0.19,0,0,0,0,0,1,0,1,0,0,0,0,0,0,1,0,0,0,0,0,0,0,1,0,0,0,1,0,1,0,0,0,0,0,0,0,1,0,1,0,0,0,0,1,0,1,0
CLI-001818,1581.0,17,18,9,50.0,5,2.1,3,2,4,0,24.2,4,0,214.19,0.01,0,0.38,0,0,0,1,0,0,0,0,0,0,0,0,1,0,1,0,0,0,0,0,0,1,0,0,1,0,0,0,0,0,0,1,0,0,0,0,1,1,0,0,0,0,0,1,0,0,1
CLI-004454,21224.0,11,53,31,58.5,12,2.5,10,5,1,4,13.2,3,0,1437.95,0.0,0,0.62,0,0,0,0,0,1,0,0,1,0,0,0,0,0,1,0,0,0,0,0,0,1,0,0,0,1,0,0,0,0,1,0,0,0,0,1,0,0,1,0,0,1,0,0,0,1,0
CLI-000926,3033.0,1,47,22,46.8,12,4.5,6,0,4,0,10.65,4,2,924.74,0.13,0,0.38,0,0,0,0,1,0,0,0,1,0,0,0,0,0,1,0,0,0,0,0,0,1,0,0,0,1,0,0,0,0,1,0,0,0,1,0,0,0,0,1,0,0,0,1,1,0,0
CLI-004702,8793.0,9,9,1,11.1,1,0.1,1,3,16,0,0.7,5,0,233.12,0.06,0,0.06,0,0,0,1,0,0,0,0,0,0,0,0,1,0,1,0,0,0,0,0,1,0,0,0,0,1,0,0,0,0,0,1,0,0,0,0,1,0,0,1,1,0,0,0,0,1,0
CLI-003670,6866.0,19,8,2,25.0,5,0.6,4,1,13,5,22.0,1,0,232.6,0.02,0,0.25,1,0,0,0,0,0,0,0,0,1,0,0,0,0,1,0,0,0,0,0,0,1,0,0,0,1,0,0,0,0,0,1,0,1,0,0,0,1,0,0,1,0,0,0,0,0,1
CLI-000093,5355.0,3,43,24,55.8,30,18.2,3,2,0,3,22.9,4,1,544.2,0.0,0,0.38,0,0,0,0,0,1,0,0,1,0,0,0,0,0,1,0,0,0,0,0,0,1,0,0,1,0,0,0,0,0,1,0,0,0,0,0,1,0,0,1,0,0,0,1,1,0,0
CLI-004749,1859.0,8,6,3,50.0,16,10.5,4,0,0,0,13.0,3,1,125.94,0.0,0,0.25,0,0,0,0,1,0,0,0,1,0,0,0,0,0,1,0,0,0,0,0,0,1,0,0,0,1,0,0,0,1,0,0,0,0,0,0,1,1,0,0,0,0,0,1,0,1,0
CLI-000691,3254.0,1,25,4,16.0,1,0.3,5,0,5,6,11.2,4,2,566.84,0.17,0,0.31,0,0,1,0,0,0,0,0,0,0,1,0,0,0,1,0,0,0,0,0,0,1,0,0,0,1,0,0,1,0,0,0,0,0,1,0,0,1,0,0,1,0,0,0,1,0,0
CLI-001834,6869.0,6,19,7,36.8,11,3.9,15,1,1,3,1.3,3,0,1520.0,0.01,0,0.38,0,0,1,0,0,0,0,0,0,1,0,0,0,0,1,0,0,0,0,0,0,1,0,0,0,0,0,1,0,0,0,1,0,0,0,0,1,0,0,1,0,1,0,0,0,1,0
CLI-000629,27697.0,12,124,85,68.5,35,15.5,3,2,1,2,13.5,5,1,2814.7,0.0,0,0.19,1,0,0,0,0,0,0,0,0,1,0,0,0,0,0,0,0,0,1,0,0,0,1,0,0,1,0,0,0,0,1,0,0,0,1,0,0,0,0,1,0,1,0,0,0,1,0
CLI-001331,6793.0,26,14,8,57.1,46,23.1,10,3,0,0,9.4,3,0,460.24,0.0,0,0.62,0,0,0,0,0,0,1,0,0,1,0,0,0,0,0,1,0,0,0,0,0,1,0,0,0,1,0,0,0,0,1,0,0,0,0,0,1,0,1,0,0,0,0,1,0,0,1
CLI-001743,394599.0,1,206,156,75.7,53,28.2,22,0,0,5,4.6,3,2,16593.74,0.0,0,0.55,0,0,0,1,0,0,0,0,0,0,0,0,0,1,1,0,0,0,0,0,0,0,1,0,0,0,0,1,0,0,0,0,1,0,1,0,0,1,0,0,0,1,0,0,1,0,0
CLI-000124,44814.0,1,188,56,29.8,1,0.1,3,0,24,6,19.0,3,3,3643.39,0.8,0,0.19,0,0,0,1,0,0,0,1,0,0,0,0,0,0,0,0,0,0,1,0,0,0,1,0,0,1,0,0,0,0,1,0,0,0,1,0,0,1,0,0,0,0,0,1,1,0,0
CLI-003562,407.0,1,2,1,50.0,8,2.5,3,0,2,3,25.3,3,4,20.68,0.07,0,0.38,0,0,0,0,1,0,0,0,1,0,0,0,0,0,0,1,0,0,0,0,1,0,0,0,1,0,0,0,0,0,0,0,1,0,1,0,0,1,0,0,0,1,0,0,1,0,0
CLI-004631,300.0,18,1,1,100.0,35,1.8,2,6,1,6,44.4,2,0,13.91,0.0,0,0.25,1,0,0,0,0,0,0,0,0,1,0,0,0,0,1,0,0,0,0,0,1,0,0,0,1,0,0,0,0,0,1,0,0,1,0,0,0,0,1,0,1,0,0,0,0,0,1
CLI-003408,4216.0,4,8,6,75.0,83,44.6,6,1,0,7,10.65,4,1,200.0,0.0,0,0.38,0,0,0,0,1,0,0,0,0,0,0,1,0,0,1,0,0,0,0,0,1,0,0,0,0,1,0,0,1,0,0,0,0,0,1,0,0,0,1,0,1,0,0,0,0,1,0
CLI-003225,36888.0,1,55,26,47.3,16,5.0,6,0,1,0,10.7,3,3,1285.31,0.03,0,0.38,0,1,0,0,0,0,0,0,0,0,1,0,0,0,1,0,0,0,0,0,0,0,1,0,0,1,0,0,0,0,0,1,0,0,0,0,1,1,0,0,0,0,0,1,1,0,0
CLI-001875,17595.0,1,22,13,59.1,25,16.8,17,1,2,1,1.4,3,3,1788.1,0.07,0,0.42,0,1,0,0,0,0,0,1,0,0,0,0,0,0,1,0,0,0,0,0,0,1,0,0,0,0,0,1,0,0,0,1,0,0,1,0,0,1,0,0,0,0,0,1,1,0,0
CLI-002557,923.0,8,3,2,66.7,47,10.8,7,1,0,2,13.8,3,0,75.08,0.0,0,0.44,0,1,0,0,0,0,0,0,0,1,0,0,0,0,1,0,0,0,0,0,1,0,0,0,0,1,0,0,0,0,1,0,0,0,0,0,1,1,0,0,0,1,0,0,0,1,0
CLI-001763,6012.0,15,41,23,56.1,23,12.3,7,6,0,0,12.5,3,0,916.45,0.0,0,0.44,0,0,0,1,0,0,0,0,0,0,0,0,1,0,0,0,0,0,1,0,0,1,0,0,0,1,0,0,0,0,1,0,0,0,1,0,0,1,0,0,0,0,0,1,0,0,1
CLI-004168,216030.0,8,86,71,82.6,50,32.3,24,1,0,2,6.7,2,1,8498.41,0.0,0,0.6,0,0,0,0,1,0,0,0,1,0,0,0,0,0,0,0,0,0,1,0,0,0,1,0,0,0,0,1,0,0,0,0,1,0,0,1,0,1,0,0,1,0,0,0,0,1,0
CLI-004403,17772.0,23,21,4,19.0,1,0.1,5,5,20,4,3.6,1,0,1444.86,0.03,0,0.12,0,0,0,0,1,0,0,1,0,0,0,0,0,0,0,1,0,0,0,0,0,1,0,0,0,0,0,1,0,0,0,1,0,0,0,1,0,1,0,0,0,0,0,1,0,0,1
CLI-004976,77914.0,16,40,20,50.0,19,5.7,8,1,1,6,13.8,3,0,879.79,0.0,0,0.5,1,0,0,0,0,0,0,0,1,0,0,0,0,0,1,0,0,0,0,0,0,1,0,0,0,1,0,0,0,0,0,0,1,1,0,0,0,0,1,0,0,0,0,1,0,0,1
CLI-001159,21738.0,3,44,27,61.4,1,0.5,9,1,3,4,8.1,3,3,2209.19,0.03,0,0.35,0,0,0,0,0,0,1,0,0,1,0,0,0,0,1,0,0,0,0,0,0,1,0,0,0,0,1,0,0,1,0,0,0,0,1,0,0,0,0,1,0,1,0,0,1,0,0
CLI-000421,1217.0,12,8,6,75.0,48,31.3,4,3,0,2,14.6,4,1,98.93,0.0,0,0.5,0,0,0,0,0,0,1,0,0,0,0,0,0,1,1,0,0,0,0,0,1,0,0,0,1,0,0,0,0,0,0,0,1,0,0,1,0,0,0,1,0,0,0,1,0,1,0
CLI-003302,757.0,2,12,6,50.0,14,5.0,2,0,0,5,18.9,3,2,115.47,0.0,0,0.25,0,0,0,1,0,0,0,0,0,0,0,0,0,1,0,0,0,1,0,0,0,1,0,0,1,0,0,0,0,0,1,0,0,0,1,0,0,0,0,1,0,1,0,0,1,0,0
CLI-001740,1846.0,4,12,1,8.3,1,0.1,0,0,17,2,18.7,5,3,140.72,0.14,0,0.0,0,0,1,0,0,0,0,0,0,0,0,1,0,0,1,0,0,0,0,0,0,1,0,0,1,0,0,0,0,0,0,1,0,0,0,0,1,0,0,1,1,0,0,0,0,1,0
CLI-004926,10240.0,6,10,6,60.0,24,14.4,11,1,5,1,2.5,5,0,416.24,0.03,0,0.42,1,0,0,0,0,0,0,0,0,0,0,1,0,0,1,0,0,0,0,0,1,0,0,0,0,0,1,0,0,0,0,0,1,0,0,1,0,1,0,0,0,0,0,1,0,1,0
CLI-000314,26366.0,17,45,21,46.7,26,16.5,8,3,0,0,9.3,4,0,1236.68,0.0,0,0.5,0,1,0,0,0,0,0,0,0,0,0,1,0,0,1,0,0,0,0,0,0,1,0,0,0,1,0,0,0,0,1,0,0,1,0,0,0,0,1,0,0,0,1,0,0,0,1
CLI-000872,55265.0,9,52,22,42.3,4,0.7,10,2,12,3,11.3,2,0,2407.0,0.04,0,0.38,0,0,0,0,0,0,1,0,0,1,0,0,0,0,0,1,0,0,0,0,0,1,0,0,0,0,1,0,0,0,0,0,1,1,0,0,0,0,1,0,1,0,0,0,0,1,0
CLI-000454,63983.0,11,63,56,88.9,66,32.0,29,0,0,6,7.8,1,0,5201.84,0.0,0,0.72,0,0,1,0,0,0,0,0,0,1,0,0,0,0,1,0,0,0,0,0,0,0,1,0,0,0,0,1,0,1,0,0,0,0,1,0,0,1,0,0,1,0,0,0,0,1,0
CLI-000150,56935.0,11,168,79,47.0,12,5.3,5,3,1,4,11.1,3,0,6312.13,0.0,0,0.19,0,0,0,1,0,0,0,0,0,0,1,0,0,0,0,0,0,0,1,0,0,0,1,0,0,0,1,0,0,1,0,0,0,0,0,0,1,0,0,1,0,0,0,1,0,1,0
CLI-003657,47495.0,18,12,8,66.7,44,27.6,5,2,1,7,5.5,3,0,919.37,0.0,0,0.12,1,0,0,0,0,0,0,0,0,1,0,0,0,0,0,0,0,0,0,1,0,1,0,0,0,0,0,1,0,0,0,1,0,0,1,0,0,1,0,0,1,0,0,0,0,0,1
CLI-003650,1130.0,17,3,2,66.7,41,33.6,3,4,0,0,16.1,5,0,38.27,0.0,0,0.38,0,0,0,0,0,1,0,0,0,0,1,0,0,0,1,0,0,0,0,0,1,0,0,0,1,0,0,0,0,0,0,0,1,0,0,1,0,0,0,1,0,0,1,0,0,0,1
CLI-000327,302.0,2,6,1,16.7,1,0.2,3,0,5,4,38.0,2,2,72.0,0.08,0,0.38,0,0,1,0,0,0,0,0,1,0,0,0,0,0,0,0,0,1,0,0,1,0,0,0,1,0,0,0,0,0,0,0,1,1,0,0,0,1,0,0,1,0,0,0,1,0,0
CLI-000388,48936.0,10,158,136,86.1,49,37.7,7,5,0,0,1.8,5,0,4590.64,0.0,0,0.44,0,0,0,1,0,0,0,0,0,1,0,0,0,0,0,0,1,0,0,0,0,0,1,0,0,1,0,0,0,0,0,0,1,0,0,0,1,0,0,1,0,0,1,0,0,1,0
CLI-000601,8552.0,2,10,6,60.0,43,12.1,1,1,2,6,28.9,3,1,142.87,0.03,0,0.12,0,0,0,0,0,1,0,1,0,0,0,0,0,0,1,0,0,0,0,0,1,0,0,0,1,0,0,0,0,0,0,0,1,0,0,1,0,1,0,0,0,1,0,0,1,0,0
CLI-003162,1132.0,1,5,2,40.0,23,5.0,4,0,2,2,30.9,3,2,60.01,0.07,0,0.5,0,0,1,0,0,0,0,0,0,1,0,0,0,0,1,0,0,0,0,0,1,0,0,0,1,0,0,0,1,0,0,0,0,0,0,1,0,0,1,0,0,1,0,0,1,0,0
CLI-004589,8291.0,18,10,7,70.0,47,5.7,9,9,0,6,14.1,3,0,297.38,0.0,0,0.56,0,0,0,0,1,0,0,0,0,1,0,0,0,0,0,0,0,1,0,0,0,1,0,0,0,1,0,0,1,0,0,0,0,0,1,0,0,1,0,0,0,0,0,1,0,0,1
CLI-004820,16131.0,9,11,3,27.3,7,2.7,1,0,2,0,4.7,5,0,468.37,0.01,0,0.04,0,0,0,0,0,1,0,1,0,0,0,0,0,0,1,0,0,0,0,0,0,1,0,0,0,0,1,0,0,1,0,0,0,0,0,1,0,0,1,0,0,0,0,1,0,1,0
CLI-001951,2018.0,7,10,3,30.0,2,1.3,6,1,4,8,16.7,1,0,223.78,0.02,0,0.38,1,0,0,0,0,0,0,0,0,1,0,0,0,0,0,0,0,0,0,1,1,0,0,0,0,1,0,0,1,0,0,0,0,0,0,0,1,1,0,0,1,0,0,0,0,1,0
CLI-003409,25449.0,4,79,10,12.7,1,5.7,1,1,30,3,9.4,4,3,3103.52,0.25,1,0.04,0,0,0,1,0,0,0,0,1,0,0,0,0,0,1,0,0,0,0,0,0,0,1,0,0,0,1,0,0,0,0,0,1,0,0,1,0,0,0,1,0,0,0,1,0,1,0
CLI-001593,400743.0,16,173,29,16.8,1,0.1,14,5,26,4,7.8,3,0,8011.66,0.05,0,0.54,0,0,0,0,0,0,1,0,0,0,0,1,0,0,1,0,0,0,0,0,0,0,1,0,0,0,1,0,0,0,0,1,0,1,0,0,0,0,0,1,1,0,0,0,0,0,1
CLI-004253,1801.0,16,8,3,37.5,1,0.6,2,2,20,3,18.0,3,0,99.81,0.04,0,0.25,0,0,0,0,0,0,1,0,0,0,0,1,0,0,1,0,0,0,0,0,1,0,0,0,1,0,0,0,0,1,0,0,0,0,1,0,0,0,0,1,0,0,0,1,0,0,1
CLI-003013,3517.0,13,6,4,66.7,38,21.1,12,0,1,0,8.4,3,0,270.0,0.0,0,0.46,1,0,0,0,0,0,0,0,0,0,0,1,0,0,1,0,0,0,0,0,0,1,0,0,0,0,1,0,1,0,0,0,0,0,0,0,1,0,1,0,0,1,0,0,0,0,1
CLI-002015,21386.0,13,212,16,7.5,1,0.1,0,4,14,5,13.3,3,0,3725.87,0.04,0,0.0,0,0,0,0,1,0,0,0,0,0,1,0,0,0,1,0,0,0,0,0,0,0,1,0,0,1,0,0,0,0,0,1,0,0,1,0,0,1,0,0,1,0,0,0,0,0,1
CLI-003952,5708.0,28,25,3,12.0,1,0.3,1,4,12,6,21.1,1,0,580.11,0.01,0,0.06,0,0,0,0,0,1,0,0,0,0,0,1,0,0,1,0,0,0,0,0,0,1,0,0,0,1,0,0,1,0,0,0,0,0,1,0,0,0,0,1,0,0,0,1,0,0,1
CLI-001886,1444.0,10,16,4,25.0,1,0.1,2,4,11,0,21.0,4,0,176.06,0.04,0,0.25,0,0,0,0,0,1,0,0,1,0,0,0,0,0,0,0,0,1,0,0,0,1,0,0,1,0,0,0,1,0,0,0,0,0,0,1,0,0,1,0,0,0,0,1,0,1,0
CLI-003741,1465.0,12,6,1,50.0,1,0.1,1,1,19,3,8.6,4,0,148.88,0.05,0,0.06,0,0,1,0,0,0,0,0,0,1,0,0,0,0,0,0,0,1,0,0,0,1,0,0,0,1,0,0,0,0,0,0,1,0,1,0,0,0,0,1,1,0,0,0,0,1,0
CLI-000176,21079.0,5,34,19,55.9,23,6.2,18,0,3,4,5.9,2,0,2570.59,0.02,0,0.45,0,0,0,1,0,0,0,0,0,0,0,1,0,0,0,0,0,0,0,1,0,0,1,0,0,0,0,1,0,0,0,1,0,1,0,0,0,1,0,0,1,0,0,0,0,1,0
CLI-004540,824888.0,16,403,145,36.0,14,4.8,1,5,2,0,5.8,5,0,20119.23,0.0,0,0.04,0,0,0,0,1,0,0,1,0,0,0,0,0,0,0,0,1,0,0,0,0,0,0,1,0,0,1,0,0,0,0,0,1,1,0,0,0,0,0,1,0,0,1,0,0,0,1
CLI-002227,1300.0,22,3,2,66.7,37,14.8,4,6,1,4,31.7,3,0,48.05,0.0,0,0.5,0,0,0,0,0,1,0,0,0,0,1,0,0,0,1,0,0,0,0,0,1,0,0,0,1,0,0,0,1,0,0,0,0,0,0,0,1,0,0,1,0,1,0,0,0,0,1
CLI-003720,190684.0,9,377,336,89.1,80,53.3,16,2,0,1,10.65,3,0,16610.12,0.0,0,0.62,1,0,0,0,0,0,0,0,1,0,0,0,0,0,1,0,0,0,0,0,0,0,0,1,0,0,1,0,0,0,0,0,1,1,0,0,0,1,0,0,0,0,0,1,0,1,0
CLI-001424,32076.0,16,116,63,50.0,11,2.3,9,3,4,2,5.5,2,0,4889.58,0.01,0,0.35,1,0,0,0,0,0,0,0,0,0,0,1,0,0,1,0,0,0,0,0,0,0,1,0,0,0,1,0,0,0,0,1,0,1,0,0,0,0,1,0,1,0,0,0,0,0,1
CLI-003577,11280.0,11,127,0,0.0,0,0.0,0,0,67,3,10.65,4,1,1528.52,0.2,1,0.0,0,0,0,0,0,0,1,0,0,0,1,0,0,0,1,0,0,0,0,0,0,0,1,0,1,0,0,0,0,0,0,1,0,1,0,0,0,0,1,0,0,0,0,1,0,1,0
CLI-003543,3841.0,18,2,2,100.0,69,41.7,27,5,3,1,5.3,5,0,203.64,0.01,0,0.68,0,0,0,0,0,0,1,0,0,0,1,0,0,0,1,0,0,0,0,0,1,0,0,0,0,0,0,1,0,0,0,1,0,0,0,1,0,0,1,0,0,0,1,0,0,0,1
CLI-003609,229012.0,14,199,41,20.6,1,0.5,9,1,30,4,6.9,2,0,12694.67,0.07,1,0.22,0,0,0,0,1,0,0,0,0,0,0,0,1,0,1,0,0,0,0,0,0,0,1,0,0,0,0,1,1,0,0,0,0,0,1,0,0,1,0,0,0,0,0,1,0,0,1
CLI-004267,15606.0,19,22,5,22.7,3,0.2,1,4,5,4,9.1,3,0,906.3,0.01,0,0.04,0,0,1,0,0,0,0,0,0,0,0,0,1,0,1,0,0,0,0,0,0,1,0,0,0,0,1,0,0,0,1,0,0,0,1,0,0,0,0,1,0,0,0,1,0,0,1
CLI-001442,11418.0,1,16,10,62.5,20,5.7,12,0,1,5,10.65,3,2,696.22,0.03,0,0.46,0,1,0,0,0,0,0,1,0,0,0,0,0,0,1,0,0,0,0,0,0,1,0,0,0,0,1,0,0,0,0,1,0,0,0,0,1,0,0,1,0,0,0,1,1,0,0
CLI-004131,176371.0,2,55,35,63.6,13,6.7,13,0,1,2,6.1,5,5,2793.34,0.02,0,0.5,0,0,0,0,0,1,0,0,0,0,0,1,0,0,0,0,1,0,0,0,0,1,0,0,0,0,1,0,0,0,0,1,0,0,0,1,0,1,0,0,0,0,0,1,1,0,0
CLI-002819,15778.0,12,32,25,78.1,38,20.0,4,4,0,7,36.7,2,0,370.02,0.0,0,0.5,0,0,0,0,0,0,1,0,0,1,0,0,0,0,1,0,0,0,0,0,0,1,0,0,1,0,0,0,0,1,0,0,0,1,0,0,0,0,1,0,0,0,0,1,0,1,0
CLI-002260,1910.0,1,7,3,42.9,6,2.5,4,1,2,5,17.6,2,1,166.41,0.07,0,0.25,0,0,1,0,0,0,0,0,0,1,0,0,0,0,1,0,0,0,0,0,1,0,0,0,0,1,0,0,0,0,0,0,1,1,0,0,0,0,1,0,1,0,0,0,1,0,0
CLI-001564,9259.0,8,27,18,66.7,29,15.1,6,2,0,1,10.65,3,0,664.18,0.0,0,0.38,0,0,1,0,0,0,0,0,0,0,0,0,1,0,1,0,0,0,0,0,0,1,0,0,0,1,0,0,0,0,0,1,0,0,0,1,0,0,0,1,0,0,0,1,0,1,0
CLI-000440,3863.0,16,15,11,73.3,42,12.4,6,2,0,0,10.9,4,0,392.57,0.0,0,0.38,0,0,0,1,0,0,0,0,0,0,0,1,0,0,1,0,0,0,0,0,0,1,0,0,0,1,0,0,1,0,0,0,0,1,0,0,0,0,0,1,0,1,0,0,0,0,1
CLI-000709,8558.0,10,18,9,50.0,1,0.1,6,1,5,1,9.1,5,1,496.98,0.02,0,0.38,0,0,0,1,0,0,0,0,0,0,0,0,1,0,1,0,0,0,0,0,0,1,0,0,0,1,0,0,1,0,0,0,0,0,0,0,1,0,0,1,0,1,0,0,0,1,0
CLI-004453,178655.0,14,130,91,70.0,42,32.8,7,1,1,0,11.3,5,1,3351.88,0.0,0,0.44,0,0,0,0,1,0,0,0,0,1,0,0,0,0,0,0,0,1,0,0,0,0,1,0,0,1,0,0,0,0,1,0,0,0,0,0,1,0,1,0,0,0,0,1,0,0,1
CLI-000026,2129.0,14,12,7,58.3,26,10.4,8,2,0,0,2.1,5,0,236.06,0.0,0,0.5,0,0,1,0,0,0,0,0,0,0,1,0,0,0,1,0,0,0,0,0,0,1,0,0,0,1,0,0,0,0,0,0,1,0,1,0,0,1,0,0,0,0,0,1,0,0,1
CLI-003110,203330.0,8,173,18,10.4,1,0.2,4,1,5,3,5.7,3,2,7748.84,0.02,0,0.15,0,0,0,0,0,1,0,0,0,1,0,0,0,0,1,0,0,0,0,0,0,0,1,0,0,0,1,0,0,0,1,0,0,0,0,1,0,0,1,0,0,0,0,1,0,1,0
CLI-000418,143319.0,1,209,134,64.1,25,5.7,11,0,1,3,2.6,5,0,14564.98,0.03,0,0.28,0,0,1,0,0,0,0,1,0,0,0,0,0,0,0,0,0,1,0,0,0,0,1,0,0,0,0,1,1,0,0,0,0,1,0,0,0,0,0,1,0,0,0,1,1,0,0
CLI-003015,21492.0,15,10,4,40.0,20,3.3,3,4,2,0,11.1,3,1,315.78,0.0,0,0.19,0,0,0,0,1,0,0,0,0,1,0,0,0,0,0,0,0,1,0,0,0,1,0,0,0,1,0,0,0,0,0,0,1,0,0,1,0,0,0,1,0,1,0,0,0,0,1
CLI-001681,300.0,1,5,1,20.0,2,1.0,3,0,11,2,11.9,5,1,42.05,0.37,0,0.38,0,0,0,1,0,0,0,0,0,0,0,1,0,0,1,0,0,0,0,0,1,0,0,0,1,0,0,0,1,0,0,0,0,1,0,0,0,1,0,0,1,0,0,0,1,0,0
CLI-004831,5038.0,7,20,6,30.0,9,0.4,9,2,0,0,2.9,4,1,877.65,0.0,0,0.35,0,0,0,0,1,0,0,0,1,0,0,0,0,0,0,0,0,0,0,1,0,1,0,0,0,0,1,0,0,1,0,0,0,0,1,0,0,1,0,0,0,1,0,0,0,1,0
CLI-004089,33169.0,16,39,19,48.7,10,5.7,9,7,7,3,7.0,4,0,1758.72,0.01,0,0.35,0,0,0,0,0,0,1,0,0,1,0,0,0,0,0,0,0,0,1,0,0,1,0,0,0,0,1,0,0,1,0,0,0,0,1,0,0,0,0,1,0,0,1,0,0,0,1
CLI-003901,443476.0,11,306,82,26.8,1,0.2,11,2,8,9,3.2,1,1,22534.37,0.02,0,0.28,0,0,1,0,0,0,0,0,0,1,0,0,0,0,1,0,0,0,0,0,0,0,0,1,0,0,0,1,0,0,0,1,0,1,0,0,0,0,0,1,0,0,0,1,0,1,0
CLI-003416,2236.0,7,48,15,31.2,1,0.3,1,2,4,1,18.5,5,2,545.45,0.02,0,0.12,0,0,0,0,0,1,0,0,1,0,0,0,0,0,1,0,0,0,0,0,0,1,0,0,1,0,0,0,0,0,0,0,1,0,1,0,0,1,0,0,0,0,0,1,0,1,0
CLI-004930,41782.0,16,140,88,62.9,14,5.7,12,2,1,1,4.8,4,0,5661.51,0.0,0,0.46,0,0,0,0,0,0,1,0,1,0,0,0,0,0,1,0,0,0,0,0,0,0,0,1,0,0,1,0,0,0,1,0,0,0,0,1,0,0,0,1,0,0,0,1,0,0,1
CLI-000141,10661.0,11,19,0,0.0,0,0.0,0,0,39,8,20.8,1,1,464.31,0.12,1,0.0,0,0,0,0,0,1,0,0,0,1,0,0,0,0,1,0,0,0,0,0,0,1,0,0,0,1,0,0,0,0,0,0,1,0,0,1,0,0,0,1,0,0,0,1,0,1,0
CLI-004588,566.0,1,3,1,33.3,21,9.6,4,0,0,0,12.1,5,2,43.11,0.0,0,0.5,1,0,0,0,0,0,0,1,0,0,0,0,0,0,1,0,0,0,0,0,1,0,0,0,1,0,0,0,0,1,0,0,0,0,1,0,0,1,0,0,0,0,0,1,1,0,0
CLI-003294,476.0,14,2,1,50.0,18,6.7,4,6,1,3,26.2,4,0,25.23,0.0,0,0.5,0,0,0,0,0,1,0,0,1,0,0,0,0,0,1,0,0,0,0,0,1,0,0,0,1,0,0,0,0,0,1,0,0,0,1,0,0,1,0,0,0,0,0,1,0,0,1
CLI-001514,41676.0,22,35,12,34.3,11,1.5,10,7,4,1,7.9,3,0,3176.51,0.01,0,0.25,0,1,0,0,0,0,0,0,0,1,0,0,0,0,0,0,1,0,0,0,0,1,0,0,0,0,0,1,1,0,0,0,0,1,0,0,0,1,0,0,1,0,0,0,0,0,1
CLI-003551,10128.0,1,58,10,17.2,1,0.2,1,0,0,2,3.3,2,6,1764.48,0.0,0,0.04,0,0,0,0,0,1,0,0,0,0,0,1,0,0,1,0,0,0,0,0,0,1,0,0,0,0,1,0,0,0,0,1,0,0,0,1,0,0,0,1,0,0,0,1,1,0,0
CLI-001441,3993.0,5,8,4,50.0,25,8.5,17,3,0,0,0.6,3,1,347.8,0.0,0,0.65,0,0,0,1,0,0,0,0,0,1,0,0,0,0,1,0,0,0,0,0,1,0,0,0,0,0,1,0,0,0,0,0,1,1,0,0,0,0,0,1,0,0,0,1,0,1,0
CLI-000350,31610.0,3,43,30,69.8,52,32.6,16,0,0,1,6.8,2,4,1835.65,0.0,0,0.62,0,0,0,0,1,0,0,0,0,0,1,0,0,0,1,0,0,0,0,0,0,1,0,0,0,0,1,0,1,0,0,0,0,1,0,0,0,0,1,0,0,0,0,1,1,0,0
CLI-002213,160657.0,20,178,112,62.9,35,5.7,4,6,3,3,10.65,3,0,4778.62,0.0,0,0.25,1,0,0,0,0,0,0,0,0,1,0,0,0,0,1,0,0,0,0,0,0,0,1,0,0,1,0,0,0,0,0,1,0,0,0,1,0,0,0,1,0,0,0,1,0,0,1
CLI-002546,3429.0,1,11,3,27.3,1,0.1,4,0,11,3,8.4,2,3,348.45,0.37,0,0.15,1,0,0,0,0,0,0,1,0,0,0,0,0,0,1,0,0,0,0,0,1,0,0,0,0,0,1,0,1,0,0,0,0,0,0,0,1,1,0,0,1,0,0,0,1,0,0
CLI-001439,4331.0,18,8,6,75.0,69,76.4,11,5,0,0,13.7,3,0,195.6,0.0,0,0.69,1,0,0,0,0,0,0,1,0,0,0,0,0,0,1,0,0,0,0,0,1,0,0,0,0,1,0,0,0,0,0,1,0,0,0,1,0,0,0,1,0,0,0,1,0,0,1
CLI-000059,5819.0,6,15,5,33.3,8,7.0,10,3,5,3,6.2,3,3,788.5,0.03,0,0.38,0,0,1,0,0,0,0,0,1,0,0,0,0,0,1,0,0,0,0,0,0,1,0,0,0,0,1,0,0,1,0,0,0,0,1,0,0,0,1,0,0,0,0,1,0,1,0
CLI-000862,22995.0,23,54,43,79.6,58,36.9,10,5,1,2,12.4,3,0,1274.65,0.0,0,0.62,0,0,0,1,0,0,0,0,0,1,0,0,0,0,1,0,0,0,0,0,0,1,0,0,0,1,0,0,0,0,0,1,0,1,0,0,0,0,1,0,0,0,0,1,0,0,1
CLI-004312,584.0,1,2,1,50.0,26,25.2,4,2,3,0,14.5,5,0,27.41,0.1,0,0.5,0,0,0,0,1,0,0,0,0,0,0,1,0,0,1,0,0,0,0,0,1,0,0,0,1,0,0,0,0,0,0,1,0,0,1,0,0,0,1,0,0,0,0,1,1,0,0
CLI-002368,4706.0,21,5,3,60.0,19,6.4,5,11,4,0,7.9,4,0,124.77,0.01,0,0.31,0,0,0,0,0,0,1,0,0,0,0,1,0,0,1,0,0,0,0,0,1,0,0,0,0,1,0,0,1,0,0,0,0,0,0,1,0,0,1,0,0,0,0,1,0,0,1
CLI-002000,9625.0,2,38,17,44.7,1,0.3,4,1,16,4,13.9,3,4,733.6,0.27,0,0.25,0,0,1,0,0,0,0,0,0,0,0,0,0,1,1,0,0,0,0,0,0,1,0,0,0,1,0,0,0,0,1,0,0,1,0,0,0,0,1,0,0,1,0,0,1,0,0
CLI-004825,1876938.0,13,653,595,91.1,49,43.8,24,4,0,0,10.65,3,0,52240.0,0.0,0,0.6,0,0,0,0,1,0,0,0,0,1,0,0,0,0,1,0,0,0,0,0,0,0,0,1,0,0,0,1,0,0,1,0,0,0,1,0,0,0,0,1,0,0,1,0,0,0,1
CLI-001904,67317.0,13,216,85,39.4,4,0.2,8,0,9,4,9.9,2,0,9121.49,0.02,0,0.31,0,0,0,0,0,0,1,0,0,0,0,1,0,0,1,0,0,0,0,0,0,0,1,0,0,0,1,0,0,0,1,0,0,1,0,0,0,1,0,0,1,0,0,0,0,0,1
CLI-003207,31576.0,9,15,14,50.0,50,40.9,10,0,1,2,18.1,2,0,437.59,0.0,0,0.62,0,0,0,0,0,0,1,0,1,0,0,0,0,0,1,0,0,0,0,0,0,1,0,0,0,1,0,0,0,1,0,0,0,0,0,0,1,0,0,1,1,0,0,0,0,1,0
CLI-000678,790718.0,1,856,537,62.7,31,32.3,17,0,0,5,8.7,3,2,41925.64,0.0,0,0.65,0,0,0,0,0,0,1,0,0,0,0,0,0,1,1,0,0,0,0,0,0,0,0,1,0,0,1,0,0,0,0,0,1,0,0,0,1,0,0,1,0,0,0,1,1,0,0
CLI-001364,1243.0,1,6,3,50.0,1,0.1,4,0,18,4,14.6,4,1,116.62,0.6,0,0.25,1,0,0,0,0,0,0,0,0,0,0,0,1,0,1,0,0,0,0,0,1,0,0,0,0,1,0,0,0,1,0,0,0,0,0,0,1,0,1,0,0,0,0,1,1,0,0
CLI-004845,1817.0,9,4,2,50.0,9,5.7,3,2,2,1,6.7,3,0,110.79,0.01,0,0.19,0,0,0,0,0,1,0,1,0,0,0,0,0,0,0,0,0,0,0,1,1,0,0,0,0,1,0,0,0,1,0,0,0,1,0,0,0,0,1,0,0,0,0,1,0,1,0
CLI-002906,1527.0,11,8,5,62.5,38,20.7,8,3,0,3,11.6,4,0,206.9,0.0,0,0.5,0,1,0,0,0,0,0,0,0,0,0,0,0,1,0,1,0,0,0,0,1,0,0,0,0,1,0,0,0,1,0,0,0,1,0,0,0,0,0,1,0,0,1,0,0,1,0
CLI-002262,10834.0,10,12,8,66.7,33,15.3,11,2,0,4,12.1,3,0,528.48,0.0,0,0.42,0,0,0,0,1,0,0,0,1,0,0,0,0,0,1,0,0,0,0,0,0,1,0,0,0,0,1,0,0,0,0,0,1,0,0,0,1,0,1,0,0,0,0,1,0,1,0
CLI-004704,19635.0,6,100,23,23.0,1,5.7,1,2,9,5,13.4,2,1,3420.81,0.05,0,0.04,0,0,0,0,0,0,1,0,0,0,0,1,0,0,1,0,0,0,0,0,0,0,1,0,0,0,1,0,1,0,0,0,0,0,0,1,0,0,1,0,0,0,0,1,0,1,0
CLI-003758,36199.0,23,32,20,62.5,17,0.8,4,5,1,5,10.65,2,0,428.59,0.0,0,0.5,0,0,0,0,1,0,0,0,0,1,0,0,0,0,0,0,0,1,0,0,0,1,0,0,1,0,0,0,0,0,0,0,1,0,1,0,0,0,0,1,1,0,0,0,0,0,1
CLI-004288,1934.0,10,24,10,41.7,14,3.2,3,1,0,8,10.65,3,0,262.03,0.0,0,0.38,0,0,0,0,0,0,1,1,0,0,0,0,0,0,0,0,0,1,0,0,0,1,0,0,1,0,0,0,0,0,0,1,0,0,1,0,0,0,1,0,0,0,0,1,0,1,0
CLI-001666,3904.0,5,27,23,85.2,80,79.1,9,0,0,0,14.8,3,0,595.12,0.0,0,0.56,0,0,1,0,0,0,0,0,0,1,0,0,0,0,0,1,0,0,0,0,0,1,0,0,0,1,0,0,1,0,0,0,0,1,0,0,0,0,0,1,0,1,0,0,0,1,0
CLI-002673,414665.0,12,185,156,84.3,55,10.7,2,3,1,1,11.3,3,1,4957.73,0.0,0,0.12,0,1,0,0,0,0,0,0,0,1,0,0,0,0,0,1,0,0,0,0,0,0,1,0,0,1,0,0,0,1,0,0,0,0,1,0,0,0,1,0,0,0,0,1,0,1,0
CLI-001165,1373745.0,20,503,285,56.7,39,30.9,8,3,5,0,10.65,3,0,22639.17,0.01,0,0.31,0,0,0,1,0,0,0,0,0,0,1,0,0,0,1,0,0,0,0,0,0,0,0,1,0,0,1,0,0,0,0,0,1,0,1,0,0,0,1,0,0,0,0,1,0,0,1
CLI-002789,71711.0,5,101,58,57.4,20,14.5,21,1,1,0,6.1,3,2,7287.7,0.01,0,0.52,0,0,0,0,0,0,1,1,0,0,0,0,0,0,1,0,0,0,0,0,0,0,1,0,0,0,0,1,0,0,1,0,0,0,1,0,0,0,0,1,0,1,0,0,0,1,0
CLI-002444,25181.0,9,39,17,43.6,7,2.6,3,3,1,0,8.6,3,1,1096.75,0.0,0,0.19,0,0,1,0,0,0,0,0,0,0,0,0,0,1,0,0,0,0,1,0,0,1,0,0,0,1,0,0,0,0,0,1,0,0,0,0,1,0,0,1,0,0,0,1,0,1,0
CLI-003669,190278.0,12,468,101,21.6,2,0.4,7,3,0,1,2.4,4,0,29005.74,0.0,0,0.18,0,0,0,0,1,0,0,0,0,1,0,0,0,0,1,0,0,0,0,0,0,0,0,1,0,0,0,1,0,1,0,0,0,1,0,0,0,0,0,1,1,0,0,0,0,1,0
CLI-002674,12111.0,3,32,24,75.0,42,26.7,10,0,1,2,13.1,4,2,868.77,0.01,0,0.62,0,0,0,1,0,0,0,0,0,0,1,0,0,0,1,0,0,0,0,0,0,1,0,0,0,1,0,0,1,0,0,0,0,0,0,1,0,0,1,0,0,1,0,0,1,0,0
CLI-000108,210383.0,6,140,60,42.9,6,0.4,7,0,10,0,3.1,5,3,6578.57,0.06,0,0.27,0,0,0,0,0,1,0,0,1,0,0,0,0,0,0,1,0,0,0,0,0,0,0,1,0,0,1,0,0,0,0,1,0,0,1,0,0,0,1,0,0,0,0,1,0,1,0
CLI-002591,47815.0,12,47,38,80.9,47,25.1,11,3,2,1,8.6,5,0,1240.67,0.01,0,0.69,0,0,0,0,0,1,0,0,1,0,0,0,0,0,1,0,0,0,0,0,0,1,0,0,0,1,0,0,0,0,0,1,0,0,0,1,0,0,1,0,0,0,0,1,0,1,0
CLI-003653,953.0,1,9,4,44.4,24,6.7,5,0,0,3,7.4,3,0,165.96,0.0,0,0.31,1,0,0,0,0,0,0,0,1,0,0,0,0,0,0,0,0,1,0,0,1,0,0,0,0,1,0,0,0,0,1,0,0,0,0,0,1,1,0,0,0,0,0,1,1,0,0
CLI-000347,16436.0,17,38,9,23.7,9,3.0,5,1,1,11,19.2,1,0,954.45,0.0,0,0.31,0,0,0,1,0,0,0,0,1,0,0,0,0,0,0,0,0,1,0,0,0,1,0,0,0,1,0,0,0,0,0,0,1,1,0,0,0,0,1,0,0,0,0,1,0,0,1
CLI-003541,348.0,2,3,2,66.7,15,9.1,4,1,0,3,28.7,3,3,38.55,0.0,0,0.5,0,0,1,0,0,0,0,0,0,0,0,0,0,1,1,0,0,0,0,0,1,0,0,0,1,0,0,0,0,0,0,0,1,0,1,0,0,0,0,1,0,0,0,1,1,0,0
CLI-004107,509.0,14,1,1,100.0,84,65.5,5,6,4,2,33.0,3,1,13.2,0.01,0,0.62,0,0,0,0,0,1,0,0,0,0,0,0,1,0,1,0,0,0,0,0,1,0,0,0,1,0,0,0,1,0,0,0,0,1,0,0,0,0,1,0,0,1,0,0,0,0,1
CLI-004211,2472.0,13,5,2,40.0,18,6.3,1,2,1,0,12.2,5,0,64.15,0.0,0,0.12,0,1,0,0,0,0,0,0,0,0,1,0,0,0,0,0,0,0,1,0,1,0,0,0,1,0,0,0,0,1,0,0,0,1,0,0,0,1,0,0,0,0,0,1,0,0,1
CLI-001157,19162.0,11,62,28,45.2,5,1.2,6,1,6,0,5.1,5,0,1460.49,0.02,0,0.38,0,0,1,0,0,0,0,0,0,0,0,1,0,0,0,0,0,1,0,0,0,0,1,0,0,1,0,0,1,0,0,0,0,1,0,0,0,1,0,0,0,0,0,1,0,1,0
CLI-003048,10800.0,6,34,32,94.1,112,68.5,15,0,3,2,14.0,4,0,1013.18,0.02,0,0.94,0,0,0,0,1,0,0,0,0,0,0,0,1,0,1,0,0,0,0,0,0,1,0,0,0,1,0,0,1,0,0,0,0,0,0,1,0,1,0,0,0,1,0,0,0,1,0
CLI-000379,11716.0,10,34,18,50.0,14,10.6,1,1,0,2,27.7,3,1,432.95,0.0,0,0.12,0,1,0,0,0,0,0,0,0,0,0,0,0,1,1,0,0,0,0,0,0,1,0,0,1,0,0,0,0,0,1,0,0,0,0,0,1,0,0,1,0,0,0,1,0,1,0
CLI-003830,283751.0,15,66,0,0.0,0,0.0,0,0,144,2,3.3,3,0,6529.01,0.32,1,0.0,0,1,0,0,0,0,0,0,0,1,0,0,0,0,0,0,0,1,0,0,0,0,1,0,0,0,0,1,0,0,0,1,0,0,1,0,0,1,0,0,0,0,0,1,0,0,1
CLI-002012,2363.0,10,11,4,36.4,25,5.7,2,1,3,1,22.2,4,0,144.09,0.01,0,0.25,1,0,0,0,0,0,0,1,0,0,0,0,0,0,1,0,0,0,0,0,0,1,0,0,1,0,0,0,1,0,0,0,0,1,0,0,0,0,1,0,0,0,0,1,0,1,0
CLI-002350,7973.0,1,19,9,47.4,3,0.5,5,0,5,3,18.0,3,1,463.0,0.17,0,0.31,0,0,0,1,0,0,0,0,0,0,0,0,1,0,0,0,1,0,0,0,0,1,0,0,0,1,0,0,0,0,1,0,0,0,0,0,1,0,0,1,0,1,0,0,1,0,0
CLI-003242,7970.0,6,28,4,14.3,4,5.7,1,3,5,0,4.4,4,1,1260.0,0.03,0,0.04,0,0,0,0,1,0,0,1,0,0,0,0,0,0,0,0,0,0,0,1,0,1,0,0,0,0,1,0,0,0,0,0,1,0,1,0,0,1,0,0,1,0,0,0,0,1,0
CLI-002552,3715.0,15,9,4,44.4,1,0.3,2,5,7,2,29.6,3,0,122.46,0.02,0,0.25,0,0,1,0,0,0,0,0,0,1,0,0,0,0,0,1,0,0,0,0,1,0,0,0,1,0,0,0,0,1,0,0,0,1,0,0,0,0,0,1,0,0,0,1,0,0,1
CLI-004414,110129.0,10,68,57,83.8,46,40.6,21,1,2,1,0.5,4,0,4974.21,0.01,0,0.52,0,0,0,0,0,1,0,1,0,0,0,0,0,0,0,0,1,0,0,0,0,0,1,0,0,0,0,1,1,0,0,0,0,0,1,0,0,1,0,0,0,0,0,1,0,1,0
CLI-004185,39537.0,5,207,72,34.8,6,2.2,3,0,4,1,7.9,3,2,4821.58,0.03,0,0.19,1,0,0,0,0,0,0,0,0,1,0,0,0,0,0,0,0,1,0,0,0,0,1,0,0,1,0,0,0,1,0,0,0,0,0,0,1,0,1,0,0,1,0,0,0,1,0
CLI-004734,25923.0,1,169,39,23.1,1,0.4,6,1,30,0,15.9,4,2,3951.71,1.0,1,0.38,1,0,0,0,0,0,0,0,0,0,0,0,0,1,0,0,1,0,0,0,0,0,1,0,0,1,0,0,0,0,1,0,0,0,0,0,1,1,0,0,1,0,0,0,1,0,0
CLI-001826,1926.0,9,8,6,75.0,51,41.8,1,3,0,4,25.9,3,1,90.35,0.0,0,0.12,0,0,0,1,0,0,0,1,0,0,0,0,0,0,1,0,0,0,0,0,1,0,0,0,1,0,0,0,0,0,0,0,1,0,0,1,0,0,0,1,0,0,0,1,0,1,0
CLI-000687,9353.0,12,38,23,60.5,24,16.1,3,0,2,1,30.0,4,0,518.44,0.01,0,0.38,0,0,1,0,0,0,0,1,0,0,0,0,0,0,1,0,0,0,0,0,0,1,0,0,1,0,0,0,1,0,0,0,0,0,0,1,0,0,0,1,0,0,0,1,0,1,0
CLI-004519,71775.0,1,175,89,50.9,16,5.7,3,0,1,1,4.2,5,5,7294.17,0.03,0,0.12,0,0,0,0,1,0,0,1,0,0,0,0,0,0,0,0,0,1,0,0,0,0,1,0,0,0,1,0,0,0,0,1,0,0,1,0,0,0,0,1,0,1,0,0,1,0,0
CLI-000375,75389.0,12,191,14,7.3,1,0.1,1,4,23,3,4.0,4,0,8358.03,0.06,0,0.04,0,1,0,0,0,0,0,1,0,0,0,0,0,0,1,0,0,0,0,0,0,0,1,0,0,0,1,0,0,0,1,0,0,0,0,1,0,1,0,0,1,0,0,0,0,1,0
CLI-002726,261472.0,13,132,77,58.3,30,5.7,19,1,0,0,0.5,3,1,11809.92,0.0,0,0.48,1,0,0,0,0,0,0,0,0,1,0,0,0,0,0,0,0,0,0,1,0,0,1,0,0,0,0,1,0,0,0,0,1,0,0,0,1,0,0,1,0,0,0,1,0,0,1
CLI-002245,11369.0,12,27,17,63.0,22,9.0,3,2,1,1,20.9,4,1,346.61,0.0,0,0.38,0,0,0,1,0,0,0,0,0,1,0,0,0,0,0,0,0,0,0,1,0,1,0,0,1,0,0,0,0,0,1,0,0,0,0,0,1,0,1,0,0,0,0,1,0,1,0
CLI-001324,15671.0,7,18,7,38.9,11,0.6,6,2,5,0,4.2,4,2,502.92,0.02,0,0.38,0,0,0,1,0,0,0,0,1,0,0,0,0,0,0,0,0,0,0,1,0,1,0,0,0,1,0,0,0,0,0,1,0,0,1,0,0,1,0,0,0,0,0,1,0,1,0
CLI-002221,180656.0,18,195,105,53.8,27,23.1,4,10,2,0,8.5,4,0,4875.0,0.0,0,0.25,0,0,0,0,1,0,0,0,1,0,0,0,0,0,1,0,0,0,0,0,0,0,1,0,0,1,0,0,1,0,0,0,0,1,0,0,0,0,1,0,0,0,1,0,0,0,1
CLI-001216,617.0,15,2,1,50.0,1,0.1,3,4,7,5,21.6,3,1,22.13,0.02,0,0.38,0,0,0,0,1,0,0,0,1,0,0,0,0,0,0,0,0,0,0,1,1,0,0,0,1,0,0,0,1,0,0,0,0,0,1,0,0,0,1,0,0,0,0,1,0,0,1
CLI-004362,12672.0,5,39,27,69.2,39,31.7,10,0,1,6,6.3,2,4,1717.07,0.01,0,0.38,0,0,0,0,0,0,1,0,0,0,1,0,0,0,1,0,0,0,0,0,0,1,0,0,0,0,1,0,1,0,0,0,0,0,0,1,0,0,0,1,0,0,0,1,0,1,0
CLI-001308,3421.0,13,21,3,14.3,1,0.6,1,5,2,2,19.5,4,0,278.09,0.01,0,0.12,0,1,0,0,0,0,0,0,0,1,0,0,0,0,0,1,0,0,0,0,0,1,0,0,1,0,0,0,0,1,0,0,0,0,1,0,0,1,0,0,1,0,0,0,0,0,1
CLI-000617,106727.0,6,33,15,45.5,32,17.5,11,2,0,6,5.5,3,0,2324.2,0.0,0,0.28,0,1,0,0,0,0,0,1,0,0,0,0,0,0,1,0,0,0,0,0,0,1,0,0,0,0,0,1,0,0,1,0,0,0,1,0,0,1,0,0,0,1,0,0,0,1,0
CLI-002845,25642.0,5,154,103,66.9,27,8.3,8,2,2,0,8.2,5,1,3908.82,0.01,0,0.5,0,0,0,0,0,0,1,0,0,0,0,0,0,1,1,0,0,0,0,0,0,0,1,0,0,1,0,0,1,0,0,0,0,0,1,0,0,1,0,0,0,0,0,1,0,1,0
CLI-002027,11743.0,10,22,13,59.1,33,15.5,6,4,2,2,6.8,4,2,650.96,0.01,0,0.38,0,0,0,0,1,0,0,0,0,1,0,0,0,0,0,0,0,0,1,0,0,1,0,0,0,1,0,0,1,0,0,0,0,0,1,0,0,0,0,1,0,0,1,0,0,1,0
CLI-000856,2370.0,4,9,4,44.4,13,6.6,5,2,3,4,15.5,3,1,222.33,0.02,0,0.31,0,0,0,0,0,0,1,0,1,0,0,0,0,0,0,0,0,0,0,1,1,0,0,0,0,1,0,0,1,0,0,0,0,0,1,0,0,0,0,1,0,0,0,1,0,1,0
CLI-001405,10405.0,11,18,9,50.0,30,15.0,2,0,1,2,24.3,3,0,264.35,0.0,0,0.25,0,0,0,0,1,0,0,1,0,0,0,0,0,0,0,0,0,1,0,0,0,1,0,0,1,0,0,0,0,0,1,0,0,1,0,0,0,1,0,0,0,0,0,1,0,1,0
CLI-002630,2192.0,5,12,10,83.3,48,32.0,5,3,1,1,16.8,5,1,148.5,0.01,0,0.62,0,0,0,1,0,0,0,0,0,0,0,1,0,0,0,1,0,0,0,0,0,1,0,0,1,0,0,0,1,0,0,0,0,1,0,0,0,1,0,0,0,0,0,1,0,1,0
CLI-000422,3564.0,17,7,2,28.6,5,1.5,1,3,3,2,8.5,4,0,149.87,0.01,0,0.06,0,0,0,0,1,0,0,0,0,0,1,0,0,0,0,0,0,1,0,0,1,0,0,0,0,1,0,0,0,0,0,1,0,0,0,1,0,0,0,1,0,0,0,1,0,0,1
CLI-004117,8106.0,2,29,16,55.2,11,5.9,6,0,1,4,3.0,3,2,1647.66,0.02,0,0.15,0,0,0,0,0,0,1,0,0,0,0,0,1,0,1,0,0,0,0,0,0,1,0,0,0,0,0,1,0,0,0,0,1,0,0,1,0,0,1,0,0,0,0,1,1,0,0
CLI-000495,4732.0,1,6,3,50.0,30,8.2,2,0,1,2,19.3,3,1,79.05,0.03,0,0.25,0,1,0,0,0,0,0,1,0,0,0,0,0,0,0,1,0,0,0,0,1,0,0,0,1,0,0,0,0,0,0,1,0,0,0,1,0,0,0,1,0,0,0,1,1,0,0
CLI-004174,2330.0,16,13,2,15.4,1,0.1,2,6,4,4,12.3,3,0,236.83,0.01,0,0.12,0,0,0,0,0,1,0,0,0,0,0,0,1,0,0,1,0,0,0,0,0,1,0,0,0,1,0,0,0,0,0,0,1,0,0,0,1,1,0,0,1,0,0,0,0,0,1
CLI-001931,109736.0,18,47,0,0.0,0,0.0,0,0,96,3,4.7,4,0,2624.01,0.18,1,0.0,0,0,0,0,0,0,1,0,0,0,0,0,0,1,1,0,0,0,0,0,0,1,0,0,0,0,1,0,0,1,0,0,0,1,0,0,0,0,0,1,0,0,0,1,0,0,1
CLI-001416,4873.0,21,14,10,71.4,56,23.8,8,7,1,8,13.6,5,0,349.59,0.0,0,0.5,0,0,0,0,0,1,0,0,0,0,1,0,0,0,1,0,0,0,0,0,0,1,0,0,0,1,0,0,0,0,0,0,1,0,0,1,0,0,1,0,1,0,0,0,0,0,1
CLI-001014,6450.0,1,8,3,37.5,1,0.4,3,0,1,6,12.6,3,2,191.85,0.03,0,0.19,0,0,0,1,0,0,0,0,0,0,0,1,0,0,0,0,0,1,0,0,1,0,0,0,0,1,0,0,0,0,0,0,1,0,0,0,1,1,0,0,0,0,0,1,1,0,0
CLI-001749,836.0,21,8,2,25.0,8,0.4,2,2,5,0,31.4,3,0,101.92,0.01,0,0.25,0,0,0,0,1,0,0,0,0,0,1,0,0,0,0,1,0,0,0,0,1,0,0,0,1,0,0,0,1,0,0,0,0,0,1,0,0,0,0,1,0,1,0,0,0,0,1
CLI-001382,2041.0,5,11,5,45.5,19,7.7,3,1,0,6,38.2,2,2,132.0,0.0,0,0.38,0,1,0,0,0,0,0,0,0,1,0,0,0,0,1,0,0,0,0,0,1,0,0,0,1,0,0,0,0,0,1,0,0,0,0,1,0,0,1,0,1,0,0,0,0,1,0
CLI-001068,3255.0,10,11,5,45.5,15,5.1,2,2,0,4,37.0,1,0,141.76,0.0,0,0.25,0,0,0,0,1,0,0,0,0,0,0,0,0,1,0,0,0,0,1,0,1,0,0,0,1,0,0,0,0,0,1,0,0,0,0,0,1,0,1,0,0,0,0,1,0,1,0
CLI-002072,4011.0,11,11,1,9.1,1,0.1,0,0,9,3,28.8,3,0,119.3,0.03,0,0.0,0,0,0,0,0,1,0,0,0,0,0,0,0,1,1,0,0,0,0,0,1,0,0,0,1,0,0,0,0,0,0,1,0,0,0,1,0,0,0,1,1,0,0,0,0,1,0
CLI-000914,16725.0,15,41,16,39.0,13,4.2,4,3,3,0,7.4,4,0,849.86,0.01,0,0.25,0,0,0,0,0,0,1,0,0,1,0,0,0,0,1,0,0,0,0,0,0,1,0,0,0,1,0,0,0,0,0,0,1,1,0,0,0,1,0,0,0,0,0,1,0,0,1
CLI-000935,2415.0,1,4,2,50.0,1,0.7,8,0,1,1,12.4,3,1,101.57,0.03,0,0.5,0,0,0,0,0,0,1,0,0,0,0,1,0,0,1,0,0,0,0,0,1,0,0,0,0,1,0,0,0,1,0,0,0,0,1,0,0,1,0,0,0,0,0,1,1,0,0
CLI-001149,12258.0,6,11,9,81.8,68,34.7,3,3,2,3,10.65,4,1,155.72,0.01,0,0.38,0,1,0,0,0,0,0,0,0,0,0,0,1,0,1,0,0,0,0,0,1,0,0,0,1,0,0,0,0,0,1,0,0,0,1,0,0,1,0,0,0,0,1,0,0,1,0
CLI-002141,1721.0,20,3,3,100.0,86,51.3,5,5,0,0,16.1,4,0,39.61,0.0,0,0.62,0,0,1,0,0,0,0,0,0,1,0,0,0,0,1,0,0,0,0,0,1,0,0,0,1,0,0,0,1,0,0,0,0,0,1,0,0,0,1,0,0,0,0,1,0,0,1
CLI-001608,3328.0,16,6,3,50.0,15,0.8,4,2,3,0,3.4,3,0,312.16,0.01,0,0.15,0,0,0,0,0,1,0,0,0,0,0,0,1,0,1,0,0,0,0,0,0,1,0,0,0,0,1,0,0,1,0,0,0,0,0,1,0,1,0,0,0,1,0,0,0,0,1
CLI-002610,172797.0,32,29,17,58.6,31,12.2,16,6,1,4,9.6,4,0,1756.07,0.0,0,0.62,0,0,0,0,0,0,1,0,0,0,1,0,0,0,0,0,0,0,1,0,0,1,0,0,0,0,1,0,0,0,1,0,0,0,1,0,0,0,0,1,0,0,0,1,0,0,1
CLI-004073,3267.0,10,8,5,62.5,16,10.6,5,4,2,6,10.65,3,1,102.15,0.01,0,0.62,0,0,1,0,0,0,0,0,0,1,0,0,0,0,1,0,0,0,0,0,1,0,0,0,1,0,0,0,0,1,0,0,0,0,1,0,0,0,0,1,0,0,0,1,0,1,0
CLI-003362,31926.0,13,50,16,50.0,1,5.7,6,2,30,2,14.8,1,0,1145.11,0.08,1,0.38,0,0,0,0,1,0,0,0,0,0,0,1,0,0,0,0,0,0,0,1,0,1,0,0,0,1,0,0,1,0,0,0,0,0,0,0,1,1,0,0,0,0,0,1,0,0,1
CLI-002971,22355.0,9,17,9,52.9,25,12.8,16,0,0,1,1.7,3,0,1360.0,0.0,0,0.4,0,0,1,0,0,0,0,1,0,0,0,0,0,0,1,0,0,0,0,0,0,1,0,0,0,0,0,1,0,1,0,0,0,0,0,0,1,0,0,1,0,0,0,1,0,1,0
CLI-001853,155932.0,1,143,57,39.9,14,5.5,11,0,0,0,6.2,4,0,13582.92,0.0,0,0.28,0,0,0,0,1,0,0,0,0,0,0,0,0,1,1,0,0,0,0,0,0,0,0,1,0,0,0,1,0,0,0,1,0,1,0,0,0,0,0,1,0,0,0,1,1,0,0
CLI-002776,300.0,1,2,1,50.0,5,1.0,4,0,1,2,27.6,3,6,17.72,0.03,0,0.5,0,0,0,0,1,0,0,0,0,0,0,0,0,1,1,0,0,0,0,0,1,0,0,0,1,0,0,0,0,0,0,1,0,0,0,0,1,0,0,1,0,0,0,1,1,0,0
CLI-002353,49760.0,20,56,43,76.8,77,48.3,22,6,1,0,1.8,4,0,5056.94,0.0,0,0.55,0,0,0,0,0,0,1,0,0,1,0,0,0,0,1,0,0,0,0,0,0,1,0,0,0,0,0,1,0,0,1,0,0,0,1,0,0,1,0,0,0,0,1,0,0,0,1
CLI-004508,23986.0,1,178,48,27.0,3,0.2,5,0,13,5,14.9,2,0,4178.77,0.43,0,0.31,0,0,0,0,0,0,1,0,0,0,0,0,0,1,1,0,0,0,0,0,0,0,1,0,0,1,0,0,0,0,0,0,1,0,0,1,0,0,0,1,0,0,0,1,1,0,0
CLI-002837,7668.0,2,34,21,61.8,36,21.7,3,1,1,5,34.9,3,5,425.03,0.02,0,0.38,0,0,0,0,0,1,0,1,0,0,0,0,0,0,1,0,0,0,0,0,0,1,0,0,1,0,0,0,0,0,0,0,1,0,0,1,0,1,0,0,0,0,0,1,1,0,0
CLI-001188,180381.0,20,56,50,50.0,72,47.4,20,6,0,4,7.5,4,0,2499.74,0.0,0,0.77,0,0,0,0,1,0,0,0,0,0,0,0,0,1,1,0,0,0,0,0,0,0,1,0,0,0,1,0,0,0,1,0,0,0,1,0,0,1,0,0,0,0,1,0,0,0,1
CLI-002567,780.0,8,5,3,60.0,56,5.7,2,2,0,1,22.9,3,1,63.41,0.0,0,0.25,0,1,0,0,0,0,0,1,0,0,0,0,0,0,1,0,0,0,0,0,1,0,0,0,1,0,0,0,0,0,1,0,0,1,0,0,0,0,0,1,0,1,0,0,0,1,0
CLI-002089,1570.0,6,13,8,61.5,26,5.2,4,1,1,0,8.9,5,1,325.0,0.01,0,0.25,0,0,0,0,0,0,1,0,0,0,0,1,0,0,1,0,0,0,0,0,0,1,0,0,0,1,0,0,0,0,1,0,0,1,0,0,0,1,0,0,0,1,0,0,0,1,0
CLI-000438,2633.0,1,11,6,54.5,34,27.7,8,0,1,4,12.1,5,1,229.37,0.03,0,0.5,1,0,0,0,0,0,0,0,1,0,0,0,0,0,1,0,0,0,0,0,1,0,0,0,0,1,0,0,0,0,0,0,1,1,0,0,0,0,1,0,0,1,0,0,1,0,0
CLI-000364,12710.0,8,10,7,70.0,24,6.1,8,1,1,3,13.1,4,1,484.39,0.0,0,0.31,0,0,0,0,1,0,0,0,0,0,0,0,0,1,1,0,0,0,0,0,0,1,0,0,0,0,1,0,1,0,0,0,0,1,0,0,0,0,1,0,0,0,0,1,0,1,0
CLI-004811,2160.0,10,6,0,50.0,0,0.0,0,0,37,1,9.5,4,2,175.63,0.12,1,0.0,0,0,0,0,0,1,0,0,1,0,0,0,0,0,0,0,0,0,1,0,1,0,0,0,0,1,0,0,0,0,0,1,0,0,0,0,1,1,0,0,0,0,0,1,0,1,0
CLI-003232,205505.0,1,218,73,33.5,9,2.4,16,0,1,1,1.3,3,4,16707.69,0.03,0,0.4,0,0,0,0,0,0,1,0,0,1,0,0,0,0,1,0,0,0,0,0,0,0,0,1,0,0,0,1,1,0,0,0,0,0,1,0,0,0,0,1,0,1,0,0,1,0,0
CLI-004985,44413.0,16,18,8,44.4,14,7.3,6,2,4,5,18.1,3,0,531.0,0.01,0,0.38,0,0,0,0,0,1,0,0,0,0,1,0,0,0,0,0,0,0,1,0,0,1,0,0,0,1,0,0,1,0,0,0,0,0,1,0,0,0,1,0,0,0,0,1,0,0,1
CLI-003762,2112.0,21,28,7,25.0,1,0.2,3,4,30,1,8.2,5,0,515.13,0.05,1,0.19,0,0,0,1,0,0,0,0,0,0,0,0,1,0,1,0,0,0,0,0,0,1,0,0,0,1,0,0,0,0,0,0,1,1,0,0,0,0,1,0,0,0,0,1,0,0,1
CLI-003794,103009.0,11,101,81,80.2,86,68.9,6,1,1,3,10.2,4,2,2791.56,0.0,0,0.38,0,0,0,0,0,0,1,0,1,0,0,0,0,0,0,0,0,0,0,1,0,0,1,0,0,1,0,0,1,0,0,0,0,0,0,1,0,1,0,0,0,1,0,0,0,1,0
CLI-002989,651.0,7,7,3,42.9,7,1.7,2,0,1,1,34.2,3,2,88.19,0.0,0,0.25,1,0,0,0,0,0,0,0,0,1,0,0,0,0,0,0,0,1,0,0,1,0,0,0,1,0,0,0,0,0,0,1,0,0,1,0,0,0,0,1,0,0,0,1,0,1,0
CLI-003399,43992.0,8,89,0,0.0,0,0.0,0,0,75,6,4.6,4,0,5364.85,0.31,1,0.0,0,0,0,0,1,0,0,0,0,1,0,0,0,0,1,0,0,0,0,0,0,0,1,0,0,0,0,1,0,0,1,0,0,0,0,0,1,1,0,0,0,0,0,1,0,1,0
CLI-002254,1011.0,13,13,0,0.0,0,0.0,0,0,57,5,18.0,2,0,308.37,0.15,1,0.0,0,0,0,0,0,0,1,0,0,1,0,0,0,0,1,0,0,0,0,0,0,1,0,0,0,1,0,0,1,0,0,0,0,0,1,0,0,0,1,0,1,0,0,0,0,0,1
CLI-004329,1838.0,1,17,8,47.1,21,7.0,3,0,0,0,3.9,5,1,320.17,0.0,0,0.19,0,0,1,0,0,0,0,0,1,0,0,0,0,0,1,0,0,0,0,0,0,1,0,0,0,1,0,0,0,0,0,1,0,0,1,0,0,0,0,1,0,1,0,0,1,0,0
CLI-002249,1536.0,14,11,0,0.0,0,0.0,0,0,33,2,10.65,3,2,117.09,0.08,1,0.0,0,0,0,0,0,0,1,0,0,0,0,1,0,0,1,0,0,0,0,0,1,0,0,0,1,0,0,0,0,0,0,0,1,1,0,0,0,1,0,0,1,0,0,0,0,0,1
CLI-002342,2251.0,24,9,2,22.2,4,1.2,4,6,7,2,30.2,3,0,101.69,0.01,0,0.5,1,0,0,0,0,0,0,0,0,0,0,0,0,1,0,0,0,0,0,1,1,0,0,0,1,0,0,0,0,0,1,0,0,1,0,0,0,0,0,1,0,0,0,1,0,0,1
CLI-000884,12737.0,12,13,9,69.2,51,26.6,13,3,2,3,9.0,3,0,706.04,0.01,0,0.5,1,0,0,0,0,0,0,0,0,0,0,1,0,0,0,0,0,1,0,0,0,1,0,0,0,0,1,0,0,0,1,0,0,0,1,0,0,0,1,0,0,0,0,1,0,1,0
CLI-002013,21284.0,8,49,0,0.0,0,0.0,0,0,52,5,19.1,2,0,1038.23,0.22,1,0.0,0,0,0,0,1,0,0,0,0,1,0,0,0,0,0,0,0,0,0,1,0,1,0,0,0,1,0,0,0,0,1,0,0,0,0,0,1,0,1,0,1,0,0,0,0,1,0
CLI-001129,660807.0,23,338,27,50.0,1,0.1,6,6,0,0,1.0,5,0,17518.74,0.0,0,0.23,0,0,1,0,0,0,0,1,0,0,0,0,0,0,0,0,1,0,0,0,0,0,0,1,0,0,1,0,0,1,0,0,0,0,0,0,1,1,0,0,1,0,0,0,0,0,1
CLI-002905,5657.0,22,5,0,0.0,0,0.0,0,0,49,10,45.9,1,0,65.08,0.07,1,0.0,0,0,0,0,0,0,1,0,0,1,0,0,0,0,1,0,0,0,0,0,1,0,0,0,1,0,0,0,0,0,0,0,1,0,0,1,0,0,0,1,1,0,0,0,0,0,1
CLI-001392,8121.0,11,27,9,33.3,5,2.2,3,1,4,3,19.4,4,0,341.5,0.01,0,0.38,0,0,0,0,1,0,0,0,0,0,0,0,0,1,1,0,0,0,0,0,0,1,0,0,1,0,0,0,0,0,0,0,1,0,1,0,0,0,0,1,0,1,0,0,0,1,0
CLI-003599,300.0,3,3,1,33.3,1,0.1,0,2,11,4,19.2,3,3,29.93,0.12,0,0.0,1,0,0,0,0,0,0,0,0,0,1,0,0,0,1,0,0,0,0,0,1,0,0,0,1,0,0,0,0,1,0,0,0,0,0,0,1,0,0,1,0,0,0,1,1,0,0
CLI-000235,177535.0,24,155,62,40.0,14,0.7,8,2,0,5,9.3,3,0,6560.8,0.0,0,0.31,0,1,0,0,0,0,0,0,0,0,0,1,0,0,0,1,0,0,0,0,0,0,1,0,0,0,1,0,1,0,0,0,0,0,0,1,0,0,1,0,0,0,0,1,0,0,1
CLI-000695,1232.0,7,8,3,37.5,8,2.2,6,2,0,0,3.5,5,2,166.9,0.0,0,0.38,0,0,0,0,0,0,1,0,0,1,0,0,0,0,0,0,0,0,0,1,0,1,0,0,0,1,0,0,1,0,0,0,0,0,0,1,0,0,1,0,0,0,0,1,0,1,0
CLI-003859,1003056.0,13,350,255,72.9,60,19.4,19,3,1,1,0.5,3,0,30580.97,0.0,0,0.48,0,0,0,0,0,1,0,0,0,0,1,0,0,0,0,0,0,0,0,1,0,0,0,1,0,0,0,1,0,1,0,0,0,1,0,0,0,1,0,0,0,0,0,1,0,0,1
CLI-001724,741.0,3,5,2,40.0,23,11.6,3,0,3,0,14.8,4,0,56.49,0.03,0,0.38,0,1,0,0,0,0,0,0,0,1,0,0,0,0,0,0,0,1,0,0,1,0,0,0,1,0,0,0,0,0,0,0,1,0,1,0,0,0,0,1,0,0,0,1,1,0,0
CLI-003728,1118.0,30,8,5,62.5,24,8.7,7,5,2,4,16.1,2,0,170.39,0.0,0,0.44,0,0,0,0,0,0,1,0,0,0,0,0,1,0,1,0,0,0,0,0,0,1,0,0,0,1,0,0,1,0,0,0,0,0,1,0,0,0,0,1,0,0,0,1,0,0,1
CLI-003715,90778.0,14,26,19,73.1,67,29.9,15,2,1,0,3.3,3,0,2460.12,0.0,0,0.38,0,0,1,0,0,0,0,0,0,1,0,0,0,0,0,1,0,0,0,0,0,1,0,0,0,0,0,1,1,0,0,0,0,0,1,0,0,0,0,1,0,1,0,0,0,0,1
CLI-002547,476.0,12,1,1,100.0,67,10.3,3,4,2,0,15.6,4,0,15.28,0.01,0,0.38,0,0,0,0,0,0,1,0,0,0,0,1,0,0,0,1,0,0,0,0,1,0,0,0,1,0,0,0,0,0,1,0,0,0,0,0,1,0,1,0,0,0,1,0,0,1,0
CLI-002091,159200.0,10,131,65,49.6,13,5.4,10,2,4,5,2.2,1,0,11420.38,0.01,0,0.25,0,0,0,0,0,1,0,0,0,1,0,0,0,0,0,1,0,0,0,0,0,0,1,0,0,0,0,1,1,0,0,0,0,0,0,0,1,0,0,1,1,0,0,0,0,1,0
CLI-003285,300.0,9,1,1,100.0,109,62.6,5,5,0,1,30.2,4,0,14.59,0.0,0,0.62,1,0,0,0,0,0,0,0,0,0,1,0,0,0,1,0,0,0,0,0,1,0,0,0,1,0,0,0,0,0,0,0,1,0,0,0,1,1,0,0,0,0,1,0,0,1,0
CLI-003198,5114.0,7,9,0,0.0,0,0.0,0,0,55,0,10.65,5,2,122.28,0.26,1,0.0,0,0,0,0,0,0,1,0,0,0,0,1,0,0,1,0,0,0,0,0,1,0,0,0,1,0,0,0,0,0,1,0,0,0,0,0,1,0,0,1,1,0,0,0,0,1,0
CLI-000857,13110.0,26,43,20,46.5,5,5.7,4,10,7,0,7.9,4,0,888.24,0.01,0,0.25,0,0,0,0,0,1,0,0,0,0,1,0,0,0,0,0,0,0,0,1,0,1,0,0,0,1,0,0,0,1,0,0,0,1,0,0,0,0,0,1,0,0,1,0,0,0,1
CLI-002379,10903.0,13,28,24,85.7,65,41.6,9,3,0,2,9.4,3,0,699.79,0.0,0,0.56,0,0,0,0,0,0,1,0,0,0,1,0,0,0,1,0,0,0,0,0,0,1,0,0,0,1,0,0,0,0,0,0,1,0,1,0,0,0,0,1,0,1,0,0,0,0,1
CLI-004142,74024.0,16,54,38,70.4,47,23.5,8,2,0,0,5.8,5,0,2912.05,0.0,0,0.31,0,0,1,0,0,0,0,0,0,0,0,0,0,1,1,0,0,0,0,0,0,0,1,0,0,0,1,0,0,1,0,0,0,1,0,0,0,0,1,0,0,0,0,1,0,0,1
CLI-002288,7611.0,22,14,10,71.4,15,7.8,4,5,5,3,15.6,4,0,386.76,0.01,0,0.25,0,0,0,1,0,0,0,0,0,1,0,0,0,0,0,0,0,1,0,0,0,1,0,0,0,1,0,0,0,0,0,0,1,0,0,1,0,0,0,1,0,0,1,0,0,0,1
CLI-001287,2104.0,11,6,4,66.7,48,24.6,7,0,3,1,14.8,3,0,171.03,0.01,0,0.44,0,0,1,0,0,0,0,0,0,0,0,0,0,1,1,0,0,0,0,0,1,0,0,0,0,1,0,0,1,0,0,0,0,1,0,0,0,0,0,1,0,1,0,0,0,1,0
CLI-001040,18371.0,1,40,9,22.5,1,0.1,1,1,8,3,6.8,2,4,1600.27,0.27,0,0.04,0,0,0,0,0,1,0,0,0,1,0,0,0,0,0,0,1,0,0,0,0,1,0,0,0,0,1,0,0,1,0,0,0,1,0,0,0,0,0,1,1,0,0,0,1,0,0
CLI-001670,3095.0,6,13,7,53.8,16,2.3,4,0,4,0,8.6,4,0,377.39,0.02,0,0.25,0,0,0,0,1,0,0,0,1,0,0,0,0,0,1,0,0,0,0,0,0,1,0,0,0,1,0,0,1,0,0,0,0,0,1,0,0,0,1,0,0,0,0,1,0,1,0
CLI-003495,111915.0,1,549,212,38.6,1,0.5,4,0,15,1,10.65,4,7,12407.41,0.5,0,0.25,1,0,0,0,0,0,0,0,0,1,0,0,0,0,0,1,0,0,0,0,0,0,0,1,0,1,0,0,0,0,0,0,1,1,0,0,0,0,1,0,0,0,0,1,1,0,0
CLI-003546,3313.0,14,11,8,50.0,37,17.9,5,1,2,0,21.3,3,0,149.63,0.0,0,0.62,1,0,0,0,0,0,0,0,0,0,0,1,0,0,0,1,0,0,0,0,1,0,0,0,1,0,0,0,0,0,0,1,0,1,0,0,0,1,0,0,0,0,0,1,0,0,1
CLI-002559,2731.0,1,6,0,0.0,0,0.0,0,0,30,4,11.7,5,0,128.11,1.0,1,0.0,1,0,0,0,0,0,0,0,0,1,0,0,0,0,1,0,0,0,0,0,1,0,0,0,0,1,0,0,0,0,1,0,0,0,0,0,1,0,0,1,1,0,0,0,1,0,0
CLI-001225,3012.0,7,22,17,77.3,32,24.5,12,1,0,5,2.7,3,1,918.4,0.0,0,0.46,0,0,0,1,0,0,0,0,0,1,0,0,0,0,0,0,0,0,1,0,0,1,0,0,0,0,1,0,0,0,1,0,0,0,0,0,1,1,0,0,0,0,0,1,0,1,0
CLI-000845,154009.0,18,36,21,58.3,42,15.7,15,4,0,2,7.3,2,0,2134.27,0.0,0,0.58,0,0,0,0,1,0,0,1,0,0,0,0,0,0,0,0,0,1,0,0,0,1,0,0,0,0,1,0,0,1,0,0,0,0,0,1,0,0,1,0,1,0,0,0,0,0,1
CLI-001787,107588.0,6,58,0,50.0,0,0.0,0,0,87,3,16.6,4,0,1580.78,0.48,1,0.0,1,0,0,0,0,0,0,1,0,0,0,0,0,0,0,0,1,0,0,0,0,1,0,0,0,1,0,0,0,0,0,0,1,0,0,1,0,0,1,0,0,0,0,1,0,1,0
CLI-004666,39630.0,1,156,81,50.0,15,9.2,7,0,4,0,8.4,3,1,5369.89,0.13,0,0.27,0,0,1,0,0,0,0,1,0,0,0,0,0,0,1,0,0,0,0,0,0,0,1,0,0,0,1,0,0,0,0,0,1,0,0,0,1,0,1,0,0,1,0,0,1,0,0
CLI-003974,3144.0,13,4,1,25.0,8,2.1,3,4,1,2,30.5,3,0,48.54,0.0,0,0.38,1,0,0,0,0,0,0,0,0,0,0,0,0,1,0,0,0,0,0,1,1,0,0,0,1,0,0,0,0,1,0,0,0,0,0,0,1,0,1,0,0,0,0,1,0,0,1
CLI-002450,1374.0,10,8,3,37.5,1,0.4,3,0,6,1,10.5,4,0,104.7,0.02,0,0.38,0,0,0,1,0,0,0,0,0,1,0,0,0,0,0,0,0,0,1,0,1,0,0,0,1,0,0,0,0,1,0,0,0,1,0,0,0,0,1,0,0,0,0,1,0,1,0
CLI-003844,152081.0,11,144,36,25.0,12,7.2,5,4,1,3,7.5,4,0,6623.75,0.0,0,0.19,0,0,0,0,1,0,0,0,0,1,0,0,0,0,0,0,0,0,0,1,0,0,1,0,0,0,1,0,0,1,0,0,0,0,0,1,0,1,0,0,0,0,1,0,0,1,0
CLI-001587,1944.0,13,5,3,60.0,39,20.9,4,1,0,1,21.3,4,0,60.8,0.0,0,0.5,1,0,0,0,0,0,0,0,0,0,0,1,0,0,1,0,0,0,0,0,1,0,0,0,1,0,0,0,0,0,0,1,0,0,0,0,1,1,0,0,0,0,0,1,0,0,1
CLI-002677,60533.0,14,46,0,0.0,0,0.0,0,0,39,4,6.6,3,0,4101.17,0.09,1,0.0,1,0,0,0,0,0,0,0,1,0,0,0,0,0,1,0,0,0,0,0,0,1,0,0,0,0,0,1,0,1,0,0,0,0,1,0,0,1,0,0,0,0,0,1,0,0,1
CLI-002169,1465.0,7,11,4,36.4,14,1.6,2,1,2,4,28.1,3,1,127.61,0.01,0,0.25,0,0,1,0,0,0,0,0,1,0,0,0,0,0,1,0,0,0,0,0,1,0,0,0,1,0,0,0,0,0,1,0,0,1,0,0,0,0,0,1,0,0,0,1,0,1,0
CLI-000633,53733.0,7,48,0,0.0,0,0.0,0,0,71,1,6.9,4,3,3854.6,0.34,1,0.0,0,0,0,0,0,0,1,0,0,0,0,1,0,0,0,0,0,0,0,1,0,1,0,0,0,0,0,1,0,0,0,1,0,1,0,0,0,0,0,1,1,0,0,0,0,1,0
CLI-002675,197629.0,10,147,49,33.3,13,2.2,4,4,1,1,11.5,3,1,4382.02,0.0,0,0.25,0,0,0,0,0,0,1,1,0,0,0,0,0,0,1,0,0,0,0,0,0,0,1,0,0,1,0,0,1,0,0,0,0,1,0,0,0,0,0,1,0,1,0,0,0,1,0
CLI-003001,56098.0,6,106,36,34.0,5,1.8,4,2,6,0,9.7,4,0,2736.47,0.03,0,0.25,0,0,0,0,0,0,1,0,0,0,0,0,0,1,0,0,0,1,0,0,0,0,1,0,0,1,0,0,1,0,0,0,0,1,0,0,0,1,0,0,0,0,0,1,0,1,0
CLI-001015,4146.0,10,8,7,87.5,69,48.4,9,1,1,1,11.3,4,0,202.24,0.0,0,0.56,0,0,0,0,0,0,1,0,1,0,0,0,0,0,1,0,0,0,0,0,1,0,0,0,0,1,0,0,0,0,1,0,0,1,0,0,0,0,1,0,0,1,0,0,0,1,0
CLI-002002,19951.0,12,59,9,15.3,1,0.2,2,6,18,6,16.6,2,1,1351.67,0.05,0,0.12,0,1,0,0,0,0,0,0,0,1,0,0,0,0,0,0,1,0,0,0,0,1,0,0,0,1,0,0,0,0,0,0,1,0,0,1,0,1,0,0,0,0,0,1,0,1,0
CLI-003781,1253.0,1,10,6,60.0,34,10.9,9,0,0,3,10.65,4,0,254.59,0.0,0,0.56,0,1,0,0,0,0,0,0,0,1,0,0,0,0,1,0,0,0,0,0,1,0,0,0,0,1,0,0,0,0,0,0,1,0,0,1,0,0,1,0,0,1,0,0,1,0,0
CLI-004426,40706.0,24,53,17,32.1,6,0.8,4,5,1,2,11.4,4,0,1551.29,0.0,0,0.25,0,0,0,0,0,1,0,0,1,0,0,0,0,0,1,0,0,0,0,0,0,1,0,0,0,1,0,0,0,0,0,0,1,0,0,1,0,0,1,0,0,0,1,0,0,0,1
CLI-004941,7057.0,18,11,8,72.7,43,13.7,14,2,0,4,7.6,3,0,478.15,0.0,0,0.54,0,0,0,0,0,0,1,1,0,0,0,0,0,0,0,0,0,0,0,1,1,0,0,0,0,0,1,0,1,0,0,0,0,0,0,1,0,1,0,0,0,0,0,1,0,0,1
CLI-001635,31060.0,10,29,23,79.3,42,24.4,13,2,0,0,8.0,4,0,725.0,0.0,0,0.81,0,0,0,0,0,0,1,1,0,0,0,0,0,0,1,0,0,0,0,0,0,1,0,0,0,1,0,0,0,0,1,0,0,0,1,0,0,0,0,1,0,0,0,1,0,1,0
CLI-003253,11326.0,4,50,35,70.0,48,38.0,17,0,1,0,4.7,5,1,1973.21,0.01,0,0.65,0,0,0,0,1,0,0,0,0,0,0,0,0,1,0,0,0,0,1,0,0,1,0,0,0,0,1,0,1,0,0,0,0,0,0,1,0,1,0,0,0,0,0,1,0,1,0
CLI-001815,1138.0,6,7,5,50.0,51,34.0,8,1,1,3,10.1,4,1,138.79,0.01,0,0.5,1,0,0,0,0,0,0,1,0,0,0,0,0,0,0,0,1,0,0,0,1,0,0,0,0,1,0,0,1,0,0,0,0,0,1,0,0,0,1,0,0,0,0,1,0,1,0
CLI-002749,5993.0,6,54,33,61.1,34,16.8,1,0,0,1,10.65,3,2,609.06,0.0,0,0.12,0,0,0,0,0,0,1,0,0,1,0,0,0,0,0,1,0,0,0,0,0,1,0,0,1,0,0,0,0,1,0,0,0,0,0,1,0,0,0,1,0,1,0,0,0,1,0
CLI-001619,716391.0,15,765,415,50.0,26,12.6,7,0,0,9,11.3,1,0,31201.7,0.0,0,0.27,0,1,0,0,0,0,0,0,0,0,0,0,0,1,0,0,0,0,0,1,0,0,0,1,0,0,1,0,0,1,0,0,0,0,0,0,1,1,0,0,0,0,0,1,0,0,1
CLI-003683,370.0,1,5,1,20.0,6,2.6,6,2,2,0,10.3,5,2,112.94,0.07,0,0.38,1,0,0,0,0,0,0,0,0,0,0,0,0,1,1,0,0,0,0,0,1,0,0,0,0,1,0,0,0,1,0,0,0,0,1,0,0,0,0,1,1,0,0,0,1,0,0
CLI-001377,7636.0,25,5,4,80.0,55,37.6,9,2,0,6,19.1,3,1,125.0,0.0,0,0.56,0,0,0,0,0,0,1,0,0,0,0,0,0,1,1,0,0,0,0,0,1,0,0,0,0,1,0,0,0,0,0,1,0,0,0,0,1,1,0,0,0,0,1,0,0,0,1
CLI-001792,57309.0,9,80,65,81.2,55,46.4,12,0,1,0,4.7,5,2,4111.14,0.0,0,0.46,0,0,1,0,0,0,0,0,1,0,0,0,0,0,1,0,0,0,0,0,0,0,1,0,0,0,1,0,0,1,0,0,0,0,0,1,0,0,0,1,0,0,0,1,0,1,0
CLI-001286,13352.0,31,19,7,36.8,6,1.7,5,8,8,5,7.7,3,0,1017.66,0.01,0,0.19,0,1,0,0,0,0,0,0,0,1,0,0,0,0,1,0,0,0,0,0,0,1,0,0,0,0,1,0,0,1,0,0,0,0,1,0,0,1,0,0,0,0,0,1,0,0,1
CLI-004071,3631.0,1,19,15,50.0,40,7.4,5,0,0,1,19.7,3,0,246.0,0.0,0,0.62,0,1,0,0,0,0,0,1,0,0,0,0,0,0,0,0,0,0,0,1,0,1,0,0,1,0,0,0,0,0,1,0,0,0,0,1,0,0,0,1,0,0,0,1,1,0,0
CLI-003757,105998.0,10,170,46,27.1,1,0.3,3,4,0,7,10.65,3,0,4457.44,0.0,0,0.19,0,0,0,0,1,0,0,1,0,0,0,0,0,0,1,0,0,0,0,0,0,0,1,0,0,1,0,0,0,0,1,0,0,1,0,0,0,0,0,1,1,0,0,0,0,1,0
CLI-002903,8421.0,1,36,26,72.2,46,35.6,9,0,0,3,7.1,3,1,1283.62,0.0,0,0.35,0,1,0,0,0,0,0,1,0,0,0,0,0,0,0,1,0,0,0,0,0,1,0,0,0,0,1,0,0,1,0,0,0,0,0,0,1,0,0,1,0,1,0,0,1,0,0
CLI-003713,8789.0,19,8,2,25.0,3,0.5,12,4,3,6,5.2,3,0,360.0,0.01,0,0.46,0,1,0,0,0,0,0,0,1,0,0,0,0,0,1,0,0,0,0,0,1,0,0,0,0,0,1,0,0,0,1,0,0,0,0,0,1,1,0,0,0,0,0,1,0,0,1
CLI-003945,754.0,4,6,2,33.3,19,17.6,3,2,1,1,17.3,4,1,76.65,0.01,0,0.38,0,0,0,0,1,0,0,0,0,0,0,0,1,0,0,0,0,0,1,0,1,0,0,0,1,0,0,0,0,0,1,0,0,0,0,1,0,0,0,1,0,0,0,1,0,1,0
CLI-002853,24111.0,13,107,29,27.1,5,0.2,6,2,15,2,5.4,4,1,2673.08,0.04,0,0.38,0,1,0,0,0,0,0,0,0,1,0,0,0,0,1,0,0,0,0,0,0,0,1,0,0,1,0,0,0,1,0,0,0,0,1,0,0,1,0,0,0,1,0,0,0,0,1
CLI-003422,99335.0,8,54,37,68.5,38,5.7,7,0,0,0,0.5,4,1,4177.25,0.0,0,0.18,0,0,0,0,1,0,0,0,0,1,0,0,0,0,1,0,0,0,0,0,0,0,1,0,0,0,0,1,0,0,0,1,0,0,0,1,0,0,0,1,0,0,0,1,0,1,0
CLI-001200,322.0,1,3,1,33.3,16,5.7,4,0,3,1,11.7,5,2,56.03,0.1,0,0.25,0,0,0,0,0,1,0,0,1,0,0,0,0,0,1,0,0,0,0,0,1,0,0,0,0,1,0,0,0,1,0,0,0,1,0,0,0,0,0,1,0,1,0,0,1,0,0
CLI-003254,1618.0,15,5,4,80.0,72,56.6,4,2,1,5,34.1,2,0,73.06,0.0,0,0.5,0,0,0,0,0,1,0,0,0,1,0,0,0,0,0,0,0,0,1,0,1,0,0,0,1,0,0,0,0,0,1,0,0,0,0,0,1,0,0,1,0,0,0,1,0,0,1
CLI-000172,4139.0,11,29,14,48.3,12,5.7,2,1,6,3,22.7,3,2,336.54,0.02,0,0.25,0,0,0,0,0,1,0,0,0,0,0,1,0,0,0,0,0,0,0,1,0,1,0,0,1,0,0,0,0,1,0,0,0,0,0,1,0,1,0,0,0,0,0,1,0,1,0
CLI-003625,2451.0,16,10,3,30.0,3,0.8,5,3,1,0,10.65,4,0,213.47,0.0,0,0.31,0,0,0,0,0,0,1,0,0,0,1,0,0,0,1,0,0,0,0,0,0,1,0,0,0,1,0,0,0,1,0,0,0,0,0,0,1,0,1,0,0,0,0,1,0,0,1
CLI-003060,11385.0,6,26,17,65.4,23,15.4,23,1,2,0,0.5,3,6,1735.53,0.01,0,0.57,0,0,0,0,0,1,0,0,0,0,0,1,0,0,1,0,0,0,0,0,0,1,0,0,0,0,0,1,0,1,0,0,0,0,0,0,1,0,0,1,0,1,0,0,0,1,0
CLI-004821,300.0,4,2,0,0.0,0,0.0,0,0,55,4,33.0,2,1,20.92,0.46,1,0.0,0,1,0,0,0,0,0,0,0,1,0,0,0,0,1,0,0,0,0,0,1,0,0,0,1,0,0,0,0,0,0,0,1,1,0,0,0,1,0,0,0,0,0,1,0,1,0
CLI-003614,13811.0,9,17,9,52.9,29,14.0,10,3,0,0,10.65,5,1,765.55,0.0,0,0.38,0,0,0,0,0,0,1,1,0,0,0,0,0,0,1,0,0,0,0,0,0,1,0,0,0,0,1,0,0,0,1,0,0,0,1,0,0,0,0,1,0,0,0,1,0,1,0
CLI-004819,19805.0,14,57,27,47.4,17,9.7,4,5,0,6,16.4,3,0,1509.54,0.0,0,0.25,0,0,0,1,0,0,0,0,0,1,0,0,0,0,1,0,0,0,0,0,0,1,0,0,0,1,0,0,0,0,0,1,0,0,0,1,0,0,0,1,0,1,0,0,0,0,1
CLI-003039,232195.0,20,217,155,71.4,43,14.6,14,7,1,2,2.4,3,0,18877.64,0.0,0,0.35,0,0,0,0,0,0,1,0,0,0,0,0,1,0,1,0,0,0,0,0,0,0,1,0,0,0,0,1,0,0,0,1,0,1,0,0,0,0,0,1,0,0,0,1,0,0,1
CLI-003833,18155.0,4,48,21,43.8,18,6.6,7,1,0,0,4.2,4,2,1844.98,0.0,0,0.27,0,0,0,0,1,0,0,1,0,0,0,0,0,0,1,0,0,0,0,0,0,1,0,0,0,0,1,0,0,0,0,1,0,0,1,0,0,0,0,1,0,0,0,1,0,1,0
CLI-004149,13477.0,10,24,11,45.8,20,4.5,3,1,1,0,6.3,4,1,483.38,0.0,0,0.19,0,0,0,0,0,0,1,0,0,0,0,1,0,0,1,0,0,0,0,0,0,1,0,0,0,1,0,0,0,0,1,0,0,1,0,0,0,1,0,0,0,0,0,1,0,1,0
CLI-001233,6783.0,16,10,3,30.0,6,3.3,4,6,10,9,22.8,3,0,114.89,0.02,0,0.5,0,0,1,0,0,0,0,0,0,1,0,0,0,0,1,0,0,0,0,0,0,1,0,0,1,0,0,0,1,0,0,0,0,0,0,1,0,1,0,0,0,0,0,1,0,0,1
CLI-004549,701.0,1,3,1,33.3,8,5.6,9,0,6,0,2.5,5,4,106.85,0.2,0,0.35,0,1,0,0,0,0,0,0,0,0,0,0,0,1,1,0,0,0,0,0,1,0,0,0,0,0,1,0,0,0,0,1,0,1,0,0,0,0,1,0,0,1,0,0,1,0,0
CLI-004544,96482.0,1,182,56,30.8,3,0.7,4,0,2,1,5.5,4,4,6536.71,0.07,0,0.15,0,0,0,0,1,0,0,0,0,1,0,0,0,0,0,0,0,0,1,0,0,0,1,0,0,0,1,0,0,0,0,1,0,0,0,0,1,0,1,0,0,0,0,1,1,0,0
CLI-001212,135124.0,3,499,257,51.5,13,0.6,10,1,1,1,6.5,3,0,20598.2,0.01,0,0.38,0,0,0,0,1,0,0,0,0,0,1,0,0,0,1,0,0,0,0,0,0,0,0,1,0,0,1,0,0,0,0,1,0,0,0,1,0,1,0,0,0,1,0,0,1,0,0
CLI-004400,1364.0,22,10,3,30.0,10,6.6,4,6,2,2,20.3,4,0,118.83,0.0,0,0.5,0,0,0,0,1,0,0,0,0,1,0,0,0,0,0,0,0,0,0,1,1,0,0,0,1,0,0,0,0,0,0,0,1,1,0,0,0,1,0,0,0,0,1,0,0,0,1
CLI-004384,158543.0,20,113,90,79.6,63,44.1,14,2,1,5,6.0,2,0,9206.91,0.0,0,0.35,0,1,0,0,0,0,0,0,0,0,1,0,0,0,0,1,0,0,0,0,0,0,1,0,0,0,0,1,0,0,1,0,0,0,0,0,1,0,0,1,0,0,0,1,0,0,1
CLI-001550,2824.0,10,11,8,72.7,26,5.7,3,2,0,2,15.1,4,0,137.74,0.0,0,0.38,0,0,1,0,0,0,0,1,0,0,0,0,0,0,1,0,0,0,0,0,1,0,0,0,1,0,0,0,1,0,0,0,0,0,0,1,0,1,0,0,0,1,0,0,0,1,0
CLI-001078,1777.0,1,8,5,62.5,22,7.1,3,0,1,3,24.7,4,1,86.67,0.03,0,0.38,0,0,0,0,0,1,0,0,0,1,0,0,0,0,0,0,0,0,1,0,1,0,0,0,1,0,0,0,0,0,0,1,0,1,0,0,0,1,0,0,0,1,0,0,1,0,0
CLI-004248,131991.0,13,146,43,29.5,9,4.6,14,3,1,0,1.2,5,0,11497.46,0.0,0,0.35,0,0,0,1,0,0,0,0,0,0,1,0,0,0,1,0,0,0,0,0,0,0,1,0,0,0,0,1,0,0,0,0,1,1,0,0,0,0,0,1,0,0,1,0,0,0,1
CLI-000785,8163.0,8,42,9,21.4,4,2.1,7,5,0,1,3.7,4,0,1890.0,0.0,0,0.27,0,0,0,0,1,0,0,0,0,1,0,0,0,0,0,1,0,0,0,0,0,1,0,0,0,0,1,0,0,1,0,0,0,0,0,0,1,0,0,1,0,0,0,1,0,1,0
CLI-004882,5409.0,21,9,4,44.4,23,9.6,2,6,0,0,18.3,3,0,129.33,0.0,0,0.25,0,0,0,0,0,1,0,0,0,0,0,0,0,1,1,0,0,0,0,0,1,0,0,0,1,0,0,0,1,0,0,0,0,0,0,0,1,0,0,1,0,0,1,0,0,0,1
CLI-001526,489340.0,1,633,282,44.5,1,0.1,6,0,26,0,10.65,5,3,27125.25,0.87,0,0.23,0,1,0,0,0,0,0,1,0,0,0,0,0,0,1,0,0,0,0,0,0,0,0,1,0,0,1,0,0,0,0,1,0,0,1,0,0,0,0,1,0,0,0,1,1,0,0
CLI-000320,9869.0,19,4,1,25.0,5,0.5,6,5,4,1,10.65,5,0,191.04,0.01,0,0.23,0,0,1,0,0,0,0,0,0,1,0,0,0,0,0,0,0,0,0,1,1,0,0,0,0,0,1,0,0,0,0,1,0,0,0,1,0,1,0,0,0,0,1,0,0,0,1
CLI-000451,18358.0,14,48,20,41.7,12,7.2,7,6,0,3,14.3,2,0,1243.77,0.0,0,0.44,0,0,0,0,1,0,0,0,0,1,0,0,0,0,0,0,1,0,0,0,0,1,0,0,0,1,0,0,0,0,0,0,1,1,0,0,0,1,0,0,0,0,0,1,0,0,1
CLI-004477,9868.0,5,15,4,26.7,6,5.7,5,2,0,1,3.7,5,0,376.08,0.0,0,0.31,0,0,1,0,0,0,0,0,0,0,1,0,0,0,0,0,0,0,1,0,0,1,0,0,0,1,0,0,0,0,0,1,0,0,0,0,1,0,0,1,0,1,0,0,0,1,0
CLI-000462,1188.0,6,7,4,57.1,24,10.3,4,0,1,2,12.0,4,0,144.87,0.01,0,0.25,0,0,0,0,0,1,0,1,0,0,0,0,0,0,1,0,0,0,0,0,0,1,0,0,0,1,0,0,0,1,0,0,0,0,1,0,0,0,0,1,0,1,0,0,0,1,0
CLI-001976,18789.0,7,26,22,84.6,40,27.6,6,2,2,3,12.8,4,1,694.36,0.01,0,0.38,0,0,1,0,0,0,0,1,0,0,0,0,0,0,1,0,0,0,0,0,0,1,0,0,0,1,0,0,0,0,1,0,0,0,1,0,0,1,0,0,0,1,0,0,0,1,0
CLI-000964,24219.0,22,102,20,19.6,1,0.4,3,6,17,2,10.5,5,0,2461.31,0.03,0,0.19,0,0,0,0,0,1,0,0,0,1,0,0,0,0,1,0,0,0,0,0,0,0,1,0,0,1,0,0,1,0,0,0,0,0,1,0,0,0,0,1,1,0,0,0,0,0,1
CLI-001462,390628.0,14,387,194,50.1,17,5.7,8,2,3,2,3.4,3,0,17013.43,0.01,0,0.31,1,0,0,0,0,0,0,0,0,1,0,0,0,0,0,0,0,1,0,0,0,0,0,1,0,0,1,0,1,0,0,0,0,0,0,0,1,1,0,0,0,0,0,1,0,0,1
CLI-003464,6123.0,8,10,7,70.0,18,4.2,7,2,3,3,11.0,4,0,311.14,0.01,0,0.44,1,0,0,0,0,0,0,0,1,0,0,0,0,0,1,0,0,0,0,0,1,0,0,0,0,1,0,0,0,0,0,1,0,0,0,1,0,0,0,1,0,1,0,0,0,1,0
CLI-003980,178229.0,1,149,33,22.1,11,0.6,8,0,0,0,10.65,5,4,6792.25,0.0,0,0.31,0,0,0,1,0,0,0,0,0,0,0,1,0,0,0,0,1,0,0,0,0,0,1,0,0,0,1,0,0,0,0,0,1,1,0,0,0,0,0,1,0,0,0,1,1,0,0
CLI-001836,328.0,1,9,0,0.0,0,0.0,0,0,30,6,35.0,2,0,80.0,1.0,1,0.0,1,0,0,0,0,0,0,0,0,0,0,0,1,0,1,0,0,0,0,0,0,1,0,0,1,0,0,0,0,0,0,1,0,0,0,0,1,1,0,0,1,0,0,0,1,0,0
CLI-003583,2328.0,5,9,8,88.9,76,30.0,6,2,1,1,27.0,3,3,118.27,0.01,0,0.75,0,0,0,0,0,1,0,0,0,0,0,0,0,1,1,0,0,0,0,0,1,0,0,0,1,0,0,0,0,1,0,0,0,1,0,0,0,0,0,1,0,1,0,0,0,1,0
CLI-001119,33465.0,15,22,0,0.0,0,0.0,0,0,60,0,8.9,5,0,551.5,0.13,1,0.0,0,1,0,0,0,0,0,0,0,1,0,0,0,0,1,0,0,0,0,0,0,1,0,0,0,1,0,0,0,0,0,1,0,0,1,0,0,0,0,1,1,0,0,0,0,0,1
CLI-001193,82658.0,1,208,146,70.2,48,44.9,13,0,0,0,1.0,4,5,9163.84,0.0,0,0.5,0,0,0,0,1,0,0,0,0,1,0,0,0,0,1,0,0,0,0,0,0,0,1,0,0,0,1,0,0,1,0,0,0,0,0,0,1,0,1,0,0,1,0,0,1,0,0
CLI-004190,5933.0,16,7,3,42.9,12,5.3,8,0,1,1,8.2,3,0,328.86,0.0,0,0.31,0,0,0,1,0,0,0,0,0,0,1,0,0,0,0,0,1,0,0,0,0,1,0,0,0,0,1,0,1,0,0,0,0,0,0,1,0,0,0,1,0,0,0,1,0,0,1
CLI-004272,64198.0,7,124,39,31.5,2,0.4,2,1,30,1,6.1,5,1,3403.91,0.14,1,0.12,0,0,0,0,0,1,0,0,0,1,0,0,0,0,1,0,0,0,0,0,0,0,1,0,0,1,0,0,0,0,0,0,1,1,0,0,0,0,0,1,0,0,0,1,0,1,0
CLI-003881,331372.0,1,187,115,61.5,27,11.1,2,0,0,0,3.7,5,0,9184.37,0.0,0,0.08,0,1,0,0,0,0,0,0,0,1,0,0,0,0,0,0,0,0,0,1,0,0,1,0,0,0,1,0,1,0,0,0,0,0,0,0,1,0,1,0,0,0,0,1,1,0,0
CLI-001053,5105.0,15,7,6,85.7,63,27.3,8,1,0,2,14.6,4,0,172.94,0.0,0,0.5,0,0,0,1,0,0,0,0,0,0,1,0,0,0,1,0,0,0,0,0,1,0,0,0,0,1,0,0,0,0,1,0,0,0,0,1,0,0,1,0,0,0,0,1,0,0,1
CLI-002522,14765.0,32,27,13,48.1,4,5.7,1,6,7,1,10.65,5,1,409.23,0.01,0,0.12,0,0,0,0,1,0,0,0,0,0,0,1,0,0,1,0,0,0,0,0,0,1,0,0,1,0,0,0,1,0,0,0,0,0,0,1,0,0,0,1,0,0,0,1,0,0,1
CLI-004765,5458.0,13,53,22,41.5,11,1.7,4,2,1,1,29.6,4,0,605.07,0.0,0,0.5,1,0,0,0,0,0,0,1,0,0,0,0,0,0,0,0,1,0,0,0,0,0,1,0,1,0,0,0,0,0,0,1,0,0,1,0,0,0,0,1,0,0,0,1,0,0,1
CLI-002490,1267.0,23,10,5,50.0,1,5.7,5,3,30,3,11.0,4,0,257.56,0.04,1,0.31,0,0,0,0,0,1,0,0,0,0,1,0,0,0,1,0,0,0,0,0,1,0,0,0,0,1,0,0,0,0,0,1,0,0,0,0,1,1,0,0,0,0,0,1,0,0,1
CLI-003981,34319.0,12,24,13,54.2,16,6.8,13,2,0,3,9.2,3,1,1073.14,0.0,0,0.5,0,0,0,0,0,0,1,0,1,0,0,0,0,0,1,0,0,0,0,0,0,1,0,0,0,0,1,0,0,0,0,0,1,0,0,1,0,0,1,0,0,0,0,1,0,1,0
CLI-002398,6348.0,9,41,20,48.8,9,4.0,3,1,4,9,35.2,2,0,595.5,0.01,0,0.38,0,0,1,0,0,0,0,0,1,0,0,0,0,0,1,0,0,0,0,0,0,1,0,0,1,0,0,0,0,1,0,0,0,1,0,0,0,0,0,1,0,0,0,1,0,1,0
CLI-002280,500.0,1,2,1,50.0,18,5.8,3,0,3,1,10.9,5,3,50.0,0.1,0,0.19,1,0,0,0,0,0,0,0,0,1,0,0,0,0,0,0,0,0,1,0,1,0,0,0,0,1,0,0,0,0,0,0,1,0,1,0,0,0,0,1,0,0,0,1,1,0,0
CLI-002635,139254.0,15,559,158,28.3,15,10.8,9,1,1,3,7.7,3,0,24260.32,0.0,0,0.35,0,0,0,0,0,1,0,0,0,1,0,0,0,0,1,0,0,0,0,0,0,0,0,1,0,0,1,0,0,0,1,0,0,1,0,0,0,1,0,0,0,0,0,1,0,0,1
CLI-002914,210093.0,13,199,96,48.2,4,0.5,11,3,0,0,4.4,3,0,13484.78,0.0,0,0.28,0,0,1,0,0,0,0,0,0,1,0,0,0,0,0,0,0,0,1,0,0,0,1,0,0,0,0,1,0,0,0,0,1,0,0,0,1,1,0,0,0,1,0,0,0,0,1
CLI-002851,5053.0,6,11,9,81.8,62,55.2,6,2,3,0,14.3,5,1,176.08,0.02,0,0.75,0,0,0,0,0,1,0,0,0,0,0,1,0,0,1,0,0,0,0,0,1,0,0,0,1,0,0,0,0,0,1,0,0,0,0,0,1,1,0,0,0,0,0,1,0,1,0
CLI-003866,11849.0,1,47,0,0.0,0,0.0,0,0,30,6,10.65,3,1,516.06,1.0,1,0.0,0,1,0,0,0,0,0,0,0,0,0,1,0,0,1,0,0,0,0,0,0,1,0,0,1,0,0,0,1,0,0,0,0,0,0,1,0,0,0,1,1,0,0,0,1,0,0
CLI-000627,748.0,12,5,4,80.0,37,25.9,4,2,1,3,26.7,4,0,60.85,0.0,0,0.5,0,0,0,0,1,0,0,0,1,0,0,0,0,0,1,0,0,0,0,0,1,0,0,0,1,0,0,0,0,0,0,0,1,1,0,0,0,1,0,0,0,0,0,1,0,1,0
CLI-001488,578940.0,19,618,54,8.7,1,0.1,1,2,10,4,6.1,2,0,24345.66,0.02,0,0.04,0,0,1,0,0,0,0,0,0,0,1,0,0,0,0,0,0,1,0,0,0,0,0,1,0,0,1,0,0,0,0,1,0,1,0,0,0,0,1,0,0,0,0,1,0,0,1
CLI-004642,21572.0,9,46,27,58.7,26,14.6,10,1,1,3,8.7,3,1,2192.31,0.0,0,0.38,0,0,0,0,0,0,1,0,0,1,0,0,0,0,1,0,0,0,0,0,0,0,1,0,0,0,1,0,0,0,0,1,0,0,0,1,0,0,1,0,0,0,0,1,0,1,0
CLI-002345,7222.0,1,14,10,71.4,8,2.1,4,0,2,3,10.3,5,0,382.93,0.07,0,0.25,0,1,0,0,0,0,0,0,0,0,0,0,0,1,0,0,0,0,1,0,0,1,0,0,0,1,0,0,1,0,0,0,0,1,0,0,0,0,0,1,0,0,0,1,1,0,0
CLI-002846,300.0,9,2,1,50.0,4,1.5,3,0,0,0,19.8,4,0,18.73,0.0,0,0.38,0,0,0,0,0,0,1,0,0,0,0,0,0,1,1,0,0,0,0,0,1,0,0,0,1,0,0,0,0,0,0,0,1,0,0,0,1,0,1,0,0,0,0,1,0,1,0
CLI-001048,55914.0,26,47,26,55.3,29,7.4,6,5,1,0,13.9,4,0,1196.27,0.0,0,0.38,0,1,0,0,0,0,0,0,0,0,0,0,1,0,1,0,0,0,0,0,0,0,1,0,0,1,0,0,0,0,1,0,0,0,0,1,0,0,1,0,0,0,0,1,0,0,1
CLI-002829,1721045.0,20,866,201,23.2,5,3.2,8,3,0,4,3.0,4,0,56725.27,0.0,0,0.2,0,0,0,0,1,0,0,0,0,0,0,0,0,1,1,0,0,0,0,0,0,0,0,1,0,0,0,1,0,0,0,0,1,0,0,1,0,0,1,0,1,0,0,0,0,0,1
CLI-002565,3341.0,9,11,7,63.6,29,11.7,4,2,6,5,27.3,3,1,145.53,0.02,0,0.5,0,0,0,0,0,1,0,0,0,1,0,0,0,0,1,0,0,0,0,0,1,0,0,0,1,0,0,0,0,1,0,0,0,1,0,0,0,1,0,0,0,0,0,1,0,1,0
CLI-003371,10640.0,10,24,18,75.0,49,9.3,14,2,1,0,3.4,4,1,926.84,0.0,0,0.54,0,0,0,0,0,1,0,0,0,1,0,0,0,0,1,0,0,0,0,0,0,1,0,0,0,0,1,0,0,0,1,0,0,0,1,0,0,1,0,0,0,1,0,0,0,1,0
CLI-003179,32257.0,9,68,21,30.9,13,2.0,4,1,3,0,3.1,4,1,1873.22,0.01,0,0.25,1,0,0,0,0,0,0,0,0,0,1,0,0,0,1,0,0,0,0,0,0,0,1,0,0,1,0,0,0,0,1,0,0,1,0,0,0,1,0,0,0,0,0,1,0,1,0
CLI-002046,1003916.0,4,844,533,63.2,14,3.5,22,1,0,2,3.7,4,2,68015.99,0.0,0,0.55,0,0,0,0,0,0,1,1,0,0,0,0,0,0,1,0,0,0,0,0,0,0,0,1,0,0,0,1,0,0,0,1,0,1,0,0,0,1,0,0,0,0,0,1,0,1,0
CLI-002664,302211.0,14,557,72,50.0,1,0.1,1,4,5,0,0.6,4,1,33504.58,0.01,0,0.02,0,0,0,1,0,0,0,0,0,0,0,1,0,0,1,0,0,0,0,0,0,0,0,1,0,0,0,1,0,0,0,1,0,0,1,0,0,1,0,0,0,0,0,1,0,0,1
CLI-004401,12981.0,7,18,13,72.2,67,23.7,6,1,1,1,5.4,3,0,465.59,0.0,0,0.38,1,0,0,0,0,0,0,0,0,0,0,1,0,0,0,1,0,0,0,0,0,1,0,0,0,1,0,0,1,0,0,0,0,0,0,0,1,0,1,0,0,1,0,0,0,1,0
CLI-002983,2885.0,17,3,1,33.3,17,7.2,7,7,2,0,3.8,4,0,121.33,0.0,0,0.27,1,0,0,0,0,0,0,0,0,0,1,0,0,0,0,0,0,1,0,0,1,0,0,0,0,0,1,0,0,0,0,0,1,0,0,1,0,1,0,0,0,0,0,1,0,0,1
CLI-002986,3099.0,9,7,2,28.6,1,5.7,4,1,30,0,4.1,5,2,175.0,0.11,1,0.25,0,0,0,0,1,0,0,0,0,0,0,0,1,0,0,0,1,0,0,0,1,0,0,0,0,1,0,0,0,0,0,0,1,0,0,1,0,0,0,1,0,0,0,1,0,1,0
CLI-003147,8215.0,13,26,4,15.4,1,0.1,0,10,17,5,18.1,1,0,556.54,0.04,0,0.0,0,0,0,0,0,0,1,1,0,0,0,0,0,0,1,0,0,0,0,0,0,1,0,0,0,1,0,0,0,0,0,0,1,0,0,1,0,0,0,1,0,0,0,1,0,0,1
CLI-004463,2708.0,6,6,3,50.0,25,11.5,3,1,0,3,23.4,2,2,78.62,0.0,0,0.38,0,1,0,0,0,0,0,0,0,0,0,0,0,1,1,0,0,0,0,0,1,0,0,0,1,0,0,0,0,0,1,0,0,0,0,0,1,1,0,0,1,0,0,0,0,1,0
CLI-001426,33111.0,14,36,31,86.1,59,50.8,10,2,0,3,17.3,2,1,984.86,0.0,0,0.62,0,0,0,0,1,0,0,0,0,0,0,0,0,1,1,0,0,0,0,0,0,1,0,0,0,1,0,0,0,0,1,0,0,0,0,1,0,1,0,0,0,0,0,1,0,0,1
CLI-004031,1483.0,1,7,3,42.9,1,0.1,0,0,1,2,23.5,3,5,86.12,0.03,0,0.0,0,0,1,0,0,0,0,1,0,0,0,0,0,0,0,0,0,1,0,0,1,0,0,0,1,0,0,0,0,1,0,0,0,0,0,1,0,0,1,0,0,0,0,1,1,0,0
CLI-003306,16784.0,15,48,0,0.0,0,0.0,0,0,31,3,14.4,3,0,1137.15,0.07,1,0.0,1,0,0,0,0,0,0,0,0,1,0,0,0,0,0,1,0,0,0,0,0,1,0,0,0,1,0,0,0,0,0,1,0,0,0,0,1,0,1,0,0,0,0,1,0,0,1
CLI-002400,38168.0,22,42,13,31.0,1,0.1,5,6,30,0,0.5,5,0,1723.95,0.05,1,0.19,0,0,0,1,0,0,0,1,0,0,0,0,0,0,1,0,0,0,0,0,0,1,0,0,0,0,1,0,0,0,0,0,1,1,0,0,0,0,0,1,0,0,0,1,0,0,1
CLI-002518,919.0,9,9,9,100.0,120,89.4,4,0,2,1,19.5,4,1,124.48,0.01,0,0.5,0,0,0,0,0,1,0,0,1,0,0,0,0,0,0,0,0,0,0,1,1,0,0,0,1,0,0,0,0,1,0,0,0,0,0,0,1,0,1,0,0,0,0,1,0,1,0
CLI-004844,45972.0,11,58,12,20.7,1,0.1,5,4,11,7,11.2,3,0,2335.99,0.03,0,0.19,0,0,0,1,0,0,0,0,0,0,1,0,0,0,1,0,0,0,0,0,0,1,0,0,0,0,1,0,0,0,1,0,0,0,0,1,0,0,1,0,0,0,0,1,0,1,0
CLI-003463,5567.0,10,9,5,50.0,32,24.7,7,2,2,5,8.2,3,1,242.47,0.01,0,0.44,0,0,0,0,1,0,0,0,0,1,0,0,0,0,1,0,0,0,0,0,0,1,0,0,0,1,0,0,0,0,0,0,1,0,1,0,0,0,0,1,0,0,0,1,0,1,0
CLI-002115,1423.0,9,8,5,62.5,27,1.4,3,1,1,0,23.2,4,0,108.43,0.0,0,0.38,0,0,0,0,0,0,1,0,0,1,0,0,0,0,1,0,0,0,0,0,0,1,0,0,1,0,0,0,0,1,0,0,0,0,1,0,0,0,0,1,0,0,0,1,0,1,0
CLI-004032,8947.0,12,45,24,53.3,1,0.5,4,2,9,12,23.0,2,0,909.24,0.02,0,0.25,0,0,0,0,0,0,1,0,0,0,1,0,0,0,1,0,0,0,0,0,0,1,0,0,0,1,0,0,0,0,1,0,0,1,0,0,0,0,0,1,0,0,0,1,0,1,0
CLI-002624,106759.0,6,50,32,64.0,26,14.8,15,1,4,8,1.2,1,0,3616.5,0.02,0,0.38,0,1,0,0,0,0,0,0,0,0,0,1,0,0,0,0,0,0,0,1,0,1,0,0,0,0,0,1,0,1,0,0,0,0,1,0,0,0,0,1,1,0,0,0,0,1,0
CLI-002632,28707.0,5,38,21,55.3,47,25.0,8,2,0,0,10.65,3,2,1000.23,0.0,0,0.5,0,1,0,0,0,0,0,0,0,1,0,0,0,0,0,1,0,0,0,0,0,1,0,0,0,1,0,0,0,0,0,1,0,0,0,0,1,1,0,0,0,1,0,0,0,1,0
CLI-004435,109754.0,11,102,80,78.4,53,46.6,12,0,1,0,3.2,5,0,5576.93,0.0,0,0.46,0,0,0,0,0,1,0,0,0,0,0,1,0,0,1,0,0,0,0,0,0,0,1,0,0,0,1,0,0,1,0,0,0,0,0,0,1,1,0,0,0,0,0,1,0,1,0
CLI-004586,2363.0,11,9,4,44.4,7,4.3,2,2,1,1,0.5,5,0,115.29,0.0,0,0.25,0,0,1,0,0,0,0,0,0,0,0,0,0,1,1,0,0,0,0,0,1,0,0,0,1,0,0,0,0,0,0,1,0,0,0,0,1,0,1,0,0,0,0,1,0,1,0
CLI-004151,11027.0,1,22,18,81.8,68,57.3,16,0,3,1,10.65,5,2,1120.68,0.1,0,0.62,0,1,0,0,0,0,0,0,1,0,0,0,0,0,0,0,0,1,0,0,0,1,0,0,0,0,1,0,1,0,0,0,0,0,1,0,0,0,0,1,0,1,0,0,1,0,0
CLI-002483,8239.0,13,32,10,31.2,3,1.9,4,3,5,1,10.65,5,0,772.91,0.01,0,0.25,1,0,0,0,0,0,0,0,0,0,0,0,1,0,1,0,0,0,0,0,0,1,0,0,0,1,0,0,0,1,0,0,0,1,0,0,0,0,1,0,0,0,1,0,0,0,1
CLI-000281,1322.0,6,6,3,50.0,15,5.7,2,0,7,3,18.6,5,1,76.8,0.04,0,0.25,1,0,0,0,0,0,0,1,0,0,0,0,0,0,1,0,0,0,0,0,1,0,0,0,1,0,0,0,0,0,0,1,0,0,0,1,0,0,0,1,0,0,0,1,0,1,0
CLI-001099,53703.0,4,52,16,30.8,7,3.3,5,1,4,0,5.2,3,1,1336.57,0.03,0,0.31,0,0,0,1,0,0,0,0,0,1,0,0,0,0,1,0,0,0,0,0,0,1,0,0,0,1,0,0,1,0,0,0,0,1,0,0,0,0,1,0,0,1,0,0,0,1,0
CLI-002561,429.0,19,5,3,60.0,18,11.1,3,2,1,5,41.4,3,0,60.0,0.0,0,0.38,1,0,0,0,0,0,0,0,0,0,0,0,1,0,0,0,0,0,0,1,1,0,0,0,1,0,0,0,0,0,0,1,0,0,1,0,0,0,0,1,0,1,0,0,0,0,1
CLI-004204,719.0,17,3,2,66.7,1,0.5,2,2,6,10,32.5,3,0,36.53,0.01,0,0.25,0,1,0,0,0,0,0,0,0,0,0,0,0,1,1,0,0,0,0,0,1,0,0,0,1,0,0,0,0,1,0,0,0,0,0,1,0,1,0,0,0,0,0,1,0,0,1
CLI-004390,823.0,16,5,4,80.0,62,19.6,3,5,0,0,20.6,4,0,55.79,0.0,0,0.38,0,1,0,0,0,0,0,0,0,1,0,0,0,0,0,1,0,0,0,0,1,0,0,0,1,0,0,0,1,0,0,0,0,0,1,0,0,1,0,0,0,0,0,1,0,0,1
CLI-004469,369.0,8,4,2,50.0,16,7.6,2,1,4,0,10.65,4,0,49.98,0.02,0,0.25,0,0,1,0,0,0,0,0,0,1,0,0,0,0,1,0,0,0,0,0,1,0,0,0,1,0,0,0,0,0,0,0,1,1,0,0,0,0,0,1,0,1,0,0,0,1,0
CLI-000747,595.0,11,3,1,33.3,1,0.3,2,4,1,0,17.6,4,0,31.53,0.0,0,0.25,0,0,0,0,0,0,1,0,1,0,0,0,0,0,1,0,0,0,0,0,1,0,0,0,1,0,0,0,0,0,1,0,0,1,0,0,0,0,1,0,0,0,0,1,0,1,0
CLI-004102,1491241.0,23,527,171,32.4,10,5.7,9,7,7,1,0.5,5,0,27554.34,0.01,0,0.35,0,0,0,1,0,0,0,1,0,0,0,0,0,0,1,0,0,0,0,0,0,0,0,1,0,0,1,0,0,0,0,0,1,0,0,0,1,0,1,0,0,0,1,0,0,0,1
CLI-004922,1130.0,18,6,2,33.3,16,7.3,12,5,5,9,8.9,2,0,275.73,0.01,0,0.46,0,0,0,0,0,1,0,0,0,1,0,0,0,0,0,0,0,1,0,0,1,0,0,0,0,0,1,0,1,0,0,0,0,0,0,0,1,1,0,0,0,0,0,1,0,0,1
CLI-003497,107599.0,19,190,58,30.5,10,0.8,9,7,0,7,6.7,2,0,7718.74,0.0,0,0.35,0,0,0,0,1,0,0,0,0,1,0,0,0,0,1,0,0,0,0,0,0,0,1,0,0,0,1,0,0,0,1,0,0,0,1,0,0,1,0,0,1,0,0,0,0,0,1
CLI-002036,2132.0,1,6,1,16.7,1,0.7,3,0,25,6,7.1,3,2,216.68,0.83,0,0.12,0,0,0,0,1,0,0,0,0,0,0,1,0,0,1,0,0,0,0,0,1,0,0,0,0,0,1,0,0,1,0,0,0,1,0,0,0,0,0,1,0,0,0,1,1,0,0
CLI-003774,4476.0,9,25,18,72.0,51,21.5,5,1,1,1,12.7,4,1,545.89,0.0,0,0.31,1,0,0,0,0,0,0,0,0,0,0,0,1,0,1,0,0,0,0,0,0,1,0,0,0,1,0,0,0,0,0,1,0,0,0,0,1,0,1,0,0,1,0,0,0,1,0
CLI-003875,3105.0,1,11,9,81.8,45,29.9,11,0,0,1,0.5,5,3,315.55,0.0,0,0.69,0,0,0,0,0,0,1,0,0,1,0,0,0,0,1,0,0,0,0,0,1,0,0,0,0,1,0,0,0,1,0,0,0,0,0,1,0,0,1,0,0,1,0,0,1,0,0
CLI-000916,12006.0,12,41,18,43.9,5,1.9,3,1,1,9,43.8,2,0,585.64,0.0,0,0.38,0,0,0,0,1,0,0,0,0,0,1,0,0,0,0,0,1,0,0,0,0,1,0,0,1,0,0,0,0,1,0,0,0,0,1,0,0,0,1,0,1,0,0,0,0,1,0
CLI-003439,3723.0,7,27,5,18.5,5,2.0,6,2,6,4,12.3,3,2,567.54,0.03,0,0.38,0,0,0,0,1,0,0,0,0,0,0,0,1,0,1,0,0,0,0,0,0,1,0,0,0,1,0,0,0,0,0,1,0,1,0,0,0,0,1,0,0,0,0,1,0,1,0
CLI-004024,890.0,8,5,3,60.0,40,24.1,4,1,0,1,14.0,5,1,49.35,0.0,0,0.5,1,0,0,0,0,0,0,0,0,0,0,1,0,0,1,0,0,0,0,0,1,0,0,0,1,0,0,0,0,0,0,1,0,0,0,0,1,0,0,1,0,0,0,1,0,1,0
CLI-000464,4739.0,10,11,5,45.5,18,10.7,3,1,1,13,47.7,2,0,148.2,0.0,0,0.38,0,0,0,0,1,0,0,0,0,1,0,0,0,0,0,0,1,0,0,0,1,0,0,0,1,0,0,0,1,0,0,0,0,0,0,0,1,0,0,1,0,0,0,1,0,1,0
CLI-000134,202947.0,12,71,50,70.4,40,22.5,9,0,0,0,5.8,3,0,2749.96,0.0,0,0.35,1,0,0,0,0,0,0,0,0,0,0,0,1,0,0,0,0,0,0,1,0,0,1,0,0,0,1,0,0,0,0,0,1,0,0,1,0,1,0,0,0,0,0,1,0,1,0
CLI-001218,32014.0,3,30,14,46.7,24,14.3,7,0,1,10,11.9,1,2,1394.34,0.01,0,0.27,1,0,0,0,0,0,0,0,0,0,0,0,1,0,1,0,0,0,0,0,0,1,0,0,0,0,1,0,0,1,0,0,0,0,0,0,1,0,0,1,1,0,0,0,1,0,0
CLI-001843,4770.0,1,31,10,32.3,20,3.4,6,0,0,5,10.8,3,1,646.28,0.0,0,0.38,0,0,1,0,0,0,0,0,0,0,0,0,0,1,0,0,1,0,0,0,0,1,0,0,0,1,0,0,0,0,0,1,0,0,1,0,0,0,0,1,0,0,0,1,1,0,0
CLI-002176,79961.0,21,39,23,59.0,11,1.7,9,5,2,2,2.8,4,0,1710.76,0.0,0,0.35,0,0,0,0,0,1,0,0,0,0,0,0,1,0,1,0,0,0,0,0,0,1,0,0,0,0,1,0,1,0,0,0,0,0,0,1,0,1,0,0,0,0,1,0,0,0,1
CLI-001790,4231.0,11,39,19,48.7,5,1.8,1,1,0,8,38.2,3,0,469.07,0.0,0,0.12,0,0,1,0,0,0,0,0,0,1,0,0,0,0,1,0,0,0,0,0,0,1,0,0,1,0,0,0,0,0,0,0,1,0,0,0,1,0,0,1,1,0,0,0,0,1,0
CLI-004934,492.0,21,3,2,66.7,24,7.8,3,5,3,0,14.2,4,0,37.53,0.0,0,0.38,0,0,0,0,1,0,0,0,0,0,1,0,0,0,1,0,0,0,0,0,1,0,0,0,1,0,0,0,0,0,1,0,0,0,0,0,1,1,0,0,0,0,1,0,0,0,1
CLI-003989,1445.0,5,7,1,50.0,2,0.6,8,1,0,1,11.3,4,1,160.22,0.0,0,0.5,0,0,0,1,0,0,0,1,0,0,0,0,0,0,1,0,0,0,0,0,0,1,0,0,0,1,0,0,0,0,1,0,0,0,0,0,1,0,1,0,0,0,0,1,0,1,0
CLI-003647,33938.0,1,32,0,0.0,0,0.0,0,0,30,1,10.7,4,1,827.75,1.0,1,0.0,0,1,0,0,0,0,0,0,0,0,0,1,0,0,1,0,0,0,0,0,0,1,0,0,0,1,0,0,0,0,0,0,1,1,0,0,0,0,0,1,1,0,0,0,1,0,0
CLI-001130,3227.0,18,2,2,100.0,100,64.2,6,2,1,2,20.5,3,0,33.07,0.0,0,0.75,1,0,0,0,0,0,0,0,0,1,0,0,0,0,0,0,0,0,0,1,1,0,0,0,1,0,0,0,0,0,0,1,0,0,1,0,0,0,0,1,1,0,0,0,0,0,1
CLI-004008,300.0,6,1,1,100.0,41,11.2,1,2,0,0,15.8,5,0,12.45,0.0,0,0.12,0,0,1,0,0,0,0,0,0,0,0,0,1,0,0,0,1,0,0,0,1,0,0,0,1,0,0,0,1,0,0,0,0,0,0,1,0,1,0,0,0,0,1,0,0,1,0
CLI-002349,36710.0,13,56,47,83.9,76,5.7,18,2,2,0,4.2,3,0,2238.41,0.01,0,0.69,0,0,1,0,0,0,0,0,0,0,0,1,0,0,1,0,0,0,0,0,0,1,0,0,0,0,1,0,0,0,1,0,0,0,0,0,1,0,0,1,0,0,0,1,0,0,1
CLI-000853,237781.0,10,170,103,60.6,39,23.2,15,1,2,0,10.65,5,0,14498.82,0.01,0,0.38,0,1,0,0,0,0,0,1,0,0,0,0,0,0,0,0,0,0,0,1,0,0,1,0,0,0,0,1,1,0,0,0,0,0,0,0,1,1,0,0,0,0,0,1,0,1,0
CLI-002897,613.0,13,11,3,27.3,3,0.2,3,2,6,8,25.9,3,0,93.37,0.02,0,0.38,0,0,1,0,0,0,0,0,0,0,0,0,1,0,0,1,0,0,0,0,1,0,0,0,1,0,0,0,0,0,0,1,0,0,0,1,0,1,0,0,1,0,0,0,0,0,1
CLI-001378,1575.0,15,5,2,40.0,14,5.7,8,3,2,3,3.0,4,0,213.38,0.0,0,0.31,0,0,0,0,0,1,0,0,1,0,0,0,0,0,0,0,0,0,0,1,1,0,0,0,0,0,1,0,0,0,0,1,0,1,0,0,0,1,0,0,0,0,1,0,0,0,1
CLI-000371,2246.0,20,4,1,25.0,9,6.6,3,4,8,4,33.9,2,0,46.42,0.01,0,0.38,0,0,0,0,0,0,1,0,0,0,0,0,1,0,1,0,0,0,0,0,1,0,0,0,1,0,0,0,0,0,0,0,1,0,0,1,0,0,1,0,1,0,0,0,0,0,1
CLI-003760,1337.0,10,2,1,50.0,16,7.0,5,5,1,0,10.0,4,1,50.96,0.0,0,0.31,1,0,0,0,0,0,0,0,1,0,0,0,0,0,0,0,1,0,0,0,1,0,0,0,0,1,0,0,0,1,0,0,0,0,0,1,0,0,1,0,0,0,1,0,0,1,0
CLI-003513,53583.0,17,41,11,26.8,8,0.5,7,1,3,1,7.7,4,0,1188.1,0.01,0,0.44,0,0,1,0,0,0,0,0,1,0,0,0,0,0,0,0,0,0,0,1,0,1,0,0,0,1,0,0,1,0,0,0,0,0,1,0,0,1,0,0,0,0,0,1,0,0,1
CLI-002326,24319.0,21,30,24,80.0,81,45.1,18,7,1,4,7.9,3,0,1744.53,0.0,0,0.69,0,0,1,0,0,0,0,0,1,0,0,0,0,0,0,1,0,0,0,0,0,1,0,0,0,0,1,0,0,0,0,1,0,0,1,0,0,1,0,0,0,1,0,0,0,0,1
CLI-004478,236278.0,25,24,21,87.5,81,50.4,19,5,2,1,3.4,5,0,2401.2,0.0,0,0.48,0,0,0,0,1,0,0,0,0,0,1,0,0,0,1,0,0,0,0,0,0,1,0,0,0,0,0,1,0,0,1,0,0,0,1,0,0,1,0,0,0,0,0,1,0,0,1
CLI-001675,79973.0,10,46,38,82.6,59,46.0,7,1,1,9,18.0,2,0,1108.28,0.0,0,0.44,0,0,0,0,1,0,0,0,0,1,0,0,0,0,0,0,0,0,0,1,0,1,0,0,0,1,0,0,1,0,0,0,0,1,0,0,0,0,1,0,1,0,0,0,0,1,0
CLI-000132,12228.0,9,47,22,46.8,6,0.3,1,1,4,6,18.5,3,1,994.13,0.01,0,0.06,0,0,0,1,0,0,0,0,0,0,0,1,0,0,1,0,0,0,0,0,0,1,0,0,0,1,0,0,1,0,0,0,0,0,1,0,0,0,0,1,0,1,0,0,0,1,0
CLI-001452,646.0,1,10,3,30.0,17,5.7,4,1,0,7,36.2,2,2,112.63,0.0,0,0.5,0,0,0,0,1,0,0,1,0,0,0,0,0,0,1,0,0,0,0,0,1,0,0,0,1,0,0,0,0,0,0,1,0,0,0,1,0,1,0,0,0,0,0,1,1,0,0
CLI-004740,20381.0,26,30,13,43.3,9,5.6,5,8,0,8,16.5,3,0,776.71,0.0,0,0.31,0,0,0,0,0,1,0,0,0,1,0,0,0,0,0,0,0,0,1,0,0,0,1,0,0,1,0,0,1,0,0,0,0,0,0,1,0,0,0,1,0,0,0,1,0,0,1
CLI-002007,124916.0,17,468,50,50.0,1,0.3,2,3,20,8,7.9,2,0,19042.01,0.04,0,0.08,0,0,0,0,0,0,1,0,0,0,0,1,0,0,1,0,0,0,0,0,0,0,0,1,0,0,1,0,0,1,0,0,0,1,0,0,0,0,1,0,1,0,0,0,0,0,1
CLI-001027,848.0,17,2,1,50.0,11,2.4,4,2,5,8,10.65,3,0,24.62,0.01,0,0.5,0,0,0,1,0,0,0,0,0,1,0,0,0,0,0,0,0,0,0,1,1,0,0,0,1,0,0,0,0,1,0,0,0,0,0,1,0,0,0,1,0,0,0,1,0,0,1
CLI-004173,75324.0,11,211,56,26.5,7,4.7,1,3,9,1,10.65,4,1,8350.81,0.03,0,0.04,1,0,0,0,0,0,0,0,0,0,0,1,0,0,1,0,0,0,0,0,0,0,0,1,0,0,1,0,0,0,1,0,0,0,1,0,0,0,0,1,0,0,1,0,0,1,0
CLI-000229,53074.0,17,45,15,33.3,1,0.2,1,6,8,10,2.2,2,0,1849.26,0.02,0,0.04,0,0,0,0,0,0,1,0,0,0,0,1,0,0,1,0,0,0,0,0,0,1,0,0,0,0,1,0,0,1,0,0,0,0,0,0,1,0,1,0,1,0,0,0,0,0,1
CLI-004562,9128.0,15,10,4,40.0,6,1.0,6,2,8,4,10.65,3,0,285.43,0.02,0,0.38,0,0,0,0,1,0,0,0,0,0,0,0,0,1,0,0,0,1,0,0,1,0,0,0,0,1,0,0,0,0,1,0,0,0,0,0,1,1,0,0,0,1,0,0,0,0,1
CLI-001266,8748.0,7,32,26,81.2,67,49.7,3,1,0,3,27.0,4,1,367.88,0.0,0,0.38,0,0,0,1,0,0,0,0,0,0,0,0,1,0,1,0,0,0,0,0,0,1,0,0,1,0,0,0,0,0,1,0,0,0,0,1,0,1,0,0,0,0,0,1,0,1,0
CLI-000567,2498.0,2,7,3,42.9,6,1.2,11,0,1,0,10.65,4,3,253.9,0.02,0,0.42,0,0,0,1,0,0,0,0,0,0,0,1,0,0,1,0,0,0,0,0,1,0,0,0,0,0,1,0,0,0,1,0,0,0,0,1,0,0,1,0,0,1,0,0,1,0,0
CLI-004137,2105.0,14,10,8,80.0,43,29.2,5,4,1,5,28.0,5,1,116.69,0.0,0,0.62,0,0,0,0,0,1,0,0,1,0,0,0,0,0,1,0,0,0,0,0,1,0,0,0,1,0,0,0,0,0,0,0,1,0,0,0,1,1,0,0,0,0,0,1,0,0,1
CLI-002487,8145.0,11,23,17,73.9,55,26.5,5,5,0,5,37.7,2,0,320.43,0.0,0,0.62,1,0,0,0,0,0,0,1,0,0,0,0,0,0,1,0,0,0,0,0,0,1,0,0,1,0,0,0,0,0,0,1,0,0,0,0,1,1,0,0,1,0,0,0,0,1,0
CLI-002961,27386.0,10,38,13,34.2,4,1.0,5,3,2,3,10.65,3,1,1669.85,0.01,0,0.19,0,0,0,0,0,0,1,0,0,0,0,1,0,0,0,0,0,0,1,0,0,1,0,0,0,0,1,0,1,0,0,0,0,0,0,0,1,0,1,0,0,1,0,0,0,1,0
CLI-001691,36842.0,1,131,56,42.7,2,1.4,12,0,14,3,4.9,3,6,4492.88,0.47,0,0.46,0,0,1,0,0,0,0,0,0,1,0,0,0,0,0,0,1,0,0,0,0,0,1,0,0,0,1,0,0,0,0,0,1,0,1,0,0,0,0,1,0,1,0,0,1,0,0
CLI-000903,300.0,8,1,1,100.0,26,9.8,4,1,0,1,10.65,4,0,11.67,0.0,0,0.5,0,0,0,1,0,0,0,0,0,1,0,0,0,0,0,0,0,0,0,1,1,0,0,0,1,0,0,0,0,1,0,0,0,1,0,0,0,0,0,1,0,0,0,1,0,1,0
CLI-002295,10983.0,20,44,20,45.5,11,6.8,2,4,7,6,37.3,3,0,446.46,0.01,0,0.25,0,0,0,1,0,0,0,0,0,0,0,0,0,1,1,0,0,0,0,0,0,1,0,0,1,0,0,0,0,0,1,0,0,0,1,0,0,0,0,1,0,0,0,1,0,0,1
CLI-002863,35541.0,15,203,66,32.5,1,0.3,6,4,0,6,15.7,2,0,3940.29,0.0,0,0.38,1,0,0,0,0,0,0,0,0,0,0,0,1,0,1,0,0,0,0,0,0,0,1,0,0,1,0,0,0,1,0,0,0,0,0,1,0,0,1,0,1,0,0,0,0,0,1
CLI-003387,736.0,1,10,0,0.0,0,0.0,0,0,30,0,12.6,5,3,99.69,1.0,1,0.0,0,0,0,0,0,1,0,0,1,0,0,0,0,0,1,0,0,0,0,0,1,0,0,0,1,0,0,0,0,0,1,0,0,0,1,0,0,0,1,0,1,0,0,0,1,0,0
CLI-000632,193355.0,12,43,9,20.9,1,0.5,2,1,30,0,4.9,3,0,2245.7,0.08,1,0.08,0,0,0,0,0,1,0,0,0,0,0,1,0,0,0,0,0,0,1,0,0,1,0,0,0,0,1,0,0,1,0,0,0,0,0,1,0,0,1,0,0,0,0,1,0,1,0
CLI-003247,1005.0,1,14,8,57.1,24,14.2,5,0,0,2,27.4,3,1,153.16,0.0,0,0.62,0,0,0,0,0,0,1,0,0,1,0,0,0,0,0,1,0,0,0,0,0,1,0,0,1,0,0,0,0,1,0,0,0,0,0,0,1,1,0,0,0,0,0,1,1,0,0
CLI-002075,1233.0,14,37,3,8.1,1,0.2,0,2,7,0,10.5,5,0,375.86,0.02,0,0.0,0,0,0,0,0,1,0,0,0,1,0,0,0,0,0,0,1,0,0,0,0,1,0,0,1,0,0,0,0,1,0,0,0,0,0,0,1,0,1,0,1,0,0,0,0,0,1
CLI-002841,300.0,1,7,4,57.1,23,5.5,4,1,1,0,16.8,5,1,67.75,0.03,0,0.5,1,0,0,0,0,0,0,0,1,0,0,0,0,0,0,0,0,0,1,0,1,0,0,0,1,0,0,0,0,0,1,0,0,1,0,0,0,0,0,1,0,0,0,1,1,0,0
CLI-004724,8879.0,30,21,10,47.6,18,5.7,6,9,1,0,10.65,5,0,492.21,0.0,0,0.38,0,1,0,0,0,0,0,0,0,0,0,0,0,1,1,0,0,0,0,0,0,1,0,0,0,1,0,0,0,0,1,0,0,1,0,0,0,1,0,0,0,0,1,0,0,0,1
CLI-004700,1186.0,3,9,0,0.0,0,0.0,0,0,84,3,11.1,3,0,206.57,0.93,1,0.0,1,0,0,0,0,0,0,1,0,0,0,0,0,0,1,0,0,0,0,0,1,0,0,0,0,1,0,0,0,0,0,1,0,1,0,0,0,0,1,0,1,0,0,0,1,0,0
CLI-000981,394790.0,4,827,513,62.0,48,46.0,19,1,0,0,4.6,4,1,60181.41,0.0,0,0.48,0,0,1,0,0,0,0,1,0,0,0,0,0,0,1,0,0,0,0,0,0,0,0,1,0,0,0,1,0,1,0,0,0,1,0,0,0,1,0,0,0,0,0,1,0,1,0
CLI-001022,579.0,13,2,1,50.0,15,8.4,3,2,1,0,19.0,4,1,22.06,0.0,0,0.38,0,0,0,0,0,0,1,0,0,0,0,0,0,1,1,0,0,0,0,0,1,0,0,0,1,0,0,0,0,1,0,0,0,0,0,0,1,0,0,1,0,0,0,1,0,0,1
CLI-001042,21927.0,23,50,20,40.0,24,15.6,8,6,3,2,16.6,3,0,1407.36,0.0,0,0.5,0,0,0,0,1,0,0,1,0,0,0,0,0,0,0,1,0,0,0,0,0,1,0,0,0,1,0,0,0,0,0,1,0,0,1,0,0,0,1,0,0,0,0,1,0,0,1
CLI-001915,5576.0,4,8,4,50.0,8,0.9,4,0,1,1,10.65,4,2,194.3,0.01,0,0.25,0,0,0,0,1,0,0,0,0,1,0,0,0,0,1,0,0,0,0,0,1,0,0,0,0,1,0,0,0,0,1,0,0,0,0,1,0,1,0,0,0,0,0,1,0,1,0
CLI-001903,2642.0,5,5,3,60.0,21,9.1,9,1,1,12,9.4,1,0,230.16,0.01,0,0.35,0,0,1,0,0,0,0,0,0,0,0,0,0,1,1,0,0,0,0,0,1,0,0,0,0,0,1,0,1,0,0,0,0,0,0,0,1,1,0,0,1,0,0,0,0,1,0
CLI-004606,652.0,23,1,1,100.0,52,24.9,4,7,0,6,10.7,4,0,39.77,0.0,0,0.15,0,0,0,0,0,0,1,0,0,0,0,1,0,0,0,0,0,0,0,1,1,0,0,0,0,0,1,0,0,0,0,0,1,0,1,0,0,0,0,1,0,0,1,0,0,0,1
CLI-004577,3574.0,9,10,5,50.0,14,7.0,11,1,0,9,6.5,3,0,435.91,0.0,0,0.42,0,1,0,0,0,0,0,0,0,0,0,1,0,0,1,0,0,0,0,0,0,1,0,0,0,0,1,0,0,0,1,0,0,0,0,1,0,0,0,1,1,0,0,0,0,1,0
CLI-002238,1414.0,17,5,2,40.0,2,0.5,3,7,3,2,25.3,3,0,61.59,0.01,0,0.38,0,0,1,0,0,0,0,0,0,0,0,1,0,0,0,0,1,0,0,0,1,0,0,0,1,0,0,0,0,0,0,0,1,0,0,0,1,1,0,0,0,0,0,1,0,0,1
CLI-000965,200842.0,15,391,142,36.3,13,7.9,4,6,3,8,11.4,3,0,9797.15,0.01,0,0.25,0,0,0,0,0,0,1,0,0,1,0,0,0,0,1,0,0,0,0,0,0,0,0,1,0,1,0,0,1,0,0,0,0,0,0,1,0,0,0,1,1,0,0,0,0,0,1
CLI-002371,38773.0,20,31,25,80.6,48,33.6,8,3,5,8,19.3,2,0,859.71,0.01,0,0.5,0,0,0,0,0,1,0,0,0,0,0,0,0,1,0,0,1,0,0,0,0,1,0,0,0,1,0,0,0,0,0,1,0,0,0,0,1,0,1,0,1,0,0,0,0,0,1
CLI-001817,34384.0,4,16,14,87.5,81,30.1,18,1,4,0,0.6,4,1,822.2,0.03,0,0.69,0,0,0,0,1,0,0,0,1,0,0,0,0,0,1,0,0,0,0,0,0,1,0,0,0,0,1,0,1,0,0,0,0,0,0,1,0,1,0,0,0,0,0,1,0,1,0
CLI-002889,36759.0,14,218,155,71.1,37,15.1,5,4,1,0,7.3,3,0,4482.77,0.0,0,0.31,0,0,0,0,1,0,0,0,0,0,0,0,1,0,1,0,0,0,0,0,0,0,1,0,0,1,0,0,0,0,1,0,0,0,1,0,0,1,0,0,0,0,0,1,0,0,1
CLI-002821,1208.0,9,10,8,80.0,41,5.7,3,3,0,0,22.1,5,0,113.36,0.0,0,0.38,0,0,0,0,0,1,0,0,0,1,0,0,0,0,0,0,0,1,0,0,1,0,0,0,1,0,0,0,0,0,1,0,0,0,0,1,0,0,0,1,0,0,1,0,0,1,0
CLI-000597,58315.0,15,41,23,56.1,35,23.5,13,7,0,1,5.0,5,0,2031.89,0.0,0,0.5,0,0,0,0,0,1,0,1,0,0,0,0,0,0,1,0,0,0,0,0,0,0,1,0,0,0,1,0,1,0,0,0,0,0,0,0,1,1,0,0,0,0,0,1,0,0,1
CLI-000930,3536.0,18,7,3,42.9,7,0.4,3,3,3,2,10.2,2,0,165.86,0.01,0,0.19,0,0,0,0,1,0,0,0,1,0,0,0,0,0,0,0,0,1,0,0,1,0,0,0,0,1,0,0,0,0,0,1,0,0,0,1,0,0,0,1,1,0,0,0,0,0,1
CLI-002534,10150.0,15,19,7,36.8,15,3.4,1,2,1,0,10.6,4,0,263.37,0.0,0,0.12,0,0,0,0,1,0,0,0,1,0,0,0,0,0,0,0,0,0,0,1,0,1,0,0,1,0,0,0,1,0,0,0,0,0,0,1,0,0,1,0,0,1,0,0,0,0,1
CLI-004923,75018.0,21,94,49,50.0,11,1.6,6,2,6,2,4.5,5,0,4815.03,0.01,0,0.23,0,0,0,1,0,0,0,0,0,0,1,0,0,0,0,1,0,0,0,0,0,0,1,0,0,0,1,0,0,0,0,0,1,0,0,1,0,1,0,0,0,1,0,0,0,0,1
CLI-004601,17818.0,8,61,0,0.0,0,0.0,0,2,51,8,17.7,1,0,1448.6,0.21,1,0.0,0,0,1,0,0,0,0,0,0,1,0,0,0,0,1,0,0,0,0,0,0,0,1,0,0,1,0,0,1,0,0,0,0,0,0,1,0,0,1,0,1,0,0,0,0,1,0
CLI-001026,32532.0,1,24,4,16.7,4,1.6,3,0,0,5,16.2,2,3,515.23,0.0,0,0.19,0,0,0,0,1,0,0,0,0,0,1,0,0,0,1,0,0,0,0,0,0,1,0,0,0,1,0,0,0,0,0,0,1,0,1,0,0,1,0,0,1,0,0,0,1,0,0
CLI-003902,1735.0,3,9,6,66.7,13,5.3,6,1,0,0,3.8,5,1,423.21,0.0,0,0.23,0,0,0,0,1,0,0,0,0,0,0,1,0,0,0,0,0,1,0,0,1,0,0,0,0,0,1,0,1,0,0,0,0,0,1,0,0,0,1,0,0,1,0,0,1,0,0
CLI-001510,16252.0,16,44,15,34.1,7,2.9,16,3,11,0,6.4,3,0,1801.75,0.02,0,0.62,0,0,0,0,0,1,0,0,0,1,0,0,0,0,1,0,0,0,0,0,0,1,0,0,0,0,1,0,0,0,1,0,0,0,0,1,0,1,0,0,0,1,0,0,0,0,1
CLI-004763,314314.0,1,128,43,33.6,1,0.3,1,0,6,3,9.7,3,2,5721.05,0.2,0,0.04,0,0,0,0,0,1,0,0,0,1,0,0,0,0,0,0,0,0,1,0,0,0,0,1,0,0,1,0,0,0,1,0,0,0,1,0,0,1,0,0,0,1,0,0,1,0,0
CLI-002692,1557.0,26,2,1,50.0,3,0.6,5,9,14,6,10.65,2,0,49.96,0.02,0,0.31,0,0,1,0,0,0,0,0,0,0,0,0,0,1,1,0,0,0,0,0,1,0,0,0,0,1,0,0,0,0,1,0,0,1,0,0,0,0,1,0,0,0,0,1,0,0,1
CLI-000860,60545.0,6,176,116,65.9,21,8.1,7,4,4,9,14.5,3,0,4614.72,0.02,0,0.44,0,0,0,0,0,1,0,0,0,0,0,1,0,0,1,0,0,0,0,0,0,0,1,0,0,1,0,0,1,0,0,0,0,0,0,0,1,0,1,0,1,0,0,0,0,1,0
CLI-001907,28996.0,21,13,6,46.2,19,5.5,6,8,2,0,4.8,3,0,585.0,0.0,0,0.23,0,1,0,0,0,0,0,0,0,0,0,0,0,1,1,0,0,0,0,0,0,1,0,0,0,0,1,0,1,0,0,0,0,0,0,0,1,0,1,0,0,0,0,1,0,0,1
CLI-004856,448.0,1,3,2,66.7,35,5.2,4,0,1,2,8.4,5,1,60.65,0.03,0,0.25,1,0,0,0,0,0,0,0,1,0,0,0,0,0,0,0,0,1,0,0,1,0,0,0,0,1,0,0,1,0,0,0,0,0,1,0,0,1,0,0,0,0,0,1,1,0,0
CLI-002587,38606.0,2,72,8,11.1,1,0.1,1,0,30,3,2.9,4,2,4708.04,0.5,1,0.02,1,0,0,0,0,0,0,0,0,0,1,0,0,0,0,0,1,0,0,0,0,0,1,0,0,0,0,1,0,1,0,0,0,0,0,1,0,0,1,0,0,0,0,1,1,0,0
CLI-003992,1406.0,10,7,2,28.6,4,5.7,5,3,4,0,5.2,4,0,343.02,0.01,0,0.19,1,0,0,0,0,0,0,1,0,0,0,0,0,0,1,0,0,0,0,0,1,0,0,0,0,0,1,0,0,0,1,0,0,1,0,0,0,0,0,1,0,0,1,0,0,1,0
CLI-000306,7076.0,1,36,9,25.0,1,0.2,0,0,23,3,21.9,3,3,410.91,0.77,0,0.0,0,0,0,1,0,0,0,0,1,0,0,0,0,0,0,0,0,0,0,1,0,1,0,0,1,0,0,0,0,0,0,0,1,0,0,1,0,1,0,0,0,0,0,1,1,0,0
CLI-002106,34263.0,24,30,19,63.3,49,39.1,7,5,0,0,10.9,4,0,852.73,0.0,0,0.44,0,1,0,0,0,0,0,0,0,0,0,0,0,1,1,0,0,0,0,0,0,1,0,0,0,1,0,0,0,0,0,1,0,0,0,0,1,0,0,1,0,0,1,0,0,0,1
CLI-004881,7812.0,1,46,9,19.6,1,0.6,1,0,30,0,12.3,5,3,381.07,1.0,1,0.12,0,0,0,0,1,0,0,0,0,0,0,1,0,0,1,0,0,0,0,0,0,1,0,0,1,0,0,0,0,0,0,0,1,0,0,1,0,1,0,0,1,0,0,0,1,0,0
CLI-001457,5415.0,11,8,6,75.0,56,32.9,9,2,1,2,12.1,3,0,194.22,0.0,0,0.56,0,0,0,0,0,1,0,0,0,0,0,0,1,0,0,0,0,0,1,0,0,1,0,0,0,1,0,0,0,0,0,0,1,0,0,0,1,0,1,0,0,1,0,0,0,1,0
CLI-002820,2506.0,8,7,3,42.9,24,3.4,8,2,1,0,7.7,4,2,305.67,0.0,0,0.31,0,1,0,0,0,0,0,0,0,0,0,0,0,1,0,0,0,0,1,0,1,0,0,0,0,0,1,0,0,0,0,0,1,0,1,0,0,1,0,0,0,1,0,0,0,1,0
CLI-001310,480.0,1,8,0,0.0,0,0.0,0,0,30,9,40.3,2,0,97.62,1.0,1,0.0,0,1,0,0,0,0,0,1,0,0,0,0,0,0,1,0,0,0,0,0,1,0,0,0,1,0,0,0,0,1,0,0,0,0,0,1,0,0,0,1,0,0,0,1,1,0,0
CLI-004686,37876.0,6,40,30,75.0,61,19.2,7,0,0,4,5.0,3,3,1649.66,0.0,0,0.27,0,0,0,1,0,0,0,0,0,0,1,0,0,0,0,1,0,0,0,0,0,1,0,0,0,0,1,0,0,0,0,1,0,0,0,1,0,0,0,1,0,1,0,0,0,1,0
CLI-001336,6065.0,21,21,7,33.3,24,15.4,5,8,2,2,14.2,3,0,493.11,0.0,0,0.31,0,0,1,0,0,0,0,0,0,1,0,0,0,0,1,0,0,0,0,0,0,1,0,0,0,1,0,0,0,0,0,0,1,0,0,1,0,0,0,1,0,1,0,0,0,0,1
CLI-002884,7985.0,1,46,32,69.6,43,29.7,9,0,2,2,10.65,3,0,1081.92,0.07,0,0.56,0,1,0,0,0,0,0,0,1,0,0,0,0,0,1,0,0,0,0,0,0,1,0,0,0,1,0,0,1,0,0,0,0,0,0,1,0,0,0,1,0,0,0,1,1,0,0
CLI-001618,9215.0,6,55,34,61.8,43,18.7,5,0,0,6,30.6,3,0,561.9,0.0,0,0.62,0,0,0,0,1,0,0,0,0,1,0,0,0,0,0,0,0,0,0,1,0,1,0,0,1,0,0,0,1,0,0,0,0,0,0,1,0,1,0,0,0,0,0,1,0,1,0
CLI-002593,72098.0,4,18,9,50.0,42,8.8,14,1,1,10,8.6,3,0,837.38,0.01,0,0.54,0,1,0,0,0,0,0,0,1,0,0,0,0,0,1,0,0,0,0,0,0,1,0,0,0,0,1,0,0,0,0,1,0,0,0,0,1,0,0,1,1,0,0,0,0,1,0
CLI-000918,45982.0,21,112,53,47.3,9,6.6,3,7,1,4,17.0,1,0,2548.9,0.0,0,0.19,0,0,0,0,1,0,0,0,0,0,0,1,0,0,1,0,0,0,0,0,0,0,1,0,0,1,0,0,0,0,0,1,0,1,0,0,0,0,0,1,0,0,0,1,0,0,1
CLI-000810,9004.0,2,9,7,77.8,17,3.5,5,0,2,10,17.1,1,0,244.02,0.03,0,0.31,0,0,1,0,0,0,0,0,0,1,0,0,0,0,0,0,0,0,0,1,1,0,0,0,0,1,0,0,0,0,0,1,0,0,0,0,1,1,0,0,1,0,0,0,1,0,0
CLI-002658,271399.0,21,362,127,35.1,1,0.3,1,1,15,1,3.2,3,0,30088.63,0.02,0,0.02,0,0,0,0,0,1,0,0,0,0,0,0,1,0,0,0,1,0,0,0,0,0,0,1,0,0,0,1,0,0,0,1,0,0,0,0,1,0,1,0,0,0,0,1,0,0,1
CLI-001806,55892.0,15,53,30,56.6,29,10.3,18,3,2,1,10.65,5,0,2350.36,0.0,0,0.69,1,0,0,0,0,0,0,0,0,1,0,0,0,0,0,0,0,0,1,0,0,1,0,0,0,0,1,0,0,0,1,0,0,1,0,0,0,0,0,1,0,0,0,1,0,0,1
CLI-004486,10223.0,11,32,18,50.0,19,1.1,8,2,0,0,8.5,3,1,958.97,0.0,0,0.5,1,0,0,0,0,0,0,1,0,0,0,0,0,0,1,0,0,0,0,0,0,1,0,0,0,1,0,0,0,0,0,0,1,0,0,1,0,0,0,1,0,0,0,1,0,1,0
CLI-004064,66449.0,22,27,22,81.5,20,9.2,9,4,1,5,10.65,3,0,723.53,0.0,0,0.56,0,0,0,0,0,0,1,0,0,0,1,0,0,0,1,0,0,0,0,0,0,1,0,0,0,1,0,0,1,0,0,0,0,0,0,1,0,0,0,1,0,1,0,0,0,0,1
CLI-000645,1675.0,14,11,6,54.5,22,11.4,4,1,0,2,26.1,5,0,107.53,0.0,0,0.5,0,0,1,0,0,0,0,0,0,0,0,0,1,0,0,1,0,0,0,0,1,0,0,0,1,0,0,0,0,0,0,0,1,0,0,0,1,0,1,0,0,1,0,0,0,0,1
CLI-000754,8986.0,12,29,18,62.1,44,24.4,3,2,1,1,18.6,4,0,421.49,0.0,0,0.38,0,1,0,0,0,0,0,0,0,0,0,0,0,1,0,0,0,1,0,0,0,1,0,0,1,0,0,0,0,0,1,0,0,0,0,1,0,0,0,1,0,0,0,1,0,1,0
CLI-002412,37150.0,19,38,7,18.4,1,0.3,0,5,2,2,14.6,4,0,888.32,0.0,0,0.0,0,0,1,0,0,0,0,0,0,1,0,0,0,0,0,0,0,0,0,1,0,1,0,0,0,1,0,0,0,0,0,1,0,0,0,1,0,1,0,0,1,0,0,0,0,0,1
CLI-002173,6944.0,18,41,38,92.7,96,43.4,6,1,1,1,10.65,2,0,445.72,0.0,0,0.75,0,1,0,0,0,0,0,0,0,0,0,0,1,0,1,0,0,0,0,0,0,1,0,0,1,0,0,0,0,1,0,0,0,0,1,0,0,0,1,0,1,0,0,0,0,0,1
CLI-002261,16392.0,16,66,13,19.7,3,0.3,4,2,0,2,14.3,3,0,1332.68,0.0,0,0.25,1,0,0,0,0,0,0,0,0,1,0,0,0,0,0,0,0,0,1,0,0,0,1,0,0,1,0,0,1,0,0,0,0,0,1,0,0,0,1,0,0,0,0,1,0,0,1
CLI-002558,22086.0,14,23,18,78.3,49,19.1,6,3,2,4,10.1,3,0,690.62,0.0,0,0.38,0,0,1,0,0,0,0,0,0,0,0,0,1,0,0,0,1,0,0,0,0,1,0,0,0,1,0,0,0,0,1,0,0,0,1,0,0,0,1,0,0,1,0,0,0,0,1
CLI-001695,1430.0,19,10,4,40.0,18,1.8,2,4,5,3,27.9,2,0,134.17,0.01,0,0.25,0,0,0,1,0,0,0,0,0,1,0,0,0,0,0,1,0,0,0,0,0,1,0,0,1,0,0,0,0,0,0,1,0,0,1,0,0,1,0,0,0,0,0,1,0,0,1
CLI-004936,601.0,1,3,1,33.3,17,11.9,3,0,4,1,21.4,5,3,29.32,0.13,0,0.38,0,0,1,0,0,0,0,0,0,0,0,0,0,1,0,0,0,0,0,1,1,0,0,0,1,0,0,0,1,0,0,0,0,0,0,1,0,0,0,1,0,1,0,0,1,0,0
CLI-003835,1712.0,1,48,20,41.7,22,7.6,3,0,1,0,25.2,4,0,521.92,0.03,0,0.38,0,0,1,0,0,0,0,0,0,0,0,1,0,0,1,0,0,0,0,0,0,1,0,0,1,0,0,0,0,0,0,1,0,0,0,0,1,0,0,1,0,0,0,1,1,0,0
CLI-003045,42580.0,6,194,78,40.2,7,5.7,19,0,9,1,1.0,2,0,12981.8,0.05,0,0.48,0,0,0,1,0,0,0,0,0,0,0,1,0,0,1,0,0,0,0,0,0,0,0,1,0,0,0,1,0,1,0,0,0,0,0,0,1,0,1,0,1,0,0,0,0,1,0
CLI-000663,57596.0,15,206,73,35.4,17,14.1,4,4,0,0,7.7,5,0,5402.99,0.0,0,0.25,0,0,0,0,0,1,0,0,1,0,0,0,0,0,1,0,0,0,0,0,0,0,1,0,0,1,0,0,1,0,0,0,0,0,0,0,1,1,0,0,0,0,0,1,0,0,1
CLI-000755,22082.0,8,32,0,0.0,0,0.0,0,0,31,1,7.6,5,1,1035.72,0.13,1,0.0,0,0,0,1,0,0,0,0,0,0,0,0,0,1,1,0,0,0,0,0,0,1,0,0,0,1,0,0,0,0,0,0,1,0,1,0,0,0,0,1,1,0,0,0,0,1,0
CLI-003210,217282.0,14,75,57,76.0,45,22.7,27,1,2,2,5.3,4,0,5888.41,0.0,0,0.68,0,0,0,0,1,0,0,0,0,1,0,0,0,0,0,1,0,0,0,0,0,0,1,0,0,0,0,1,0,0,0,1,0,0,0,1,0,0,0,1,0,1,0,0,0,0,1
CLI-000613,383734.0,11,530,268,50.6,1,5.7,14,2,29,5,7.4,3,2,25998.25,0.09,0,0.54,1,0,0,0,0,0,0,0,0,1,0,0,0,0,1,0,0,0,0,0,0,0,0,1,0,0,1,0,0,0,0,0,1,0,0,1,0,1,0,0,1,0,0,0,0,1,0
CLI-003764,2888.0,17,9,8,88.9,95,46.1,5,1,1,0,12.3,5,0,113.62,0.0,0,0.62,0,0,0,0,0,1,0,0,1,0,0,0,0,0,1,0,0,0,0,0,1,0,0,0,1,0,0,0,0,0,0,1,0,0,0,0,1,0,1,0,0,1,0,0,0,0,1
CLI-003135,110037.0,10,161,113,70.2,84,33.6,16,3,1,0,5.9,5,1,7455.05,0.0,0,0.62,0,0,0,0,0,1,0,0,0,0,1,0,0,0,0,0,0,0,1,0,0,0,1,0,0,0,1,0,0,1,0,0,0,0,0,0,1,0,1,0,0,0,0,1,0,1,0
CLI-003820,29955.0,9,63,52,82.5,47,30.6,18,3,0,2,5.7,3,1,2810.04,0.0,0,0.69,1,0,0,0,0,0,0,0,0,1,0,0,0,0,0,0,0,1,0,0,0,0,1,0,0,0,1,0,0,0,0,0,1,0,0,0,1,0,1,0,0,1,0,0,0,1,0
CLI-001224,44573.0,3,28,8,28.6,8,3.0,9,0,2,1,5.6,5,2,1065.84,0.02,0,0.35,0,0,0,0,0,0,1,0,0,1,0,0,0,0,0,0,1,0,0,0,0,1,0,0,0,0,1,0,0,1,0,0,0,0,0,1,0,1,0,0,0,1,0,0,1,0,0
CLI-000372,129567.0,19,57,29,50.9,31,16.6,8,5,0,1,13.8,3,0,1628.95,0.0,0,0.5,0,0,1,0,0,0,0,0,0,1,0,0,0,0,1,0,0,0,0,0,0,1,0,0,0,1,0,0,0,0,1,0,0,0,1,0,0,1,0,0,0,1,0,0,0,0,1
CLI-000605,4472.0,1,5,4,80.0,30,17.0,7,0,1,5,16.8,3,2,151.48,0.03,0,0.44,1,0,0,0,0,0,0,0,0,0,0,0,0,1,0,0,0,0,1,0,1,0,0,0,0,1,0,0,1,0,0,0,0,0,0,1,0,1,0,0,0,1,0,0,1,0,0
CLI-003089,4951.0,9,25,14,56.0,11,9.7,9,1,3,5,20.2,2,0,503.12,0.01,0,0.56,0,0,0,0,0,1,0,0,0,0,0,0,0,1,1,0,0,0,0,0,0,1,0,0,0,1,0,0,0,1,0,0,0,0,1,0,0,0,0,1,0,0,0,1,0,1,0
CLI-000081,181140.0,18,95,65,50.0,15,6.4,16,3,0,4,2.1,5,0,10041.03,0.0,0,0.4,0,1,0,0,0,0,0,0,0,1,0,0,0,0,0,1,0,0,0,0,0,0,1,0,0,0,0,1,0,0,0,0,1,0,0,0,1,0,0,1,0,0,0,1,0,0,1
CLI-000308,2142.0,15,8,0,0.0,0,0.0,0,0,77,11,44.9,2,0,70.59,0.17,1,0.0,0,0,0,0,0,1,0,0,0,0,1,0,0,0,1,0,0,0,0,0,1,0,0,0,1,0,0,0,0,0,0,0,1,0,0,1,0,0,0,1,0,0,0,1,0,0,1
CLI-002855,7079.0,3,9,5,55.6,15,7.2,7,0,1,8,22.4,2,0,253.92,0.01,0,0.44,0,1,0,0,0,0,0,1,0,0,0,0,0,0,1,0,0,0,0,0,0,1,0,0,0,1,0,0,0,0,0,1,0,0,1,0,0,0,1,0,0,0,0,1,1,0,0
CLI-000036,5841.0,1,12,10,83.3,57,29.6,17,0,1,10,12.4,3,0,547.95,0.03,0,0.65,0,0,0,0,1,0,0,0,1,0,0,0,0,0,0,0,0,0,0,1,0,1,0,0,0,0,1,0,0,0,0,0,1,0,0,0,1,1,0,0,0,0,0,1,1,0,0
CLI-003470,3896.0,19,6,2,33.3,10,4.4,5,2,2,1,4.6,5,0,163.85,0.0,0,0.31,1,0,0,0,0,0,0,0,1,0,0,0,0,0,0,0,0,1,0,0,1,0,0,0,0,1,0,0,0,1,0,0,0,1,0,0,0,0,1,0,0,0,0,1,0,0,1
CLI-003297,1008560.0,15,334,135,40.4,7,4.5,3,7,5,3,5.4,5,0,14301.76,0.01,0,0.12,0,0,0,0,0,1,0,1,0,0,0,0,0,0,1,0,0,0,0,0,0,0,0,1,0,0,1,0,0,0,0,0,1,0,1,0,0,1,0,0,0,0,0,1,0,0,1
CLI-004385,47889.0,6,63,12,50.0,5,3.6,11,3,0,2,6.3,3,3,2781.02,0.0,0,0.42,0,0,0,0,0,0,1,0,0,0,0,0,0,1,1,0,0,0,0,0,0,0,1,0,0,0,1,0,0,1,0,0,0,0,1,0,0,0,0,1,1,0,0,0,0,1,0
CLI-002859,1223135.0,11,688,545,79.2,61,37.7,25,1,1,14,6.7,1,0,53272.41,0.0,0,0.62,0,0,0,0,1,0,0,1,0,0,0,0,0,0,0,0,0,0,0,1,0,0,0,1,0,0,0,1,0,0,0,1,0,0,0,1,0,1,0,0,0,0,0,1,0,1,0
CLI-004568,71931.0,21,69,36,52.2,27,13.3,10,1,0,2,6.4,4,0,3508.82,0.0,0,0.38,0,1,0,0,0,0,0,1,0,0,0,0,0,0,0,0,0,1,0,0,0,0,1,0,0,0,1,0,0,0,0,0,1,0,0,0,1,0,0,1,0,0,0,1,0,0,1
CLI-003606,371652.0,7,628,145,23.1,1,0.5,5,0,14,0,10.65,3,0,37769.54,0.07,0,0.12,0,0,0,0,1,0,0,0,0,1,0,0,0,0,1,0,0,0,0,0,0,0,0,1,0,0,0,1,0,0,0,1,0,0,0,0,1,0,1,0,1,0,0,0,0,1,0
CLI-004889,116713.0,16,99,77,77.8,25,4.3,16,4,1,0,10.65,5,0,7907.4,0.0,0,0.4,0,0,0,0,1,0,0,0,0,1,0,0,0,0,0,0,0,1,0,0,0,0,1,0,0,0,0,1,0,1,0,0,0,0,1,0,0,0,1,0,0,0,1,0,0,0,1
CLI-001739,371.0,22,1,1,100.0,42,24.4,4,2,1,0,7.9,4,0,25.15,0.0,0,0.25,0,0,0,1,0,0,0,0,0,0,1,0,0,0,1,0,0,0,0,0,1,0,0,0,0,1,0,0,0,0,0,0,1,0,0,0,1,0,1,0,0,0,1,0,0,0,1
CLI-002957,300.0,19,2,1,50.0,1,0.2,2,2,18,7,28.6,3,0,21.44,0.03,0,0.25,0,0,0,1,0,0,0,1,0,0,0,0,0,0,1,0,0,0,0,0,1,0,0,0,1,0,0,0,0,0,0,1,0,0,0,1,0,0,0,1,1,0,0,0,0,0,1
CLI-004978,39398.0,23,33,31,93.9,110,71.7,11,8,0,0,6.6,5,0,906.53,0.0,0,0.69,1,0,0,0,0,0,0,0,0,1,0,0,0,0,1,0,0,0,0,0,0,1,0,0,0,1,0,0,0,0,0,0,1,0,1,0,0,1,0,0,0,0,0,1,0,0,1
CLI-003323,2049.0,7,9,4,44.4,1,0.5,6,1,6,0,7.4,4,0,208.24,0.03,0,0.38,0,0,0,1,0,0,0,0,1,0,0,0,0,0,1,0,0,0,0,0,1,0,0,0,0,1,0,0,0,0,0,0,1,0,1,0,0,1,0,0,0,0,0,1,0,1,0
CLI-000684,3451.0,22,10,6,60.0,19,7.5,5,4,4,3,16.2,3,0,263.02,0.01,0,0.31,0,1,0,0,0,0,0,0,0,0,1,0,0,0,1,0,0,0,0,0,1,0,0,0,0,1,0,0,0,1,0,0,0,0,0,1,0,0,1,0,0,1,0,0,0,0,1
CLI-004408,1470.0,5,4,3,75.0,81,82.9,4,1,0,0,9.7,4,0,105.42,0.0,0,0.25,0,0,0,0,0,0,1,0,0,1,0,0,0,0,1,0,0,0,0,0,1,0,0,0,0,1,0,0,0,0,1,0,0,0,1,0,0,1,0,0,0,1,0,0,0,1,0
CLI-004944,49084.0,14,53,32,60.4,19,8.8,10,5,1,3,12.7,3,0,1575.24,0.0,0,0.62,0,0,0,0,0,1,0,1,0,0,0,0,0,0,1,0,0,0,0,0,0,1,0,0,0,1,0,0,1,0,0,0,0,1,0,0,0,0,1,0,0,1,0,0,0,0,1
CLI-000717,19577.0,1,49,10,20.4,1,0.1,2,0,8,8,10.65,3,4,1256.54,0.27,0,0.12,0,0,1,0,0,0,0,0,1,0,0,0,0,0,1,0,0,0,0,0,0,1,0,0,0,1,0,0,0,0,0,1,0,0,0,1,0,1,0,0,1,0,0,0,1,0,0
CLI-000750,15248.0,5,103,50,48.5,8,2.6,11,1,7,6,10.9,2,0,4648.77,0.05,0,0.42,0,0,0,1,0,0,0,0,0,0,1,0,0,0,1,0,0,0,0,0,0,0,1,0,0,0,1,0,0,0,0,0,1,0,0,1,0,0,1,0,0,0,0,1,0,1,0
CLI-004900,10320.0,21,9,6,66.7,14,2.2,7,4,1,2,12.8,3,0,251.7,0.0,0,0.44,0,0,0,0,0,0,1,0,0,0,0,0,1,0,0,0,0,1,0,0,1,0,0,0,0,1,0,0,0,0,1,0,0,0,1,0,0,1,0,0,0,1,0,0,0,0,1
CLI-001872,124360.0,12,386,165,42.7,6,1.6,9,3,9,5,6.6,2,1,12638.26,0.02,0,0.35,0,1,0,0,0,0,0,0,0,0,0,0,1,0,1,0,0,0,0,0,0,0,0,1,0,0,1,0,0,1,0,0,0,0,0,1,0,0,0,1,0,0,0,1,0,1,0
CLI-003345,2385.0,1,45,13,28.9,1,0.1,2,0,16,0,26.7,2,1,415.43,0.53,0,0.25,0,1,0,0,0,0,0,0,0,0,1,0,0,0,1,0,0,0,0,0,0,1,0,0,1,0,0,0,0,0,0,0,1,0,0,0,1,0,1,0,1,0,0,0,1,0,0
CLI-001840,178417.0,11,162,116,71.6,41,24.3,8,3,2,4,3.8,3,0,7502.83,0.01,0,0.31,1,0,0,0,0,0,0,1,0,0,0,0,0,0,1,0,0,0,0,0,0,0,1,0,0,0,1,0,0,1,0,0,0,0,0,0,1,0,0,1,0,0,0,1,0,1,0
CLI-004911,1055.0,20,1,1,100.0,1,0.1,3,4,4,0,10.65,4,0,21.44,0.01,0,0.19,0,0,0,0,1,0,0,0,1,0,0,0,0,0,1,0,0,0,0,0,1,0,0,0,0,1,0,0,1,0,0,0,0,1,0,0,0,1,0,0,0,0,1,0,0,0,1
CLI-001354,35892.0,17,41,17,41.5,14,8.1,4,3,2,2,13.8,3,0,1094.27,0.0,0,0.25,0,0,0,0,1,0,0,0,0,1,0,0,0,0,0,0,0,0,0,1,0,0,1,0,0,1,0,0,0,1,0,0,0,0,1,0,0,1,0,0,0,0,0,1,0,0,1
CLI-002563,27297.0,25,44,18,40.9,13,3.4,5,4,1,1,14.5,3,0,1147.89,0.0,0,0.31,0,0,0,0,1,0,0,0,0,0,0,1,0,0,1,0,0,0,0,0,0,0,1,0,0,1,0,0,0,0,0,1,0,0,1,0,0,1,0,0,0,1,0,0,0,0,1
CLI-001213,2867.0,4,6,5,83.3,49,21.1,8,0,2,3,10.65,2,1,158.91,0.02,0,0.5,1,0,0,0,0,0,0,0,0,0,0,1,0,0,1,0,0,0,0,0,1,0,0,0,0,1,0,0,0,0,1,0,0,0,1,0,0,0,0,1,0,0,0,1,0,1,0
CLI-003776,3076.0,12,9,4,44.4,17,2.3,2,1,3,4,29.0,3,0,117.23,0.01,0,0.25,0,0,0,0,0,1,0,0,1,0,0,0,0,0,0,1,0,0,0,0,1,0,0,0,1,0,0,0,0,1,0,0,0,0,0,0,1,0,1,0,0,0,0,1,0,1,0
CLI-000064,873.0,10,3,2,66.7,33,15.0,9,1,2,0,10.65,3,0,62.66,0.01,0,0.56,0,0,1,0,0,0,0,0,0,1,0,0,0,0,1,0,0,0,0,0,1,0,0,0,0,1,0,0,1,0,0,0,0,0,1,0,0,0,1,0,0,0,0,1,0,1,0
CLI-000483,36716.0,12,41,8,19.5,1,0.4,4,3,15,0,1.2,4,0,3444.27,0.04,0,0.1,0,0,0,0,1,0,0,0,0,0,0,1,0,0,1,0,0,0,0,0,0,1,0,0,0,0,0,1,1,0,0,0,0,0,1,0,0,0,1,0,0,0,0,1,0,1,0
CLI-002272,16165.0,1,51,32,62.7,1,0.8,6,0,11,0,2.0,4,2,1971.33,0.37,0,0.23,0,1,0,0,0,0,0,0,1,0,0,0,0,0,1,0,0,0,0,0,0,1,0,0,0,0,1,0,0,1,0,0,0,0,1,0,0,0,0,1,0,0,0,1,1,0,0
CLI-004644,890.0,1,6,3,50.0,13,5.1,2,0,3,4,27.7,3,0,67.87,0.1,0,0.25,0,1,0,0,0,0,0,0,0,0,0,1,0,0,0,0,0,0,0,1,1,0,0,0,1,0,0,0,0,0,0,0,1,0,0,0,1,0,0,1,0,0,0,1,1,0,0
CLI-001972,82025.0,19,143,87,60.8,41,20.9,9,6,0,6,10.2,4,0,3847.31,0.0,0,0.56,0,0,0,0,0,0,1,0,0,0,0,0,0,1,0,0,1,0,0,0,0,0,1,0,0,1,0,0,1,0,0,0,0,0,0,0,1,0,0,1,0,0,1,0,0,0,1
CLI-003420,1732.0,11,8,1,12.5,1,0.3,2,3,5,8,32.9,3,0,84.47,0.02,0,0.25,0,1,0,0,0,0,0,0,0,0,0,0,0,1,0,0,0,0,1,0,1,0,0,0,1,0,0,0,0,0,0,0,1,0,0,1,0,0,1,0,1,0,0,0,0,1,0
CLI-001720,44722.0,5,195,59,30.3,8,4.5,1,0,1,0,13.9,5,0,2597.1,0.01,0,0.12,0,0,0,0,0,1,0,1,0,0,0,0,0,0,1,0,0,0,0,0,0,0,1,0,1,0,0,0,0,1,0,0,0,0,1,0,0,0,0,1,0,0,0,1,0,1,0
CLI-002128,38155.0,10,8,5,62.5,18,7.0,5,2,1,0,5.3,3,1,434.87,0.0,0,0.19,0,0,0,0,1,0,0,1,0,0,0,0,0,0,1,0,0,0,0,0,1,0,0,0,0,0,1,0,0,1,0,0,0,1,0,0,0,1,0,0,0,1,0,0,0,1,0
CLI-001759,16760.0,5,48,13,27.1,1,0.3,6,2,9,0,0.6,5,0,1202.27,0.06,0,0.38,0,0,0,0,0,1,0,0,1,0,0,0,0,0,1,0,0,0,0,0,0,1,0,0,0,1,0,0,0,0,0,1,0,1,0,0,0,1,0,0,0,1,0,0,0,1,0
CLI-003307,11039.0,19,11,1,9.1,1,0.1,1,7,30,0,2.3,5,0,517.79,0.05,1,0.04,1,0,0,0,0,0,0,0,0,1,0,0,0,0,1,0,0,0,0,0,0,1,0,0,0,0,1,0,0,1,0,0,0,1,0,0,0,0,1,0,1,0,0,0,0,0,1
CLI-001374,9274.0,18,8,4,50.0,34,20.5,5,4,8,0,14.1,4,0,115.41,0.01,0,0.62,0,0,0,1,0,0,0,0,0,1,0,0,0,0,1,0,0,0,0,0,1,0,0,0,1,0,0,0,0,1,0,0,0,0,0,1,0,0,1,0,0,0,1,0,0,0,1
CLI-004085,12008.0,7,22,18,81.8,59,59.7,18,0,1,5,8.8,3,0,1046.03,0.0,0,0.69,0,0,0,0,0,0,1,0,0,0,0,1,0,0,1,0,0,0,0,0,0,1,0,0,0,0,1,0,0,0,0,1,0,0,0,0,1,0,0,1,1,0,0,0,0,1,0
CLI-003240,1078.0,6,8,3,37.5,19,4.2,3,2,5,2,25.8,3,0,93.94,0.03,0,0.38,0,0,0,0,1,0,0,0,0,1,0,0,0,0,0,1,0,0,0,0,1,0,0,0,1,0,0,0,0,0,0,1,0,0,0,0,1,0,0,1,0,0,0,1,0,1,0
CLI-002001,4737.0,2,52,28,53.8,27,12.8,7,1,1,6,17.2,3,3,1155.36,0.02,0,0.44,0,0,0,0,0,1,0,0,0,1,0,0,0,0,0,0,0,0,1,0,0,1,0,0,0,1,0,0,0,1,0,0,0,0,1,0,0,0,0,1,0,1,0,0,1,0,0
CLI-004965,1157.0,10,1,1,100.0,1,0.3,7,2,30,0,0.5,5,1,41.5,0.1,1,0.27,1,0,0,0,0,0,0,0,1,0,0,0,0,0,0,0,0,1,0,0,1,0,0,0,0,0,1,0,1,0,0,0,0,0,0,0,1,0,0,1,0,0,0,1,0,1,0
CLI-000869,13161.0,9,138,17,12.3,1,0.1,1,1,30,3,21.9,3,2,1337.47,0.11,1,0.12,0,0,0,0,1,0,0,0,0,1,0,0,0,0,1,0,0,0,0,0,0,0,1,0,1,0,0,0,1,0,0,0,0,0,0,1,0,1,0,0,0,0,0,1,0,1,0
CLI-002872,6465.0,13,9,5,55.6,3,0.5,4,2,25,5,6.0,4,0,414.95,0.06,0,0.15,1,0,0,0,0,0,0,0,0,0,1,0,0,0,1,0,0,0,0,0,1,0,0,0,0,0,1,0,1,0,0,0,0,0,0,1,0,0,0,1,0,0,0,1,0,0,1
CLI-001919,82030.0,9,135,85,63.0,37,18.6,6,1,2,1,2.6,4,0,6252.27,0.01,0,0.23,0,1,0,0,0,0,0,0,0,0,1,0,0,0,1,0,0,0,0,0,0,0,0,1,0,0,1,0,0,0,0,0,1,0,1,0,0,0,0,1,0,1,0,0,0,1,0
CLI-001541,8466.0,7,30,0,0.0,0,0.0,0,0,103,3,7.1,4,1,1147.16,0.49,1,0.0,1,0,0,0,0,0,0,1,0,0,0,0,0,0,0,0,0,0,0,1,0,1,0,0,0,0,1,0,0,0,1,0,0,0,1,0,0,0,0,1,0,0,0,1,0,1,0
CLI-004975,36321.0,12,33,22,66.7,18,5.7,7,3,1,2,15.9,3,0,750.75,0.0,0,0.44,0,0,1,0,0,0,0,0,0,0,0,0,0,1,0,0,0,0,1,0,0,1,0,0,0,1,0,0,1,0,0,0,0,0,1,0,0,0,0,1,0,1,0,0,0,1,0
CLI-002374,773.0,1,11,7,63.6,34,7.7,4,0,1,0,11.9,4,1,134.74,0.03,0,0.5,0,0,0,0,0,1,0,0,0,0,0,1,0,0,0,1,0,0,0,0,0,1,0,0,1,0,0,0,0,0,1,0,0,1,0,0,0,0,0,1,0,1,0,0,1,0,0
CLI-004550,49290.0,2,29,13,44.8,16,9.1,12,1,1,5,6.9,2,1,1335.77,0.02,0,0.46,0,0,1,0,0,0,0,0,0,0,0,0,1,0,1,0,0,0,0,0,0,1,0,0,0,0,1,0,1,0,0,0,0,0,1,0,0,0,1,0,1,0,0,0,1,0,0
CLI-004693,3328.0,1,8,4,50.0,21,7.9,6,0,1,1,17.4,3,1,213.59,0.03,0,0.38,1,0,0,0,0,0,0,0,0,1,0,0,0,0,0,0,1,0,0,0,0,1,0,0,0,1,0,0,0,0,1,0,0,0,1,0,0,1,0,0,0,0,0,1,1,0,0
CLI-004524,332387.0,1,757,0,0.0,0,0.0,0,0,30,0,5.1,4,0,15590.37,1.0,1,0.0,1,0,0,0,0,0,0,0,0,0,0,0,0,1,1,0,0,0,0,0,0,0,0,1,0,1,0,0,0,1,0,0,0,0,1,0,0,1,0,0,1,0,0,0,1,0,0
CLI-003269,24315.0,10,13,8,61.5,45,23.4,18,1,1,1,2.5,3,0,988.43,0.0,0,0.45,0,0,0,0,0,1,0,0,0,0,0,0,0,1,1,0,0,0,0,0,0,1,0,0,0,0,0,1,0,0,0,1,0,1,0,0,0,0,0,1,0,0,0,1,0,1,0
CLI-002423,2114.0,23,9,0,50.0,0,0.0,0,0,45,6,22.1,4,0,122.79,0.07,1,0.0,0,0,0,0,0,0,1,0,0,1,0,0,0,0,0,0,0,0,0,1,1,0,0,0,1,0,0,0,0,0,1,0,0,0,1,0,0,0,1,0,0,0,0,1,0,0,1
CLI-001255,8749.0,16,9,7,77.8,58,5.7,8,2,1,8,18.9,3,0,273.57,0.0,0,0.5,0,0,1,0,0,0,0,0,1,0,0,0,0,0,0,0,0,1,0,0,1,0,0,0,0,1,0,0,0,0,0,1,0,0,0,1,0,1,0,0,1,0,0,0,0,0,1
CLI-003252,1317443.0,13,259,101,39.0,1,0.4,14,1,30,0,0.5,3,0,20082.97,0.08,1,0.35,0,0,0,0,0,1,0,1,0,0,0,0,0,0,0,0,1,0,0,0,0,0,0,1,0,0,0,1,1,0,0,0,0,0,1,0,0,1,0,0,0,0,0,1,0,0,1
CLI-003186,43298.0,2,57,45,78.9,56,45.6,8,0,1,0,13.2,5,1,1389.54,0.02,0,0.5,0,0,0,0,1,0,0,0,0,1,0,0,0,0,1,0,0,0,0,0,0,1,0,0,0,1,0,0,0,0,0,0,1,0,0,1,0,0,0,1,0,1,0,0,1,0,0
CLI-002930,1038615.0,6,704,398,56.5,21,10.5,13,2,0,3,8.4,3,2,33331.66,0.0,0,0.5,1,0,0,0,0,0,0,0,0,1,0,0,0,0,1,0,0,0,0,0,0,0,0,1,0,0,1,0,1,0,0,0,0,0,1,0,0,0,1,0,0,0,0,1,0,1,0
CLI-000280,300.0,11,1,1,100.0,32,19.4,3,2,1,0,11.7,4,0,11.49,0.0,0,0.38,0,0,0,0,0,1,0,0,0,0,0,0,1,0,0,0,0,0,0,1,1,0,0,0,1,0,0,0,0,1,0,0,0,0,0,0,1,1,0,0,0,0,0,1,0,1,0
CLI-003704,2677.0,21,11,9,81.8,33,5.7,2,3,0,1,15.0,4,0,141.93,0.0,0,0.25,0,0,0,0,1,0,0,0,0,0,0,0,0,1,1,0,0,0,0,0,1,0,0,0,1,0,0,0,0,0,0,1,0,0,0,0,1,1,0,0,0,0,0,1,0,0,1
CLI-004081,27911.0,8,27,21,77.8,54,30.7,6,0,3,2,13.7,3,0,756.39,0.01,0,0.38,0,0,0,0,0,1,0,0,0,0,0,1,0,0,0,1,0,0,0,0,0,1,0,0,0,1,0,0,0,0,0,1,0,0,0,0,1,0,0,1,0,0,0,1,0,1,0
CLI-002090,397671.0,5,458,95,20.7,2,0.2,17,2,1,2,0.5,5,0,37304.99,0.01,0,0.42,0,0,0,0,0,0,1,0,0,0,0,0,0,1,1,0,0,0,0,0,0,0,0,1,0,0,0,1,0,1,0,0,0,0,0,0,1,0,1,0,1,0,0,0,0,1,0
CLI-002993,46838.0,6,53,18,34.0,22,11.0,7,1,0,5,16.2,1,3,1119.98,0.0,0,0.44,0,0,0,1,0,0,0,0,0,1,0,0,0,0,1,0,0,0,0,0,0,1,0,0,0,1,0,0,0,0,0,1,0,0,1,0,0,0,0,1,0,0,0,1,0,1,0
CLI-003035,914.0,1,9,3,33.3,1,0.2,1,0,4,1,23.3,3,0,108.0,0.13,0,0.12,1,0,0,0,0,0,0,0,0,0,1,0,0,0,0,0,0,0,1,0,0,1,0,0,1,0,0,0,1,0,0,0,0,0,0,1,0,0,0,1,0,0,0,1,1,0,0
CLI-004153,122257.0,10,143,43,30.1,1,0.7,10,1,30,9,7.3,3,0,6212.26,0.1,1,0.38,0,1,0,0,0,0,0,0,1,0,0,0,0,0,0,0,1,0,0,0,0,0,1,0,0,0,1,0,0,1,0,0,0,0,0,1,0,0,0,1,0,0,0,1,0,1,0
CLI-002026,644.0,1,8,5,62.5,21,9.3,4,0,0,3,18.4,4,3,65.41,0.0,0,0.5,0,0,0,0,0,1,0,1,0,0,0,0,0,0,1,0,0,0,0,0,1,0,0,0,1,0,0,0,0,0,0,0,1,1,0,0,0,0,0,1,0,0,0,1,1,0,0
CLI-004247,15435.0,13,36,19,52.8,25,10.6,5,2,1,5,10.65,3,0,941.17,0.0,0,0.31,1,0,0,0,0,0,0,1,0,0,0,0,0,0,1,0,0,0,0,0,0,1,0,0,0,1,0,0,0,1,0,0,0,0,1,0,0,0,0,1,0,0,0,1,0,0,1
CLI-002343,9680.0,1,8,6,75.0,64,39.9,4,1,0,0,2.5,5,1,380.82,0.0,0,0.15,0,0,1,0,0,0,0,0,0,0,0,0,0,1,1,0,0,0,0,0,1,0,0,0,0,0,1,0,0,0,0,0,1,0,0,0,1,1,0,0,0,0,0,1,1,0,0
CLI-003748,12541.0,11,15,4,26.7,1,0.2,5,1,23,4,4.7,3,1,675.0,0.07,0,0.19,0,0,1,0,0,0,0,0,0,0,0,1,0,0,0,0,0,0,1,0,0,1,0,0,0,0,1,0,0,0,0,0,1,0,0,0,1,0,1,0,0,1,0,0,0,1,0
CLI-004391,1939.0,15,6,1,16.7,1,0.1,1,5,24,7,31.5,2,0,67.56,0.05,0,0.12,0,0,0,1,0,0,0,0,1,0,0,0,0,0,0,0,0,0,0,1,0,1,0,0,1,0,0,0,0,1,0,0,0,1,0,0,0,1,0,0,1,0,0,0,0,0,1
CLI-001002,8830.0,1,61,41,67.2,29,22.6,5,0,1,0,12.1,5,0,673.01,0.03,0,0.62,0,1,0,0,0,0,0,0,0,0,0,1,0,0,1,0,0,0,0,0,0,0,1,0,1,0,0,0,0,0,0,1,0,0,0,1,0,0,1,0,0,0,0,1,1,0,0
CLI-002750,555.0,1,7,0,0.0,0,0.0,0,0,30,3,13.9,2,3,75.22,1.0,1,0.0,0,0,0,1,0,0,0,0,0,1,0,0,0,0,0,0,0,0,0,1,1,0,0,0,1,0,0,0,0,1,0,0,0,0,1,0,0,1,0,0,1,0,0,0,1,0,0
CLI-003744,39624.0,15,48,34,70.8,36,15.4,4,6,1,5,12.4,3,0,1380.64,0.0,0,0.25,1,0,0,0,0,0,0,1,0,0,0,0,0,0,0,0,0,1,0,0,0,1,0,0,0,1,0,0,0,1,0,0,0,1,0,0,0,0,0,1,0,0,0,1,0,0,1
CLI-001139,300.0,15,1,1,100.0,12,5.6,4,2,0,1,16.1,3,0,17.95,0.0,0,0.25,0,0,0,0,0,1,0,0,0,0,0,0,0,1,1,0,0,0,0,0,1,0,0,0,0,1,0,0,0,1,0,0,0,0,0,1,0,0,0,1,1,0,0,0,0,0,1
CLI-002877,260344.0,28,398,212,53.3,14,8.6,5,6,1,4,18.1,2,0,9950.0,0.0,0,0.31,0,0,1,0,0,0,0,0,0,1,0,0,0,0,1,0,0,0,0,0,0,0,0,1,0,1,0,0,0,0,0,0,1,0,0,1,0,1,0,0,0,0,0,1,0,0,1
CLI-003895,4725.0,1,31,13,41.9,13,5.2,3,0,3,3,10.65,3,1,720.31,0.1,0,0.19,0,0,0,1,0,0,0,1,0,0,0,0,0,0,1,0,0,0,0,0,0,1,0,0,0,1,0,0,0,0,0,0,1,0,0,1,0,1,0,0,0,0,0,1,1,0,0
CLI-001827,56288.0,21,47,22,46.8,21,11.8,13,2,2,6,10.1,2,0,2288.12,0.0,0,0.5,0,1,0,0,0,0,0,0,0,0,0,1,0,0,1,0,0,0,0,0,0,1,0,0,0,0,1,0,1,0,0,0,0,1,0,0,0,1,0,0,0,0,0,1,0,0,1
CLI-002200,204564.0,6,242,51,21.1,7,3.6,17,1,1,2,6.5,2,0,16631.2,0.01,0,0.42,0,1,0,0,0,0,0,1,0,0,0,0,0,0,1,0,0,0,0,0,0,0,0,1,0,0,0,1,0,1,0,0,0,0,1,0,0,0,1,0,0,0,0,1,0,1,0
CLI-004298,272949.0,25,107,38,35.5,17,11.2,15,4,1,0,7.5,3,0,9790.13,0.0,0,0.38,0,1,0,0,0,0,0,0,1,0,0,0,0,0,0,1,0,0,0,0,0,0,1,0,0,0,0,1,0,0,0,0,1,0,1,0,0,1,0,0,0,0,0,1,0,0,1
CLI-000704,1484.0,1,6,0,0.0,0,0.0,0,0,30,7,14.1,3,0,120.66,1.0,1,0.0,0,0,1,0,0,0,0,0,0,0,1,0,0,0,0,0,1,0,0,0,1,0,0,0,0,1,0,0,0,0,0,0,1,0,1,0,0,0,1,0,1,0,0,0,1,0,0
CLI-000537,4684.0,18,9,6,66.7,33,1.8,5,3,2,1,7.9,3,0,204.0,0.0,0,0.31,1,0,0,0,0,0,0,0,0,0,0,0,0,1,1,0,0,0,0,0,1,0,0,0,0,1,0,0,0,0,0,1,0,0,1,0,0,1,0,0,0,1,0,0,0,0,1
CLI-001240,46409.0,19,200,0,0.0,0,0.0,0,0,54,2,17.4,1,0,4353.57,0.09,1,0.0,0,0,1,0,0,0,0,0,0,0,0,1,0,0,0,0,0,1,0,0,0,0,1,0,0,1,0,0,0,0,0,1,0,0,0,1,0,1,0,0,0,0,0,1,0,0,1
CLI-003074,16702.0,19,10,3,30.0,1,0.5,12,4,9,1,5.3,3,0,442.78,0.02,0,0.46,1,0,0,0,0,0,0,0,0,0,0,1,0,0,1,0,0,0,0,0,1,0,0,0,0,0,1,0,0,0,0,1,0,0,0,0,1,0,0,1,0,1,0,0,0,0,1
CLI-000675,289883.0,14,201,153,76.1,54,31.1,19,2,2,0,0.5,4,0,15370.25,0.0,0,0.48,0,0,0,0,0,0,1,0,1,0,0,0,0,0,0,1,0,0,0,0,0,0,1,0,0,0,0,1,0,0,0,1,0,0,0,0,1,1,0,0,0,0,0,1,0,0,1
CLI-000589,10325.0,2,10,8,80.0,33,14.9,12,1,3,1,5.6,3,2,503.67,0.05,0,0.46,0,0,0,0,0,0,1,0,0,0,0,1,0,0,1,0,0,0,0,0,1,0,0,0,0,0,1,0,0,0,0,1,0,0,0,0,1,0,0,1,0,0,0,1,1,0,0
CLI-000879,90987.0,19,40,13,32.5,17,5.1,21,6,1,2,4.5,4,0,3082.21,0.0,0,0.52,0,0,0,0,1,0,0,0,0,1,0,0,0,0,0,0,0,0,1,0,0,0,1,0,0,0,0,1,0,0,0,1,0,1,0,0,0,0,1,0,0,0,0,1,0,0,1
CLI-002440,40006.0,18,50,0,0.0,0,0.0,0,0,92,1,5.9,4,0,2439.4,0.17,1,0.0,0,1,0,0,0,0,0,0,0,0,0,0,0,1,0,0,0,0,1,0,0,1,0,0,0,0,1,0,0,0,0,1,0,0,0,1,0,0,0,1,0,0,0,1,0,0,1
CLI-002952,10951.0,12,25,13,52.0,21,9.7,9,3,1,0,13.6,4,0,635.96,0.0,0,0.56,0,0,0,1,0,0,0,0,0,0,0,0,0,1,1,0,0,0,0,0,0,1,0,0,0,1,0,0,0,0,1,0,0,0,0,1,0,0,0,1,0,0,0,1,0,1,0
CLI-004767,3024.0,21,8,5,62.5,1,0.1,4,2,20,1,16.9,4,0,105.36,0.03,0,0.5,0,0,1,0,0,0,0,0,1,0,0,0,0,0,1,0,0,0,0,0,1,0,0,0,1,0,0,0,1,0,0,0,0,1,0,0,0,1,0,0,0,1,0,0,0,0,1
CLI-001459,526307.0,1,647,365,56.4,18,4.4,19,0,3,1,10.65,4,5,32091.86,0.1,0,0.48,0,0,0,0,1,0,0,0,1,0,0,0,0,0,1,0,0,0,0,0,0,0,0,1,0,0,0,1,1,0,0,0,0,1,0,0,0,0,1,0,0,0,0,1,1,0,0
CLI-002296,15888.0,18,43,0,0.0,0,0.0,0,0,115,1,10.65,3,0,842.43,0.21,1,0.0,0,1,0,0,0,0,0,0,0,0,0,1,0,0,1,0,0,0,0,0,0,1,0,0,0,1,0,0,0,0,0,1,0,0,0,1,0,0,0,1,0,0,0,1,0,0,1
CLI-004263,1927.0,1,11,8,72.7,72,24.7,8,1,3,3,17.0,3,0,261.13,0.1,0,0.5,0,0,1,0,0,0,0,1,0,0,0,0,0,0,1,0,0,0,0,0,1,0,0,0,0,1,0,0,0,0,0,1,0,1,0,0,0,0,1,0,0,1,0,0,1,0,0
CLI-001433,2000000.0,21,845,779,92.2,93,90.2,29,5,2,5,3.7,2,0,89402.85,0.0,0,0.72,0,1,0,0,0,0,0,0,0,0,1,0,0,0,1,0,0,0,0,0,0,0,0,1,0,0,0,1,0,0,0,1,0,0,0,1,0,1,0,0,1,0,0,0,0,0,1
CLI-003538,57016.0,19,43,27,62.8,33,24.6,6,5,1,0,2.3,5,0,1139.87,0.0,0,0.38,0,0,0,0,1,0,0,0,1,0,0,0,0,0,1,0,0,0,0,0,0,0,1,0,0,1,0,0,0,0,0,0,1,0,0,1,0,0,1,0,0,0,0,1,0,0,1
CLI-003072,283645.0,8,468,100,21.4,7,4.1,5,2,2,2,20.7,1,2,11530.27,0.01,0,0.31,0,1,0,0,0,0,0,0,0,0,0,1,0,0,1,0,0,0,0,0,0,0,0,1,0,1,0,0,0,1,0,0,0,1,0,0,0,0,1,0,0,0,0,1,0,1,0
CLI-003485,24731.0,6,25,5,20.0,5,1.8,3,1,11,0,10.65,5,1,558.52,0.06,0,0.19,0,1,0,0,0,0,0,0,1,0,0,0,0,0,1,0,0,0,0,0,0,1,0,0,0,1,0,0,0,0,1,0,0,0,0,1,0,0,1,0,1,0,0,0,0,1,0
CLI-000168,4551.0,13,9,2,22.2,1,0.4,11,2,4,3,9.4,4,0,426.89,0.01,0,0.42,1,0,0,0,0,0,0,0,0,0,0,0,1,0,1,0,0,0,0,0,0,1,0,0,0,0,1,0,0,0,1,0,0,0,1,0,0,0,0,1,0,0,0,1,0,0,1
CLI-004422,5566.0,9,56,18,32.1,17,6.3,4,2,1,1,11.6,4,0,754.24,0.0,0,0.5,0,0,0,0,0,1,0,1,0,0,0,0,0,0,0,0,0,1,0,0,0,1,0,0,1,0,0,0,0,1,0,0,0,1,0,0,0,0,1,0,0,0,0,1,0,1,0
CLI-004354,154088.0,18,158,41,25.9,4,0.9,9,2,17,6,7.4,3,0,8541.47,0.03,0,0.35,0,1,0,0,0,0,0,0,0,0,0,0,0,1,1,0,0,0,0,0,0,0,1,0,0,0,1,0,0,0,1,0,0,0,0,0,1,1,0,0,1,0,0,0,0,0,1
CLI-002608,599.0,12,11,5,45.5,1,0.7,3,4,30,5,27.9,3,0,121.7,0.08,1,0.38,1,0,0,0,0,0,0,0,0,0,0,0,1,0,1,0,0,0,0,0,1,0,0,0,1,0,0,0,0,0,0,1,0,0,1,0,0,0,1,0,0,1,0,0,0,1,0
CLI-000283,136430.0,14,166,10,6.0,1,0.1,2,3,1,6,7.1,2,0,6932.4,0.0,0,0.08,0,0,1,0,0,0,0,0,0,0,0,1,0,0,1,0,0,0,0,0,0,0,1,0,0,0,1,0,0,0,0,1,0,1,0,0,0,1,0,0,1,0,0,0,0,0,1
CLI-004542,228510.0,9,317,133,42.0,10,1.3,10,1,4,1,2.7,4,2,27867.02,0.01,0,0.25,0,1,0,0,0,0,0,0,0,1,0,0,0,0,1,0,0,0,0,0,0,0,0,1,0,0,0,1,0,1,0,0,0,0,0,1,0,1,0,0,0,0,0,1,0,1,0
CLI-004614,21329.0,1,105,54,51.4,25,14.8,9,1,0,5,10.65,3,6,4335.25,0.0,0,0.35,0,0,0,0,1,0,0,1,0,0,0,0,0,0,0,0,0,0,0,1,0,0,1,0,0,0,1,0,0,0,1,0,0,1,0,0,0,0,0,1,0,0,0,1,1,0,0
CLI-000986,563.0,7,3,2,66.7,19,1.8,8,0,3,4,13.8,3,1,76.28,0.01,0,0.5,0,0,0,0,0,0,1,0,0,1,0,0,0,0,1,0,0,0,0,0,1,0,0,0,0,1,0,0,0,1,0,0,0,1,0,0,0,0,1,0,0,0,0,1,0,1,0
CLI-001128,12766.0,6,34,15,44.1,25,1.2,6,1,3,4,20.5,3,1,973.05,0.02,0,0.38,0,0,1,0,0,0,0,0,1,0,0,0,0,0,1,0,0,0,0,0,0,1,0,0,0,1,0,0,1,0,0,0,0,0,1,0,0,0,0,1,0,0,0,1,0,1,0
CLI-004599,1010.0,14,2,1,50.0,37,24.1,4,3,0,0,25.0,4,0,26.78,0.0,0,0.5,0,0,0,0,1,0,0,0,0,1,0,0,0,0,1,0,0,0,0,0,1,0,0,0,1,0,0,0,0,0,0,1,0,1,0,0,0,0,0,1,0,0,0,1,0,0,1
CLI-004948,300.0,1,2,1,50.0,18,4.5,4,0,0,0,25.1,3,4,20.74,0.0,0,0.5,0,0,0,0,0,0,1,1,0,0,0,0,0,0,0,0,0,1,0,0,1,0,0,0,1,0,0,0,1,0,0,0,0,0,0,0,1,1,0,0,0,1,0,0,1,0,0
CLI-003893,7101.0,12,25,12,50.0,26,10.4,4,4,1,2,26.3,3,0,320.71,0.0,0,0.5,0,0,0,0,0,0,1,0,1,0,0,0,0,0,1,0,0,0,0,0,0,1,0,0,1,0,0,0,1,0,0,0,0,1,0,0,0,1,0,0,0,0,0,1,0,1,0
CLI-001467,34024.0,8,25,5,20.0,1,0.2,12,5,4,0,3.5,5,1,1975.85,0.02,0,0.3,0,0,0,0,0,1,0,1,0,0,0,0,0,0,1,0,0,0,0,0,0,1,0,0,0,0,0,1,1,0,0,0,0,0,1,0,0,0,0,1,0,0,0,1,0,1,0
CLI-000328,78138.0,10,55,24,43.6,29,10.7,15,5,4,0,4.3,3,1,4764.53,0.01,0,0.38,0,0,0,0,0,0,1,0,1,0,0,0,0,0,0,0,1,0,0,0,0,0,1,0,0,0,0,1,0,0,1,0,0,0,1,0,0,0,1,0,0,0,0,1,0,1,0
CLI-001267,27657.0,12,51,34,66.7,71,60.5,10,3,1,1,12.5,4,0,1405.36,0.0,0,0.62,0,0,1,0,0,0,0,0,0,0,0,0,1,0,1,0,0,0,0,0,0,1,0,0,0,1,0,0,0,0,1,0,0,0,0,0,1,1,0,0,0,0,0,1,0,1,0
CLI-001018,1178.0,16,5,3,60.0,9,5.5,4,3,0,0,16.7,3,0,59.87,0.0,0,0.5,0,0,0,0,1,0,0,0,0,0,1,0,0,0,0,1,0,0,0,0,1,0,0,0,1,0,0,0,0,1,0,0,0,1,0,0,0,1,0,0,0,0,0,1,0,0,1
CLI-001511,39011.0,19,30,20,66.7,16,6.5,4,5,1,6,12.3,4,0,767.33,0.0,0,0.25,1,0,0,0,0,0,0,0,0,1,0,0,0,0,0,0,0,1,0,0,0,1,0,0,0,1,0,0,0,0,0,1,0,0,1,0,0,1,0,0,0,0,0,1,0,0,1
CLI-004026,21762.0,17,49,42,85.7,32,21.4,6,4,0,1,10.65,5,0,1263.77,0.0,0,0.38,1,0,0,0,0,0,0,1,0,0,0,0,0,0,0,0,0,1,0,0,0,1,0,0,0,1,0,0,0,0,0,0,1,0,1,0,0,1,0,0,0,0,0,1,0,0,1
CLI-000813,614.0,1,11,1,9.1,1,0.1,0,0,2,3,25.9,3,3,93.65,0.07,0,0.0,0,0,0,0,0,1,0,0,0,0,0,0,0,1,0,1,0,0,0,0,1,0,0,0,1,0,0,0,1,0,0,0,0,1,0,0,0,0,1,0,0,0,0,1,1,0,0
CLI-003956,264084.0,11,214,0,0.0,0,0.0,0,0,72,2,6.6,3,0,10388.83,0.22,1,0.0,0,0,0,0,0,1,0,0,0,1,0,0,0,0,1,0,0,0,0,0,0,0,1,0,0,0,1,0,0,0,0,0,1,0,0,1,0,1,0,0,0,0,0,1,0,1,0
CLI-003768,959432.0,11,814,422,51.8,36,26.2,10,3,1,1,7.6,4,0,29250.97,0.0,0,0.38,1,0,0,0,0,0,0,0,0,0,1,0,0,0,0,0,0,0,0,1,0,0,0,1,0,0,1,0,1,0,0,0,0,0,0,0,1,0,0,1,0,0,0,1,0,1,0
CLI-002177,175236.0,1,199,94,47.2,19,5.7,4,0,2,0,6.6,5,3,5212.24,0.07,0,0.25,0,0,1,0,0,0,0,0,1,0,0,0,0,0,1,0,0,0,0,0,0,0,1,0,0,1,0,0,0,0,0,1,0,1,0,0,0,0,1,0,0,0,0,1,1,0,0
CLI-001011,194968.0,6,654,362,55.4,30,16.8,13,1,1,0,3.6,3,0,29720.7,0.01,0,0.5,0,1,0,0,0,0,0,0,0,0,1,0,0,0,0,0,0,0,0,1,0,0,0,1,0,0,1,0,0,0,0,0,1,0,1,0,0,1,0,0,0,1,0,0,0,1,0
CLI-001243,19803.0,13,37,10,27.0,1,0.7,17,4,30,1,0.5,3,0,2195.4,0.08,1,0.42,0,0,0,0,0,1,0,0,0,0,0,0,1,0,1,0,0,0,0,0,0,1,0,0,0,0,0,1,0,1,0,0,0,0,1,0,0,0,0,1,0,1,0,0,0,0,1
CLI-000598,1013.0,10,7,5,71.4,48,20.5,2,0,1,7,42.3,2,0,88.2,0.0,0,0.25,0,0,0,0,0,1,0,0,0,1,0,0,0,0,0,0,0,0,0,1,1,0,0,0,1,0,0,0,0,0,1,0,0,0,0,0,1,0,1,0,0,0,0,1,0,1,0
CLI-004066,325912.0,23,130,56,43.1,4,0.2,16,1,1,0,2.5,4,0,9693.99,0.0,0,0.4,0,0,0,0,0,1,0,0,0,1,0,0,0,0,1,0,0,0,0,0,0,0,1,0,0,0,0,1,1,0,0,0,0,0,1,0,0,1,0,0,0,0,0,1,0,0,1
CLI-002038,223494.0,11,164,70,42.7,25,23.4,6,1,0,7,6.2,4,0,8259.22,0.0,0,0.23,0,0,0,0,1,0,0,0,0,0,1,0,0,0,1,0,0,0,0,0,0,0,1,0,0,0,1,0,0,0,0,1,0,0,0,1,0,1,0,0,1,0,0,0,0,1,0
CLI-000526,1035.0,5,2,1,50.0,21,3.7,4,3,1,0,8.3,5,0,26.3,0.01,0,0.5,0,1,0,0,0,0,0,0,0,1,0,0,0,0,1,0,0,0,0,0,1,0,0,0,1,0,0,0,0,1,0,0,0,0,0,1,0,0,0,1,0,0,0,1,0,1,0
CLI-004723,1833.0,10,15,13,86.7,57,42.4,3,1,8,1,26.4,3,0,186.25,0.03,0,0.38,0,0,1,0,0,0,0,1,0,0,0,0,0,0,1,0,0,0,0,0,0,1,0,0,1,0,0,0,0,0,0,1,0,0,0,0,1,1,0,0,0,1,0,0,0,1,0
CLI-001080,2781.0,12,7,5,71.4,25,1.3,7,2,3,4,20.4,1,0,169.55,0.01,0,0.44,0,0,0,0,1,0,0,0,0,1,0,0,0,0,1,0,0,0,0,0,1,0,0,0,0,1,0,0,1,0,0,0,0,0,0,0,1,0,0,1,1,0,0,0,0,1,0
CLI-001609,3534.0,5,43,25,58.1,14,3.9,3,0,1,0,6.9,5,1,538.66,0.01,0,0.38,1,0,0,0,0,0,0,0,1,0,0,0,0,0,1,0,0,0,0,0,0,1,0,0,1,0,0,0,1,0,0,0,0,0,0,1,0,1,0,0,0,1,0,0,0,1,0
CLI-002095,300.0,10,5,1,20.0,1,0.2,1,4,10,4,14.9,3,1,75.0,0.03,0,0.06,0,0,0,0,1,0,0,0,1,0,0,0,0,0,1,0,0,0,0,0,1,0,0,0,0,1,0,0,0,1,0,0,0,0,0,1,0,1,0,0,1,0,0,0,0,1,0
CLI-001160,3402.0,26,3,1,33.3,1,0.1,1,7,19,1,10.65,4,0,34.57,0.02,0,0.12,0,0,0,0,0,0,1,0,0,1,0,0,0,0,1,0,0,0,0,0,1,0,0,0,1,0,0,0,1,0,0,0,0,0,1,0,0,1,0,0,0,0,0,1,0,0,1
CLI-000866,767.0,8,7,1,14.3,1,0.4,2,1,30,3,18.7,2,1,155.96,0.12,1,0.12,0,0,0,0,1,0,0,0,0,0,0,0,1,0,0,0,0,0,1,0,1,0,0,0,0,1,0,0,0,0,0,0,1,0,0,1,0,0,1,0,1,0,0,0,0,1,0
CLI-003933,80771.0,11,54,17,31.5,11,2.3,11,3,6,2,10.2,2,0,2736.14,0.02,0,0.42,0,0,0,0,1,0,0,0,0,0,0,0,0,1,1,0,0,0,0,0,0,0,1,0,0,0,1,0,0,0,0,1,0,0,1,0,0,0,1,0,1,0,0,0,0,1,0
CLI-003636,1505.0,17,10,3,30.0,4,0.2,4,5,4,0,5.6,3,0,203.87,0.01,0,0.25,1,0,0,0,0,0,0,0,0,1,0,0,0,0,0,0,0,1,0,0,1,0,0,0,0,1,0,0,1,0,0,0,0,0,1,0,0,1,0,0,0,1,0,0,0,0,1
CLI-001274,38103.0,10,130,59,45.4,27,10.4,5,1,2,0,4.7,3,1,5808.44,0.01,0,0.19,0,0,0,0,1,0,0,0,0,1,0,0,0,0,0,0,1,0,0,0,0,0,1,0,0,0,1,0,0,0,0,0,1,1,0,0,0,0,1,0,0,1,0,0,0,1,0
CLI-002066,1202.0,5,5,3,60.0,20,9.9,1,2,0,0,18.3,5,0,66.62,0.0,0,0.12,1,0,0,0,0,0,0,0,0,1,0,0,0,0,0,0,0,1,0,0,1,0,0,0,1,0,0,0,1,0,0,0,0,0,0,0,1,0,0,1,0,0,0,1,0,1,0
CLI-004684,8062.0,1,37,17,45.9,1,0.2,0,0,30,2,13.5,3,3,819.35,1.0,1,0.0,1,0,0,0,0,0,0,1,0,0,0,0,0,0,1,0,0,0,0,0,0,1,0,0,0,1,0,0,0,0,0,0,1,1,0,0,0,0,0,1,0,0,0,1,1,0,0
CLI-001090,19093.0,13,32,17,53.1,33,13.6,8,4,2,5,15.5,1,0,862.37,0.01,0,0.5,0,1,0,0,0,0,0,0,0,0,0,0,0,1,1,0,0,0,0,0,0,1,0,0,0,1,0,0,0,0,0,1,0,0,1,0,0,0,0,1,0,0,0,1,0,0,1
CLI-004525,46431.0,1,32,22,68.8,21,14.0,11,0,0,0,9.6,5,2,1530.35,0.0,0,0.42,1,0,0,0,0,0,0,0,0,0,0,1,0,0,1,0,0,0,0,0,0,1,0,0,0,0,1,0,1,0,0,0,0,0,0,1,0,0,0,1,0,1,0,0,1,0,0
CLI-003643,8514.0,1,42,16,38.1,1,0.5,1,0,14,0,19.2,4,0,546.46,0.47,0,0.12,0,0,0,0,0,0,1,0,0,1,0,0,0,0,1,0,0,0,0,0,0,1,0,0,1,0,0,0,0,1,0,0,0,0,0,0,1,0,1,0,0,0,0,1,1,0,0
CLI-000077,54113.0,11,45,5,11.1,1,5.7,1,2,30,6,18.5,2,0,1137.79,0.09,1,0.06,0,0,0,1,0,0,0,0,0,0,0,0,0,1,1,0,0,0,0,0,0,1,0,0,0,1,0,0,0,0,1,0,0,1,0,0,0,1,0,0,0,0,0,1,0,1,0
CLI-001168,554.0,2,4,2,50.0,27,7.7,6,0,0,8,19.8,1,5,84.45,0.0,0,0.38,0,0,0,0,0,0,1,1,0,0,0,0,0,0,1,0,0,0,0,0,1,0,0,0,0,1,0,0,0,0,1,0,0,0,0,1,0,1,0,0,1,0,0,0,1,0,0
CLI-001599,7099.0,12,8,4,50.0,27,8.2,8,2,1,1,3.7,4,0,320.63,0.0,0,0.31,0,1,0,0,0,0,0,1,0,0,0,0,0,0,1,0,0,0,0,0,1,0,0,0,0,0,1,0,0,0,0,1,0,0,1,0,0,0,1,0,0,1,0,0,0,1,0
CLI-003912,300.0,2,1,1,100.0,22,12.3,4,0,0,1,11.4,3,1,17.5,0.0,0,0.25,0,0,0,1,0,0,0,0,0,1,0,0,0,0,0,0,0,0,1,0,1,0,0,0,0,1,0,0,1,0,0,0,0,0,0,0,1,1,0,0,0,0,0,1,1,0,0
CLI-000792,1894.0,17,8,4,50.0,21,10.6,6,6,4,2,11.6,2,0,192.5,0.01,0,0.38,0,0,0,0,0,1,0,0,0,0,1,0,0,0,0,0,1,0,0,0,1,0,0,0,0,1,0,0,0,0,0,0,1,0,1,0,0,0,1,0,0,0,0,1,0,0,1
CLI-002117,1155.0,5,1,1,100.0,51,22.4,4,2,1,3,23.2,3,3,11.74,0.01,0,0.5,0,0,0,0,1,0,0,0,0,1,0,0,0,0,0,0,0,1,0,0,1,0,0,0,1,0,0,0,1,0,0,0,0,0,0,1,0,0,0,1,0,0,0,1,0,1,0
CLI-003486,3876.0,7,12,5,41.7,6,2.6,4,2,2,3,15.8,4,3,248.78,0.01,0,0.25,0,0,0,0,0,0,1,0,0,1,0,0,0,0,0,1,0,0,0,0,0,1,0,0,0,1,0,0,0,0,1,0,0,0,0,0,1,0,0,1,0,0,0,1,0,1,0
CLI-001327,2415.0,1,9,7,77.8,45,15.9,2,0,0,5,26.8,4,0,109.08,0.0,0,0.25,0,0,0,1,0,0,0,0,0,0,0,0,0,1,0,0,0,1,0,0,1,0,0,0,1,0,0,0,0,1,0,0,0,0,0,1,0,1,0,0,0,1,0,0,1,0,0
CLI-003746,9045.0,19,8,5,62.5,32,13.4,1,5,2,1,23.4,3,0,108.14,0.0,0,0.12,0,0,0,0,0,0,1,0,0,0,0,1,0,0,1,0,0,0,0,0,1,0,0,0,1,0,0,0,0,1,0,0,0,0,1,0,0,0,1,0,0,0,0,1,0,0,1
CLI-001479,2024.0,19,10,4,40.0,12,4.8,3,5,2,4,33.7,3,0,112.22,0.0,0,0.38,0,0,0,0,0,0,1,0,0,0,1,0,0,0,0,0,0,0,1,0,1,0,0,0,1,0,0,0,0,0,1,0,0,0,0,1,0,1,0,0,0,0,0,1,0,0,1
CLI-002530,110253.0,16,56,47,83.9,76,25.9,17,6,1,0,10.65,5,0,2585.66,0.0,0,0.65,0,0,0,0,0,0,1,0,0,0,1,0,0,0,1,0,0,0,0,0,0,1,0,0,0,0,1,0,1,0,0,0,0,1,0,0,0,0,0,1,0,0,0,1,0,0,1
CLI-001751,21322.0,14,47,41,87.2,51,33.8,11,3,1,1,10.65,4,0,1083.45,0.0,0,0.69,0,0,0,1,0,0,0,1,0,0,0,0,0,0,0,0,0,1,0,0,0,1,0,0,0,1,0,0,0,0,0,1,0,1,0,0,0,0,1,0,0,0,0,1,0,0,1
CLI-002751,9059.0,7,23,14,60.9,23,13.7,13,3,1,2,5.9,4,1,1004.3,0.0,0,0.5,0,1,0,0,0,0,0,0,0,1,0,0,0,0,1,0,0,0,0,0,0,1,0,0,0,0,1,0,0,1,0,0,0,0,1,0,0,1,0,0,0,0,0,1,0,1,0
CLI-001941,2345.0,20,7,5,71.4,32,14.3,10,3,0,4,17.6,4,0,178.71,0.0,0,0.62,0,0,0,0,1,0,0,1,0,0,0,0,0,0,0,0,0,0,0,1,0,1,0,0,0,1,0,0,1,0,0,0,0,0,0,1,0,0,1,0,0,0,0,1,0,0,1
CLI-003339,1605.0,13,6,4,66.7,38,19.4,5,2,0,0,16.2,4,0,72.5,0.0,0,0.62,0,1,0,0,0,0,0,0,1,0,0,0,0,0,0,0,0,1,0,0,1,0,0,0,1,0,0,0,1,0,0,0,0,0,0,0,1,0,0,1,0,0,0,1,0,0,1
CLI-003914,385339.0,1,689,296,43.0,20,8.5,2,0,1,1,4.3,3,2,24732.91,0.03,0,0.08,1,0,0,0,0,0,0,0,0,0,0,1,0,0,1,0,0,0,0,0,0,0,0,1,0,0,1,0,0,1,0,0,0,0,0,0,1,0,1,0,0,0,0,1,1,0,0
CLI-003677,163373.0,1,120,75,62.5,37,26.6,24,0,0,2,2.6,4,2,9056.13,0.0,0,0.6,1,0,0,0,0,0,0,0,0,1,0,0,0,0,1,0,0,0,0,0,0,0,1,0,0,0,0,1,0,0,0,0,1,0,0,1,0,0,1,0,0,0,0,1,1,0,0
CLI-004132,12194.0,14,47,24,51.1,38,16.9,9,5,2,1,18.5,2,0,1351.94,0.0,0,0.56,0,0,0,0,1,0,0,0,0,0,0,0,0,1,1,0,0,0,0,0,0,1,0,0,0,1,0,0,0,0,0,1,0,1,0,0,0,0,0,1,0,0,0,1,0,0,1
CLI-000463,805.0,16,3,3,100.0,89,24.4,4,4,0,0,23.3,4,0,39.27,0.0,0,0.5,1,0,0,0,0,0,0,1,0,0,0,0,0,0,1,0,0,0,0,0,1,0,0,0,1,0,0,0,0,0,1,0,0,0,1,0,0,0,0,1,0,0,1,0,0,0,1
CLI-004668,2200.0,16,41,13,31.7,1,0.1,1,2,15,0,12.4,5,0,383.21,0.03,0,0.12,1,0,0,0,0,0,0,1,0,0,0,0,0,0,1,0,0,0,0,0,0,1,0,0,1,0,0,0,1,0,0,0,0,0,0,0,1,1,0,0,0,0,0,1,0,0,1
CLI-001734,54577.0,17,48,24,50.0,22,1.1,3,2,0,3,14.1,2,0,1331.15,0.0,0,0.19,0,0,0,1,0,0,0,0,0,0,0,0,0,1,1,0,0,0,0,0,0,1,0,0,0,1,0,0,0,0,0,0,1,0,0,1,0,0,0,1,1,0,0,0,0,0,1
CLI-003192,274066.0,16,433,311,71.8,64,12.0,11,2,0,0,5.3,5,1,19660.42,0.0,0,0.42,0,0,0,0,0,1,0,0,0,0,0,0,1,0,0,1,0,0,0,0,0,0,0,1,0,0,1,0,0,0,0,1,0,1,0,0,0,0,1,0,0,1,0,0,0,0,1
CLI-000960,8163.0,2,52,0,0.0,0,0.0,0,0,60,2,10.5,3,1,1106.1,1.0,1,0.0,1,0,0,0,0,0,0,0,0,0,0,0,1,0,1,0,0,0,0,0,0,1,0,0,0,1,0,0,0,0,0,1,0,0,0,0,1,1,0,0,0,0,0,1,1,0,0
CLI-002152,109139.0,11,142,44,31.0,9,2.0,9,0,1,0,5.4,4,0,6337.93,0.0,0,0.35,0,0,0,0,1,0,0,1,0,0,0,0,0,0,0,1,0,0,0,0,0,0,1,0,0,0,1,0,0,0,0,1,0,1,0,0,0,1,0,0,0,1,0,0,0,1,0
CLI-001582,57101.0,16,84,74,88.1,97,85.0,24,1,1,4,2.1,3,0,6963.51,0.0,0,0.6,0,0,1,0,0,0,0,0,1,0,0,0,0,0,0,0,1,0,0,0,0,0,1,0,0,0,0,1,0,0,0,1,0,0,0,0,1,0,0,1,0,0,0,1,0,0,1
CLI-004109,5757.0,27,11,5,45.5,19,8.2,2,10,1,0,14.6,3,0,143.28,0.0,0,0.25,0,1,0,0,0,0,0,1,0,0,0,0,0,0,1,0,0,0,0,0,1,0,0,0,1,0,0,0,0,1,0,0,0,1,0,0,0,0,1,0,0,0,0,1,0,0,1
CLI-000245,549956.0,2,860,83,9.7,1,5.7,6,1,2,4,5.2,2,0,29159.91,0.03,0,0.23,0,0,0,0,1,0,0,0,0,0,0,0,0,1,0,0,0,1,0,0,0,0,0,1,0,0,1,0,0,0,0,0,1,0,0,1,0,1,0,0,0,0,0,1,1,0,0
CLI-002473,648.0,11,2,1,50.0,7,2.6,3,2,3,3,10.65,4,0,23.94,0.01,0,0.38,1,0,0,0,0,0,0,0,1,0,0,0,0,0,0,0,0,0,0,1,1,0,0,0,1,0,0,0,0,0,0,1,0,0,0,1,0,1,0,0,0,1,0,0,0,1,0
CLI-004226,579527.0,14,339,317,93.5,135,5.7,23,1,0,4,6.2,4,0,19631.69,0.0,0,0.88,0,0,0,0,0,0,1,0,0,0,0,1,0,0,1,0,0,0,0,0,0,0,0,1,0,0,1,0,0,1,0,0,0,0,1,0,0,0,0,1,0,1,0,0,0,0,1
CLI-002457,30972.0,7,42,22,52.4,22,5.7,4,0,3,5,11.9,4,1,1180.34,0.01,0,0.25,0,0,1,0,0,0,0,1,0,0,0,0,0,0,0,0,0,0,0,1,0,1,0,0,0,1,0,0,0,1,0,0,0,1,0,0,0,0,0,1,0,1,0,0,0,1,0
CLI-003489,90783.0,18,425,77,18.1,1,0.2,6,0,1,1,2.6,5,0,27677.65,0.0,0,0.15,0,0,0,0,0,1,0,1,0,0,0,0,0,0,0,0,0,1,0,0,0,0,0,1,0,0,0,1,0,0,1,0,0,0,1,0,0,0,1,0,1,0,0,0,0,0,1
CLI-003121,25235.0,13,51,40,78.4,111,72.3,11,1,2,3,18.1,2,1,1398.82,0.01,0,0.69,1,0,0,0,0,0,0,0,0,0,0,0,0,1,1,0,0,0,0,0,0,1,0,0,0,1,0,0,0,0,1,0,0,1,0,0,0,0,1,0,0,0,0,1,0,0,1
CLI-001796,6800.0,13,29,8,27.6,7,5.1,11,2,3,3,9.7,3,0,1184.65,0.01,0,0.42,0,0,0,0,0,0,1,0,0,0,0,0,0,1,1,0,0,0,0,0,0,1,0,0,0,0,1,0,0,0,0,0,1,0,0,0,1,1,0,0,0,0,0,1,0,0,1
CLI-004250,5221.0,9,11,2,18.2,2,1.2,5,2,2,0,10.4,3,0,289.44,0.01,0,0.31,0,0,0,0,1,0,0,0,0,0,1,0,0,0,1,0,0,0,0,0,1,0,0,0,0,1,0,0,0,0,0,1,0,0,0,1,0,0,1,0,0,0,0,1,0,1,0
CLI-003145,17750.0,4,56,8,14.3,1,0.1,4,2,5,0,10.4,4,3,1202.55,0.04,0,0.25,0,0,0,0,0,1,0,1,0,0,0,0,0,0,1,0,0,0,0,0,0,1,0,0,0,1,0,0,0,0,0,0,1,0,0,0,1,1,0,0,0,0,0,1,0,1,0
CLI-003548,1902.0,1,10,3,30.0,4,2.0,3,0,26,2,11.1,3,3,257.77,0.87,0,0.19,0,0,0,0,0,1,0,0,0,0,0,0,0,1,1,0,0,0,0,0,0,1,0,0,0,1,0,0,0,0,0,0,1,0,0,1,0,1,0,0,0,1,0,0,1,0,0
CLI-004982,9224.0,15,10,4,40.0,9,2.0,16,0,4,13,8.9,1,0,865.25,0.01,0,0.4,0,0,0,0,1,0,0,0,0,1,0,0,0,0,0,0,0,0,1,0,1,0,0,0,0,0,0,1,0,0,1,0,0,0,0,0,1,1,0,0,0,0,0,1,0,0,1
CLI-003654,20709.0,21,45,14,31.1,3,0.5,9,4,10,3,12.8,3,0,1010.19,0.02,0,0.56,0,0,0,0,0,1,0,0,0,1,0,0,0,0,1,0,0,0,0,0,0,1,0,0,0,1,0,0,0,0,1,0,0,0,0,0,1,0,0,1,0,1,0,0,0,0,1
CLI-002436,127440.0,10,116,57,49.1,16,6.1,8,1,1,6,5.8,4,1,5756.1,0.0,0,0.31,0,0,0,1,0,0,0,0,0,0,0,1,0,0,0,0,0,0,0,1,0,0,1,0,0,0,1,0,1,0,0,0,0,1,0,0,0,0,1,0,0,0,0,1,0,1,0
CLI-001929,191484.0,2,149,28,18.8,1,0.1,5,0,5,2,7.3,2,3,9729.89,0.08,0,0.12,0,0,0,1,0,0,0,0,0,1,0,0,0,0,0,0,0,0,1,0,0,0,1,0,0,0,0,1,1,0,0,0,0,0,0,0,1,0,1,0,1,0,0,0,1,0,0
CLI-000110,14719.0,12,36,14,38.9,3,1.1,6,5,2,0,0.5,5,0,854.75,0.01,0,0.38,0,0,0,0,1,0,0,0,0,0,0,0,1,0,1,0,0,0,0,0,0,0,1,0,0,1,0,0,0,1,0,0,0,0,0,1,0,0,0,1,0,0,1,0,0,1,0
CLI-003125,628107.0,4,574,512,89.2,70,48.9,12,2,0,2,1.9,4,2,26413.26,0.0,0,0.46,0,1,0,0,0,0,0,0,0,1,0,0,0,0,0,0,0,0,0,1,0,0,0,1,0,0,1,0,0,0,0,0,1,1,0,0,0,0,1,0,0,0,0,1,0,1,0
CLI-000030,26832.0,15,95,70,73.7,42,27.9,2,4,1,5,22.0,5,0,1487.34,0.0,0,0.25,0,0,0,0,1,0,0,1,0,0,0,0,0,0,0,0,0,0,1,0,0,0,1,0,1,0,0,0,0,0,0,1,0,0,0,1,0,1,0,0,0,0,0,1,0,0,1
CLI-000102,12072.0,1,23,0,0.0,0,0.0,0,0,30,1,16.8,5,3,272.64,1.0,1,0.0,0,0,0,1,0,0,0,0,1,0,0,0,0,0,1,0,0,0,0,0,0,1,0,0,1,0,0,0,0,0,0,1,0,0,1,0,0,1,0,0,0,0,0,1,1,0,0
CLI-001725,18310.0,15,38,2,5.3,1,0.1,0,3,7,4,17.7,3,1,930.41,0.02,0,0.0,0,0,0,0,1,0,0,0,1,0,0,0,0,0,0,1,0,0,0,0,0,1,0,0,0,1,0,0,0,0,0,0,1,0,0,0,1,0,0,1,0,0,0,1,0,0,1
CLI-001196,75167.0,7,56,39,69.6,39,18.6,9,0,0,0,2.8,4,0,2696.08,0.0,0,0.35,0,0,0,0,1,0,0,0,0,0,1,0,0,0,1,0,0,0,0,0,0,1,0,0,0,0,1,0,1,0,0,0,0,0,0,0,1,0,0,1,0,1,0,0,0,1,0
CLI-001525,7319.0,10,22,19,86.4,58,28.3,9,2,0,3,15.1,3,0,637.57,0.0,0,0.56,0,0,0,0,1,0,0,0,0,0,0,1,0,0,1,0,0,0,0,0,0,1,0,0,0,1,0,0,1,0,0,0,0,0,0,0,1,0,1,0,0,0,0,1,0,1,0
CLI-002640,1285.0,10,10,7,70.0,40,5.7,2,2,1,3,29.9,4,1,104.48,0.0,0,0.25,0,0,1,0,0,0,0,0,0,1,0,0,0,0,0,1,0,0,0,0,1,0,0,0,1,0,0,0,0,0,1,0,0,1,0,0,0,0,1,0,0,1,0,0,0,1,0
CLI-004319,225500.0,16,54,20,37.0,20,7.5,15,6,3,1,3.3,5,0,5392.16,0.01,0,0.38,0,0,0,0,1,0,0,0,0,0,1,0,0,0,1,0,0,0,0,0,0,1,0,0,0,0,0,1,0,0,0,0,1,0,1,0,0,0,0,1,0,0,1,0,0,0,1
CLI-004433,1034832.0,6,430,0,0.0,0,0.0,0,0,45,0,10.65,4,1,36056.85,0.25,1,0.0,0,1,0,0,0,0,0,0,0,1,0,0,0,0,0,1,0,0,0,0,0,0,0,1,0,0,0,1,0,0,1,0,0,0,0,0,1,0,1,0,0,0,0,1,0,1,0
CLI-004632,2660.0,9,7,7,50.0,101,108.0,6,1,0,0,17.8,4,0,98.29,0.0,0,0.75,0,0,0,1,0,0,0,1,0,0,0,0,0,0,1,0,0,0,0,0,1,0,0,0,1,0,0,0,0,0,1,0,0,0,0,0,1,1,0,0,0,1,0,0,0,1,0
CLI-002918,13251.0,8,8,2,25.0,1,5.7,5,2,25,2,5.9,4,1,351.29,0.1,0,0.19,1,0,0,0,0,0,0,0,0,1,0,0,0,0,0,0,0,0,1,0,0,1,0,0,0,0,1,0,0,0,1,0,0,0,0,1,0,1,0,0,0,0,0,1,0,1,0
CLI-004371,21527.0,15,49,32,65.3,27,18.3,7,5,1,1,11.4,3,0,1093.84,0.0,0,0.44,0,0,0,0,0,1,0,0,1,0,0,0,0,0,0,0,0,1,0,0,0,1,0,0,0,1,0,0,0,1,0,0,0,0,0,0,1,0,1,0,0,0,0,1,0,0,1
CLI-004310,10251.0,1,41,37,50.0,80,41.1,12,0,0,2,9.0,4,2,1250.18,0.0,0,0.75,1,0,0,0,0,0,0,0,1,0,0,0,0,0,1,0,0,0,0,0,0,1,0,0,0,1,0,0,0,0,0,0,1,1,0,0,0,0,1,0,0,0,0,1,1,0,0
CLI-002086,3930.0,1,11,7,63.6,25,16.6,10,0,0,6,5.3,2,4,435.74,0.0,0,0.38,0,1,0,0,0,0,0,0,0,1,0,0,0,0,1,0,0,0,0,0,1,0,0,0,0,0,1,0,0,1,0,0,0,1,0,0,0,1,0,0,0,0,0,1,1,0,0
CLI-000578,18914.0,7,140,70,50.0,42,12.6,6,1,3,3,9.5,3,1,2883.24,0.01,0,0.38,0,0,0,0,1,0,0,0,0,0,0,1,0,0,0,0,0,0,1,0,0,0,1,0,0,1,0,0,0,0,0,0,1,0,0,1,0,0,0,1,0,0,0,1,0,1,0
CLI-000479,300.0,10,6,5,83.3,100,110.9,6,1,0,0,17.9,5,0,74.12,0.0,0,0.75,0,0,1,0,0,0,0,0,0,0,0,0,0,1,0,0,0,1,0,0,1,0,0,0,1,0,0,0,0,0,0,0,1,0,0,0,1,0,1,0,0,1,0,0,0,1,0
CLI-000973,139892.0,7,191,134,70.2,41,17.1,13,3,0,2,4.1,3,1,8978.92,0.0,0,0.5,0,0,0,0,0,0,1,1,0,0,0,0,0,0,1,0,0,0,0,0,0,0,1,0,0,0,1,0,0,1,0,0,0,0,0,1,0,0,0,1,0,0,0,1,0,1,0
CLI-003857,376873.0,8,653,476,72.9,45,24.0,8,2,1,5,5.7,3,3,30640.09,0.0,0,0.31,0,1,0,0,0,0,0,0,0,0,0,0,1,0,1,0,0,0,0,0,0,0,0,1,0,0,1,0,1,0,0,0,0,0,1,0,0,1,0,0,0,1,0,0,0,1,0
CLI-001709,23120.0,23,7,3,42.9,23,17.8,13,5,4,3,9.1,5,0,386.23,0.01,0,0.5,0,0,0,0,0,0,1,0,0,0,0,1,0,0,1,0,0,0,0,0,1,0,0,0,0,0,1,0,0,0,1,0,0,1,0,0,0,0,1,0,0,0,1,0,0,0,1
CLI-000536,237591.0,7,41,34,82.9,61,36.2,10,0,0,1,3.3,4,1,2414.54,0.0,0,0.38,0,0,0,0,1,0,0,0,0,1,0,0,0,0,0,0,0,0,0,1,0,1,0,0,0,0,1,0,0,0,0,1,0,0,0,0,1,0,1,0,0,0,0,1,0,1,0
CLI-003111,1021.0,30,11,3,27.3,1,0.4,3,2,0,8,35.3,3,0,103.81,0.0,0,0.38,0,0,0,0,1,0,0,0,0,0,0,1,0,0,1,0,0,0,0,0,1,0,0,0,1,0,0,0,0,1,0,0,0,0,1,0,0,0,0,1,1,0,0,0,0,0,1
CLI-000746,11169.0,5,9,6,66.7,56,42.2,8,1,0,5,13.2,3,1,277.97,0.0,0,0.5,0,0,1,0,0,0,0,0,0,0,0,0,0,1,1,0,0,0,0,0,0,1,0,0,0,1,0,0,1,0,0,0,0,0,0,1,0,1,0,0,0,1,0,0,0,1,0
CLI-001961,439829.0,6,78,37,47.4,24,8.2,14,0,1,2,2.3,2,0,6541.18,0.01,0,0.35,0,1,0,0,0,0,0,0,0,0,0,0,1,0,0,0,0,1,0,0,0,0,1,0,0,0,0,1,0,0,1,0,0,0,0,0,1,0,1,0,1,0,0,0,0,1,0
CLI-002799,124166.0,3,442,0,0.0,0,0.0,0,0,90,2,4.9,3,2,30284.5,1.0,1,0.0,0,0,0,1,0,0,0,0,1,0,0,0,0,0,1,0,0,0,0,0,0,0,0,1,0,0,0,1,1,0,0,0,0,0,0,0,1,0,1,0,0,0,0,1,1,0,0
CLI-003133,6054.0,6,7,6,85.7,77,42.7,12,2,3,0,9.4,5,2,184.56,0.02,0,0.75,0,0,0,0,0,0,1,0,0,0,0,0,0,1,1,0,0,0,0,0,0,1,0,0,0,1,0,0,0,0,0,0,1,1,0,0,0,1,0,0,0,0,0,1,0,1,0
CLI-000519,4406.0,1,51,7,13.7,1,0.2,4,2,0,0,5.6,5,4,1074.54,0.0,0,0.25,0,0,1,0,0,0,0,0,0,0,0,1,0,0,0,0,0,0,1,0,0,1,0,0,0,1,0,0,0,0,0,1,0,0,0,1,0,0,1,0,0,0,0,1,1,0,0
CLI-002282,14135.0,9,10,9,90.0,80,51.4,15,0,0,0,3.0,5,2,522.37,0.0,0,0.58,0,0,0,0,0,1,0,0,0,0,1,0,0,0,0,0,1,0,0,0,0,1,0,0,0,0,1,0,1,0,0,0,0,0,0,0,1,1,0,0,0,1,0,0,0,1,0
CLI-003411,19868.0,18,20,18,50.0,84,93.7,15,6,1,0,12.5,3,0,563.48,0.0,0,0.94,0,0,0,0,0,1,0,0,0,0,0,1,0,0,1,0,0,0,0,0,0,1,0,0,0,1,0,0,0,0,1,0,0,0,0,0,1,0,1,0,0,0,1,0,0,0,1
CLI-004189,19046.0,1,42,5,11.9,1,0.3,2,0,8,5,8.9,3,2,1548.44,0.27,0,0.08,0,0,0,0,0,1,0,0,0,0,0,1,0,0,1,0,0,0,0,0,0,1,0,0,0,0,1,0,0,0,0,1,0,1,0,0,0,0,0,1,0,0,0,1,1,0,0
CLI-002676,12025.0,3,10,4,40.0,12,7.1,11,0,1,2,8.4,3,1,473.07,0.01,0,0.42,0,0,0,1,0,0,0,1,0,0,0,0,0,0,1,0,0,0,0,0,0,1,0,0,0,0,1,0,0,0,0,1,0,0,0,0,1,0,1,0,0,0,0,1,1,0,0
CLI-000891,4306.0,1,12,9,75.0,91,46.0,19,0,0,2,5.5,4,3,477.35,0.0,0,0.73,0,0,0,0,1,0,0,0,0,0,0,1,0,0,1,0,0,0,0,0,0,1,0,0,0,0,1,0,1,0,0,0,0,0,0,1,0,1,0,0,0,1,0,0,1,0,0
CLI-000156,103540.0,10,172,14,8.1,1,0.1,3,2,18,5,10.65,1,1,6012.79,0.06,0,0.12,1,0,0,0,0,0,0,1,0,0,0,0,0,0,1,0,0,0,0,0,0,0,1,0,0,0,1,0,0,0,0,1,0,1,0,0,0,0,0,1,1,0,0,0,0,1,0
CLI-002378,1114.0,10,13,4,30.8,1,0.3,2,2,15,0,10.65,4,2,271.81,0.05,0,0.12,0,0,1,0,0,0,0,0,0,0,1,0,0,0,1,0,0,0,0,0,0,1,0,0,0,1,0,0,0,0,0,0,1,1,0,0,0,1,0,0,0,0,0,1,0,1,0
CLI-002357,14743.0,21,9,4,44.4,26,13.9,13,5,1,2,4.3,3,0,749.12,0.0,0,0.32,1,0,0,0,0,0,0,1,0,0,0,0,0,0,1,0,0,0,0,0,0,1,0,0,0,0,0,1,0,0,0,0,1,0,1,0,0,0,0,1,0,0,0,1,0,0,1
CLI-001955,30783.0,18,137,80,58.4,27,22.2,7,2,1,5,14.8,4,0,2887.72,0.0,0,0.44,0,1,0,0,0,0,0,0,1,0,0,0,0,0,0,0,1,0,0,0,0,0,1,0,0,1,0,0,0,0,1,0,0,0,0,1,0,0,0,1,0,0,0,1,0,0,1
CLI-000228,784565.0,10,766,306,39.9,1,0.1,17,1,3,0,5.4,5,1,63785.75,0.01,0,0.42,0,0,0,0,0,0,1,0,0,0,0,0,1,0,1,0,0,0,0,0,0,0,0,1,0,0,0,1,0,1,0,0,0,0,0,1,0,1,0,0,0,1,0,0,0,1,0
CLI-000300,67866.0,9,8,2,25.0,12,8.5,16,1,0,1,2.7,3,1,689.7,0.0,0,0.4,0,0,1,0,0,0,0,1,0,0,0,0,0,0,0,0,0,0,0,1,1,0,0,0,0,0,0,1,0,0,1,0,0,0,0,1,0,0,1,0,0,1,0,0,0,1,0
CLI-004955,37738.0,5,161,117,72.7,53,37.8,8,5,1,1,10.1,5,2,4183.85,0.01,0,0.5,1,0,0,0,0,0,0,0,0,0,0,0,0,1,0,0,1,0,0,0,0,0,1,0,0,1,0,0,1,0,0,0,0,0,1,0,0,0,0,1,0,0,1,0,0,1,0
CLI-004874,4830.0,16,7,2,50.0,14,4.0,9,6,2,1,4.9,5,0,310.0,0.0,0,0.35,0,0,0,0,0,0,1,0,0,1,0,0,0,0,0,1,0,0,0,0,0,1,0,0,0,0,1,0,0,0,0,0,1,0,1,0,0,0,1,0,0,0,0,1,0,0,1
CLI-001748,9595.0,8,80,9,11.2,1,0.1,2,0,19,8,38.1,3,0,960.0,0.08,0,0.25,1,0,0,0,0,0,0,0,0,0,0,1,0,0,0,0,1,0,0,0,0,0,1,0,1,0,0,0,0,0,1,0,0,0,0,0,1,0,1,0,0,0,0,1,0,1,0
CLI-002865,76093.0,6,88,81,92.0,66,54.2,11,0,1,1,18.0,2,1,2379.4,0.01,0,0.69,0,0,0,0,0,1,0,0,0,0,0,0,0,1,1,0,0,0,0,0,0,0,1,0,0,1,0,0,1,0,0,0,0,0,0,1,0,1,0,0,1,0,0,0,0,1,0
CLI-004701,30639.0,6,27,13,48.1,16,7.4,11,2,1,1,8.4,1,0,1205.32,0.01,0,0.42,0,0,0,0,0,0,1,0,1,0,0,0,0,0,1,0,0,0,0,0,0,1,0,0,0,0,1,0,0,0,0,0,1,0,1,0,0,0,1,0,0,0,0,1,0,1,0
CLI-002127,2904.0,19,3,2,66.7,10,3.2,4,5,4,2,10.8,4,0,75.34,0.01,0,0.25,0,0,0,0,0,1,0,0,0,1,0,0,0,0,0,0,0,1,0,0,1,0,0,0,0,1,0,0,0,0,0,1,0,0,0,1,0,0,0,1,0,0,0,1,0,0,1
CLI-000700,6658.0,10,8,6,75.0,54,42.7,10,1,0,0,1.3,5,2,386.62,0.0,0,0.38,0,0,1,0,0,0,0,0,0,0,1,0,0,0,0,0,1,0,0,0,0,1,0,0,0,0,1,0,1,0,0,0,0,1,0,0,0,0,1,0,0,0,0,1,0,1,0
CLI-000238,385.0,23,1,1,100.0,19,1.0,3,5,4,0,16.6,5,0,10.44,0.01,0,0.38,0,1,0,0,0,0,0,0,0,0,0,0,0,1,0,0,0,0,0,1,1,0,0,0,1,0,0,0,1,0,0,0,0,0,0,1,0,0,0,1,0,0,1,0,0,0,1
CLI-004325,2096.0,8,52,32,61.5,21,6.9,3,1,0,2,10.65,3,2,511.23,0.0,0,0.38,0,0,0,0,0,1,0,1,0,0,0,0,0,0,1,0,0,0,0,0,0,1,0,0,1,0,0,0,0,0,1,0,0,0,0,0,1,1,0,0,0,1,0,0,0,1,0
CLI-001064,93925.0,11,53,34,64.2,36,7.6,11,5,2,2,6.3,4,0,2545.38,0.01,0,0.42,0,0,1,0,0,0,0,0,1,0,0,0,0,0,1,0,0,0,0,0,0,1,0,0,0,0,1,0,0,0,0,1,0,0,0,0,1,1,0,0,0,0,1,0,0,1,0
CLI-003648,31292.0,9,29,0,0.0,0,0.0,0,0,104,3,24.3,4,0,424.01,0.39,1,0.0,1,0,0,0,0,0,0,1,0,0,0,0,0,0,0,1,0,0,0,0,0,1,0,0,1,0,0,0,0,0,0,0,1,0,0,0,1,0,1,0,1,0,0,0,0,1,0
CLI-002087,7825.0,23,10,9,90.0,90,85.4,9,8,4,2,14.4,4,0,307.81,0.01,0,0.56,0,0,0,0,0,1,0,1,0,0,0,0,0,0,1,0,0,0,0,0,1,0,0,0,0,1,0,0,1,0,0,0,0,1,0,0,0,0,1,0,0,0,0,1,0,0,1
CLI-004653,8753.0,16,11,2,18.2,1,0.2,2,2,3,3,25.5,3,0,148.25,0.01,0,0.25,0,0,0,0,0,0,1,0,0,1,0,0,0,0,1,0,0,0,0,0,1,0,0,0,1,0,0,0,0,0,0,0,1,0,0,0,1,0,0,1,0,0,0,1,0,0,1
CLI-002900,1906.0,4,5,5,100.0,80,61.9,11,0,1,0,6.0,5,1,136.76,0.01,0,0.69,0,1,0,0,0,0,0,0,0,1,0,0,0,0,0,0,0,1,0,0,1,0,0,0,0,1,0,0,0,1,0,0,0,0,0,1,0,0,1,0,0,0,0,1,0,1,0
CLI-001869,3517.0,6,9,5,55.6,28,11.4,14,0,1,4,2.0,4,0,612.77,0.01,0,0.35,0,1,0,0,0,0,0,0,1,0,0,0,0,0,1,0,0,0,0,0,1,0,0,0,0,0,0,1,0,0,0,1,0,1,0,0,0,0,0,1,0,1,0,0,0,1,0
CLI-003357,61005.0,7,30,23,76.7,38,23.4,18,0,2,5,4.2,4,1,2861.4,0.01,0,0.45,0,0,1,0,0,0,0,0,0,1,0,0,0,0,1,0,0,0,0,0,0,1,0,0,0,0,0,1,0,0,1,0,0,1,0,0,0,0,1,0,0,0,0,1,0,1,0
CLI-004037,2615.0,15,6,4,66.7,30,5.7,2,4,1,4,36.4,2,0,83.93,0.0,0,0.25,0,0,0,0,1,0,0,1,0,0,0,0,0,0,0,0,0,0,1,0,0,1,0,0,1,0,0,0,0,0,0,1,0,0,0,1,0,0,0,1,0,0,0,1,0,0,1
CLI-000664,2494.0,22,8,3,37.5,4,1.3,2,4,15,0,15.1,3,0,92.17,0.02,0,0.25,1,0,0,0,0,0,0,1,0,0,0,0,0,0,0,1,0,0,0,0,1,0,0,0,1,0,0,0,0,0,0,1,0,0,1,0,0,0,1,0,0,0,0,1,0,0,1
CLI-000898,14390.0,25,38,0,0.0,0,0.0,0,0,32,2,19.8,4,0,417.84,0.04,1,0.0,0,0,0,0,1,0,0,0,1,0,0,0,0,0,1,0,0,0,0,0,0,1,0,0,1,0,0,0,0,0,0,1,0,1,0,0,0,1,0,0,0,0,0,1,0,0,1
CLI-000731,15133.0,6,22,6,27.3,5,3.3,5,3,9,9,5.9,2,2,922.75,0.05,0,0.19,0,0,0,0,0,1,0,0,0,0,0,1,0,0,1,0,0,0,0,0,0,1,0,0,0,0,1,0,0,0,0,1,0,1,0,0,0,0,1,0,1,0,0,0,0,1,0
CLI-000906,300.0,7,2,2,100.0,45,13.9,2,0,1,2,24.1,3,1,22.08,0.0,0,0.25,0,0,0,0,1,0,0,0,0,0,1,0,0,0,1,0,0,0,0,0,1,0,0,0,1,0,0,0,0,0,1,0,0,0,0,1,0,1,0,0,0,1,0,0,0,1,0
CLI-003632,8388.0,10,11,5,45.5,4,0.2,5,3,5,1,10.6,4,1,309.99,0.02,0,0.31,0,0,0,0,0,1,0,0,0,0,0,0,1,0,1,0,0,0,0,0,1,0,0,0,0,1,0,0,0,0,0,0,1,0,0,0,1,1,0,0,0,0,0,1,0,1,0
CLI-003153,1903.0,5,6,3,50.0,20,1.0,9,0,3,3,10.65,3,0,116.03,0.02,0,0.56,0,0,1,0,0,0,0,1,0,0,0,0,0,0,0,0,0,1,0,0,0,1,0,0,0,1,0,0,0,0,0,0,1,1,0,0,0,1,0,0,0,0,0,1,0,1,0
CLI-003934,11270.0,12,43,26,50.0,3,1.8,7,3,20,2,5.8,3,0,1527.12,0.06,0,0.27,0,0,0,1,0,0,0,0,0,0,1,0,0,0,1,0,0,0,0,0,0,1,0,0,0,0,1,0,0,0,0,0,1,0,0,1,0,0,1,0,0,0,0,1,0,1,0
CLI-004933,4124.0,9,10,5,50.0,21,10.7,4,2,1,3,29.1,2,0,128.96,0.0,0,0.5,0,0,0,0,0,1,0,0,1,0,0,0,0,0,0,0,0,0,1,0,1,0,0,0,1,0,0,0,0,0,0,1,0,0,1,0,0,0,0,1,1,0,0,0,0,1,0
CLI-004741,4340.0,14,10,7,70.0,31,7.9,3,3,0,5,29.6,3,1,115.05,0.0,0,0.38,0,0,0,0,0,1,0,0,0,1,0,0,0,0,0,0,0,0,0,1,1,0,0,0,1,0,0,0,0,0,0,0,1,0,0,1,0,0,0,1,0,0,0,1,0,0,1
CLI-004564,7818.0,21,9,7,77.8,61,43.7,7,4,1,7,11.6,3,1,280.43,0.0,0,0.44,0,0,0,0,0,1,0,0,0,1,0,0,0,0,0,0,1,0,0,0,1,0,0,0,0,1,0,0,0,0,0,1,0,0,1,0,0,0,0,1,1,0,0,0,0,0,1
CLI-002982,12841.0,22,13,4,30.8,12,8.2,6,4,1,1,7.2,3,0,372.86,0.0,0,0.38,0,0,0,1,0,0,0,0,0,1,0,0,0,0,1,0,0,0,0,0,0,1,0,0,0,1,0,0,0,0,0,1,0,0,0,1,0,0,1,0,0,0,0,1,0,0,1
CLI-003885,1083.0,3,5,3,50.0,26,15.1,5,0,0,2,14.2,4,2,120.07,0.0,0,0.31,1,0,0,0,0,0,0,0,0,0,0,0,1,0,0,0,0,1,0,0,1,0,0,0,0,1,0,0,0,0,1,0,0,0,1,0,0,0,1,0,0,1,0,0,1,0,0
CLI-004321,2193.0,13,1,1,100.0,89,37.8,9,2,0,7,7.7,2,1,58.14,0.0,0,0.35,0,0,1,0,0,0,0,0,0,0,0,0,0,1,0,0,0,0,0,1,1,0,0,0,0,0,1,0,0,0,0,0,1,0,0,0,1,0,0,1,1,0,0,0,0,0,1
CLI-004574,8050.0,17,11,9,81.8,43,21.1,7,2,0,5,16.1,4,0,297.5,0.0,0,0.44,0,0,0,0,0,1,0,0,0,0,0,1,0,0,1,0,0,0,0,0,0,1,0,0,0,1,0,0,0,0,1,0,0,0,0,1,0,0,1,0,0,0,1,0,0,0,1
CLI-004755,684729.0,24,860,359,41.7,1,0.2,5,7,22,0,3.0,5,0,37956.17,0.03,0,0.19,0,0,0,0,0,1,0,0,0,0,1,0,0,0,1,0,0,0,0,0,0,0,0,1,0,0,1,0,0,1,0,0,0,1,0,0,0,0,1,0,0,0,0,1,0,0,1
CLI-002713,15025.0,1,57,18,31.6,7,3.0,9,0,5,2,4.6,3,2,2617.56,0.17,0,0.35,0,0,0,1,0,0,0,1,0,0,0,0,0,0,1,0,0,0,0,0,0,1,0,0,0,0,1,0,1,0,0,0,0,0,1,0,0,0,0,1,0,0,0,1,1,0,0
CLI-004448,2645.0,7,4,2,50.0,20,8.7,4,1,0,3,10.65,4,2,55.61,0.0,0,0.5,0,1,0,0,0,0,0,0,1,0,0,0,0,0,1,0,0,0,0,0,1,0,0,0,1,0,0,0,0,1,0,0,0,0,0,0,1,0,0,1,0,0,0,1,0,1,0
CLI-001700,137886.0,11,194,90,46.4,24,15.9,8,0,1,1,5.0,3,1,8850.22,0.0,0,0.31,0,0,1,0,0,0,0,0,0,0,0,1,0,0,1,0,0,0,0,0,0,0,0,1,0,0,1,0,1,0,0,0,0,1,0,0,0,0,1,0,0,0,0,1,0,1,0
CLI-002499,7346.0,8,6,3,50.0,7,1.9,3,1,2,1,13.5,3,0,182.82,0.01,0,0.19,0,1,0,0,0,0,0,1,0,0,0,0,0,0,1,0,0,0,0,0,1,0,0,0,0,1,0,0,0,1,0,0,0,0,0,0,1,0,0,1,0,1,0,0,0,1,0
CLI-003094,852.0,2,1,0,0.0,0,0.0,0,0,58,0,5.6,3,2,45.0,0.97,1,0.0,0,0,0,0,1,0,0,0,0,1,0,0,0,0,1,0,0,0,0,0,1,0,0,0,0,0,1,0,0,0,0,0,1,0,1,0,0,0,1,0,0,0,0,1,1,0,0
CLI-001207,188535.0,17,78,55,70.5,48,23.1,14,3,0,0,10.65,4,0,6762.39,0.0,0,0.35,1,0,0,0,0,0,0,0,0,0,0,1,0,0,1,0,0,0,0,0,0,0,1,0,0,0,0,1,0,0,1,0,0,0,0,0,1,0,0,1,0,0,1,0,0,0,1
CLI-000628,300.0,10,1,1,100.0,20,4.2,3,2,0,4,32.6,2,0,10.41,0.0,0,0.38,0,0,0,0,0,0,1,0,1,0,0,0,0,0,0,0,1,0,0,0,1,0,0,0,1,0,0,0,0,1,0,0,0,0,0,1,0,0,1,0,0,0,0,1,0,1,0
CLI-003923,20381.0,13,20,2,10.0,1,0.4,3,4,18,3,12.6,4,0,443.83,0.05,0,0.19,1,0,0,0,0,0,0,0,0,0,0,1,0,0,0,1,0,0,0,0,0,1,0,0,0,1,0,0,0,0,1,0,0,0,0,0,1,0,0,1,1,0,0,0,0,0,1
CLI-000976,174765.0,9,141,27,19.1,1,0.4,6,3,14,4,10.65,3,2,6089.37,0.05,0,0.23,0,0,0,0,0,1,0,0,0,0,1,0,0,0,0,0,0,0,1,0,0,0,1,0,0,0,1,0,1,0,0,0,0,1,0,0,0,0,1,0,0,0,0,1,0,1,0
CLI-000431,1205.0,14,23,0,0.0,0,0.0,0,0,53,6,25.9,1,0,276.0,0.13,1,0.0,0,0,1,0,0,0,0,0,0,0,0,0,1,0,1,0,0,0,0,0,0,1,0,0,1,0,0,0,0,0,1,0,0,0,1,0,0,0,1,0,1,0,0,0,0,0,1
CLI-003957,48069.0,21,10,0,0.0,0,5.7,0,0,88,3,6.0,4,0,874.94,0.14,1,0.0,0,0,1,0,0,0,0,0,0,1,0,0,0,0,1,0,0,0,0,0,1,0,0,0,0,0,0,1,0,0,1,0,0,0,1,0,0,1,0,0,0,0,0,1,0,0,1
CLI-002399,9764.0,9,21,3,14.3,1,0.3,2,0,3,1,8.3,2,2,744.23,0.01,0,0.08,0,1,0,0,0,0,0,0,0,1,0,0,0,0,1,0,0,0,0,0,0,1,0,0,0,0,1,0,0,1,0,0,0,0,0,0,1,1,0,0,0,0,0,1,0,1,0
CLI-001783,657.0,4,10,1,10.0,1,0.2,1,1,10,1,23.9,3,4,100.21,0.08,0,0.12,0,0,0,1,0,0,0,0,0,1,0,0,0,0,1,0,0,0,0,0,1,0,0,0,1,0,0,0,0,0,0,0,1,0,0,0,1,0,1,0,1,0,0,0,0,1,0
CLI-001477,465084.0,9,204,112,50.0,2,0.2,14,5,2,3,4.3,2,0,13833.55,0.01,0,0.35,0,0,0,0,0,0,1,0,0,0,0,0,0,1,0,0,0,0,0,1,0,0,1,0,0,0,0,1,1,0,0,0,0,0,0,0,1,0,0,1,1,0,0,0,0,1,0
CLI-001097,8092.0,23,8,3,37.5,17,10.2,4,6,6,4,26.4,3,0,120.35,0.01,0,0.5,1,0,0,0,0,0,0,0,1,0,0,0,0,0,1,0,0,0,0,0,1,0,0,0,1,0,0,0,0,0,0,1,0,0,1,0,0,0,1,0,0,0,0,1,0,0,1
CLI-002725,59248.0,22,55,20,36.4,1,0.2,6,3,1,9,10.2,2,0,2580.47,0.0,0,0.23,1,0,0,0,0,0,0,1,0,0,0,0,0,0,1,0,0,0,0,0,0,1,0,0,0,0,1,0,0,1,0,0,0,0,1,0,0,0,0,1,1,0,0,0,0,0,1
CLI-004282,4434.0,14,13,7,53.8,33,13.4,11,2,1,3,6.4,4,0,450.62,0.0,0,0.42,0,0,0,1,0,0,0,1,0,0,0,0,0,0,0,1,0,0,0,0,0,1,0,0,0,0,1,0,0,0,0,0,1,0,0,1,0,0,1,0,0,0,0,1,0,0,1
CLI-001029,1034.0,15,15,0,0.0,0,0.0,0,0,32,5,21.0,2,0,252.15,0.07,1,0.0,1,0,0,0,0,0,0,0,0,0,0,0,0,1,1,0,0,0,0,0,0,1,0,0,0,1,0,0,0,0,0,1,0,0,0,1,0,0,0,1,1,0,0,0,0,0,1
CLI-001890,40941.0,2,33,13,39.4,13,6.3,4,0,1,5,23.4,2,1,942.04,0.02,0,0.25,0,0,0,0,0,1,0,1,0,0,0,0,0,0,1,0,0,0,0,0,0,1,0,0,0,1,0,0,0,1,0,0,0,0,1,0,0,1,0,0,1,0,0,0,1,0,0
CLI-003187,144275.0,8,54,26,48.1,16,7.1,10,1,2,2,5.1,3,0,2377.64,0.01,0,0.38,0,0,0,1,0,0,0,0,0,0,0,1,0,0,0,0,0,1,0,0,0,1,0,0,0,0,1,0,0,0,0,1,0,0,0,1,0,0,0,1,0,0,0,1,0,1,0
CLI-004639,68831.0,1,151,45,29.8,10,7.0,5,0,1,4,5.6,3,0,5995.72,0.03,0,0.19,1,0,0,0,0,0,0,0,0,0,0,0,0,1,0,0,0,1,0,0,0,0,1,0,0,0,1,0,1,0,0,0,0,0,1,0,0,1,0,0,0,0,0,1,1,0,0
CLI-003334,52206.0,7,43,28,65.1,7,4.0,10,2,3,1,3.8,3,0,2053.74,0.01,0,0.38,0,0,0,0,0,0,1,0,0,1,0,0,0,0,1,0,0,0,0,0,0,1,0,0,0,0,1,0,0,1,0,0,0,0,0,0,1,1,0,0,0,1,0,0,0,1,0
CLI-004727,16852.0,9,49,4,8.2,1,0.3,8,2,11,4,7.7,2,0,1868.27,0.04,0,0.31,0,0,0,0,0,1,0,1,0,0,0,0,0,0,0,1,0,0,0,0,0,0,1,0,0,0,1,0,0,0,1,0,0,0,1,0,0,0,0,1,1,0,0,0,0,1,0
CLI-003081,7831.0,15,57,14,24.6,3,1.7,5,4,4,0,10.65,5,0,1591.57,0.01,0,0.19,1,0,0,0,0,0,0,0,0,0,0,0,0,1,1,0,0,0,0,0,0,0,1,0,0,0,1,0,0,1,0,0,0,1,0,0,0,0,0,1,1,0,0,0,0,0,1
CLI-004140,44677.0,4,190,0,0.0,0,0.0,0,0,120,1,4.8,3,3,7783.43,1.0,1,0.0,0,1,0,0,0,0,0,0,1,0,0,0,0,0,0,1,0,0,0,0,0,0,1,0,0,0,1,0,0,0,0,0,1,0,1,0,0,1,0,0,1,0,0,0,0,1,0
CLI-003600,2043.0,2,5,4,80.0,85,5.7,5,0,1,1,19.2,5,2,62.28,0.02,0,0.62,0,0,0,0,0,1,0,0,0,0,1,0,0,0,1,0,0,0,0,0,1,0,0,0,1,0,0,0,0,0,1,0,0,0,0,0,1,1,0,0,0,0,0,1,1,0,0
CLI-002330,7545.0,6,20,4,20.0,1,0.4,1,0,16,5,18.5,2,0,438.18,0.09,0,0.06,0,0,0,0,0,1,0,0,0,0,1,0,0,0,0,0,0,0,0,1,0,1,0,0,0,1,0,0,0,0,1,0,0,0,0,0,1,0,1,0,0,0,0,1,0,1,0
CLI-000196,44189.0,10,38,15,39.5,4,1.3,1,1,1,3,12.0,3,1,1496.93,0.0,0,0.04,0,0,0,0,0,0,1,0,0,1,0,0,0,0,1,0,0,0,0,0,0,1,0,0,0,0,1,0,0,0,1,0,0,0,0,0,1,0,0,1,0,1,0,0,0,1,0
CLI-004238,44844.0,17,32,28,87.5,82,5.7,19,6,2,0,1.5,5,0,2485.8,0.0,0,0.48,0,0,0,1,0,0,0,1,0,0,0,0,0,0,1,0,0,0,0,0,0,0,1,0,0,0,0,1,1,0,0,0,0,1,0,0,0,0,0,1,0,0,0,1,0,0,1
CLI-001781,2012.0,24,6,1,16.7,1,0.1,0,5,8,8,34.5,2,0,68.16,0.01,0,0.0,0,0,0,0,0,1,0,0,0,1,0,0,0,0,1,0,0,0,0,0,1,0,0,0,1,0,0,0,0,0,0,1,0,1,0,0,0,1,0,0,1,0,0,0,0,0,1
CLI-004968,5543.0,13,49,17,34.7,14,5.7,2,5,2,2,21.3,4,1,482.8,0.01,0,0.25,0,0,0,0,0,0,1,1,0,0,0,0,0,0,0,1,0,0,0,0,0,1,0,0,1,0,0,0,0,0,0,1,0,1,0,0,0,1,0,0,0,0,1,0,0,0,1
CLI-004962,6404.0,13,15,2,13.3,1,0.2,0,1,7,1,6.3,5,1,325.43,0.02,0,0.0,0,0,0,0,0,1,0,0,1,0,0,0,0,0,0,0,0,0,1,0,0,1,0,0,0,1,0,0,0,1,0,0,0,1,0,0,0,0,0,1,0,0,0,1,0,0,1
CLI-004476,26191.0,7,89,21,23.6,5,1.4,10,1,3,0,3.1,5,0,3992.53,0.01,0,0.38,1,0,0,0,0,0,0,0,0,0,0,1,0,0,1,0,0,0,0,0,0,0,1,0,0,0,1,0,0,0,0,1,0,0,0,0,1,1,0,0,1,0,0,0,0,1,0
CLI-001993,35373.0,21,45,4,8.9,1,0.2,3,6,8,0,6.5,3,0,1135.2,0.01,0,0.19,0,0,0,0,1,0,0,0,0,1,0,0,0,0,0,1,0,0,0,0,0,1,0,0,0,1,0,0,0,0,0,0,1,1,0,0,0,1,0,0,0,0,0,1,0,0,1
CLI-003112,967.0,3,8,4,50.0,17,10.7,3,1,0,2,27.2,4,3,90.72,0.0,0,0.38,0,0,0,0,1,0,0,0,0,0,1,0,0,0,1,0,0,0,0,0,1,0,0,0,1,0,0,0,0,0,0,1,0,0,0,0,1,0,0,1,0,1,0,0,1,0,0
CLI-004513,28656.0,23,36,0,0.0,0,0.0,0,0,46,2,3.9,3,0,1397.83,0.07,1,0.0,0,0,1,0,0,0,0,0,0,0,0,0,1,0,1,0,0,0,0,0,0,1,0,0,0,0,1,0,0,0,1,0,0,0,0,1,0,0,0,1,1,0,0,0,0,0,1
CLI-000565,309715.0,7,134,82,61.2,12,6.9,11,1,9,0,1.8,2,2,10791.47,0.04,0,0.28,0,0,0,0,0,0,1,0,0,0,0,0,1,0,0,0,1,0,0,0,0,0,0,1,0,0,0,1,1,0,0,0,0,0,0,0,1,1,0,0,0,0,0,1,0,1,0
CLI-004511,300.0,2,1,1,100.0,48,5.7,4,1,0,0,9.4,4,2,11.55,0.0,0,0.5,0,0,0,1,0,0,0,0,0,0,0,0,0,1,0,0,0,0,0,1,1,0,0,0,1,0,0,0,1,0,0,0,0,1,0,0,0,1,0,0,0,0,0,1,1,0,0
CLI-001493,3403.0,10,11,3,27.3,4,1.3,2,3,14,1,16.4,3,0,133.89,0.05,0,0.25,0,1,0,0,0,0,0,0,0,1,0,0,0,0,0,1,0,0,0,0,1,0,0,0,1,0,0,0,0,0,1,0,0,0,1,0,0,1,0,0,0,0,0,1,0,1,0
CLI-002631,1028.0,10,5,3,60.0,41,5.7,3,1,0,1,10.65,3,1,59.67,0.0,0,0.38,0,0,0,0,1,0,0,0,0,0,0,1,0,0,0,0,1,0,0,0,1,0,0,0,1,0,0,0,0,0,0,0,1,0,0,1,0,0,0,1,0,0,0,1,0,1,0
CLI-004339,359330.0,5,90,53,58.9,26,6.4,23,1,1,0,0.7,4,1,7183.72,0.01,0,0.57,0,0,0,0,0,1,0,0,1,0,0,0,0,0,1,0,0,0,0,0,0,0,1,0,0,0,0,1,0,1,0,0,0,0,0,1,0,0,1,0,0,1,0,0,0,1,0
CLI-001177,575.0,3,1,1,50.0,56,36.9,3,0,1,7,37.4,2,0,14.92,0.01,0,0.38,0,0,0,1,0,0,0,0,0,1,0,0,0,0,0,0,0,0,0,1,1,0,0,0,1,0,0,0,0,0,0,0,1,1,0,0,0,0,1,0,0,0,0,1,1,0,0
CLI-001642,41213.0,19,17,14,82.4,29,13.6,17,5,0,0,0.5,5,0,1523.03,0.0,0,0.42,0,0,1,0,0,0,0,0,0,0,0,1,0,0,1,0,0,0,0,0,0,1,0,0,0,0,0,1,0,0,1,0,0,1,0,0,0,1,0,0,0,0,1,0,0,0,1
CLI-003559,232954.0,13,153,108,70.6,39,18.3,14,4,0,3,5.3,3,1,6606.75,0.0,0,0.54,1,0,0,0,0,0,0,0,0,0,0,0,1,0,0,0,0,1,0,0,0,0,1,0,0,0,1,0,0,1,0,0,0,0,0,0,1,1,0,0,0,0,0,1,0,0,1
CLI-004899,22091.0,2,46,42,91.3,90,58.3,15,0,0,0,3.0,3,2,2072.32,0.0,0,0.58,0,0,1,0,0,0,0,0,0,0,0,0,0,1,1,0,0,0,0,0,0,1,0,0,0,0,1,0,1,0,0,0,0,0,0,0,1,1,0,0,0,1,0,0,1,0,0
CLI-001606,370.0,8,5,4,80.0,75,31.0,6,2,0,4,15.9,2,1,112.68,0.0,0,0.38,0,0,0,1,0,0,0,0,0,0,0,1,0,0,0,0,0,0,0,1,1,0,0,0,0,1,0,0,0,0,0,0,1,1,0,0,0,0,0,1,1,0,0,0,0,1,0
CLI-001560,621.0,16,2,1,50.0,8,3.2,4,5,1,6,10.65,3,0,25.24,0.0,0,0.5,0,0,0,0,0,0,1,0,1,0,0,0,0,0,0,0,0,1,0,0,1,0,0,0,1,0,0,0,0,0,0,1,0,0,0,0,1,0,0,1,0,0,0,1,0,0,1
CLI-000192,26574.0,17,22,15,68.2,50,33.8,9,1,1,3,5.9,4,0,1080.25,0.0,0,0.35,0,0,0,1,0,0,0,0,0,0,0,0,0,1,1,0,0,0,0,0,0,1,0,0,0,0,1,0,1,0,0,0,0,1,0,0,0,0,1,0,0,1,0,0,0,0,1
CLI-003512,220119.0,14,163,66,40.5,10,0.5,6,2,1,1,8.7,5,0,4628.24,0.0,0,0.38,0,0,0,0,1,0,0,0,0,0,0,1,0,0,1,0,0,0,0,0,0,0,1,0,0,1,0,0,1,0,0,0,0,0,1,0,0,0,0,1,0,0,0,1,0,0,1
CLI-001162,300.0,1,1,1,100.0,58,37.8,9,1,1,7,10.65,4,5,19.41,0.03,0,0.56,0,0,0,0,1,0,0,0,1,0,0,0,0,0,0,0,0,0,0,1,1,0,0,0,0,1,0,0,0,0,1,0,0,0,0,0,1,0,0,1,1,0,0,0,1,0,0
CLI-001438,151253.0,18,106,61,57.5,28,13.9,7,1,1,4,7.1,4,0,5764.21,0.0,0,0.27,0,0,0,0,0,1,0,0,0,1,0,0,0,0,0,0,0,0,1,0,0,0,1,0,0,0,1,0,0,0,0,1,0,1,0,0,0,0,0,1,0,0,0,1,0,0,1
CLI-000955,1218.0,8,4,3,75.0,36,5.7,4,0,0,3,40.6,3,0,49.53,0.0,0,0.5,0,0,0,0,1,0,0,0,0,0,0,0,0,1,1,0,0,0,0,0,1,0,0,0,1,0,0,0,0,0,0,1,0,1,0,0,0,1,0,0,0,1,0,0,0,1,0
CLI-003191,379076.0,23,202,32,15.8,1,0.3,6,6,22,4,8.9,1,0,9090.0,0.03,0,0.23,0,0,0,0,1,0,0,0,0,0,1,0,0,0,1,0,0,0,0,0,0,0,1,0,0,0,1,0,1,0,0,0,0,0,0,0,1,0,1,0,0,0,0,1,0,0,1
CLI-003722,549.0,1,8,6,75.0,46,22.5,6,0,0,3,14.5,3,1,167.53,0.0,0,0.38,0,0,0,1,0,0,0,0,0,0,0,0,0,1,1,0,0,0,0,0,0,1,0,0,0,1,0,0,0,0,0,1,0,0,0,0,1,1,0,0,0,0,0,1,1,0,0
CLI-002503,238895.0,17,139,20,14.4,1,0.1,11,5,11,1,0.5,4,0,9397.92,0.02,0,0.28,0,0,1,0,0,0,0,1,0,0,0,0,0,0,0,0,0,0,0,1,0,0,1,0,0,0,0,1,1,0,0,0,0,0,1,0,0,1,0,0,0,0,0,1,0,0,1
CLI-003261,120990.0,17,28,24,85.7,76,74.7,40,2,2,1,10.65,3,0,2500.82,0.0,0,1.0,0,0,0,0,1,0,0,0,1,0,0,0,0,0,0,0,0,1,0,0,0,1,0,0,0,0,0,1,0,0,0,0,1,0,0,0,1,0,1,0,0,0,0,1,0,0,1
CLI-003913,4745.0,1,11,3,27.3,2,5.7,8,1,13,2,3.1,4,2,526.0,0.43,0,0.31,0,0,1,0,0,0,0,0,0,1,0,0,0,0,1,0,0,0,0,0,0,1,0,0,0,0,1,0,0,1,0,0,0,0,1,0,0,1,0,0,0,1,0,0,1,0,0
CLI-003592,97492.0,9,154,63,40.9,10,1.2,10,1,1,1,3.9,4,0,9145.62,0.0,0,0.25,0,0,1,0,0,0,0,0,0,1,0,0,0,0,1,0,0,0,0,0,0,0,1,0,0,0,0,1,0,0,0,0,1,0,1,0,0,0,0,1,0,0,0,1,0,1,0
CLI-001418,12285.0,11,31,14,45.2,16,7.2,3,3,2,1,11.1,3,1,788.51,0.01,0,0.19,0,0,0,0,1,0,0,0,1,0,0,0,0,0,1,0,0,0,0,0,0,1,0,0,0,1,0,0,0,0,1,0,0,0,1,0,0,0,1,0,0,0,0,1,0,1,0
CLI-002999,35417.0,19,44,21,47.7,11,4.0,10,3,1,5,8.4,3,0,2159.6,0.0,0,0.38,0,0,0,0,0,1,0,0,0,0,1,0,0,0,1,0,0,0,0,0,0,0,1,0,0,0,1,0,0,1,0,0,0,0,0,0,1,1,0,0,0,1,0,0,0,0,1
CLI-003924,18120.0,7,181,61,33.7,9,4.0,2,2,5,5,36.2,2,0,2008.85,0.02,0,0.25,0,0,1,0,0,0,0,0,0,0,0,0,0,1,0,0,0,0,0,1,0,0,1,0,1,0,0,0,0,0,1,0,0,0,1,0,0,1,0,0,1,0,0,0,0,1,0
CLI-002769,587.0,24,6,1,16.7,1,0.3,2,6,24,0,20.5,3,0,65.07,0.03,0,0.25,0,0,0,0,1,0,0,1,0,0,0,0,0,0,0,0,0,0,0,1,1,0,0,0,1,0,0,0,0,0,0,0,1,0,1,0,0,0,1,0,0,0,0,1,0,0,1
CLI-003723,4432.0,10,13,6,46.2,11,5.7,3,3,1,7,28.8,3,0,168.92,0.0,0,0.38,0,1,0,0,0,0,0,0,1,0,0,0,0,0,1,0,0,0,0,0,0,1,0,0,1,0,0,0,0,1,0,0,0,0,0,0,1,0,0,1,1,0,0,0,0,1,0
CLI-002723,530.0,9,6,2,33.3,1,0.1,2,3,30,1,15.5,4,0,71.87,0.11,1,0.25,0,0,0,0,1,0,0,0,0,0,0,0,0,1,0,0,0,0,0,1,1,0,0,0,1,0,0,0,1,0,0,0,0,1,0,0,0,0,1,0,0,1,0,0,0,1,0
CLI-004553,11107.0,1,11,5,45.5,20,8.6,5,0,0,3,18.5,3,0,322.5,0.0,0,0.31,0,0,1,0,0,0,0,0,0,0,0,1,0,0,0,0,0,0,1,0,1,0,0,0,0,1,0,0,1,0,0,0,0,1,0,0,0,0,0,1,0,1,0,0,1,0,0
CLI-004935,397885.0,2,783,550,70.2,49,52.8,9,2,1,1,2.5,4,0,35235.0,0.02,0,0.35,0,0,0,0,1,0,0,0,1,0,0,0,0,0,0,0,0,0,0,1,0,0,0,1,0,0,1,0,0,0,0,1,0,0,0,0,1,0,1,0,0,0,0,1,1,0,0
CLI-003376,2543.0,9,11,6,54.5,12,0.9,7,0,7,6,20.4,3,1,238.57,0.03,0,0.44,0,0,0,0,0,1,0,0,0,1,0,0,0,0,1,0,0,0,0,0,1,0,0,0,0,1,0,0,0,1,0,0,0,0,1,0,0,0,1,0,0,0,0,1,0,1,0
CLI-002018,61686.0,8,211,58,50.0,6,0.3,14,2,3,1,0.5,4,0,12537.74,0.01,0,0.35,0,0,1,0,0,0,0,1,0,0,0,0,0,0,0,0,0,1,0,0,0,0,1,0,0,0,0,1,0,0,0,0,1,0,1,0,0,1,0,0,0,0,0,1,0,1,0
CLI-004745,10728.0,14,56,28,50.0,18,3.0,4,7,0,5,25.4,3,1,568.82,0.0,0,0.5,0,0,0,0,1,0,0,0,0,0,0,0,1,0,1,0,0,0,0,0,0,1,0,0,1,0,0,0,0,1,0,0,0,0,0,0,1,0,0,1,0,0,0,1,0,0,1
CLI-004928,26216.0,1,37,1,2.7,1,0.2,1,0,12,4,0.7,2,2,2459.3,0.4,0,0.02,1,0,0,0,0,0,0,0,0,0,0,1,0,0,1,0,0,0,0,0,0,1,0,0,0,0,0,1,1,0,0,0,0,0,1,0,0,0,0,1,1,0,0,0,1,0,0
CLI-001447,6370.0,14,6,6,50.0,100,65.7,7,1,2,4,10.65,4,1,165.28,0.0,0,0.44,1,0,0,0,0,0,0,0,0,0,1,0,0,0,1,0,0,0,0,0,1,0,0,0,0,1,0,0,1,0,0,0,0,1,0,0,0,0,1,0,0,1,0,0,0,0,1
CLI-002032,881.0,5,10,3,30.0,8,5.5,5,1,8,2,18.6,3,2,89.53,0.05,0,0.62,0,0,0,0,0,1,0,1,0,0,0,0,0,0,1,0,0,0,0,0,1,0,0,0,1,0,0,0,0,0,0,1,0,0,1,0,0,0,1,0,0,1,0,0,0,1,0
CLI-001528,307.0,1,3,1,33.3,5,1.8,1,0,5,4,17.3,4,2,62.35,0.17,0,0.06,0,0,0,0,1,0,0,1,0,0,0,0,0,0,1,0,0,0,0,0,1,0,0,0,0,1,0,0,0,1,0,0,0,0,0,1,0,1,0,0,0,1,0,0,1,0,0
CLI-004271,32377.0,3,29,8,27.6,1,0.3,8,1,23,0,2.2,5,0,1361.52,0.26,0,0.31,0,0,1,0,0,0,0,0,0,0,0,0,1,0,1,0,0,0,0,0,0,1,0,0,0,0,1,0,0,0,0,0,1,0,0,1,0,0,0,1,0,0,0,1,1,0,0
CLI-004387,2681.0,2,15,12,80.0,72,43.3,5,0,2,0,10.65,5,1,155.69,0.03,0,0.62,0,0,0,0,0,1,0,0,0,0,1,0,0,0,1,0,0,0,0,0,0,1,0,0,1,0,0,0,0,0,0,0,1,0,1,0,0,0,0,1,0,0,0,1,1,0,0
CLI-004147,7727.0,16,18,15,83.3,53,40.5,8,3,0,1,10.65,4,0,495.95,0.0,0,0.5,0,0,0,0,1,0,0,0,0,1,0,0,0,0,1,0,0,0,0,0,0,1,0,0,0,1,0,0,0,0,0,0,1,0,0,1,0,1,0,0,0,0,0,1,0,0,1
CLI-004806,1934.0,1,57,13,22.8,1,0.4,1,0,2,5,24.0,1,2,589.63,0.07,0,0.12,1,0,0,0,0,0,0,0,0,0,0,0,0,1,0,1,0,0,0,0,0,1,0,0,1,0,0,0,0,0,0,1,0,0,0,0,1,0,0,1,1,0,0,0,1,0,0
CLI-000558,22565.0,16,35,11,31.4,1,5.7,3,4,21,1,15.2,2,0,1058.41,0.04,0,0.19,0,0,0,1,0,0,0,1,0,0,0,0,0,0,1,0,0,0,0,0,0,1,0,0,0,1,0,0,0,1,0,0,0,0,1,0,0,1,0,0,0,0,0,1,0,0,1
CLI-004797,5642.0,16,21,0,50.0,0,0.0,0,0,84,1,14.0,4,0,529.25,0.18,1,0.0,0,1,0,0,0,0,0,0,0,0,0,0,1,0,1,0,0,0,0,0,0,1,0,0,0,1,0,0,1,0,0,0,0,1,0,0,0,0,0,1,0,0,0,1,0,0,1
CLI-000989,24395.0,9,57,12,21.1,1,0.2,1,1,1,2,7.0,3,1,1983.34,0.0,0,0.04,0,1,0,0,0,0,0,0,0,0,0,1,0,0,1,0,0,0,0,0,0,1,0,0,0,0,1,0,1,0,0,0,0,0,1,0,0,1,0,0,1,0,0,0,0,1,0
CLI-001494,73384.0,27,92,21,22.8,1,0.6,9,6,2,4,6.8,3,0,4140.0,0.0,0,0.35,0,0,0,1,0,0,0,0,0,1,0,0,0,0,0,0,0,1,0,0,0,0,1,0,0,0,1,0,0,0,1,0,0,1,0,0,0,0,0,1,0,0,0,1,0,0,1
CLI-000800,1523.0,1,11,5,45.5,1,0.3,9,0,11,4,6.7,2,0,464.47,0.37,0,0.35,0,0,1,0,0,0,0,0,0,1,0,0,0,0,0,1,0,0,0,0,0,1,0,0,0,0,1,0,0,0,0,0,1,0,0,1,0,0,0,1,1,0,0,0,1,0,0
CLI-000639,219503.0,17,202,180,89.1,65,50.3,13,5,1,5,0.5,4,0,15746.24,0.0,0,0.32,0,0,1,0,0,0,0,0,0,0,0,0,0,1,0,0,0,0,1,0,0,0,1,0,0,0,0,1,0,1,0,0,0,0,0,1,0,1,0,0,0,0,0,1,0,0,1
CLI-004077,9512.0,9,10,3,30.0,14,7.5,11,2,2,0,1.2,4,1,527.3,0.01,0,0.42,0,0,0,1,0,0,0,0,1,0,0,0,0,0,1,0,0,0,0,0,1,0,0,0,0,0,1,0,1,0,0,0,0,1,0,0,0,1,0,0,0,0,0,1,0,1,0
CLI-003717,290595.0,17,136,71,52.2,10,2.0,5,5,5,3,7.9,3,1,6328.29,0.01,0,0.19,0,0,0,0,0,1,0,1,0,0,0,0,0,0,1,0,0,0,0,0,0,0,0,1,0,0,1,0,0,0,0,0,1,0,0,1,0,1,0,0,0,0,0,1,0,0,1
CLI-004225,7262.0,13,46,17,37.0,3,1.4,3,4,2,1,11.8,4,0,520.95,0.01,0,0.38,1,0,0,0,0,0,0,0,0,0,0,1,0,0,0,1,0,0,0,0,0,1,0,0,1,0,0,0,1,0,0,0,0,0,1,0,0,0,0,1,0,0,1,0,0,0,1
CLI-000988,756.0,2,4,3,75.0,69,30.0,4,2,0,5,35.8,3,0,46.07,0.0,0,0.5,0,0,1,0,0,0,0,0,0,1,0,0,0,0,1,0,0,0,0,0,1,0,0,0,1,0,0,0,1,0,0,0,0,1,0,0,0,1,0,0,0,0,0,1,1,0,0
CLI-004229,32180.0,15,56,25,44.6,15,4.0,4,1,4,0,20.1,2,0,1635.14,0.01,0,0.25,0,0,1,0,0,0,0,0,0,1,0,0,0,0,1,0,0,0,0,0,0,1,0,0,0,1,0,0,0,0,0,0,1,0,0,1,0,1,0,0,1,0,0,0,0,0,1
CLI-002215,108922.0,2,96,21,21.9,8,1.3,25,1,5,6,3.4,1,4,7379.53,0.08,0,0.62,0,0,0,0,1,0,0,0,0,1,0,0,0,0,1,0,0,0,0,0,0,0,1,0,0,0,0,1,0,0,0,1,0,0,0,0,1,0,1,0,1,0,0,0,1,0,0
CLI-001408,1033.0,5,4,2,50.0,23,10.9,4,0,3,7,12.2,3,1,96.95,0.02,0,0.25,1,0,0,0,0,0,0,0,0,0,0,0,1,0,0,0,0,0,0,1,1,0,0,0,0,1,0,0,0,1,0,0,0,1,0,0,0,0,0,1,1,0,0,0,0,1,0
CLI-002157,32944.0,14,20,9,45.0,20,3.0,8,2,1,8,7.4,3,0,913.07,0.0,0,0.31,0,0,0,0,0,0,1,0,0,1,0,0,0,0,0,0,1,0,0,0,0,1,0,0,0,0,1,0,0,0,0,1,0,0,1,0,0,0,0,1,1,0,0,0,0,0,1
CLI-000123,3666.0,6,6,1,16.7,2,0.7,6,2,4,3,10.65,3,2,279.39,0.02,0,0.23,0,1,0,0,0,0,0,0,0,1,0,0,0,0,1,0,0,0,0,0,0,1,0,0,0,0,1,0,1,0,0,0,0,0,1,0,0,0,0,1,0,0,0,1,0,1,0
CLI-002454,19350.0,5,53,34,64.2,35,13.6,3,0,0,0,4.5,5,2,1241.98,0.0,0,0.19,0,0,0,0,1,0,0,0,0,0,1,0,0,0,1,0,0,0,0,0,0,1,0,0,0,1,0,0,0,0,1,0,0,0,0,0,1,0,1,0,0,0,0,1,0,1,0
CLI-004605,3897.0,1,22,0,0.0,0,0.0,0,0,30,5,35.8,3,1,226.29,1.0,1,0.0,1,0,0,0,0,0,0,0,0,0,0,0,1,0,0,1,0,0,0,0,0,1,0,0,1,0,0,0,0,1,0,0,0,1,0,0,0,0,0,1,0,0,0,1,1,0,0
CLI-001726,2565.0,14,8,2,25.0,1,0.1,2,1,11,0,11.8,4,0,100.9,0.03,0,0.25,0,0,0,0,0,0,1,0,0,1,0,0,0,0,1,0,0,0,0,0,1,0,0,0,1,0,0,0,0,1,0,0,0,0,0,1,0,1,0,0,0,0,0,1,0,0,1
CLI-001365,1946.0,14,12,7,58.3,33,7.9,6,1,1,1,11.3,5,0,263.63,0.0,0,0.38,0,0,0,0,1,0,0,0,0,1,0,0,0,0,1,0,0,0,0,0,0,1,0,0,0,1,0,0,0,0,0,0,1,0,0,1,0,1,0,0,0,0,0,1,0,0,1
CLI-004842,1358.0,2,17,10,58.8,36,21.5,8,0,1,2,11.1,4,0,414.14,0.02,0,0.5,0,0,0,0,0,0,1,0,0,0,0,1,0,0,1,0,0,0,0,0,0,1,0,0,0,1,0,0,0,0,0,1,0,0,1,0,0,0,1,0,0,0,0,1,1,0,0
CLI-001019,11348.0,15,52,16,30.8,5,5.7,9,6,1,0,3.6,5,0,1258.13,0.0,0,0.56,0,0,0,1,0,0,0,0,0,0,0,0,1,0,1,0,0,0,0,0,0,1,0,0,0,1,0,0,1,0,0,0,0,0,0,1,0,1,0,0,0,0,0,1,0,0,1
CLI-001999,9839.0,14,28,6,21.4,1,0.1,5,2,3,1,6.2,3,1,999.91,0.01,0,0.19,0,0,0,0,0,1,0,0,0,1,0,0,0,0,0,0,0,1,0,0,0,1,0,0,0,0,1,0,1,0,0,0,0,0,0,1,0,0,1,0,1,0,0,0,0,0,1
CLI-003384,1974.0,1,11,3,27.3,9,2.1,3,0,2,2,10.8,5,3,240.73,0.07,0,0.19,0,0,0,0,1,0,0,0,1,0,0,0,0,0,0,0,0,1,0,0,1,0,0,0,0,1,0,0,0,0,0,1,0,0,0,0,1,0,1,0,0,0,0,1,1,0,0
CLI-000648,32421.0,18,76,45,59.2,15,5.5,4,3,8,3,15.7,3,0,2080.96,0.01,0,0.25,0,0,0,1,0,0,0,0,0,0,0,0,1,0,1,0,0,0,0,0,0,0,1,0,0,1,0,0,1,0,0,0,0,0,0,1,0,1,0,0,0,1,0,0,0,0,1
CLI-001601,6580.0,10,28,16,50.0,42,13.5,2,1,2,3,24.7,4,0,364.76,0.01,0,0.25,0,0,0,1,0,0,0,1,0,0,0,0,0,0,0,0,1,0,0,0,0,1,0,0,1,0,0,0,1,0,0,0,0,1,0,0,0,1,0,0,0,1,0,0,0,1,0
CLI-004274,548.0,20,10,1,10.0,1,0.1,2,4,2,0,8.1,3,0,167.03,0.0,0,0.12,0,0,1,0,0,0,0,0,0,0,0,1,0,0,0,1,0,0,0,0,1,0,0,0,0,1,0,0,0,0,1,0,0,0,1,0,0,0,0,1,0,0,0,1,0,0,1
CLI-000696,390327.0,9,547,84,15.4,1,0.2,6,1,30,6,14.5,1,1,14424.51,0.11,1,0.38,0,0,0,0,1,0,0,0,0,0,0,1,0,0,1,0,0,0,0,0,0,0,0,1,0,1,0,0,0,1,0,0,0,1,0,0,0,1,0,0,0,0,0,1,0,1,0
CLI-004210,2100.0,5,10,9,90.0,55,34.3,3,0,1,0,13.9,5,1,128.04,0.01,0,0.38,1,0,0,0,0,0,0,0,0,0,1,0,0,0,1,0,0,0,0,0,1,0,0,0,1,0,0,0,1,0,0,0,0,0,0,0,1,0,0,1,0,1,0,0,0,1,0
CLI-003211,28660.0,1,95,60,63.2,22,16.2,9,0,0,4,10.65,3,2,3883.46,0.0,0,0.35,1,0,0,0,0,0,0,0,0,0,1,0,0,0,1,0,0,0,0,0,0,0,1,0,0,0,1,0,0,0,0,0,1,1,0,0,0,0,1,0,0,0,0,1,1,0,0
CLI-000213,3623.0,10,6,4,66.7,20,6.5,11,3,1,5,12.6,2,0,276.13,0.0,0,0.42,0,0,1,0,0,0,0,0,0,0,0,0,0,1,0,0,0,0,1,0,0,1,0,0,0,0,1,0,1,0,0,0,0,0,1,0,0,0,0,1,1,0,0,0,0,1,0
CLI-000065,7663.0,9,29,13,44.8,17,9.8,8,1,6,0,3.8,5,0,622.99,0.02,0,0.5,0,0,0,0,1,0,0,1,0,0,0,0,0,0,0,0,0,0,1,0,0,1,0,0,0,1,0,0,1,0,0,0,0,0,1,0,0,0,1,0,0,0,0,1,0,1,0
CLI-002416,24674.0,3,56,41,73.2,54,21.5,10,1,0,2,9.0,3,2,1432.87,0.0,0,0.62,0,1,0,0,0,0,0,0,0,0,0,0,0,1,1,0,0,0,0,0,0,1,0,0,0,1,0,0,0,0,1,0,0,0,0,0,1,0,1,0,0,1,0,0,1,0,0
CLI-000284,8026.0,25,8,5,62.5,21,6.2,13,7,0,7,10.1,4,0,362.5,0.0,0,0.5,0,0,0,0,1,0,0,0,1,0,0,0,0,0,0,0,0,0,0,1,1,0,0,0,0,0,1,0,1,0,0,0,0,1,0,0,0,0,0,1,1,0,0,0,0,0,1
CLI-004379,468778.0,24,212,17,8.0,1,0.1,4,2,6,2,14.5,3,0,6017.69,0.01,0,0.25,1,0,0,0,0,0,0,0,0,1,0,0,0,0,1,0,0,0,0,0,0,0,1,0,0,1,0,0,0,1,0,0,0,1,0,0,0,0,0,1,0,0,0,1,0,0,1
CLI-000547,3484.0,18,5,2,40.0,15,4.6,6,4,0,0,17.6,3,0,118.01,0.0,0,0.38,0,0,0,0,0,1,0,0,0,0,0,0,1,0,1,0,0,0,0,0,1,0,0,0,0,1,0,0,0,1,0,0,0,0,0,0,1,0,0,1,0,0,0,1,0,0,1
CLI-001637,29612.0,2,38,15,39.5,10,2.7,2,0,1,2,12.3,4,3,1128.49,0.02,0,0.12,1,0,0,0,0,0,0,0,0,0,0,0,1,0,0,0,0,0,0,1,0,1,0,0,0,1,0,0,0,0,1,0,0,0,0,0,1,0,1,0,0,0,0,1,1,0,0
CLI-001001,5472.0,1,42,22,52.4,32,16.7,10,0,0,1,10.65,4,5,1668.16,0.0,0,0.38,0,0,0,0,0,1,0,0,0,0,0,1,0,0,0,1,0,0,0,0,0,1,0,0,0,0,1,0,0,0,0,1,0,0,0,1,0,0,1,0,0,1,0,0,1,0,0
CLI-001246,85328.0,18,37,26,70.3,63,55.5,13,3,0,1,5.5,3,0,1651.73,0.0,0,0.5,1,0,0,0,0,0,0,0,0,0,0,0,0,1,0,0,0,0,1,0,0,0,1,0,0,0,1,0,0,1,0,0,0,0,0,1,0,0,1,0,0,0,0,1,0,0,1
CLI-002131,4355.0,16,10,6,50.0,34,10.7,4,4,1,8,44.7,1,0,126.44,0.0,0,0.5,0,1,0,0,0,0,0,0,0,1,0,0,0,0,1,0,0,0,0,0,1,0,0,0,1,0,0,0,0,1,0,0,0,0,0,0,1,1,0,0,0,0,0,1,0,0,1
CLI-002528,314761.0,23,174,68,39.1,6,5.7,15,11,3,4,7.2,3,0,15354.18,0.0,0,0.38,0,0,1,0,0,0,0,0,0,0,0,0,0,1,1,0,0,0,0,0,0,0,1,0,0,0,0,1,0,0,0,1,0,0,1,0,0,1,0,0,0,0,0,1,0,0,1
CLI-004113,8565.0,10,19,6,31.6,11,3.4,8,1,4,6,8.0,2,2,870.46,0.01,0,0.31,0,0,0,0,1,0,0,1,0,0,0,0,0,0,1,0,0,0,0,0,0,1,0,0,0,0,1,0,0,0,1,0,0,0,0,0,1,1,0,0,0,0,0,1,0,1,0
CLI-001056,31227.0,1,133,12,9.0,1,0.1,4,1,8,5,6.8,3,2,4760.24,0.27,0,0.15,0,1,0,0,0,0,0,0,0,0,0,0,0,1,1,0,0,0,0,0,0,0,1,0,0,0,1,0,0,1,0,0,0,1,0,0,0,1,0,0,1,0,0,0,1,0,0
CLI-000699,27193.0,21,29,21,72.4,35,13.2,5,3,1,3,28.7,3,0,436.34,0.0,0,0.62,0,0,0,0,0,0,1,0,0,0,0,0,1,0,1,0,0,0,0,0,0,1,0,0,1,0,0,0,0,0,0,1,0,1,0,0,0,0,1,0,0,0,0,1,0,0,1
CLI-001507,689.0,1,6,1,16.7,1,0.1,1,0,12,0,11.7,4,0,64.63,0.4,0,0.12,0,0,0,0,0,1,0,0,1,0,0,0,0,0,1,0,0,0,0,0,1,0,0,0,1,0,0,0,1,0,0,0,0,0,0,0,1,0,0,1,1,0,0,0,1,0,0
CLI-002653,17004.0,6,30,16,53.3,38,15.6,7,1,0,6,12.5,3,2,864.04,0.0,0,0.44,0,0,1,0,0,0,0,0,1,0,0,0,0,0,0,0,0,1,0,0,0,1,0,0,0,1,0,0,1,0,0,0,0,0,0,0,1,1,0,0,0,1,0,0,0,1,0
CLI-000509,9656.0,7,44,21,47.7,3,1.3,6,1,2,6,16.8,1,0,1070.54,0.01,0,0.38,0,0,0,0,1,0,0,0,0,0,0,0,1,0,1,0,0,0,0,0,0,1,0,0,0,1,0,0,1,0,0,0,0,0,0,1,0,0,1,0,1,0,0,0,0,1,0
CLI-002742,851113.0,6,453,333,73.5,62,45.5,17,1,0,5,1.7,3,0,35791.12,0.0,0,0.42,1,0,0,0,0,0,0,0,0,1,0,0,0,0,0,0,0,0,1,0,0,0,0,1,0,0,0,1,0,1,0,0,0,0,0,0,1,0,1,0,0,0,0,1,0,1,0
CLI-001183,715.0,1,8,5,62.5,46,23.2,9,0,2,0,7.8,3,4,217.99,0.07,0,0.56,0,0,1,0,0,0,0,0,0,0,1,0,0,0,1,0,0,0,0,0,1,0,0,0,0,1,0,0,0,0,1,0,0,0,0,1,0,1,0,0,0,0,0,1,1,0,0
CLI-000406,1433.0,6,3,2,66.7,33,12.7,4,2,1,4,25.4,4,3,41.61,0.01,0,0.5,0,0,0,0,0,1,0,0,0,1,0,0,0,0,0,0,1,0,0,0,1,0,0,0,1,0,0,0,0,0,0,1,0,1,0,0,0,0,0,1,0,0,0,1,0,1,0
CLI-002485,172534.0,15,97,65,67.0,53,24.1,27,2,1,0,4.7,5,0,9563.95,0.0,0,0.68,0,1,0,0,0,0,0,0,0,0,1,0,0,0,1,0,0,0,0,0,0,0,1,0,0,0,0,1,0,0,0,1,0,0,0,0,1,1,0,0,0,0,0,1,0,0,1
CLI-002543,17335.0,12,26,13,50.0,29,10.0,8,4,3,1,4.6,5,0,1112.64,0.01,0,0.31,0,0,0,0,0,0,1,0,0,1,0,0,0,0,0,0,0,0,0,1,0,1,0,0,0,0,1,0,1,0,0,0,0,0,0,0,1,0,0,1,0,0,1,0,0,1,0
CLI-003456,7300.0,21,10,2,20.0,2,0.2,1,3,23,5,26.4,3,0,127.18,0.04,0,0.12,0,0,0,0,0,0,1,1,0,0,0,0,0,0,1,0,0,0,0,0,1,0,0,0,1,0,0,0,0,0,0,1,0,0,0,0,1,0,0,1,1,0,0,0,0,0,1
CLI-004616,12006.0,10,8,6,75.0,59,20.5,25,0,2,2,0.5,3,1,697.2,0.01,0,0.62,0,0,0,0,0,0,1,1,0,0,0,0,0,0,0,0,1,0,0,0,0,1,0,0,0,0,0,1,1,0,0,0,0,0,0,1,0,0,0,1,0,0,0,1,0,1,0
CLI-001684,32851.0,1,96,62,64.6,25,19.9,8,0,1,6,7.5,3,1,3081.7,0.03,0,0.31,1,0,0,0,0,0,0,0,1,0,0,0,0,0,1,0,0,0,0,0,0,0,1,0,0,0,1,0,0,1,0,0,0,0,1,0,0,0,1,0,0,0,0,1,1,0,0
CLI-000075,27962.0,16,33,14,42.4,7,5.7,7,5,2,2,8.6,5,0,852.5,0.0,0,0.44,0,0,0,0,0,1,0,1,0,0,0,0,0,0,0,0,0,1,0,0,0,1,0,0,0,1,0,0,0,0,1,0,0,1,0,0,0,0,0,1,0,0,0,1,0,0,1
CLI-000482,210237.0,1,203,80,39.4,5,1.6,12,1,27,10,5.6,2,0,9495.82,0.9,0,0.46,1,0,0,0,0,0,0,0,0,0,0,1,0,0,1,0,0,0,0,0,0,0,1,0,0,0,1,0,0,0,1,0,0,0,0,1,0,0,1,0,0,0,0,1,1,0,0
CLI-000668,543.0,12,9,2,22.2,1,0.5,2,2,11,5,35.0,2,0,82.74,0.03,0,0.25,0,1,0,0,0,0,0,0,0,1,0,0,0,0,0,0,0,0,1,0,1,0,0,0,1,0,0,0,0,1,0,0,0,1,0,0,0,1,0,0,1,0,0,0,0,1,0
CLI-003510,34031.0,9,38,31,81.6,79,75.6,6,2,0,0,8.5,5,1,1121.66,0.0,0,0.38,0,0,0,0,0,0,1,0,0,1,0,0,0,0,1,0,0,0,0,0,0,1,0,0,0,1,0,0,0,0,0,0,1,0,1,0,0,0,0,1,0,0,0,1,0,1,0
CLI-000439,36627.0,8,34,24,70.6,33,20.4,24,2,0,0,0.5,5,2,2627.51,0.0,0,0.6,0,0,0,0,0,0,1,0,1,0,0,0,0,0,1,0,0,0,0,0,0,0,1,0,0,0,0,1,1,0,0,0,0,0,1,0,0,1,0,0,0,0,0,1,0,1,0
CLI-000270,7394.0,12,42,31,73.8,65,52.6,4,2,1,0,13.2,4,1,500.95,0.0,0,0.5,0,0,0,0,1,0,0,0,0,0,1,0,0,0,0,0,0,0,1,0,0,1,0,0,1,0,0,0,0,1,0,0,0,0,1,0,0,0,1,0,0,0,0,1,0,1,0
CLI-001613,125732.0,3,206,152,73.8,26,9.5,12,0,0,3,6.1,4,1,9583.21,0.0,0,0.46,0,0,0,1,0,0,0,0,0,0,1,0,0,0,1,0,0,0,0,0,0,0,1,0,0,0,1,0,0,1,0,0,0,0,1,0,0,1,0,0,0,0,0,1,1,0,0
CLI-001970,236980.0,26,241,123,51.0,15,8.5,13,6,3,1,1.5,5,0,10703.71,0.0,0,0.5,1,0,0,0,0,0,0,0,0,0,1,0,0,0,1,0,0,0,0,0,0,0,0,1,0,0,1,0,0,0,1,0,0,0,0,0,1,1,0,0,0,0,1,0,0,0,1
CLI-001845,10858.0,1,23,0,0.0,0,0.0,0,0,30,0,11.1,4,1,551.74,1.0,1,0.0,0,0,0,0,1,0,0,0,0,0,1,0,0,0,0,1,0,0,0,0,0,1,0,0,0,1,0,0,1,0,0,0,0,1,0,0,0,0,0,1,1,0,0,0,1,0,0
CLI-000079,476670.0,6,405,325,80.2,33,10.7,8,2,1,4,5.9,2,0,32400.0,0.01,0,0.2,1,0,0,0,0,0,0,0,1,0,0,0,0,0,1,0,0,0,0,0,0,0,0,1,0,0,0,1,0,0,1,0,0,0,0,0,1,0,0,1,1,0,0,0,0,1,0
CLI-000231,825.0,4,4,2,50.0,1,0.6,6,1,6,4,19.1,2,0,100.62,0.05,0,0.38,0,1,0,0,0,0,0,0,0,1,0,0,0,0,1,0,0,0,0,0,1,0,0,0,0,1,0,0,1,0,0,0,0,0,1,0,0,0,1,0,1,0,0,0,0,1,0
CLI-001594,9351.0,2,47,35,74.5,27,11.2,3,1,1,2,26.9,2,2,600.17,0.02,0,0.38,0,0,0,0,0,1,0,0,0,0,0,0,1,0,1,0,0,0,0,0,0,1,0,0,1,0,0,0,0,0,0,0,1,1,0,0,0,1,0,0,0,0,0,1,1,0,0
CLI-004141,433.0,12,7,2,28.6,6,3.0,3,5,15,0,10.65,3,0,88.01,0.04,0,0.38,0,0,1,0,0,0,0,1,0,0,0,0,0,0,0,1,0,0,0,0,1,0,0,0,1,0,0,0,0,0,1,0,0,0,1,0,0,0,0,1,0,0,0,1,0,1,0
CLI-002135,9114.0,4,10,7,70.0,42,23.3,8,3,2,2,11.9,4,0,277.88,0.02,0,0.5,0,1,0,0,0,0,0,1,0,0,0,0,0,0,0,1,0,0,0,0,1,0,0,0,0,1,0,0,0,0,0,1,0,0,0,0,1,1,0,0,0,0,1,0,0,1,0
CLI-002924,25511.0,12,22,12,54.5,19,11.6,7,6,0,1,10.65,4,0,676.33,0.0,0,0.44,0,0,0,0,0,0,1,0,0,0,0,0,0,1,1,0,0,0,0,0,0,1,0,0,0,1,0,0,0,0,1,0,0,1,0,0,0,0,1,0,0,0,1,0,0,1,0
CLI-000025,2714.0,1,26,7,26.9,1,0.2,3,0,2,3,10.65,2,3,551.71,0.07,0,0.19,0,0,0,0,0,0,1,0,0,0,0,0,1,0,1,0,0,0,0,0,0,1,0,0,0,1,0,0,0,1,0,0,0,0,0,0,1,1,0,0,1,0,0,0,1,0,0
CLI-000820,165528.0,15,56,26,46.4,22,12.2,12,4,1,3,4.7,3,0,3364.39,0.0,0,0.46,0,0,0,0,0,0,1,0,0,0,0,1,0,0,1,0,0,0,0,0,0,1,0,0,0,0,1,0,0,0,1,0,0,1,0,0,0,0,0,1,0,0,0,1,0,0,1
CLI-003265,164305.0,16,200,119,59.5,27,4.7,7,3,0,0,1.8,5,0,5565.88,0.0,0,0.44,0,0,0,0,0,1,0,0,1,0,0,0,0,0,1,0,0,0,0,0,0,0,1,0,0,1,0,0,0,0,0,1,0,0,0,0,1,1,0,0,0,0,1,0,0,0,1
CLI-000242,1319.0,12,2,1,50.0,4,2.4,8,0,5,3,10.65,3,0,50.28,0.01,0,0.5,0,0,1,0,0,0,0,0,0,0,0,1,0,0,0,0,0,0,0,1,1,0,0,0,0,1,0,0,0,1,0,0,0,0,0,0,1,1,0,0,0,1,0,0,0,1,0
CLI-001765,23568.0,7,45,18,40.0,9,1.7,5,1,0,0,6.4,5,0,1064.52,0.0,0,0.31,0,0,0,0,0,1,0,1,0,0,0,0,0,0,0,0,0,1,0,0,0,1,0,0,0,1,0,0,0,0,0,1,0,0,1,0,0,0,1,0,0,1,0,0,0,1,0
CLI-000139,331.0,17,3,1,33.3,18,11.3,4,0,1,3,10.65,4,0,31.02,0.0,0,0.5,0,0,0,0,0,1,0,0,1,0,0,0,0,0,1,0,0,0,0,0,1,0,0,0,1,0,0,0,0,0,1,0,0,0,0,0,1,0,1,0,0,1,0,0,0,0,1
CLI-002840,25275.0,18,51,0,0.0,0,0.0,0,0,84,5,16.2,3,0,1340.16,0.16,1,0.0,0,0,0,0,0,0,1,1,0,0,0,0,0,0,1,0,0,0,0,0,0,1,0,0,0,1,0,0,0,0,0,0,1,1,0,0,0,0,1,0,0,0,0,1,0,0,1
CLI-000896,1466.0,10,11,6,54.5,23,11.5,2,10,6,1,20.4,5,0,127.66,0.02,0,0.25,1,0,0,0,0,0,0,1,0,0,0,0,0,0,1,0,0,0,0,0,1,0,0,0,1,0,0,0,0,0,0,0,1,1,0,0,0,0,0,1,0,0,0,1,0,1,0
CLI-000013,11350.0,2,44,6,13.6,1,0.2,3,0,14,3,14.9,3,1,1064.77,0.23,0,0.19,0,0,0,0,0,0,1,0,0,0,0,0,1,0,1,0,0,0,0,0,0,1,0,0,0,1,0,0,1,0,0,0,0,0,0,1,0,0,1,0,1,0,0,0,1,0,0
CLI-003442,424.0,4,1,1,100.0,67,5.7,13,1,1,3,6.1,3,0,51.75,0.01,0,0.5,1,0,0,0,0,0,0,0,0,1,0,0,0,0,1,0,0,0,0,0,1,0,0,0,0,0,1,0,0,0,1,0,0,0,0,1,0,0,1,0,0,1,0,0,0,1,0
CLI-001661,25752.0,9,22,14,63.6,23,4.5,1,2,2,8,17.5,1,1,581.57,0.01,0,0.06,0,0,0,0,0,1,0,0,0,0,0,0,0,1,1,0,0,0,0,0,0,1,0,0,0,1,0,0,0,1,0,0,0,0,1,0,0,0,0,1,1,0,0,0,0,1,0
CLI-001085,33610.0,3,117,13,11.1,1,0.4,5,1,8,3,10.65,3,2,2732.49,0.09,0,0.31,0,1,0,0,0,0,0,0,1,0,0,0,0,0,0,0,1,0,0,0,0,0,1,0,0,1,0,0,0,0,0,0,1,0,1,0,0,1,0,0,1,0,0,0,1,0,0
CLI-000291,126398.0,27,42,12,28.6,8,2.4,8,4,2,5,6.3,3,0,2202.05,0.0,0,0.31,0,0,1,0,0,0,0,1,0,0,0,0,0,0,0,0,0,1,0,0,0,1,0,0,0,0,1,0,0,0,0,1,0,1,0,0,0,0,1,0,0,0,0,1,0,0,1
CLI-001220,112469.0,11,116,25,21.6,1,0.4,8,1,5,0,2.9,3,2,5963.38,0.02,0,0.31,0,0,0,0,0,0,1,0,1,0,0,0,0,0,0,0,1,0,0,0,0,0,1,0,0,0,1,0,0,0,0,0,1,0,0,1,0,0,1,0,1,0,0,0,0,1,0
CLI-003960,667.0,1,3,1,33.3,11,3.7,2,0,0,0,11.9,5,6,36.96,0.0,0,0.25,0,0,1,0,0,0,0,0,1,0,0,0,0,0,1,0,0,0,0,0,1,0,0,0,1,0,0,0,0,0,0,1,0,0,1,0,0,1,0,0,0,0,0,1,1,0,0
CLI-001013,233603.0,2,162,101,62.3,39,29.6,19,0,1,0,10.65,4,0,14244.09,0.02,0,0.48,1,0,0,0,0,0,0,0,0,0,0,1,0,0,0,1,0,0,0,0,0,0,1,0,0,0,0,1,1,0,0,0,0,1,0,0,0,1,0,0,0,1,0,0,1,0,0
CLI-003126,570.0,13,4,2,50.0,10,2.3,3,1,3,5,13.7,3,0,99.28,0.01,0,0.19,1,0,0,0,0,0,0,0,1,0,0,0,0,0,1,0,0,0,0,0,1,0,0,0,0,1,0,0,0,1,0,0,0,0,0,0,1,1,0,0,0,0,0,1,0,0,1
CLI-002277,234358.0,9,180,85,47.2,11,2.9,7,0,1,0,8.1,4,1,7938.97,0.0,0,0.27,0,0,1,0,0,0,0,0,0,1,0,0,0,0,1,0,0,0,0,0,0,0,1,0,0,0,1,0,0,0,1,0,0,0,1,0,0,1,0,0,0,0,0,1,0,1,0
CLI-000400,22382.0,8,56,29,51.8,13,1.1,6,1,0,3,16.3,3,0,1240.71,0.0,0,0.38,0,0,0,0,1,0,0,0,1,0,0,0,0,0,1,0,0,0,0,0,0,1,0,0,0,1,0,0,0,1,0,0,0,0,1,0,0,0,0,1,0,0,0,1,0,1,0
CLI-003304,10955.0,1,50,28,56.0,19,3.4,6,0,1,1,8.5,5,0,1214.49,0.03,0,0.38,0,0,0,0,0,1,0,0,0,1,0,0,0,0,0,0,0,0,1,0,0,1,0,0,0,1,0,0,0,0,1,0,0,1,0,0,0,0,0,1,0,0,0,1,1,0,0
CLI-000499,83864.0,11,44,26,59.1,8,3.3,17,2,3,6,5.5,4,1,3520.0,0.01,0,0.42,0,0,0,0,0,1,0,0,0,0,0,1,0,0,0,0,0,1,0,0,0,0,1,0,0,0,0,1,0,1,0,0,0,0,0,0,1,0,0,1,0,0,0,1,0,1,0
CLI-000247,2755.0,12,32,20,50.0,18,0.9,6,3,0,3,10.65,3,0,480.0,0.0,0,0.38,0,0,0,0,1,0,0,0,1,0,0,0,0,0,1,0,0,0,0,0,0,1,0,0,0,1,0,0,1,0,0,0,0,1,0,0,0,0,0,1,0,0,0,1,0,1,0
CLI-003178,4253.0,1,24,7,29.2,9,0.4,8,0,1,0,1.6,5,2,1037.37,0.03,0,0.31,0,1,0,0,0,0,0,0,1,0,0,0,0,0,0,1,0,0,0,0,0,1,0,0,0,0,1,0,0,0,0,0,1,0,0,1,0,0,1,0,0,1,0,0,1,0,0
CLI-001614,922.0,20,3,2,66.7,50,6.9,4,4,1,3,32.4,2,0,40.17,0.0,0,0.5,0,0,0,0,0,0,1,1,0,0,0,0,0,0,0,0,0,1,0,0,1,0,0,0,1,0,0,0,0,0,0,0,1,0,0,0,1,0,0,1,0,0,0,1,0,0,1
CLI-003536,6817.0,9,32,5,15.6,4,1.1,3,3,7,0,27.2,3,0,296.92,0.03,0,0.38,0,0,0,1,0,0,0,0,0,1,0,0,0,0,1,0,0,0,0,0,0,1,0,0,1,0,0,0,1,0,0,0,0,0,0,0,1,0,1,0,1,0,0,0,0,1,0
CLI-001106,13419.0,2,39,26,66.7,31,15.5,5,0,1,2,19.0,4,1,467.55,0.02,0,0.62,0,0,0,0,0,0,1,0,0,0,1,0,0,0,1,0,0,0,0,0,0,1,0,0,1,0,0,0,0,0,0,0,1,0,1,0,0,1,0,0,0,0,0,1,1,0,0
CLI-000811,19195.0,5,14,3,21.4,1,0.1,16,2,2,5,4.9,2,0,1170.41,0.01,0,0.4,0,0,0,0,0,1,0,0,0,0,0,0,1,0,1,0,0,0,0,0,0,1,0,0,0,0,0,1,1,0,0,0,0,0,1,0,0,0,1,0,1,0,0,0,0,1,0
CLI-001878,85481.0,10,114,57,50.0,28,13.9,7,4,0,1,4.9,3,0,4343.55,0.0,0,0.27,0,0,0,0,1,0,0,1,0,0,0,0,0,0,1,0,0,0,0,0,0,0,1,0,0,0,1,0,0,0,1,0,0,0,0,0,1,0,0,1,0,0,1,0,0,1,0
CLI-002850,300.0,18,2,1,50.0,18,11.2,4,2,0,6,32.6,2,0,22.56,0.0,0,0.5,0,0,0,1,0,0,0,0,0,0,0,0,1,0,0,0,1,0,0,0,1,0,0,0,1,0,0,0,1,0,0,0,0,0,1,0,0,1,0,0,1,0,0,0,0,0,1
CLI-000532,70903.0,10,206,76,36.9,20,8.8,8,2,0,3,13.3,2,1,6176.21,0.0,0,0.5,0,0,0,0,0,0,1,1,0,0,0,0,0,0,0,1,0,0,0,0,0,0,1,0,0,1,0,0,0,1,0,0,0,1,0,0,0,1,0,0,1,0,0,0,0,1,0
CLI-003394,124709.0,1,106,51,48.1,30,27.1,9,0,0,2,7.5,4,3,4752.64,0.0,0,0.35,0,0,0,0,1,0,0,1,0,0,0,0,0,0,0,0,0,1,0,0,0,0,1,0,0,0,1,0,0,0,1,0,0,1,0,0,0,0,0,1,0,1,0,0,1,0,0
CLI-001590,7973.0,6,22,12,54.5,31,18.6,13,2,4,0,4.2,5,2,972.33,0.02,0,0.5,0,1,0,0,0,0,0,0,1,0,0,0,0,0,0,0,0,1,0,0,0,1,0,0,0,0,1,0,0,0,0,1,0,1,0,0,0,0,1,0,0,0,0,1,0,1,0
CLI-001302,279224.0,3,215,98,50.0,3,1.1,8,0,30,2,7.1,4,2,11350.58,0.33,1,0.31,0,0,0,0,1,0,0,0,0,0,0,0,1,0,1,0,0,0,0,0,0,0,1,0,0,0,1,0,0,0,0,1,0,0,0,1,0,0,1,0,0,1,0,0,1,0,0
CLI-000466,18227.0,5,13,6,46.2,22,4.5,14,3,3,3,4.6,3,4,966.43,0.02,0,0.35,1,0,0,0,0,0,0,0,1,0,0,0,0,0,1,0,0,0,0,0,0,1,0,0,0,0,0,1,0,1,0,0,0,0,1,0,0,0,1,0,0,0,0,1,0,1,0
CLI-000355,7530.0,1,9,3,33.3,6,1.9,3,0,6,9,20.0,2,1,223.96,0.2,0,0.19,0,0,0,0,0,0,1,0,0,1,0,0,0,0,1,0,0,0,0,0,1,0,0,0,0,1,0,0,0,0,0,0,1,1,0,0,0,0,1,0,0,0,0,1,1,0,0
CLI-004539,5755.0,22,6,3,50.0,14,14.1,9,9,2,1,8.3,5,0,152.57,0.0,0,0.56,0,0,0,0,1,0,0,0,0,0,0,1,0,0,1,0,0,0,0,0,1,0,0,0,0,1,0,0,0,0,1,0,0,0,1,0,0,1,0,0,0,0,1,0,0,0,1
CLI-000104,17174.0,3,36,9,25.0,3,0.4,7,0,3,3,3.5,2,2,1745.29,0.03,0,0.27,0,0,0,0,1,0,0,0,0,0,0,0,1,0,1,0,0,0,0,0,0,1,0,0,0,0,1,0,0,1,0,0,0,0,0,1,0,0,1,0,1,0,0,0,1,0,0
CLI-001994,75711.0,14,87,50,50.0,34,19.8,11,6,0,9,6.1,1,0,7102.34,0.0,0,0.28,1,0,0,0,0,0,0,0,0,0,0,1,0,0,1,0,0,0,0,0,0,0,1,0,0,0,0,1,0,0,0,1,0,1,0,0,0,1,0,0,0,0,0,1,0,0,1
CLI-002185,2954.0,18,6,3,50.0,35,36.0,6,3,1,2,13.8,4,0,180.1,0.0,0,0.38,0,0,0,0,0,0,1,0,0,1,0,0,0,0,1,0,0,0,0,0,1,0,0,0,0,1,0,0,0,0,1,0,0,1,0,0,0,0,0,1,0,0,0,1,0,0,1
CLI-000832,498250.0,16,174,68,39.1,15,7.8,10,3,1,0,0.5,5,0,14130.73,0.0,0,0.25,0,0,0,0,0,1,0,0,0,0,0,0,1,0,0,1,0,0,0,0,0,0,1,0,0,0,0,1,0,0,0,0,1,0,0,0,1,1,0,0,0,0,1,0,0,0,1
CLI-004235,365.0,11,1,0,0.0,0,0.0,0,0,39,4,23.6,4,0,12.35,0.12,1,0.0,0,0,0,0,1,0,0,0,0,0,0,0,1,0,1,0,0,0,0,0,1,0,0,0,1,0,0,0,1,0,0,0,0,0,1,0,0,1,0,0,1,0,0,0,0,1,0
CLI-004421,3205.0,1,9,7,77.8,54,35.5,3,0,0,1,24.0,5,0,93.05,0.0,0,0.38,0,0,0,0,0,0,1,0,0,1,0,0,0,0,1,0,0,0,0,0,1,0,0,0,1,0,0,0,0,0,0,1,0,1,0,0,0,1,0,0,0,0,0,1,1,0,0
CLI-004139,1623.0,12,10,0,0.0,0,5.7,0,0,79,0,8.9,4,0,197.9,0.22,1,0.0,0,0,1,0,0,0,0,0,0,0,1,0,0,0,1,0,0,0,0,0,1,0,0,0,0,1,0,0,0,0,0,0,1,0,0,0,1,0,1,0,0,0,0,1,0,1,0
CLI-000044,135838.0,13,161,123,76.4,54,5.7,8,2,0,0,7.1,4,0,4601.55,0.0,0,0.5,0,1,0,0,0,0,0,0,0,0,0,1,0,0,1,0,0,0,0,0,0,0,1,0,0,1,0,0,0,0,1,0,0,0,0,0,1,0,0,1,0,0,0,1,0,0,1
CLI-000397,21943.0,12,47,8,17.0,7,1.9,4,4,7,4,11.8,4,0,1163.48,0.02,0,0.25,0,0,0,0,1,0,0,0,0,0,1,0,0,0,1,0,0,0,0,0,0,1,0,0,0,1,0,0,0,0,0,0,1,1,0,0,0,0,0,1,1,0,0,0,0,1,0
CLI-000177,67525.0,8,54,41,75.9,56,32.9,12,0,1,5,11.8,4,0,2940.98,0.0,0,0.46,0,0,0,0,1,0,0,0,0,1,0,0,0,0,1,0,0,0,0,0,0,1,0,0,0,0,1,0,0,1,0,0,0,1,0,0,0,1,0,0,0,1,0,0,0,1,0
CLI-000808,273426.0,10,534,364,68.2,53,22.9,15,1,0,0,3.5,5,0,22229.74,0.0,0,0.58,0,0,0,1,0,0,0,0,0,1,0,0,0,0,1,0,0,0,0,0,0,0,0,1,0,0,1,0,1,0,0,0,0,0,0,0,1,0,1,0,0,0,0,1,0,1,0
CLI-003205,444.0,1,2,0,0.0,0,0.0,0,0,30,4,30.4,2,5,18.67,1.0,1,0.0,0,0,0,1,0,0,0,0,0,0,0,1,0,0,1,0,0,0,0,0,1,0,0,0,1,0,0,0,0,0,0,1,0,0,0,1,0,0,0,1,0,0,0,1,1,0,0
CLI-003151,13087.0,13,33,3,9.1,1,0.1,2,0,30,4,4.8,4,0,1485.0,0.08,1,0.08,0,1,0,0,0,0,0,0,0,0,0,1,0,0,0,0,0,1,0,0,0,1,0,0,0,0,1,0,0,0,0,0,1,0,0,0,1,0,1,0,0,0,0,1,0,0,1
CLI-001870,682.0,6,11,6,54.5,22,2.0,3,0,2,5,37.4,1,1,118.85,0.01,0,0.38,0,1,0,0,0,0,0,0,0,0,0,0,0,1,1,0,0,0,0,0,1,0,0,0,1,0,0,0,0,0,1,0,0,0,0,1,0,0,1,0,1,0,0,0,0,1,0
CLI-001241,3016.0,8,10,8,80.0,70,56.7,10,2,1,0,10.65,5,1,282.92,0.0,0,0.62,0,0,1,0,0,0,0,1,0,0,0,0,0,0,0,0,0,1,0,0,1,0,0,0,0,1,0,0,0,0,0,0,1,0,0,0,1,0,0,1,0,0,0,1,0,1,0
CLI-000202,38841.0,22,34,18,52.9,18,10.1,9,4,2,2,7.7,4,0,1691.7,0.0,0,0.35,0,0,0,0,1,0,0,1,0,0,0,0,0,0,1,0,0,0,0,0,0,1,0,0,0,0,1,0,0,0,0,0,1,0,0,1,0,0,0,1,0,0,0,1,0,0,1
CLI-004774,12451.0,12,64,37,57.8,31,15.1,4,6,0,4,29.2,2,0,893.18,0.0,0,0.5,0,1,0,0,0,0,0,0,0,0,1,0,0,0,1,0,0,0,0,0,0,0,1,0,1,0,0,0,0,0,0,0,1,0,0,1,0,1,0,0,0,0,0,1,0,1,0
CLI-002192,10042.0,10,51,30,58.8,27,5.7,2,2,1,4,10.65,2,0,612.29,0.0,0,0.25,0,0,0,0,0,1,0,0,1,0,0,0,0,0,1,0,0,0,0,0,0,1,0,0,1,0,0,0,0,0,0,0,1,0,0,0,1,0,1,0,0,0,0,1,0,1,0
CLI-001804,33492.0,12,34,18,52.9,36,21.2,19,4,1,0,2.1,3,0,2042.2,0.0,0,0.48,0,0,1,0,0,0,0,0,0,0,1,0,0,0,0,0,0,0,1,0,0,1,0,0,0,0,0,1,0,1,0,0,0,0,0,1,0,0,1,0,0,0,1,0,0,1,0
CLI-002209,13965.0,14,50,14,28.0,2,0.1,5,5,10,3,8.7,2,0,1216.46,0.02,0,0.31,0,1,0,0,0,0,0,0,0,1,0,0,0,0,0,0,1,0,0,0,0,1,0,0,0,1,0,0,1,0,0,0,0,1,0,0,0,0,1,0,1,0,0,0,0,0,1
CLI-004118,300.0,10,8,1,12.5,1,0.1,0,3,17,4,34.3,2,0,80.47,0.06,0,0.0,1,0,0,0,0,0,0,0,0,0,0,1,0,0,0,1,0,0,0,0,1,0,0,0,1,0,0,0,0,0,1,0,0,0,0,1,0,0,1,0,1,0,0,0,0,1,0
CLI-000790,17630.0,21,33,0,0.0,0,0.0,0,0,163,0,9.3,5,0,796.31,0.26,1,0.0,0,0,1,0,0,0,0,0,1,0,0,0,0,0,1,0,0,0,0,0,0,0,1,0,0,1,0,0,0,0,0,1,0,0,1,0,0,1,0,0,0,0,0,1,0,0,1
CLI-002737,675648.0,14,572,302,52.8,4,0.4,11,4,2,5,3.8,2,0,51497.59,0.0,0,0.28,0,0,0,0,0,0,1,0,0,1,0,0,0,0,0,1,0,0,0,0,0,0,0,1,0,0,0,1,0,0,0,1,0,0,1,0,0,0,0,1,1,0,0,0,0,0,1
CLI-000936,1489162.0,1,417,229,54.9,14,6.3,12,2,2,0,1.2,5,4,41273.89,0.07,0,0.3,0,0,0,0,0,0,1,0,1,0,0,0,0,0,0,1,0,0,0,0,0,0,0,1,0,0,0,1,0,0,0,0,1,0,1,0,0,0,0,1,0,0,0,1,1,0,0
CLI-002352,11193.0,11,27,4,14.8,1,0.2,1,3,10,1,26.1,3,1,324.0,0.03,0,0.12,0,1,0,0,0,0,0,1,0,0,0,0,0,0,1,0,0,0,0,0,0,1,0,0,1,0,0,0,0,1,0,0,0,1,0,0,0,1,0,0,1,0,0,0,0,1,0
CLI-004044,486842.0,10,440,341,77.5,39,28.0,21,1,0,1,5.2,3,1,29685.5,0.0,0,0.52,0,0,0,0,1,0,0,0,0,1,0,0,0,0,1,0,0,0,0,0,0,0,0,1,0,0,0,1,0,0,0,0,1,0,0,0,1,0,0,1,0,1,0,0,0,1,0
CLI-003590,1111.0,13,9,6,66.7,26,10.8,3,4,2,1,29.0,3,0,96.74,0.01,0,0.38,0,1,0,0,0,0,0,1,0,0,0,0,0,0,1,0,0,0,0,0,1,0,0,0,1,0,0,0,1,0,0,0,0,1,0,0,0,0,1,0,0,1,0,0,0,0,1
CLI-004020,3356.0,4,8,5,62.5,24,10.3,3,3,2,3,22.5,4,1,110.61,0.02,0,0.38,0,0,0,1,0,0,0,0,0,0,1,0,0,0,1,0,0,0,0,0,1,0,0,0,1,0,0,0,0,0,0,0,1,1,0,0,0,0,0,1,0,0,0,1,0,1,0
CLI-002354,57444.0,8,40,29,72.5,41,25.9,6,3,1,1,9.0,3,1,1094.58,0.0,0,0.38,0,0,0,0,1,0,0,0,0,0,0,0,1,0,0,0,0,0,1,0,0,1,0,0,0,1,0,0,0,1,0,0,0,0,0,1,0,0,1,0,0,0,0,1,0,1,0
CLI-000643,5848.0,12,22,12,54.5,24,5.7,11,3,1,4,10.6,3,0,891.5,0.0,0,0.42,0,0,0,0,0,0,1,0,1,0,0,0,0,0,1,0,0,0,0,0,0,1,0,0,0,0,1,0,1,0,0,0,0,0,0,0,1,0,1,0,0,1,0,0,0,1,0
CLI-004691,12680.0,7,52,46,88.5,71,66.5,8,0,0,2,14.6,4,1,1288.66,0.0,0,0.5,1,0,0,0,0,0,0,0,1,0,0,0,0,0,0,0,0,0,0,1,0,1,0,0,0,1,0,0,0,0,0,1,0,1,0,0,0,0,1,0,0,0,0,1,0,1,0
CLI-001688,28970.0,22,43,26,60.5,13,9.1,9,2,8,0,0.5,4,0,2208.1,0.01,0,0.35,0,0,0,0,0,1,0,0,0,0,1,0,0,0,1,0,0,0,0,0,0,0,1,0,0,0,1,0,0,1,0,0,0,1,0,0,0,0,0,1,0,0,1,0,0,0,1
CLI-003382,67818.0,29,46,21,45.7,24,12.7,13,3,1,3,7.1,4,0,2584.52,0.0,0,0.5,0,0,1,0,0,0,0,0,0,0,0,0,0,1,0,0,0,0,0,1,0,1,0,0,0,0,1,0,1,0,0,0,0,0,1,0,0,1,0,0,0,0,0,1,0,0,1
CLI-000877,66952.0,14,134,67,50.0,22,10.9,5,1,0,5,26.6,3,0,3549.95,0.0,0,0.31,0,0,0,0,0,1,0,0,0,1,0,0,0,0,1,0,0,0,0,0,0,0,1,0,0,1,0,0,0,0,1,0,0,0,1,0,0,0,0,1,0,1,0,0,0,0,1
CLI-002920,92784.0,6,45,37,82.2,65,44.4,10,1,0,0,7.5,5,1,1271.36,0.0,0,0.62,0,0,1,0,0,0,0,0,0,0,1,0,0,0,1,0,0,0,0,0,0,1,0,0,0,1,0,0,0,0,1,0,0,1,0,0,0,1,0,0,0,0,0,1,0,1,0
CLI-003087,378128.0,13,438,139,31.7,11,4.1,11,2,0,1,1.9,5,0,18445.29,0.0,0,0.42,0,1,0,0,0,0,0,0,0,0,0,0,1,0,0,0,0,0,0,1,0,0,0,1,0,0,1,0,0,0,1,0,0,0,0,1,0,1,0,0,0,0,0,1,0,0,1
CLI-003020,9039.0,19,13,4,30.8,7,3.7,2,2,1,1,10.65,5,0,324.22,0.0,0,0.12,0,0,0,1,0,0,0,0,0,1,0,0,0,0,0,0,0,0,1,0,0,1,0,0,0,1,0,0,1,0,0,0,0,1,0,0,0,0,0,1,0,0,0,1,0,0,1
CLI-000517,37823.0,10,42,13,31.0,8,3.7,4,1,2,3,5.6,2,0,1590.55,0.01,0,0.15,0,1,0,0,0,0,0,0,0,0,0,0,0,1,1,0,0,0,0,0,0,1,0,0,0,0,1,0,0,0,0,0,1,0,0,0,1,0,0,1,1,0,0,0,0,1,0
CLI-001909,13014.0,14,55,47,85.5,39,15.8,5,3,0,0,7.8,4,0,1322.53,0.0,0,0.31,0,1,0,0,0,0,0,0,1,0,0,0,0,0,1,0,0,0,0,0,0,1,0,0,0,1,0,0,1,0,0,0,0,0,0,0,1,0,0,1,0,0,1,0,0,0,1
CLI-003279,5672.0,1,30,18,60.0,40,5.2,6,0,0,0,10.65,3,4,628.8,0.0,0,0.38,0,0,1,0,0,0,0,1,0,0,0,0,0,0,0,0,0,1,0,0,0,1,0,0,0,1,0,0,0,0,0,0,1,0,0,0,1,0,1,0,0,0,0,1,1,0,0
CLI-002532,243614.0,6,167,69,41.3,11,5.7,12,1,2,3,6.4,4,0,8488.3,0.01,0,0.46,0,0,0,0,1,0,0,0,0,0,0,0,0,1,1,0,0,0,0,0,0,0,1,0,0,0,1,0,0,0,1,0,0,0,1,0,0,1,0,0,0,0,0,1,0,1,0
CLI-000531,4173.0,19,5,1,20.0,3,1.7,4,4,6,2,7.7,4,0,101.79,0.01,0,0.25,0,0,0,1,0,0,0,0,0,0,0,1,0,0,1,0,0,0,0,0,1,0,0,0,0,1,0,0,0,0,0,0,1,0,0,0,1,1,0,0,1,0,0,0,0,0,1
CLI-001304,3248.0,16,7,4,57.1,33,19.3,4,3,2,2,19.3,5,0,79.23,0.0,0,0.5,0,0,0,1,0,0,0,0,0,1,0,0,0,0,1,0,0,0,0,0,1,0,0,0,1,0,0,0,0,1,0,0,0,0,0,0,1,1,0,0,0,0,1,0,0,0,1
CLI-004145,3720.0,27,6,4,66.7,39,15.5,7,3,1,0,7.2,5,0,174.47,0.0,0,0.44,1,0,0,0,0,0,0,0,0,0,0,0,0,1,1,0,0,0,0,0,1,0,0,0,0,1,0,0,1,0,0,0,0,0,1,0,0,1,0,0,0,0,0,1,0,0,1
CLI-000647,15378.0,12,5,2,40.0,31,17.4,17,1,0,1,3.9,3,0,293.03,0.0,0,0.65,0,0,0,0,1,0,0,0,1,0,0,0,0,0,1,0,0,0,0,0,1,0,0,0,0,0,1,0,1,0,0,0,0,0,1,0,0,0,0,1,0,0,0,1,0,1,0
CLI-004440,96301.0,8,52,45,86.5,72,42.1,18,0,1,6,13.0,2,0,2446.67,0.0,0,0.69,0,0,0,1,0,0,0,0,0,0,0,1,0,0,1,0,0,0,0,0,0,1,0,0,0,0,1,0,0,1,0,0,0,0,1,0,0,1,0,0,0,0,0,1,0,1,0
CLI-003142,9707.0,11,31,10,32.3,10,2.3,13,1,0,1,5.8,3,1,1395.0,0.0,0,0.5,0,0,1,0,0,0,0,0,0,1,0,0,0,0,0,1,0,0,0,0,0,0,1,0,0,0,1,0,0,1,0,0,0,0,0,1,0,1,0,0,0,0,0,1,0,1,0
CLI-004761,107239.0,16,25,6,24.0,1,0.1,4,5,13,0,1.4,5,0,1334.48,0.03,0,0.15,0,1,0,0,0,0,0,1,0,0,0,0,0,0,1,0,0,0,0,0,0,1,0,0,0,0,1,0,0,0,1,0,0,0,0,1,0,0,1,0,0,0,0,1,0,0,1
CLI-001152,371639.0,19,276,71,25.7,1,0.3,2,4,8,0,2.0,4,0,20600.81,0.01,0,0.05,0,0,1,0,0,0,0,0,1,0,0,0,0,0,1,0,0,0,0,0,0,0,0,1,0,0,0,1,0,0,0,0,1,0,1,0,0,0,1,0,0,0,1,0,0,0,1
CLI-004343,457249.0,18,501,310,61.9,6,2.8,12,2,3,3,8.1,5,0,42893.88,0.01,0,0.3,0,0,0,0,0,1,0,0,0,0,0,1,0,0,1,0,0,0,0,0,0,0,0,1,0,0,0,1,0,1,0,0,0,0,1,0,0,0,1,0,0,0,0,1,0,0,1
CLI-001451,1301.0,20,3,2,66.7,12,2.3,6,2,0,8,10.65,3,0,83.53,0.0,0,0.38,1,0,0,0,0,0,0,0,0,1,0,0,0,0,1,0,0,0,0,0,1,0,0,0,0,1,0,0,0,0,0,0,1,0,0,0,1,0,1,0,0,0,0,1,0,0,1
CLI-004775,95630.0,17,45,0,0.0,0,0.0,0,0,77,7,10.1,1,0,2045.99,0.15,1,0.0,0,1,0,0,0,0,0,1,0,0,0,0,0,0,0,0,1,0,0,0,0,1,0,0,0,0,1,0,1,0,0,0,0,0,0,1,0,0,1,0,1,0,0,0,0,0,1
CLI-003563,4890.0,14,10,5,50.0,17,12.0,4,5,3,0,8.0,3,1,248.47,0.01,0,0.25,0,0,0,0,1,0,0,0,0,0,0,1,0,0,1,0,0,0,0,0,1,0,0,0,0,1,0,0,1,0,0,0,0,0,1,0,0,0,1,0,0,0,1,0,0,0,1
CLI-004411,3364.0,14,7,6,85.7,57,24.7,5,3,3,2,19.1,3,0,186.47,0.01,0,0.31,0,0,0,1,0,0,0,0,0,0,0,1,0,0,0,0,1,0,0,0,1,0,0,0,0,1,0,0,0,1,0,0,0,1,0,0,0,1,0,0,0,1,0,0,0,0,1
CLI-002273,45209.0,21,35,19,54.3,25,16.5,4,7,2,5,17.0,2,0,1020.98,0.0,0,0.25,0,0,0,0,0,0,1,0,1,0,0,0,0,0,0,0,1,0,0,0,0,1,0,0,0,1,0,0,0,1,0,0,0,0,0,0,1,0,1,0,1,0,0,0,0,0,1
CLI-002875,28351.0,4,193,68,35.2,1,5.7,8,0,12,5,10.4,2,1,8643.54,0.1,0,0.31,0,0,0,1,0,0,0,0,0,0,1,0,0,0,1,0,0,0,0,0,0,0,1,0,0,0,1,0,0,0,0,0,1,0,0,1,0,0,0,1,0,0,0,1,0,1,0
CLI-003915,102087.0,23,30,26,86.7,62,27.8,24,5,0,3,4.8,4,0,2829.45,0.0,0,0.6,1,0,0,0,0,0,0,0,0,1,0,0,0,0,1,0,0,0,0,0,0,0,1,0,0,0,0,1,1,0,0,0,0,0,0,1,0,0,0,1,0,0,1,0,0,0,1
CLI-003164,17433.0,16,43,27,62.8,27,17.7,6,5,1,4,10.65,3,0,1062.98,0.0,0,0.38,0,0,0,0,1,0,0,0,0,0,1,0,0,0,0,0,0,0,0,1,0,1,0,0,0,1,0,0,0,0,1,0,0,0,0,1,0,0,0,1,0,0,0,1,0,0,1
CLI-003745,2667.0,7,10,3,30.0,15,6.8,1,0,1,4,21.0,1,1,191.3,0.0,0,0.06,0,0,0,0,1,0,0,0,0,0,0,0,0,1,0,0,1,0,0,0,1,0,0,0,0,1,0,0,0,0,0,0,1,1,0,0,0,0,1,0,0,0,0,1,0,1,0
CLI-000644,978.0,13,10,1,10.0,1,0.3,0,7,1,0,9.0,5,0,99.4,0.0,0,0.0,0,0,0,0,0,0,1,0,0,0,0,0,0,1,1,0,0,0,0,0,1,0,0,0,1,0,0,0,0,0,0,0,1,0,0,0,1,0,1,0,0,0,0,1,0,0,1
CLI-003492,2780.0,13,8,5,62.5,24,10.5,2,2,0,2,28.3,4,0,94.17,0.0,0,0.25,0,0,0,0,0,0,1,1,0,0,0,0,0,0,0,1,0,0,0,0,1,0,0,0,1,0,0,0,0,0,0,0,1,0,0,0,1,1,0,0,0,0,0,1,0,0,1
CLI-001034,32239.0,15,54,0,50.0,0,0.0,0,0,60,2,10.2,3,0,2457.24,0.13,1,0.0,0,0,0,0,0,1,0,0,0,1,0,0,0,0,0,0,0,1,0,0,0,0,1,0,0,0,1,0,0,0,0,0,1,0,0,1,0,1,0,0,0,0,0,1,0,0,1
CLI-001387,1177.0,6,10,3,30.0,6,5.7,8,0,1,0,7.4,4,1,205.1,0.01,0,0.5,0,1,0,0,0,0,0,0,1,0,0,0,0,0,1,0,0,0,0,0,1,0,0,0,0,1,0,0,0,0,0,0,1,0,0,1,0,0,1,0,0,1,0,0,0,1,0
CLI-004407,5328.0,7,10,5,50.0,17,10.5,3,2,1,1,19.5,4,0,129.95,0.0,0,0.38,0,0,0,0,0,1,0,0,0,0,0,1,0,0,1,0,0,0,0,0,0,1,0,0,1,0,0,0,0,0,0,0,1,0,0,0,1,0,1,0,0,0,0,1,0,1,0
CLI-001690,300.0,10,2,1,50.0,1,0.3,2,1,30,8,21.3,1,2,38.14,0.1,1,0.12,0,0,0,1,0,0,0,0,0,0,0,1,0,0,0,0,1,0,0,0,1,0,0,0,0,1,0,0,1,0,0,0,0,1,0,0,0,1,0,0,1,0,0,0,0,1,0
CLI-004219,89122.0,1,93,75,80.6,71,25.1,9,0,2,0,8.9,4,4,2173.71,0.07,0,0.56,0,1,0,0,0,0,0,0,0,0,1,0,0,0,1,0,0,0,0,0,0,0,1,0,0,1,0,0,0,0,1,0,0,0,0,1,0,0,0,1,0,1,0,0,1,0,0
CLI-003105,387312.0,4,193,115,59.6,20,5.7,8,0,1,1,10.65,3,2,8911.93,0.01,0,0.31,0,0,0,0,0,0,1,0,0,0,0,0,0,1,0,0,1,0,0,0,0,0,1,0,0,0,1,0,0,1,0,0,0,0,0,0,1,0,0,1,0,0,0,1,0,1,0
CLI-000420,914.0,15,5,2,40.0,14,4.9,5,7,1,2,11.1,3,0,101.36,0.0,0,0.31,0,0,0,1,0,0,0,1,0,0,0,0,0,0,1,0,0,0,0,0,1,0,0,0,0,1,0,0,0,1,0,0,0,0,1,0,0,0,1,0,0,0,0,1,0,0,1
CLI-001036,5019.0,17,7,0,0.0,0,0.0,0,2,42,3,11.8,2,0,191.29,0.08,1,0.0,0,0,0,0,0,1,0,0,0,1,0,0,0,0,0,0,0,1,0,0,1,0,0,0,0,1,0,0,0,1,0,0,0,1,0,0,0,0,0,1,0,0,0,1,0,0,1
CLI-002170,53263.0,1,154,30,19.5,1,0.7,1,0,23,2,11.0,3,6,3608.63,0.77,0,0.06,0,0,0,0,1,0,0,0,1,0,0,0,0,0,0,0,0,0,0,1,0,0,1,0,0,1,0,0,0,0,0,0,1,1,0,0,0,0,0,1,0,0,0,1,1,0,0
CLI-001318,131545.0,10,589,226,38.4,10,2.5,5,2,0,2,18.2,2,0,13368.38,0.0,0,0.31,0,0,0,1,0,0,0,0,0,0,0,0,0,1,1,0,0,0,0,0,0,0,0,1,0,1,0,0,0,0,0,0,1,0,1,0,0,0,1,0,0,0,0,1,0,1,0
CLI-000175,12367.0,1,47,0,0.0,0,0.0,0,0,30,2,10.7,4,2,837.88,1.0,1,0.0,1,0,0,0,0,0,0,0,1,0,0,0,0,0,0,0,0,0,0,1,0,1,0,0,0,1,0,0,1,0,0,0,0,1,0,0,0,0,1,0,0,0,0,1,1,0,0
CLI-003230,10884.0,18,31,18,58.1,36,16.8,16,3,1,2,6.1,3,0,1327.32,0.0,0,0.62,0,0,1,0,0,0,0,0,0,0,0,0,1,0,0,0,0,1,0,0,0,1,0,0,0,0,1,0,0,1,0,0,0,0,0,0,1,1,0,0,0,0,0,1,0,0,1
CLI-001958,9476.0,16,6,4,66.7,47,39.0,12,2,2,2,13.1,3,0,158.31,0.0,0,0.75,0,0,0,1,0,0,0,0,0,0,1,0,0,0,1,0,0,0,0,0,1,0,0,0,0,1,0,0,1,0,0,0,0,1,0,0,0,0,1,0,0,0,1,0,0,0,1
CLI-002078,1121.0,14,2,1,50.0,18,10.0,5,1,5,3,25.9,3,0,27.91,0.01,0,0.62,0,0,0,0,0,1,0,0,1,0,0,0,0,0,1,0,0,0,0,0,1,0,0,0,1,0,0,0,0,0,0,1,0,1,0,0,0,1,0,0,0,0,0,1,0,0,1
CLI-004884,2199.0,4,17,8,47.1,21,5.7,3,2,1,0,21.9,3,0,223.48,0.01,0,0.38,0,0,0,0,0,0,1,0,0,1,0,0,0,0,1,0,0,0,0,0,0,1,0,0,1,0,0,0,0,0,0,1,0,1,0,0,0,0,1,0,0,0,0,1,0,1,0
CLI-001917,157976.0,11,42,32,76.2,77,27.8,19,2,0,7,1.5,4,0,3440.25,0.0,0,0.48,0,0,0,1,0,0,0,1,0,0,0,0,0,0,1,0,0,0,0,0,0,1,0,0,0,0,0,1,0,1,0,0,0,0,0,1,0,0,0,1,0,0,0,1,0,1,0
CLI-001794,28675.0,13,53,7,13.2,1,0.1,2,3,23,1,6.6,1,0,2185.58,0.06,0,0.08,0,0,0,0,0,1,0,0,1,0,0,0,0,0,1,0,0,0,0,0,0,1,0,0,0,0,1,0,0,0,0,1,0,1,0,0,0,0,1,0,0,0,0,1,0,0,1
CLI-004551,35024.0,15,39,15,38.5,18,4.6,3,1,4,4,16.8,3,1,949.17,0.01,0,0.19,0,0,0,1,0,0,0,0,0,1,0,0,0,0,1,0,0,0,0,0,0,1,0,0,0,1,0,0,0,1,0,0,0,0,0,0,1,0,0,1,0,0,0,1,0,0,1
CLI-000016,21200.0,1,136,20,14.7,1,0.2,4,0,26,2,4.9,3,3,3693.38,0.87,0,0.15,0,0,1,0,0,0,0,0,0,0,0,0,1,0,0,1,0,0,0,0,0,0,1,0,0,0,1,0,0,1,0,0,0,0,0,1,0,0,0,1,0,0,0,1,1,0,0
CLI-001752,1046.0,18,2,1,50.0,10,4.0,5,6,1,0,1.5,5,0,49.05,0.0,0,0.31,0,0,0,0,0,1,0,1,0,0,0,0,0,0,0,0,0,0,1,0,1,0,0,0,0,1,0,0,0,1,0,0,0,0,0,0,1,0,1,0,0,0,1,0,0,0,1
CLI-000419,329.0,9,11,7,63.6,33,19.5,3,3,2,2,10.65,4,1,100.31,0.01,0,0.38,0,0,0,0,0,1,0,0,1,0,0,0,0,0,1,0,0,0,0,0,1,0,0,0,1,0,0,0,1,0,0,0,0,0,0,0,1,0,1,0,0,0,0,1,0,1,0
CLI-003219,33071.0,14,56,45,80.4,74,55.3,5,1,0,2,24.8,4,0,695.36,0.0,0,0.62,0,0,0,0,1,0,0,1,0,0,0,0,0,0,1,0,0,0,0,0,0,1,0,0,1,0,0,0,0,0,0,0,1,1,0,0,0,1,0,0,0,1,0,0,0,0,1
CLI-004608,23285.0,6,35,19,54.3,19,11.2,5,2,1,0,7.0,5,3,979.2,0.01,0,0.31,0,0,0,0,0,1,0,0,0,0,0,0,0,1,0,0,0,0,1,0,0,1,0,0,0,1,0,0,0,0,0,1,0,0,1,0,0,1,0,0,0,1,0,0,0,1,0
CLI-003123,18649.0,10,22,3,13.6,1,0.1,1,8,6,2,10.65,3,0,583.14,0.02,0,0.06,1,0,0,0,0,0,0,1,0,0,0,0,0,0,1,0,0,0,0,0,0,1,0,0,0,1,0,0,0,0,0,1,0,1,0,0,0,0,1,0,1,0,0,0,0,1,0
CLI-000963,142372.0,12,101,26,25.7,7,1.0,14,3,4,2,4.3,3,1,8681.21,0.01,0,0.35,0,0,0,1,0,0,0,0,0,1,0,0,0,0,1,0,0,0,0,0,0,0,1,0,0,0,0,1,1,0,0,0,0,1,0,0,0,0,0,1,0,0,0,1,0,1,0
CLI-001021,456.0,1,4,1,25.0,1,0.3,1,0,8,1,33.6,2,1,32.68,0.27,0,0.12,0,0,0,0,1,0,0,0,1,0,0,0,0,0,1,0,0,0,0,0,1,0,0,0,1,0,0,0,0,0,1,0,0,0,1,0,0,0,1,0,0,0,0,1,1,0,0
CLI-001094,132553.0,6,57,0,0.0,0,0.0,0,0,57,1,6.7,4,4,2939.08,0.32,1,0.0,0,0,0,0,0,0,1,0,0,1,0,0,0,0,1,0,0,0,0,0,0,1,0,0,0,0,1,0,0,0,0,1,0,0,0,1,0,1,0,0,1,0,0,0,0,1,0
CLI-003493,1473.0,4,6,4,66.7,41,29.9,3,1,2,3,33.0,2,1,74.86,0.02,0,0.38,1,0,0,0,0,0,0,0,0,0,0,0,1,0,1,0,0,0,0,0,1,0,0,0,1,0,0,0,0,0,1,0,0,0,0,0,1,1,0,0,1,0,0,0,0,1,0
CLI-002271,901.0,8,5,4,80.0,34,5.7,4,2,2,4,30.3,3,0,64.66,0.01,0,0.5,1,0,0,0,0,0,0,0,0,0,0,0,0,1,0,0,0,0,0,1,1,0,0,0,1,0,0,0,1,0,0,0,0,1,0,0,0,1,0,0,0,1,0,0,0,1,0
CLI-001925,7503.0,4,26,10,38.5,5,0.9,5,0,15,1,14.5,5,2,571.87,0.12,0,0.31,0,0,1,0,0,0,0,0,0,0,0,0,1,0,1,0,0,0,0,0,0,1,0,0,0,1,0,0,0,0,1,0,0,0,0,0,1,0,1,0,0,0,0,1,0,1,0
CLI-004619,6409.0,35,4,2,50.0,14,7.9,5,8,0,2,16.6,1,0,116.65,0.0,0,0.31,0,0,0,0,1,0,0,0,0,0,0,0,0,1,1,0,0,0,0,0,1,0,0,0,0,1,0,0,0,0,0,1,0,1,0,0,0,0,0,1,0,0,0,1,0,0,1
CLI-001143,2476.0,21,7,2,28.6,1,0.1,1,7,8,0,13.3,4,0,86.26,0.01,0,0.12,0,0,0,0,0,0,1,0,0,1,0,0,0,0,0,0,0,1,0,0,1,0,0,0,1,0,0,0,0,0,0,1,0,0,0,0,1,0,0,1,0,0,1,0,0,0,1
CLI-001905,1384.0,16,11,6,54.5,14,5.7,2,3,1,0,11.7,4,0,129.8,0.0,0,0.25,0,0,0,0,0,0,1,0,1,0,0,0,0,0,0,0,0,0,0,1,1,0,0,0,1,0,0,0,0,0,0,1,0,0,0,1,0,0,0,1,0,0,0,1,0,0,1
CLI-000702,69551.0,13,120,47,39.2,7,0.4,5,2,2,1,6.7,4,0,3262.24,0.01,0,0.31,1,0,0,0,0,0,0,0,0,0,0,1,0,0,1,0,0,0,0,0,0,0,1,0,0,1,0,0,0,0,0,1,0,0,1,0,0,1,0,0,0,0,0,1,0,0,1
CLI-002366,22719.0,8,26,12,46.2,6,2.5,21,1,2,1,3.3,4,0,2308.87,0.01,0,0.52,0,0,1,0,0,0,0,0,0,0,0,1,0,0,0,0,1,0,0,0,0,1,0,0,0,0,0,1,0,0,1,0,0,0,0,0,1,1,0,0,0,1,0,0,0,1,0
CLI-001996,17704.0,4,23,14,60.9,32,13.1,3,0,1,0,8.7,4,2,616.85,0.01,0,0.19,0,0,0,0,1,0,0,0,0,0,1,0,0,0,1,0,0,0,0,0,0,1,0,0,0,1,0,0,0,1,0,0,0,0,0,0,1,1,0,0,0,0,0,1,0,1,0
CLI-004130,19108.0,9,54,11,20.4,1,0.3,1,1,2,1,16.9,5,0,613.21,0.01,0,0.12,0,0,0,0,0,0,1,0,0,0,0,1,0,0,0,0,0,0,0,1,0,1,0,0,1,0,0,0,0,1,0,0,0,0,1,0,0,0,0,1,1,0,0,0,0,1,0
CLI-000527,87336.0,5,54,43,79.6,63,49.1,10,0,1,6,16.0,4,1,1401.41,0.01,0,0.62,1,0,0,0,0,0,0,0,0,0,0,1,0,0,1,0,0,0,0,0,0,1,0,0,0,1,0,0,0,0,0,0,1,1,0,0,0,0,1,0,0,0,0,1,0,1,0
CLI-002311,27404.0,1,32,12,37.5,1,0.1,9,0,30,2,10.65,2,3,1591.43,1.0,1,0.35,1,0,0,0,0,0,0,0,0,1,0,0,0,0,1,0,0,0,0,0,0,1,0,0,0,0,1,0,0,1,0,0,0,1,0,0,0,1,0,0,1,0,0,0,1,0,0
CLI-002972,6825.0,11,34,24,70.6,49,22.4,3,2,1,0,20.8,5,0,416.14,0.0,0,0.38,0,0,0,0,0,0,1,0,0,0,0,0,0,1,1,0,0,0,0,0,0,1,0,0,1,0,0,0,1,0,0,0,0,1,0,0,0,0,1,0,0,0,0,1,0,1,0
CLI-002612,16449.0,5,54,23,42.6,18,15.7,8,1,3,1,9.0,2,1,2507.4,0.02,0,0.31,1,0,0,0,0,0,0,0,0,0,1,0,0,0,1,0,0,0,0,0,0,1,0,0,0,0,1,0,0,0,1,0,0,0,1,0,0,0,1,0,1,0,0,0,0,1,0
CLI-003890,892.0,15,8,3,37.5,17,8.0,2,5,1,4,32.1,3,0,72.56,0.0,0,0.25,0,1,0,0,0,0,0,0,0,0,0,1,0,0,1,0,0,0,0,0,1,0,0,0,1,0,0,0,0,0,0,0,1,0,1,0,0,0,0,1,0,0,0,1,0,0,1
CLI-001261,271083.0,19,184,160,87.0,79,5.7,12,4,4,0,1.8,3,0,9183.04,0.01,0,0.46,1,0,0,0,0,0,0,0,0,1,0,0,0,0,1,0,0,0,0,0,0,0,1,0,0,0,1,0,0,0,0,1,0,0,1,0,0,1,0,0,0,0,0,1,0,0,1
CLI-003134,11096.0,7,44,16,36.4,6,1.0,10,6,5,6,8.1,3,1,1933.17,0.02,0,0.38,0,0,0,0,0,0,1,1,0,0,0,0,0,0,0,1,0,0,0,0,0,1,0,0,0,0,1,0,0,0,0,1,0,0,0,0,1,0,1,0,0,0,0,1,0,1,0
CLI-003218,10378.0,8,14,10,71.4,46,9.0,5,2,2,1,13.2,3,1,383.52,0.01,0,0.31,0,1,0,0,0,0,0,0,0,0,0,0,1,0,1,0,0,0,0,0,0,1,0,0,0,1,0,0,0,1,0,0,0,1,0,0,0,0,1,0,0,0,0,1,0,1,0
CLI-003069,6892.0,8,47,0,0.0,0,0.0,0,0,42,5,26.7,3,1,494.44,0.18,1,0.0,0,0,0,1,0,0,0,0,0,0,0,0,0,1,1,0,0,0,0,0,0,1,0,0,1,0,0,0,1,0,0,0,0,1,0,0,0,0,0,1,1,0,0,0,0,1,0
CLI-000334,16140.0,11,35,23,65.7,30,5.7,7,2,0,4,13.7,4,1,984.17,0.0,0,0.44,0,0,1,0,0,0,0,0,0,0,1,0,0,0,0,0,0,0,0,1,0,1,0,0,0,1,0,0,0,0,0,0,1,1,0,0,0,0,1,0,0,1,0,0,0,1,0
CLI-003435,1186.0,12,7,2,28.6,1,0.5,2,1,26,0,13.9,5,1,68.9,0.07,0,0.25,0,0,0,0,0,0,1,0,0,1,0,0,0,0,1,0,0,0,0,0,1,0,0,0,1,0,0,0,0,0,0,0,1,0,0,1,0,0,1,0,0,0,0,1,0,1,0
CLI-003756,75901.0,11,131,96,73.3,47,35.9,16,4,1,5,2.9,4,1,11570.21,0.0,0,0.4,0,0,0,0,1,0,0,1,0,0,0,0,0,0,0,0,0,0,0,1,0,0,1,0,0,0,0,1,1,0,0,0,0,0,1,0,0,0,1,0,0,0,0,1,0,1,0
CLI-000088,67479.0,23,51,38,74.5,71,42.8,14,5,2,2,8.3,4,0,2285.88,0.0,0,0.54,0,1,0,0,0,0,0,0,0,0,0,0,0,1,0,0,1,0,0,0,0,1,0,0,0,0,1,0,0,1,0,0,0,0,1,0,0,0,0,1,0,0,0,1,0,0,1
CLI-000728,51025.0,5,156,16,10.3,1,0.4,6,2,30,7,2.7,3,1,10370.87,0.2,1,0.15,0,0,0,0,0,0,1,1,0,0,0,0,0,0,1,0,0,0,0,0,0,0,1,0,0,0,0,1,0,1,0,0,0,0,0,1,0,0,0,1,0,0,0,1,0,1,0
CLI-003355,6642.0,23,12,7,58.3,35,24.1,3,2,1,3,12.8,3,0,385.71,0.0,0,0.19,0,1,0,0,0,0,0,0,0,1,0,0,0,0,0,0,0,1,0,0,0,1,0,0,0,1,0,0,0,1,0,0,0,0,0,0,1,1,0,0,0,1,0,0,0,0,1
CLI-001733,542.0,1,2,0,0.0,0,5.7,0,0,30,1,24.3,3,2,26.44,1.0,1,0.0,0,0,0,0,1,0,0,0,0,1,0,0,0,0,1,0,0,0,0,0,1,0,0,0,1,0,0,0,0,0,0,0,1,0,0,1,0,0,1,0,0,0,0,1,1,0,0
CLI-000459,4889.0,4,51,0,0.0,0,0.0,0,0,42,0,17.9,3,2,496.83,0.35,1,0.0,0,1,0,0,0,0,0,0,0,0,1,0,0,0,0,0,1,0,0,0,0,1,0,0,1,0,0,0,0,0,0,0,1,1,0,0,0,0,1,0,0,0,0,1,0,1,0
CLI-000046,637.0,13,6,1,16.7,1,0.1,3,2,2,2,25.5,3,0,72.0,0.01,0,0.38,0,0,0,0,0,1,0,0,0,0,0,1,0,0,0,0,0,0,1,0,1,0,0,0,1,0,0,0,0,0,0,1,0,0,0,1,0,0,1,0,0,0,0,1,0,0,1
CLI-003280,187194.0,23,130,0,0.0,0,0.0,0,2,70,3,6.6,5,0,6007.5,0.1,1,0.0,1,0,0,0,0,0,0,0,0,1,0,0,0,0,1,0,0,0,0,0,0,0,1,0,0,0,1,0,0,0,0,1,0,0,0,0,1,0,1,0,0,0,0,1,0,0,1
CLI-000442,146491.0,14,217,157,72.4,53,37.4,9,3,1,0,5.2,5,1,17360.0,0.0,0,0.22,0,0,0,0,0,1,0,1,0,0,0,0,0,0,0,1,0,0,0,0,0,0,1,0,0,0,0,1,0,0,0,0,1,1,0,0,0,0,0,1,0,0,0,1,0,0,1
CLI-000711,889.0,15,15,5,33.3,5,0.3,2,7,1,4,32.7,3,0,180.66,0.0,0,0.25,0,0,0,0,1,0,0,0,0,0,0,0,1,0,1,0,0,0,0,0,0,1,0,0,1,0,0,0,0,1,0,0,0,1,0,0,0,0,1,0,0,0,0,1,0,0,1
CLI-001891,9760.0,6,37,31,83.8,55,29.5,6,0,4,7,13.1,3,0,991.91,0.02,0,0.38,0,1,0,0,0,0,0,0,0,0,0,0,0,1,0,0,0,0,0,1,0,1,0,0,0,1,0,0,0,0,1,0,0,0,0,1,0,0,1,0,1,0,0,0,0,1,0
CLI-000583,424198.0,15,267,134,50.2,23,10.3,16,3,1,1,6.1,5,0,14780.41,0.0,0,0.62,0,1,0,0,0,0,0,0,0,0,0,1,0,0,0,0,0,0,0,1,0,0,0,1,0,0,1,0,1,0,0,0,0,0,0,0,1,0,0,1,0,0,1,0,0,0,1
CLI-001864,375161.0,16,450,247,54.9,31,4.0,9,3,1,5,6.6,3,0,19063.05,0.0,0,0.35,0,1,0,0,0,0,0,0,0,0,0,0,0,1,1,0,0,0,0,0,0,0,0,1,0,0,1,0,1,0,0,0,0,0,0,1,0,0,0,1,0,0,0,1,0,0,1
CLI-003916,79953.0,15,33,22,66.7,27,11.9,8,3,2,2,9.2,3,0,1681.1,0.0,0,0.31,0,0,0,1,0,0,0,0,0,0,0,1,0,0,1,0,0,0,0,0,0,1,0,0,0,0,1,0,0,0,0,1,0,1,0,0,0,0,1,0,0,0,0,1,0,0,1
CLI-003117,303.0,11,2,1,50.0,13,10.2,6,1,0,1,10.65,5,1,46.14,0.0,0,0.38,1,0,0,0,0,0,0,0,0,0,0,1,0,0,0,0,1,0,0,0,1,0,0,0,0,1,0,0,0,0,0,0,1,0,1,0,0,0,1,0,0,0,0,1,0,1,0
CLI-003568,300.0,1,1,1,50.0,37,9.9,7,1,1,0,10.65,4,2,39.83,0.03,0,0.27,0,0,0,1,0,0,0,0,0,0,0,0,0,1,0,0,0,0,0,1,1,0,0,0,0,0,1,0,0,0,0,0,1,0,1,0,0,1,0,0,0,0,0,1,1,0,0
CLI-002599,494.0,13,2,1,50.0,27,16.4,3,3,1,1,24.8,3,0,23.16,0.0,0,0.38,0,0,0,0,1,0,0,0,0,0,1,0,0,0,1,0,0,0,0,0,1,0,0,0,1,0,0,0,0,1,0,0,0,1,0,0,0,1,0,0,0,1,0,0,0,0,1
CLI-004028,7232.0,1,13,0,0.0,0,0.0,0,0,30,0,3.9,4,1,304.13,1.0,1,0.0,0,0,0,1,0,0,0,0,1,0,0,0,0,0,1,0,0,0,0,0,0,1,0,0,0,1,0,0,1,0,0,0,0,0,0,1,0,1,0,0,0,0,0,1,1,0,0
CLI-003160,28058.0,16,55,0,0.0,0,0.0,0,0,47,0,5.5,5,0,2138.58,0.1,1,0.0,0,0,0,0,1,0,0,0,0,1,0,0,0,0,0,0,0,0,0,1,0,1,0,0,0,0,1,0,0,1,0,0,0,0,0,0,1,1,0,0,0,0,0,1,0,0,1
CLI-002602,16950.0,4,49,33,67.3,28,21.9,3,1,0,1,23.1,4,1,626.4,0.0,0,0.38,0,0,0,0,1,0,0,0,1,0,0,0,0,0,0,1,0,0,0,0,0,1,0,0,1,0,0,0,0,1,0,0,0,0,0,0,1,0,0,1,0,0,0,1,0,1,0
CLI-002879,610949.0,15,618,394,63.8,31,14.8,13,2,1,2,5.7,3,0,28656.13,0.0,0,0.5,0,1,0,0,0,0,0,1,0,0,0,0,0,0,0,0,1,0,0,0,0,0,0,1,0,0,1,0,1,0,0,0,0,0,1,0,0,0,1,0,0,0,0,1,0,0,1
CLI-003443,946.0,20,3,2,66.7,35,17.8,3,5,1,1,23.3,5,0,41.19,0.0,0,0.38,0,0,0,0,0,1,0,1,0,0,0,0,0,0,0,0,1,0,0,0,1,0,0,0,1,0,0,0,0,0,1,0,0,0,0,0,1,1,0,0,0,0,1,0,0,0,1
CLI-001421,7813.0,11,6,0,0.0,0,0.0,0,0,54,3,14.9,4,0,167.16,0.16,1,0.0,0,0,1,0,0,0,0,1,0,0,0,0,0,0,1,0,0,0,0,0,1,0,0,0,0,1,0,0,0,0,1,0,0,0,1,0,0,1,0,0,1,0,0,0,0,1,0
CLI-002743,737.0,1,11,4,36.4,1,0.1,1,0,20,5,49.2,1,1,128.37,0.67,0,0.12,0,0,0,0,0,0,1,0,0,0,0,1,0,0,0,0,0,0,0,1,0,1,0,0,1,0,0,0,0,0,1,0,0,0,1,0,0,1,0,0,0,0,0,1,1,0,0
CLI-002105,8138.0,17,22,10,45.5,16,8.9,4,6,0,0,11.2,2,0,583.78,0.0,0,0.25,0,0,0,0,0,0,1,0,1,0,0,0,0,0,0,0,1,0,0,0,0,1,0,0,0,1,0,0,0,0,0,0,1,0,0,1,0,0,0,1,1,0,0,0,0,0,1
CLI-000923,11086.0,13,10,8,80.0,56,10.4,15,2,0,5,9.6,3,0,450.64,0.0,0,0.58,0,0,0,0,1,0,0,0,0,1,0,0,0,0,0,0,0,0,1,0,1,0,0,0,0,0,1,0,0,0,0,1,0,0,0,0,1,0,0,1,0,0,0,1,0,0,1
CLI-002866,658.0,17,1,1,100.0,61,37.3,5,2,1,4,19.5,1,0,32.11,0.0,0,0.31,0,0,0,1,0,0,0,0,0,0,0,0,1,0,1,0,0,0,0,0,1,0,0,0,0,1,0,0,0,0,0,0,1,0,0,1,0,0,0,1,1,0,0,0,0,0,1
CLI-002085,2291.0,18,12,4,33.3,4,0.2,7,4,2,2,8.5,3,0,310.4,0.0,0,0.44,0,0,1,0,0,0,0,0,0,1,0,0,0,0,1,0,0,0,0,0,0,1,0,0,0,1,0,0,1,0,0,0,0,0,1,0,0,1,0,0,0,1,0,0,0,0,1
CLI-001391,3996.0,19,10,6,60.0,30,8.6,3,2,0,1,25.3,2,0,157.2,0.0,0,0.38,0,0,1,0,0,0,0,0,0,1,0,0,0,0,0,0,0,0,0,1,0,1,0,0,1,0,0,0,0,0,1,0,0,0,0,1,0,1,0,0,0,0,0,1,0,0,1
CLI-001166,133499.0,17,171,119,69.6,36,5.7,15,2,2,0,8.1,5,0,8140.19,0.0,0,0.58,0,0,1,0,0,0,0,0,0,0,0,0,0,1,1,0,0,0,0,0,0,0,1,0,0,0,1,0,0,0,0,1,0,0,0,0,1,0,1,0,0,1,0,0,0,0,1
CLI-001273,12325.0,18,10,3,30.0,2,0.1,5,2,1,5,10.65,3,0,484.84,0.0,0,0.19,0,0,0,0,1,0,0,0,0,0,0,0,0,1,1,0,0,0,0,0,1,0,0,0,0,0,1,0,1,0,0,0,0,0,1,0,0,0,1,0,0,1,0,0,0,0,1
CLI-003707,51200.0,26,32,17,53.1,30,17.8,6,3,1,5,18.1,2,0,1007.09,0.0,0,0.38,0,0,1,0,0,0,0,0,0,1,0,0,0,0,1,0,0,0,0,0,0,1,0,0,0,1,0,0,0,0,1,0,0,0,0,1,0,0,0,1,0,0,0,1,0,0,1
CLI-004659,64981.0,5,132,51,38.6,11,2.9,23,2,1,0,0.7,4,1,9905.71,0.01,0,0.57,0,0,0,1,0,0,0,0,0,1,0,0,0,0,0,0,1,0,0,0,0,0,1,0,0,0,0,1,0,0,0,0,1,1,0,0,0,1,0,0,0,1,0,0,0,1,0
CLI-001809,1328821.0,29,675,490,72.6,54,28.8,10,4,1,0,3.1,5,0,37686.36,0.0,0,0.38,0,0,0,0,0,0,1,0,0,1,0,0,0,0,0,0,0,0,0,1,0,0,0,1,0,0,1,0,0,0,0,1,0,1,0,0,0,0,0,1,0,0,0,1,0,0,1
CLI-002856,5840.0,1,34,12,35.3,1,0.3,4,0,19,6,16.8,4,1,647.44,0.63,0,0.25,0,0,1,0,0,0,0,0,0,0,1,0,0,0,1,0,0,0,0,0,0,1,0,0,0,1,0,0,1,0,0,0,0,1,0,0,0,1,0,0,0,0,0,1,1,0,0
CLI-000972,832.0,7,14,8,57.1,35,23.1,4,0,1,0,12.1,5,0,169.04,0.0,0,0.5,0,0,0,0,0,1,0,0,0,0,1,0,0,0,0,0,0,0,0,1,0,1,0,0,1,0,0,0,0,0,1,0,0,0,0,1,0,0,1,0,0,1,0,0,0,1,0
CLI-000461,42071.0,2,16,14,87.5,57,5.7,15,0,1,2,7.8,3,1,765.76,0.02,0,0.58,0,1,0,0,0,0,0,0,0,0,0,1,0,0,0,0,0,1,0,0,0,1,0,0,0,0,1,0,1,0,0,0,0,0,1,0,0,1,0,0,0,0,0,1,1,0,0
CLI-004061,3678.0,10,9,6,66.7,45,29.6,8,2,1,1,8.1,4,0,236.09,0.0,0,0.5,0,0,0,0,0,0,1,0,0,1,0,0,0,0,1,0,0,0,0,0,0,1,0,0,0,1,0,0,1,0,0,0,0,0,0,1,0,0,0,1,0,1,0,0,0,1,0
CLI-001816,40814.0,11,29,25,86.2,55,5.7,13,2,1,2,10.65,5,0,1605.58,0.0,0,0.5,0,0,0,0,0,0,1,0,0,0,0,0,0,1,0,1,0,0,0,0,0,1,0,0,0,0,1,0,0,0,0,0,1,1,0,0,0,0,1,0,0,0,0,1,0,1,0
CLI-002898,27939.0,21,29,21,72.4,74,41.9,8,5,1,1,3.1,4,0,1216.86,0.0,0,0.31,0,0,0,0,0,0,1,0,1,0,0,0,0,0,0,0,1,0,0,0,0,1,0,0,0,0,1,0,0,1,0,0,0,0,0,0,1,1,0,0,0,0,1,0,0,0,1
CLI-004633,35808.0,9,26,17,65.4,47,5.0,26,1,0,0,4.6,4,2,2183.41,0.0,0,0.65,0,0,0,0,1,0,0,1,0,0,0,0,0,0,1,0,0,0,0,0,0,1,0,0,0,0,0,1,1,0,0,0,0,0,0,1,0,0,0,1,0,0,0,1,0,1,0
CLI-000779,3489.0,17,1,1,50.0,15,0.8,10,4,5,3,6.0,2,0,50.66,0.01,0,0.38,0,0,0,0,0,1,0,0,0,1,0,0,0,0,0,1,0,0,0,0,1,0,0,0,0,0,1,0,0,0,0,0,1,0,1,0,0,0,1,0,0,0,0,1,0,0,1
CLI-003848,6106.0,10,29,13,50.0,10,3.4,2,2,2,1,11.1,5,2,744.59,0.01,0,0.12,0,0,0,1,0,0,0,0,0,0,0,0,0,1,0,0,1,0,0,0,0,1,0,0,0,1,0,0,0,0,1,0,0,0,1,0,0,1,0,0,0,0,0,1,0,1,0
CLI-000640,7536.0,6,11,10,50.0,89,35.6,8,0,1,4,16.1,4,0,316.91,0.01,0,0.5,0,1,0,0,0,0,0,1,0,0,0,0,0,0,0,0,0,1,0,0,1,0,0,0,0,1,0,0,0,0,0,0,1,0,1,0,0,1,0,0,0,0,0,1,0,1,0
CLI-002069,17908.0,1,52,42,80.8,56,44.2,13,0,1,0,7.0,4,1,1985.35,0.03,0,0.5,0,1,0,0,0,0,0,0,0,0,0,0,0,1,0,0,0,0,1,0,0,1,0,0,0,0,1,0,1,0,0,0,0,0,0,0,1,1,0,0,0,0,0,1,1,0,0
CLI-000508,184275.0,1,715,141,19.7,3,1.3,2,0,1,4,12.0,3,2,17286.54,0.03,0,0.12,0,0,1,0,0,0,0,0,0,0,0,1,0,0,1,0,0,0,0,0,0,0,0,1,0,1,0,0,1,0,0,0,0,0,1,0,0,1,0,0,0,0,0,1,1,0,0
CLI-004888,75489.0,4,54,13,24.1,1,0.1,5,1,3,0,5.1,5,1,2422.62,0.02,0,0.19,0,0,0,0,0,1,0,0,0,0,0,0,1,0,0,0,0,0,1,0,0,1,0,0,0,0,1,0,0,0,1,0,0,1,0,0,0,0,1,0,1,0,0,0,0,1,0
CLI-000991,34790.0,8,59,35,59.3,17,7.6,7,2,1,2,10.8,4,2,1697.06,0.0,0,0.44,0,0,0,0,0,1,0,0,0,0,0,0,1,0,0,0,1,0,0,0,0,1,0,0,0,1,0,0,1,0,0,0,0,0,0,0,1,1,0,0,0,0,0,1,0,1,0
CLI-004523,948.0,8,7,1,14.3,1,0.1,2,1,6,2,29.8,3,0,68.0,0.02,0,0.25,1,0,0,0,0,0,0,0,0,0,0,1,0,0,1,0,0,0,0,0,1,0,0,0,1,0,0,0,0,0,1,0,0,1,0,0,0,1,0,0,0,0,0,1,0,1,0
CLI-003628,1793.0,10,43,18,50.0,7,5.7,3,2,2,0,13.2,3,0,437.33,0.01,0,0.38,1,0,0,0,0,0,0,0,1,0,0,0,0,0,1,0,0,0,0,0,0,1,0,0,1,0,0,0,0,0,0,1,0,0,0,1,0,0,0,1,0,1,0,0,0,1,0
CLI-004807,1059294.0,19,894,108,12.1,1,0.1,3,1,30,3,1.1,2,0,67990.64,0.05,1,0.08,0,0,0,0,0,1,0,0,0,1,0,0,0,0,1,0,0,0,0,0,0,0,0,1,0,0,0,1,1,0,0,0,0,0,0,1,0,0,1,0,1,0,0,0,0,0,1
CLI-001032,1444602.0,20,460,130,28.3,4,0.5,18,4,8,6,4.2,2,0,41945.48,0.01,0,0.45,0,1,0,0,0,0,0,0,0,0,0,0,1,0,1,0,0,0,0,0,0,0,0,1,0,0,0,1,1,0,0,0,0,0,0,0,1,0,1,0,1,0,0,0,0,0,1
CLI-002596,17358.0,27,3,2,50.0,80,68.4,13,8,1,0,1.1,4,0,176.4,0.0,0,0.5,0,0,0,0,0,1,0,0,1,0,0,0,0,0,1,0,0,0,0,0,1,0,0,0,0,0,1,0,0,0,0,1,0,0,1,0,0,1,0,0,0,0,1,0,0,0,1
CLI-001575,158761.0,1,110,52,47.3,20,4.3,15,0,1,2,6.8,3,0,8067.11,0.03,0,0.38,0,0,0,0,0,1,0,0,0,0,0,1,0,0,0,0,1,0,0,0,0,0,1,0,0,0,0,1,0,0,1,0,0,1,0,0,0,0,1,0,0,0,0,1,1,0,0
CLI-003940,53420.0,23,42,29,50.0,59,23.5,6,3,0,0,10.65,5,0,1163.33,0.0,0,0.38,0,0,0,0,0,0,1,0,0,1,0,0,0,0,1,0,0,0,0,0,0,1,0,0,0,1,0,0,0,0,1,0,0,1,0,0,0,0,1,0,0,0,1,0,0,0,1
CLI-003630,29760.0,16,57,38,66.7,31,17.2,8,0,0,1,5.7,5,1,1395.89,0.0,0,0.5,0,0,0,0,0,1,0,0,0,0,1,0,0,0,1,0,0,0,0,0,0,1,0,0,0,1,0,0,1,0,0,0,0,0,0,1,0,0,0,1,0,1,0,0,0,0,1
CLI-001589,11744.0,7,26,11,42.3,9,3.2,1,2,10,3,4.5,3,1,954.77,0.05,0,0.04,0,0,0,0,0,1,0,0,0,1,0,0,0,0,0,0,0,0,1,0,0,1,0,0,0,0,1,0,1,0,0,0,0,0,0,1,0,0,1,0,0,1,0,0,0,1,0
CLI-000169,190353.0,5,154,20,13.0,1,0.3,6,0,0,4,8.2,3,1,6448.26,0.0,0,0.23,0,0,0,0,0,0,1,0,1,0,0,0,0,0,1,0,0,0,0,0,0,0,1,0,0,0,1,0,0,1,0,0,0,0,1,0,0,0,0,1,0,0,0,1,0,1,0
CLI-004420,3728.0,9,7,6,50.0,51,29.1,8,1,0,1,18.2,3,3,162.37,0.0,0,0.5,0,1,0,0,0,0,0,0,0,1,0,0,0,0,0,0,0,0,0,1,1,0,0,0,0,1,0,0,0,1,0,0,0,1,0,0,0,0,1,0,0,0,0,1,0,1,0
CLI-001940,84156.0,14,421,294,69.8,42,33.1,6,3,3,0,7.8,4,0,11403.25,0.01,0,0.38,0,0,0,1,0,0,0,0,0,0,0,0,0,1,1,0,0,0,0,0,0,0,0,1,0,1,0,0,0,0,0,1,0,0,0,0,1,0,1,0,0,0,1,0,0,0,1
CLI-004772,678.0,18,2,1,50.0,14,1.3,7,1,1,3,10.65,4,0,51.66,0.0,0,0.44,0,1,0,0,0,0,0,1,0,0,0,0,0,0,0,0,0,0,0,1,1,0,0,0,0,1,0,0,0,1,0,0,0,0,0,0,1,0,1,0,0,1,0,0,0,0,1
CLI-004717,27125.0,17,15,6,40.0,31,18.9,10,4,0,0,9.3,3,0,703.81,0.0,0,0.38,0,0,0,0,1,0,0,0,0,0,1,0,0,0,0,1,0,0,0,0,0,1,0,0,0,0,1,0,0,0,1,0,0,0,0,1,0,1,0,0,0,1,0,0,0,0,1
CLI-003004,14572.0,10,30,5,16.7,1,0.2,1,3,2,1,8.6,4,0,772.64,0.01,0,0.06,0,1,0,0,0,0,0,0,0,1,0,0,0,0,1,0,0,0,0,0,0,1,0,0,0,1,0,0,1,0,0,0,0,0,0,1,0,0,0,1,0,0,0,1,0,1,0
CLI-004503,300.0,12,6,3,50.0,16,4.1,2,2,1,4,26.5,4,0,47.92,0.0,0,0.25,1,0,0,0,0,0,0,0,1,0,0,0,0,0,0,0,0,0,0,1,1,0,0,0,1,0,0,0,0,0,1,0,0,1,0,0,0,0,0,1,0,0,1,0,0,1,0
CLI-001758,120597.0,12,43,6,14.0,1,0.1,3,1,19,5,9.7,2,0,1987.42,0.05,0,0.12,0,0,1,0,0,0,0,0,0,0,0,0,0,1,0,0,1,0,0,0,0,1,0,0,0,0,1,0,1,0,0,0,0,0,0,0,1,1,0,0,0,0,0,1,0,1,0
CLI-003137,12744.0,16,51,16,31.4,14,4.7,5,2,0,5,11.3,2,0,1412.86,0.0,0,0.31,0,0,1,0,0,0,0,1,0,0,0,0,0,0,0,0,0,1,0,0,0,1,0,0,0,1,0,0,0,0,0,1,0,1,0,0,0,1,0,0,1,0,0,0,0,0,1
CLI-000927,24850.0,9,32,12,37.5,16,8.0,6,0,3,2,9.4,4,0,739.13,0.01,0,0.38,0,0,0,0,0,1,0,0,0,0,0,1,0,0,1,0,0,0,0,0,0,1,0,0,0,1,0,0,0,0,0,1,0,0,0,0,1,0,0,1,0,1,0,0,0,1,0
CLI-001914,2568.0,18,4,1,25.0,2,0.8,2,3,28,0,20.5,4,0,54.0,0.05,0,0.25,0,1,0,0,0,0,0,0,0,0,0,0,0,1,1,0,0,0,0,0,1,0,0,0,1,0,0,0,0,0,1,0,0,1,0,0,0,0,1,0,0,1,0,0,0,0,1
CLI-000838,300.0,6,2,1,50.0,6,1.6,3,0,5,6,40.2,1,1,20.96,0.03,0,0.38,0,0,1,0,0,0,0,0,0,1,0,0,0,0,1,0,0,0,0,0,1,0,0,0,1,0,0,0,0,1,0,0,0,0,0,1,0,0,1,0,1,0,0,0,0,1,0
CLI-001570,3519.0,7,8,3,37.5,3,0.9,0,1,15,1,8.0,4,0,204.35,0.07,0,0.0,0,0,0,0,0,1,0,0,0,0,0,0,1,0,0,1,0,0,0,0,1,0,0,0,0,1,0,0,0,0,0,0,1,1,0,0,0,1,0,0,0,0,0,1,0,1,0
CLI-002970,190099.0,15,219,51,23.3,1,0.4,3,4,8,0,1.9,3,0,11039.41,0.02,0,0.12,0,0,0,0,0,0,1,0,0,0,0,0,1,0,0,1,0,0,0,0,0,0,1,0,0,0,1,0,0,0,0,1,0,0,0,0,1,1,0,0,1,0,0,0,0,0,1
CLI-002482,1068.0,11,4,1,25.0,1,0.2,0,4,4,2,10.8,5,3,93.07,0.01,0,0.0,1,0,0,0,0,0,0,1,0,0,0,0,0,0,1,0,0,0,0,0,1,0,0,0,0,1,0,0,0,0,1,0,0,0,0,1,0,0,0,1,0,0,0,1,0,1,0
CLI-003903,1538.0,16,7,4,57.1,29,14.6,2,5,1,1,31.4,3,0,85.26,0.0,0,0.25,0,1,0,0,0,0,0,0,0,0,0,1,0,0,1,0,0,0,0,0,1,0,0,0,1,0,0,0,0,0,0,1,0,1,0,0,0,0,1,0,0,1,0,0,0,0,1
CLI-003668,25021.0,24,57,25,43.9,15,7.9,2,3,2,2,18.1,4,0,1525.67,0.0,0,0.12,0,0,1,0,0,0,0,1,0,0,0,0,0,0,1,0,0,0,0,0,0,0,1,0,0,1,0,0,0,0,1,0,0,0,0,0,1,1,0,0,0,0,1,0,0,0,1
CLI-001126,642.0,5,2,1,50.0,6,1.6,1,3,7,1,7.2,3,0,78.34,0.05,0,0.04,0,0,0,0,0,0,1,0,0,0,0,1,0,0,1,0,0,0,0,0,1,0,0,0,0,0,1,0,1,0,0,0,0,1,0,0,0,0,1,0,0,0,0,1,0,1,0
CLI-000179,1126653.0,14,671,211,31.4,1,0.1,7,1,11,7,10.65,4,0,54958.69,0.03,0,0.18,0,0,0,0,1,0,0,0,1,0,0,0,0,0,0,1,0,0,0,0,0,0,0,1,0,0,0,1,0,1,0,0,0,1,0,0,0,0,1,0,1,0,0,0,0,0,1
CLI-002217,136193.0,36,55,0,0.0,0,0.0,0,0,73,0,4.9,3,0,3019.79,0.07,1,0.0,0,1,0,0,0,0,0,0,0,0,1,0,0,0,1,0,0,0,0,0,0,0,1,0,0,0,1,0,0,0,0,1,0,0,0,1,0,0,1,0,1,0,0,0,0,0,1
CLI-002438,1312.0,10,11,0,0.0,0,0.0,0,0,147,0,16.1,4,0,133.33,0.49,1,0.0,0,0,0,0,1,0,0,0,0,0,0,1,0,0,1,0,0,0,0,0,1,0,0,0,1,0,0,0,1,0,0,0,0,0,0,0,1,0,0,1,0,0,0,1,0,1,0
CLI-000341,2824.0,18,8,5,62.5,30,20.1,4,5,2,4,28.6,3,0,118.77,0.0,0,0.5,0,0,1,0,0,0,0,0,0,0,0,0,1,0,0,0,1,0,0,0,1,0,0,0,1,0,0,0,0,0,0,1,0,0,0,1,0,0,0,1,0,0,0,1,0,0,1
CLI-003969,1071.0,12,10,4,40.0,1,0.2,1,3,12,7,37.3,2,0,130.59,0.03,0,0.12,0,0,0,0,0,0,1,0,0,0,0,1,0,0,1,0,0,0,0,0,1,0,0,0,1,0,0,0,0,1,0,0,0,0,0,0,1,1,0,0,1,0,0,0,0,1,0
CLI-001631,1151.0,14,11,2,18.2,6,2.2,1,3,1,1,10.65,4,1,127.58,0.0,0,0.12,0,0,0,0,0,0,1,0,1,0,0,0,0,0,0,0,0,0,0,1,1,0,0,0,1,0,0,0,0,0,1,0,0,1,0,0,0,0,1,0,0,0,0,1,0,0,1
CLI-003412,736.0,16,8,6,75.0,39,18.1,2,0,2,10,39.3,2,0,74.82,0.0,0,0.25,0,0,1,0,0,0,0,1,0,0,0,0,0,0,1,0,0,0,0,0,0,1,0,0,1,0,0,0,0,0,0,0,1,0,0,0,1,1,0,0,1,0,0,0,0,0,1
CLI-003808,41132.0,5,29,16,55.2,22,11.2,6,1,0,1,10.8,3,1,895.74,0.0,0,0.38,0,0,1,0,0,0,0,0,1,0,0,0,0,0,0,0,0,0,0,1,0,1,0,0,0,1,0,0,0,0,1,0,0,0,0,0,1,0,1,0,0,1,0,0,0,1,0
