client_id,valeur_vie_client_eur,revenu_mensuel_recurrent_eur,sieges_souscrits,utilisateurs_actifs,taille_entreprise_ge,plan_ent,fonctionnalites_utilisees,delai_reponse_support_h,taille_entreprise_tpe,plan_str,taille_entreprise_pme
CLI-000936,1489162.0,41273.89,417,229,1,1,12,1.2,0,0,0
CLI-001652,4593.0,622.29,55,21,0,0,0,8.2,0,1,1
CLI-001382,2041.0,132.0,11,5,0,0,3,38.2,1,1,0
CLI-003965,9353.0,814.73,30,14,0,0,5,11.3,0,0,1
CLI-000272,26718.0,1551.59,138,83,0,0,1,25.7,0,1,0
CLI-003077,113818.0,5338.57,169,117,0,0,10,12.3,0,0,0
CLI-001461,836.0,42.48,3,2,0,0,4,19.1,1,1,0
CLI-002991,227652.0,11567.7,151,69,1,1,21,3.0,0,0,0
CLI-001944,236174.0,5333.66,217,157,0,0,5,15.1,0,0,0
CLI-004877,15386.0,469.1,21,7,0,0,3,16.3,0,0,1
CLI-002124,371870.0,41227.25,502,410,1,1,15,0.5,0,0,0
CLI-002842,2691.0,113.16,10,0,0,0,0,27.1,1,1,0
CLI-002956,1784645.0,27549.32,321,43,1,1,9,2.5,0,0,0
CLI-000542,15747.0,1200.21,55,25,0,0,7,8.9,0,0,1
CLI-004291,4481.0,1366.27,46,29,0,0,2,4.3,0,0,1
CLI-001031,4593.0,74.68,6,3,0,0,2,15.4,1,1,0
CLI-001674,10742.0,1091.62,52,35,0,0,5,17.5,0,0,1
CLI-001898,62171.0,1263.64,32,20,0,0,7,5.8,0,0,1
CLI-003884,6190.0,62.91,4,4,0,0,6,26.5,1,1,0
CLI-000345,17398.0,5304.26,187,171,0,0,9,6.0,0,0,0
CLI-004761,107239.0,1334.48,25,6,0,0,4,1.4,0,0,1
CLI-000648,32421.0,2080.96,76,45,0,0,4,15.7,0,0,0
CLI-004981,1923.0,65.14,5,2,0,0,3,36.9,1,1,0
CLI-003872,19420.0,1076.52,30,4,0,0,1,5.5,0,0,1
CLI-000367,6556.0,307.52,12,4,0,0,6,8.0,0,0,1
CLI-002470,93459.0,28493.63,740,436,1,0,13,7.5,0,0,0
CLI-003692,8466.0,938.54,37,12,0,0,3,19.5,0,0,1
CLI-002732,2000000.0,66168.67,760,315,1,1,11,3.0,0,0,0
CLI-000128,258963.0,8535.37,186,74,0,0,7,6.4,0,0,0
CLI-003427,5967.0,250.93,7,4,0,0,9,5.6,1,0,0
CLI-001447,6370.0,165.28,6,6,0,0,7,10.5,1,0,0
CLI-001144,3818.0,81.69,3,1,0,0,3,14.6,1,0,0
CLI-003552,222322.0,12910.68,267,115,1,0,9,4.5,0,0,0
CLI-000928,69216.0,12058.6,613,85,1,0,0,11.0,0,0,0
CLI-001878,85481.0,4343.55,114,57,0,0,7,4.9,0,0,0
CLI-000232,7451.0,567.93,45,34,0,0,4,30.6,0,1,1
CLI-002242,135803.0,4476.05,92,67,0,0,16,3.7,0,0,0
CLI-001717,902399.0,30569.07,546,181,1,0,9,5.1,0,0,0
CLI-003264,5647.0,500.0,20,14,0,0,6,10.5,0,0,1
CLI-002224,85452.0,1828.25,34,12,0,0,5,7.4,0,0,1
CLI-002360,1700.0,188.49,8,2,0,0,8,13.5,1,0,0
CLI-001303,40114.0,978.38,30,21,0,0,9,15.0,0,0,1
CLI-003985,40696.0,1033.95,47,6,0,0,6,12.7,0,0,1
CLI-002761,2358.0,319.5,25,24,0,0,5,20.6,0,1,1
CLI-003610,21764.0,1396.91,50,5,0,0,1,13.8,0,0,1
CLI-002394,131684.0,10036.92,217,108,0,0,12,4.3,0,0,0
CLI-002180,20141.0,3070.34,136,73,0,0,5,20.3,0,0,0
CLI-001661,25752.0,581.57,22,14,0,0,1,17.5,0,0,1
CLI-003048,10800.0,1013.18,34,32,0,0,15,14.0,0,0,1
CLI-002701,7863.0,223.0,16,14,0,0,5,36.7,0,1,1
CLI-004659,64981.0,9905.71,132,51,0,1,23,0.7,0,0,0
CLI-001045,725.0,220.95,24,4,0,0,2,24.3,0,1,1
CLI-002925,22464.0,537.17,41,22,0,0,3,26.6,0,1,1
CLI-002740,7690.0,1339.72,34,6,0,0,5,5.1,0,0,1
CLI-003084,978.0,198.76,10,6,0,0,4,12.5,1,0,0
CLI-001011,194968.0,29720.7,654,362,1,0,13,3.6,0,0,0
CLI-002798,12894.0,1747.19,53,19,0,0,8,8.4,0,0,0
CLI-001879,105435.0,2795.19,51,25,0,0,12,10.5,0,0,1
CLI-003612,227995.0,9268.09,194,65,0,0,12,2.2,0,0,0
CLI-003731,3638.0,554.62,54,23,0,0,1,29.4,0,1,1
CLI-004030,34774.0,1696.29,23,3,0,1,6,3.8,0,0,1
CLI-002983,2885.0,121.33,3,1,0,0,7,3.8,1,0,0
CLI-001468,2000000.0,56081.79,593,435,1,1,16,4.0,0,0,0
CLI-003498,14362.0,700.57,32,10,0,0,3,19.3,0,0,1
CLI-003929,3458.0,351.45,15,5,0,0,7,10.5,0,0,1
CLI-003566,1174.0,238.52,12,9,0,0,8,11.8,0,0,1
CLI-001564,9259.0,664.18,27,18,0,0,6,10.5,0,0,1
CLI-002689,30012.0,1407.69,47,31,0,0,8,9.0,0,0,1
CLI-001806,55892.0,2350.36,53,30,0,0,18,10.5,0,0,1
CLI-004662,41323.0,1527.07,52,36,0,0,6,8.1,0,0,1
CLI-000918,45982.0,2548.9,112,53,0,0,3,17.0,0,0,0
CLI-004466,271073.0,4591.35,180,140,0,0,10,7.8,0,0,0
CLI-002525,70762.0,1710.0,38,19,0,0,3,10.5,0,0,0
CLI-003862,8611.0,750.08,59,0,0,0,0,26.0,0,1,1
CLI-002793,2000000.0,55542.77,621,497,1,1,8,1.4,0,0,0
CLI-002047,139567.0,9455.77,209,105,0,0,8,13.3,0,0,0
CLI-004346,2570.0,348.18,14,6,0,0,5,12.5,0,0,1
CLI-001421,7813.0,167.16,6,0,0,0,0,14.9,1,0,0
CLI-002271,901.0,64.66,5,4,0,0,4,30.3,1,1,0
CLI-000372,129567.0,1628.95,57,29,0,0,8,13.8,0,0,1
CLI-003130,10593.0,538.27,22,12,0,0,7,11.4,0,0,1
CLI-002321,21339.0,867.44,32,14,0,0,3,17.5,0,0,1
CLI-003448,24994.0,5080.14,186,131,0,0,7,14.2,0,0,0
CLI-000080,286686.0,4370.22,43,10,0,1,11,3.8,0,0,0
CLI-000541,2448.0,186.58,9,4,0,0,4,8.9,1,0,0
CLI-000489,300.0,21.5,2,1,0,0,2,26.0,1,1,0
CLI-001726,2565.0,100.9,8,2,0,0,2,11.8,1,1,0
CLI-000676,202290.0,9488.27,205,25,0,0,7,10.5,0,0,0
CLI-000087,701.0,171.02,10,2,0,0,0,17.7,1,0,0
CLI-002657,990.0,86.2,3,1,0,0,6,15.2,1,0,0
CLI-003030,735202.0,33206.95,366,61,1,1,13,2.3,0,0,0
CLI-003200,1796.0,31.29,3,1,0,0,3,23.3,1,1,0
CLI-004921,3683.0,641.59,10,5,0,1,20,2.8,1,0,0
CLI-004930,41782.0,5661.51,140,88,1,0,12,4.8,0,0,0
CLI-004333,99236.0,1920.95,35,12,0,0,5,2.4,0,0,1
CLI-002906,1527.0,206.9,8,5,0,0,8,11.6,1,0,0
CLI-001126,642.0,78.34,2,1,0,0,1,7.2,1,0,0
CLI-003529,224343.0,7816.83,205,37,0,0,11,4.7,0,0,0
CLI-002691,2450.0,76.62,6,3,0,0,4,29.4,1,1,0
CLI-002401,11408.0,1070.19,39,7,0,0,1,5.8,0,0,1
CLI-002631,1028.0,59.67,5,3,0,0,3,10.5,1,1,0
CLI-001881,273797.0,12366.61,200,0,0,1,0,3.1,0,0,0
CLI-004555,127711.0,8197.13,186,91,0,0,13,6.1,0,0,0
CLI-000737,553.0,112.4,9,3,0,0,3,17.3,1,1,0
CLI-003256,52584.0,2914.87,56,35,0,0,9,8.8,0,0,1
CLI-004733,174126.0,11176.28,142,118,1,1,22,4.3,0,0,0
CLI-002382,95429.0,2770.88,75,52,0,0,4,13.3,0,0,0
CLI-004120,233825.0,5380.23,100,54,0,0,9,8.2,0,0,0
CLI-002528,314761.0,15354.18,174,68,0,1,15,7.2,0,0,0
CLI-001408,1033.0,96.95,4,2,0,0,4,12.2,1,0,0
CLI-004242,4521.0,918.91,39,29,0,0,7,10.5,0,0,1
CLI-004166,204269.0,12455.44,171,94,1,1,15,1.1,0,0,0
CLI-004205,48630.0,4561.89,99,16,0,0,2,6.5,0,0,0
CLI-000376,682541.0,15705.04,303,144,1,0,11,9.5,0,0,0
CLI-004280,2421.0,155.36,6,3,0,0,6,17.9,1,0,0
CLI-002444,25181.0,1096.75,39,17,0,0,3,8.6,0,0,1
CLI-003421,21884.0,1482.63,56,30,0,0,5,6.8,0,0,1
CLI-000127,1939.0,90.96,8,1,0,0,2,10.5,1,1,0
CLI-001167,40023.0,4067.41,49,33,0,1,12,10.6,0,0,1
CLI-002040,841.0,68.39,6,3,0,0,1,22.3,1,1,0
CLI-004077,9512.0,527.3,10,3,0,0,11,1.2,1,0,0
CLI-001417,12430.0,1010.53,25,1,0,0,1,8.4,0,0,1
CLI-000303,10273.0,1252.76,55,0,0,0,0,7.3,0,0,1
CLI-004033,420.0,56.92,4,3,0,0,6,10.5,1,1,0
CLI-000998,1039.0,211.12,9,4,0,0,5,10.5,1,0,0
CLI-004370,784.0,39.84,3,2,0,0,2,25.2,1,1,0
CLI-002768,60885.0,1178.58,27,19,0,0,14,6.3,0,0,1
CLI-000499,83864.0,3520.0,44,26,0,1,17,5.5,0,0,0
CLI-003195,3238.0,171.67,7,4,0,0,3,11.7,1,0,0
CLI-000451,18358.0,1243.77,48,20,0,0,7,14.3,0,0,1
CLI-003727,828.0,12.31,1,1,0,0,3,28.4,1,1,0
CLI-002720,37888.0,1650.19,30,25,0,0,15,10.5,0,0,1
CLI-001526,489340.0,27125.25,633,282,1,0,6,10.5,0,0,0
CLI-001708,16790.0,232.68,6,4,0,0,8,2.0,1,0,0
CLI-004341,9786.0,745.91,11,8,0,1,25,1.3,0,0,1
CLI-002106,34263.0,852.73,30,19,0,0,7,10.9,0,0,1
CLI-003330,10251.0,735.37,10,6,0,1,16,5.2,1,0,0
CLI-002499,7346.0,182.82,6,3,0,0,3,13.5,1,0,0
CLI-002305,773610.0,55495.68,679,265,1,1,9,0.5,0,0,0
CLI-002654,23136.0,783.74,9,7,0,1,25,5.4,1,0,0
CLI-000881,1310489.0,34003.36,615,588,1,0,17,8.7,0,0,0
CLI-001946,957300.0,23825.28,833,475,1,0,6,16.3,0,0,0
CLI-004731,316736.0,8218.38,179,34,0,0,1,2.7,0,0,0
CLI-004509,2637.0,402.0,17,8,0,0,10,18.8,0,0,1
CLI-002921,31447.0,2255.86,47,30,0,0,12,7.0,0,0,1
CLI-003808,41132.0,895.74,29,16,0,0,6,10.8,0,0,1
CLI-002823,1336.0,101.8,9,5,0,0,4,22.2,1,1,0
CLI-003861,29105.0,2218.39,57,42,0,0,13,10.5,0,0,1
CLI-002848,36306.0,4427.56,110,8,0,0,5,7.5,0,0,0
CLI-000833,104338.0,8482.77,116,53,0,1,16,2.5,0,0,0
CLI-001256,187486.0,9145.64,217,149,1,0,16,9.7,0,0,0
CLI-004571,733.0,33.13,1,1,0,0,6,10.3,1,0,0
CLI-001809,1328821.0,37686.36,675,490,1,0,10,3.1,0,0,0
CLI-000491,11014.0,746.23,31,13,0,0,3,14.6,0,0,1
CLI-004951,42482.0,6475.88,323,95,1,0,1,9.1,0,0,0
CLI-003316,5438.0,414.5,33,8,0,0,2,35.6,0,1,1
CLI-003435,1186.0,68.9,7,2,0,0,2,13.9,1,1,0
CLI-003107,13321.0,676.86,53,0,0,0,0,28.2,0,1,1
CLI-000324,8071.0,193.0,8,3,0,0,4,11.4,1,0,0
CLI-004709,1603.0,177.71,9,7,0,0,6,7.2,1,0,0
CLI-001298,12230.0,1657.17,170,85,0,0,3,41.1,0,1,0
CLI-002620,335.0,58.36,5,5,0,0,5,30.5,1,1,0
CLI-004792,23123.0,1484.12,22,9,0,1,8,1.4,0,0,1
CLI-001034,32239.0,2457.24,54,0,0,0,0,10.2,0,0,0
CLI-001680,381.0,23.23,2,1,0,0,2,27.0,1,1,0
CLI-001383,24333.0,581.84,22,15,0,0,6,17.2,0,0,1
CLI-004492,1447.0,196.06,10,3,0,0,5,12.0,0,0,1
CLI-000459,4889.0,496.83,51,0,0,0,0,17.9,0,1,1
CLI-001389,2593.0,71.87,5,3,0,0,4,10.5,1,1,0
CLI-003697,97092.0,2368.09,50,22,0,0,12,3.9,0,0,1
CLI-000135,2921.0,254.4,5,4,0,0,12,6.9,1,0,0
CLI-004231,77172.0,904.92,28,22,0,0,5,12.5,0,0,1
CLI-002703,22868.0,3485.92,58,10,0,1,1,0.7,0,0,1
CLI-002320,12791.0,1949.83,53,19,0,0,9,5.6,0,0,1
CLI-001176,808.0,70.39,6,1,0,0,3,15.4,1,1,0
CLI-003949,23188.0,1767.39,80,33,0,0,4,12.4,0,0,0
CLI-001282,38152.0,1224.4,30,16,0,0,6,10.5,0,0,1
CLI-002671,4494.0,182.69,8,5,0,0,9,12.6,0,0,1
CLI-000545,200430.0,4526.42,89,48,0,0,6,10.1,0,0,0
CLI-001932,1158240.0,61412.53,796,694,1,1,16,0.5,0,0,0
CLI-003294,476.0,25.23,2,1,0,0,4,26.2,1,1,0
CLI-000327,302.0,72.0,6,1,0,0,3,38.0,1,1,0
CLI-003399,43992.0,5364.85,89,0,0,1,0,4.6,0,0,0
CLI-001161,469.0,43.99,4,2,0,0,2,15.2,1,1,0
CLI-001752,1046.0,49.05,2,1,0,0,5,1.5,1,0,0
CLI-003452,15054.0,1147.44,48,17,0,0,6,10.8,0,0,1
CLI-000494,9610.0,148.35,3,2,0,0,9,12.5,1,0,0
CLI-003437,47650.0,1709.11,37,27,0,0,8,12.0,0,0,1
CLI-000269,17750.0,1202.6,45,14,0,0,4,8.6,0,0,1
CLI-000285,330.0,12.99,1,1,0,0,5,19.8,1,1,0
CLI-000636,97878.0,1956.77,33,25,0,0,10,5.5,0,0,1
CLI-001786,45562.0,2057.91,49,18,0,0,2,13.1,0,0,1
CLI-002875,28351.0,8643.54,193,68,0,0,8,10.4,0,0,0
CLI-000031,17433.0,3037.11,98,10,0,0,2,4.8,0,0,0
CLI-003688,3659.0,343.21,34,11,0,0,2,41.3,0,1,1
CLI-004381,14966.0,793.53,14,9,0,0,13,10.5,0,0,1
CLI-000835,153639.0,9368.22,372,208,1,0,7,10.5,0,0,0
CLI-000125,5206.0,171.59,6,3,0,0,8,10.9,0,0,1
CLI-001912,1601.0,108.44,8,0,0,0,0,15.0,1,1,0
CLI-002849,663.0,40.44,2,1,0,0,6,9.4,1,0,0
CLI-003998,17133.0,746.19,33,25,0,0,6,11.4,0,0,1
CLI-001329,4391.0,205.96,19,11,0,0,4,15.0,0,1,1
CLI-003428,300.0,68.38,6,5,0,0,6,30.8,1,1,0
CLI-001386,122168.0,18623.18,456,368,1,0,16,3.0,0,0,0
CLI-002557,923.0,75.08,3,2,0,0,7,13.8,1,0,0
CLI-001807,335.0,25.55,1,1,0,0,3,15.7,1,0,0
CLI-001307,10706.0,1088.05,102,22,0,0,2,9.4,0,1,0
CLI-003527,31193.0,845.35,47,42,0,0,5,28.7,0,1,1
CLI-003831,6822.0,594.21,25,10,0,0,5,13.3,0,0,1
CLI-002261,16392.0,1332.68,66,13,0,0,4,14.3,0,0,0
CLI-001847,10460.0,579.81,44,19,0,0,3,19.6,0,1,1
CLI-003678,18373.0,2240.62,57,0,0,0,0,11.0,0,0,1
CLI-000784,81171.0,3535.31,70,58,0,0,13,9.5,0,0,0
CLI-000910,36664.0,1397.26,28,0,0,0,0,8.8,0,0,1
CLI-003089,4951.0,503.12,25,14,0,0,9,20.2,0,0,1
CLI-001124,1636531.0,64379.68,884,126,1,1,13,2.7,0,0,0
CLI-002177,175236.0,5212.24,199,94,0,0,4,6.6,0,0,0
CLI-001352,1130.0,76.59,3,2,0,0,13,8.1,1,0,0
CLI-000078,65682.0,8010.0,186,12,0,0,5,4.2,0,0,0
CLI-001202,991.0,22.38,2,1,0,0,2,31.2,1,1,0
CLI-000659,20657.0,1095.26,55,11,0,0,4,8.3,0,0,1
CLI-004717,27125.0,703.81,15,6,0,0,10,9.3,0,0,1
CLI-002227,1300.0,48.05,3,2,0,0,4,31.7,1,1,0
CLI-001844,827.0,100.81,10,2,0,0,2,27.3,1,1,0
CLI-004596,16388.0,166.54,6,4,0,0,7,11.8,1,0,0
CLI-000452,480.0,38.99,3,1,0,0,2,28.6,1,1,0
CLI-001641,5388.0,126.36,10,7,0,0,4,31.3,1,1,0
CLI-004579,300.0,20.06,1,1,0,0,4,11.5,1,0,0
CLI-003359,2130.0,371.09,16,0,0,0,0,3.7,0,0,1
CLI-003685,5644.0,275.31,7,3,0,0,9,5.4,0,0,1
CLI-001629,667.0,120.0,10,4,0,0,2,15.8,1,1,0
CLI-004993,29610.0,1504.55,32,15,0,0,9,10.5,0,0,1
CLI-000432,27803.0,1883.7,37,22,0,0,6,3.2,0,0,0
CLI-003337,713.0,72.47,6,2,0,0,4,10.5,1,1,0
CLI-002428,414.0,13.28,1,1,0,0,2,16.7,1,1,0
CLI-003014,62296.0,4525.0,181,116,0,0,4,14.0,0,0,0
CLI-000217,30865.0,313.67,7,1,0,0,2,10.0,1,0,0
CLI-001546,1315.0,48.61,4,2,0,0,3,18.8,1,1,0
CLI-003664,241854.0,42134.9,467,297,1,1,27,4.6,0,0,0
CLI-001538,3794.0,140.19,10,6,0,0,3,34.2,1,1,0
CLI-003051,328537.0,7154.55,127,72,0,0,12,10.5,0,0,0
CLI-001029,1034.0,252.15,15,0,0,0,0,21.0,0,0,1
CLI-000391,90467.0,3343.2,72,38,0,0,8,1.0,0,0,0
CLI-002885,2738.0,556.58,39,30,0,0,4,31.9,0,1,1
CLI-001710,1061.0,80.89,3,2,0,0,6,12.5,1,0,0
CLI-003201,2259.0,344.4,15,9,0,0,3,12.2,0,0,1
CLI-004279,6381.0,486.33,11,5,0,0,11,7.5,1,0,0
CLI-000962,59412.0,8050.34,179,117,0,0,11,4.8,0,0,0
CLI-002359,9425.0,547.32,10,4,0,0,5,8.3,0,0,1
CLI-004267,15606.0,906.3,22,5,0,0,1,9.1,0,0,1
CLI-003364,7151.0,969.02,35,18,0,0,6,10.5,0,0,1
CLI-002877,260344.0,9950.0,398,212,1,0,5,18.1,0,0,0
CLI-004148,402818.0,54582.34,815,157,1,1,14,5.6,0,0,0
CLI-000384,89125.0,6793.03,142,27,0,0,11,4.4,0,0,0
CLI-003282,12116.0,2110.83,51,34,0,0,10,10.5,0,0,1
CLI-000681,981.0,85.43,8,7,0,0,6,19.6,1,1,0
CLI-004467,58050.0,7865.9,102,48,0,1,7,2.6,0,0,0
CLI-001272,11452.0,931.09,38,28,0,0,7,7.5,0,0,1
CLI-003789,627.0,40.26,1,1,0,0,12,2.3,1,0,0
CLI-003433,680.0,46.05,4,1,0,0,3,18.2,1,1,0
CLI-002816,149498.0,7292.57,142,77,0,0,14,7.3,0,0,0
CLI-003837,6386.0,973.44,45,14,0,0,3,12.3,0,0,1
CLI-003634,4865.0,164.79,11,7,0,0,4,30.4,1,1,0
CLI-000279,6536.0,1138.63,45,21,0,0,9,18.5,0,0,1
CLI-002597,9637.0,839.45,33,25,0,0,9,15.7,0,0,1
CLI-003541,348.0,38.55,3,2,0,0,4,28.7,1,1,0
CLI-000775,456.0,79.49,7,5,0,0,3,23.2,1,1,0
CLI-001431,369025.0,5294.48,197,56,0,0,4,5.1,0,0,0
CLI-004199,7091.0,1235.45,49,26,0,0,6,15.9,0,0,1
CLI-002787,2012.0,188.77,9,2,0,0,3,12.0,1,0,0
CLI-001253,1228.0,249.56,28,0,0,0,0,14.2,0,1,1
CLI-001701,11176.0,378.58,16,5,0,0,5,12.8,0,0,1
CLI-004406,21025.0,2848.86,39,25,0,1,19,3.3,0,0,1
CLI-000654,13662.0,617.06,13,3,0,0,7,6.7,0,0,1
CLI-001270,40697.0,2363.36,136,38,1,0,1,10.3,0,0,0
CLI-003238,6655.0,901.74,43,19,0,0,4,9.1,0,0,1
CLI-001284,103565.0,4355.14,106,48,0,0,6,11.2,0,0,0
CLI-004706,980.0,42.7,3,2,0,0,5,3.9,1,1,0
CLI-001655,241535.0,11782.18,142,105,1,1,11,1.1,0,0,0
CLI-000428,348.0,42.4,4,1,0,0,2,26.6,1,1,0
CLI-003450,425.0,103.58,10,5,0,0,1,19.3,1,1,0
CLI-004590,274459.0,27892.22,731,492,1,0,6,6.8,0,0,0
CLI-004095,582.0,101.37,9,5,0,0,3,28.5,1,1,0
CLI-000047,13027.0,2269.46,31,3,0,1,1,5.1,0,0,1
CLI-002763,2285.0,139.32,6,3,0,0,7,11.0,1,0,0
CLI-001552,14131.0,1723.25,57,30,0,0,11,7.3,0,0,1
CLI-003104,21069.0,1712.96,44,2,0,0,1,0.5,0,0,1
CLI-000350,31610.0,1835.65,43,30,0,0,16,6.8,0,0,1
CLI-000512,98602.0,5228.1,193,143,0,0,6,12.8,0,0,0
CLI-002000,9625.0,733.6,38,17,0,0,4,13.9,0,0,1
CLI-001120,4993.0,507.42,52,17,0,0,4,10.5,0,1,1
CLI-003371,10640.0,926.84,24,18,0,0,14,3.4,0,0,1
CLI-001642,41213.0,1523.03,17,14,0,1,17,0.5,0,0,1
CLI-000365,25756.0,1570.51,57,41,0,0,10,10.5,0,0,1
CLI-000049,37272.0,454.54,10,5,0,0,10,5.8,1,0,0
CLI-002972,6825.0,416.14,34,24,0,0,3,20.8,0,1,1
CLI-000313,75142.0,2863.66,54,24,0,0,4,5.1,0,0,1
CLI-000915,34788.0,1844.54,58,15,0,0,1,7.4,0,0,1
CLI-002602,16950.0,626.4,49,33,0,0,3,23.1,0,1,1
CLI-004414,110129.0,4974.21,68,57,0,1,21,0.5,0,0,0
CLI-004136,13958.0,773.71,30,12,0,0,0,16.2,0,0,1
CLI-000746,11169.0,277.97,9,6,0,0,8,13.2,0,0,1
CLI-002796,25723.0,681.95,13,10,0,0,8,6.2,0,0,1
CLI-003803,282166.0,15641.13,330,151,1,0,7,5.2,0,0,0
CLI-000304,981.0,132.99,5,1,0,0,3,12.4,1,0,0
CLI-003445,87483.0,10668.67,133,0,0,1,0,2.1,0,0,0
CLI-000138,13962.0,1418.92,53,42,0,0,8,17.6,0,0,1
CLI-003964,8204.0,188.77,6,3,0,0,2,6.7,1,0,0
CLI-004035,439.0,12.74,1,1,0,0,4,10.5,1,1,0
CLI-001096,27508.0,1242.47,48,14,0,0,3,11.5,0,0,1
CLI-003952,5708.0,580.11,25,3,0,0,1,21.1,0,0,1
CLI-000035,29926.0,598.28,12,6,0,0,12,6.0,0,0,1
CLI-003072,283645.0,11530.27,468,100,1,0,5,20.7,0,0,0
CLI-003233,40325.0,1490.2,55,42,0,0,6,11.2,0,0,1
CLI-002389,965755.0,21031.25,466,172,1,0,9,7.6,0,0,0
CLI-003792,66288.0,6736.6,175,87,0,0,8,2.1,0,0,0
CLI-003896,110245.0,4636.02,50,32,0,1,22,0.5,0,0,0
CLI-003805,9822.0,630.43,8,3,0,1,25,6.6,1,0,0
CLI-003149,5099.0,282.66,14,9,0,0,9,4.6,0,0,1
CLI-002319,3088.0,144.83,6,3,0,0,6,12.2,1,0,0
CLI-002900,1906.0,136.76,5,5,0,0,11,6.0,1,0,0
CLI-001939,1387.0,422.81,19,3,0,0,0,17.7,0,0,1
CLI-002977,41308.0,2518.76,48,42,0,0,20,10.5,0,0,1
CLI-003451,4116.0,557.69,43,18,0,0,2,4.8,0,1,1
CLI-000028,752272.0,33977.96,348,293,1,1,20,3.8,0,0,0
CLI-002626,11658.0,1015.47,51,14,0,0,5,14.8,0,0,1
CLI-001052,9688.0,492.26,42,4,0,0,2,25.9,0,1,1
CLI-000645,1675.0,107.53,11,6,0,0,4,26.1,1,1,0
CLI-004557,1358.0,33.11,3,2,0,0,3,40.8,1,1,0
CLI-000736,1518.0,142.36,13,4,0,0,1,18.9,0,1,1
CLI-000198,32006.0,1175.0,47,34,0,0,9,7.1,0,0,1
CLI-002288,7611.0,386.76,14,10,0,0,4,15.6,0,0,1
CLI-003188,31888.0,1944.39,43,26,0,0,17,3.0,0,0,1
CLI-004944,49084.0,1575.24,53,32,0,0,10,12.7,0,0,1
CLI-000129,54349.0,2367.1,28,21,0,1,25,3.0,0,0,1
CLI-004129,340.0,37.67,2,1,0,0,5,14.2,1,0,0
CLI-000471,1324.0,107.68,11,3,0,0,2,26.7,1,1,0
CLI-004210,2100.0,128.04,10,9,0,0,3,13.9,1,1,0
CLI-001775,117443.0,5728.94,69,35,0,1,18,4.0,0,0,0
CLI-002888,1488.0,49.04,1,1,0,0,12,6.1,1,0,0
CLI-002619,664.0,25.32,1,1,0,0,8,4.5,1,0,0
CLI-003033,2922.0,222.68,8,5,0,0,4,9.6,1,0,0
CLI-001229,3290.0,154.32,6,2,0,0,4,11.1,1,0,0
CLI-003220,13782.0,1527.99,31,21,0,0,10,8.3,0,0,1
CLI-000911,2354.0,191.39,8,7,0,0,10,14.2,1,0,0
CLI-000472,42499.0,2253.41,55,17,0,0,10,10.5,0,0,1
CLI-000544,20781.0,873.88,36,15,0,0,6,7.4,0,0,0
CLI-004707,31382.0,2391.94,59,32,0,0,10,5.3,0,0,1
CLI-000136,43682.0,6658.82,91,28,0,1,8,8.3,0,0,0
CLI-004570,6269.0,231.68,10,4,0,0,1,10.5,1,0,0
CLI-002969,4833.0,107.17,8,6,0,0,4,22.6,1,1,0
CLI-000310,13617.0,221.41,8,6,0,0,8,13.3,1,0,0
CLI-002694,10291.0,1045.79,44,27,0,0,5,13.7,0,0,1
CLI-001474,101714.0,2000.67,39,26,0,0,13,6.4,0,0,1
CLI-000772,134238.0,3992.8,83,24,0,0,11,1.8,0,0,0
CLI-000344,389107.0,9684.09,190,72,0,0,7,3.2,0,0,0
CLI-002957,300.0,21.44,2,1,0,0,2,28.6,1,1,0
CLI-004905,36066.0,975.0,39,33,0,0,8,8.3,0,0,0
CLI-001675,79973.0,1108.28,46,38,0,0,7,18.0,0,0,1
CLI-002729,8748.0,136.78,11,4,0,0,3,21.2,1,1,0
CLI-000938,42003.0,2695.96,58,21,0,0,12,0.5,0,0,0
CLI-002867,9385.0,97.82,7,3,0,0,3,10.5,1,1,0
CLI-003150,12450.0,1380.22,56,29,0,0,4,20.6,0,0,1
CLI-002199,16693.0,1272.36,51,41,0,0,6,11.1,0,0,1
CLI-000967,300.0,10.82,1,0,0,0,0,32.4,1,1,0
CLI-000140,6911.0,766.2,29,23,0,0,10,13.6,0,0,1
CLI-000908,27577.0,782.11,48,41,0,0,3,18.0,0,1,1
CLI-004083,5047.0,307.74,13,6,0,0,3,12.5,0,0,1
CLI-001419,11083.0,245.75,8,7,0,0,9,9.4,1,0,0
CLI-001442,11418.0,696.22,16,10,0,0,12,10.5,0,0,1
CLI-002704,300.0,26.12,2,1,0,0,1,24.3,1,1,0
CLI-001834,6869.0,1520.0,19,7,0,1,15,1.3,0,0,1
CLI-002505,18073.0,918.34,49,0,0,0,0,13.2,0,0,1
CLI-001963,15724.0,266.33,9,8,0,0,7,11.5,0,0,1
CLI-003500,5363.0,152.1,11,4,0,0,3,11.1,1,1,0
CLI-000974,1785.0,87.09,3,2,0,0,8,11.5,1,0,0
CLI-000904,22462.0,1014.53,34,27,0,0,8,16.7,0,0,1
CLI-002206,76232.0,1787.81,72,32,0,0,7,19.9,0,0,0
CLI-004889,116713.0,7907.4,99,77,0,1,16,10.5,0,0,0
CLI-003858,288911.0,10676.68,215,137,0,0,8,6.1,0,0,0
CLI-002690,715.0,45.88,2,1,0,0,8,12.7,1,0,0
CLI-000045,2986.0,158.34,7,2,0,0,4,10.5,1,0,0
CLI-003534,5296.0,307.56,11,1,0,0,0,11.8,1,0,0
CLI-000525,2784.0,30.87,2,1,0,0,2,41.7,1,1,0
CLI-004062,1785.0,94.62,5,1,0,0,0,3.2,1,0,0
CLI-001666,3904.0,595.12,27,23,0,0,9,14.8,0,0,1
CLI-003754,1300.0,29.36,1,1,0,0,11,10.5,1,0,0
CLI-000314,26366.0,1236.68,45,21,0,0,8,9.3,0,0,1
CLI-001047,36602.0,1425.0,57,14,0,0,4,1.7,0,0,1
CLI-001980,11602.0,1286.28,29,12,0,0,18,4.6,0,0,1
CLI-000462,1188.0,144.87,7,4,0,0,4,12.0,0,0,1
CLI-003493,1473.0,74.86,6,4,0,0,3,33.0,1,1,0
CLI-002714,24800.0,5040.65,156,22,0,0,3,3.3,0,0,0
CLI-000086,576.0,78.05,9,1,0,0,0,18.0,1,1,0
CLI-003461,5463.0,740.24,10,2,0,1,7,10.5,1,0,0
CLI-003105,387312.0,8911.93,193,115,0,0,8,10.5,0,0,0
CLI-002274,5395.0,438.63,21,15,0,0,7,16.7,0,0,1
CLI-004180,558.0,170.1,15,11,0,0,1,17.6,0,1,1
CLI-003844,152081.0,6623.75,144,36,0,0,5,7.5,0,0,0
CLI-001146,423920.0,17232.53,219,122,0,1,5,6.9,0,0,0
CLI-004257,19730.0,1503.83,52,40,0,0,4,12.5,0,0,1
CLI-002113,13834.0,843.55,30,26,0,0,9,11.3,0,0,1
CLI-003434,977.0,31.36,3,1,0,0,2,10.0,1,1,0
CLI-002914,210093.0,13484.78,199,96,0,1,11,4.4,0,0,0
CLI-002414,1510126.0,47220.94,593,334,1,1,12,1.8,0,0,0
CLI-002399,9764.0,744.23,21,3,0,0,2,8.3,0,0,1
CLI-002612,16449.0,2507.4,54,23,0,0,8,9.0,0,0,1
CLI-004500,30185.0,2454.05,108,68,0,0,7,12.9,0,0,0
CLI-000714,8305.0,1012.86,40,36,0,0,6,17.6,0,0,1
CLI-000132,12228.0,994.13,47,22,0,0,1,18.5,0,0,1
CLI-003674,14596.0,1271.4,49,34,0,0,7,9.5,0,0,1
CLI-000131,10715.0,945.0,21,5,0,0,3,8.2,0,0,1
CLI-004032,8947.0,909.24,45,24,0,0,4,23.0,0,0,1
CLI-000926,3033.0,924.74,47,22,0,0,6,10.5,0,0,1
CLI-000684,3451.0,263.02,10,6,0,0,5,16.2,1,0,0
CLI-001204,10625.0,925.48,43,5,0,0,0,10.5,0,0,1
CLI-000375,75389.0,8358.03,191,14,0,0,1,4.0,0,0,0
CLI-000970,34667.0,1565.81,55,5,0,0,6,9.0,0,0,1
CLI-000426,28040.0,977.01,39,0,0,0,0,11.7,0,0,1
CLI-001481,745.0,82.58,7,4,0,0,4,40.7,1,1,0
CLI-000969,34738.0,985.2,37,27,0,0,8,10.5,0,0,0
CLI-000757,8728.0,483.83,46,7,0,0,2,36.6,0,1,1
CLI-000892,717.0,33.65,3,1,0,0,2,20.5,1,1,0
CLI-000669,3902.0,216.28,5,2,0,0,4,13.4,1,0,0
CLI-000429,370.0,75.12,7,2,0,0,2,14.2,1,1,0
CLI-003351,1951.0,79.32,7,2,0,0,1,31.4,1,1,0
CLI-002150,18767.0,2080.62,98,52,0,0,6,10.9,0,0,0
CLI-000599,2521.0,236.45,10,7,0,0,8,16.8,1,0,0
CLI-000439,36627.0,2627.51,34,24,0,1,24,0.5,0,0,0
CLI-004842,1358.0,414.14,17,10,0,0,8,11.1,0,0,1
CLI-003206,75708.0,2429.65,52,0,0,0,0,10.5,0,0,1
CLI-001068,3255.0,141.76,11,5,0,0,2,37.0,1,1,0
CLI-002857,6171.0,250.84,9,5,0,0,8,10.5,0,0,1
CLI-004482,21905.0,3339.16,77,39,0,0,13,11.7,0,0,0
CLI-001156,352343.0,11613.14,248,165,1,0,9,5.4,0,0,0
CLI-002243,4569.0,265.32,10,1,0,0,0,6.4,1,0,0
CLI-004074,4143.0,459.3,11,5,0,0,3,5.8,0,0,1
CLI-000178,449.0,78.31,5,0,0,0,0,12.7,1,0,0
CLI-003644,13811.0,1684.27,59,29,0,0,9,14.0,0,0,1
CLI-002233,21415.0,816.11,35,14,0,0,7,14.6,0,0,1
CLI-002734,13832.0,887.83,19,8,0,0,11,6.4,0,0,1
CLI-000358,4530.0,46.42,4,3,0,0,4,38.6,1,1,0
CLI-001083,110782.0,2412.49,25,20,0,1,21,3.4,0,0,1
CLI-004953,138139.0,5264.46,113,73,0,0,11,6.6,0,0,0
CLI-001295,267757.0,5936.96,133,40,0,0,6,2.1,0,0,0
CLI-003443,946.0,41.19,3,2,0,0,3,23.3,1,1,0
CLI-003505,10442.0,707.43,31,10,0,0,5,10.3,0,0,1
CLI-003991,17839.0,1977.7,44,20,0,0,10,4.0,0,0,0
CLI-004985,44413.0,531.0,18,8,0,0,6,18.1,0,0,1
CLI-000852,357311.0,5187.44,99,65,0,0,12,9.0,0,0,0
CLI-001880,142558.0,2850.02,54,16,0,0,1,5.4,0,0,1
CLI-003390,2743.0,223.03,11,1,0,0,2,10.2,0,0,1
CLI-001373,59161.0,1898.61,32,28,0,0,17,4.9,0,0,1
CLI-003969,1071.0,130.59,10,4,0,0,1,37.3,1,1,0
CLI-003721,129094.0,3577.98,66,59,0,0,13,10.1,0,0,0
CLI-002004,219183.0,7861.64,105,56,0,1,21,2.3,0,0,0
CLI-003577,11280.0,1528.52,127,0,0,0,0,10.5,0,1,0
CLI-001626,11078.0,409.4,38,16,0,0,2,9.2,0,1,1
CLI-003898,9256.0,664.01,15,11,0,0,8,5.5,0,0,1
CLI-003822,4725.0,240.07,5,2,0,0,5,5.6,1,0,0
CLI-004195,582861.0,22929.24,258,201,1,1,32,1.9,0,0,0
CLI-003689,7412.0,564.95,18,16,0,0,9,18.9,0,0,1
CLI-000074,12724.0,862.07,55,48,0,0,5,19.0,0,1,1
CLI-004844,45972.0,2335.99,58,12,0,0,5,11.2,0,0,1
CLI-001986,13328.0,478.04,18,14,0,0,9,12.6,0,0,1
CLI-003913,4745.0,526.0,11,3,0,0,8,3.1,0,0,1
CLI-000466,18227.0,966.43,13,6,0,1,14,4.6,0,0,1
CLI-004386,38438.0,1674.12,65,50,0,0,7,21.9,0,0,0
CLI-000609,300.0,64.27,3,1,0,0,5,9.2,1,0,0
CLI-004974,363761.0,9438.53,209,150,0,0,8,10.5,0,0,0
CLI-003431,3270.0,234.58,9,1,0,0,0,10.0,1,0,0
CLI-002160,1903.0,232.08,9,5,0,0,7,16.5,1,0,0
CLI-000454,63983.0,5201.84,63,56,0,1,29,7.8,0,0,0
CLI-004045,11505.0,779.5,37,4,0,0,3,7.6,0,0,1
CLI-000909,6539.0,724.95,28,5,0,0,5,14.3,0,0,1
CLI-003818,39960.0,8121.88,204,124,0,0,9,2.4,0,0,0
CLI-000177,67525.0,2940.98,54,41,0,0,12,11.8,0,0,1
CLI-003420,1732.0,84.47,8,1,0,0,2,32.9,1,1,0
CLI-001250,8318.0,1014.38,40,0,0,0,0,9.4,0,0,0
CLI-004910,15649.0,1060.2,53,29,0,0,7,16.4,0,0,1
CLI-000646,161053.0,2805.8,32,7,0,1,14,0.5,0,0,1
CLI-004605,3897.0,226.29,22,0,0,0,0,35.8,0,1,1
CLI-001979,4899.0,1493.45,40,31,0,0,17,0.5,0,0,0
CLI-001534,2137.0,372.31,9,7,0,0,12,7.8,1,0,0
CLI-003277,11280.0,982.58,40,30,0,0,5,11.4,0,0,1
CLI-003022,60624.0,724.82,53,34,0,0,2,9.8,0,1,1
CLI-003015,21492.0,315.78,10,4,0,0,3,11.1,0,0,1
CLI-000584,167241.0,11330.72,414,162,1,0,6,8.4,0,0,0
CLI-003843,83007.0,2249.52,40,12,0,0,16,8.5,0,0,1
CLI-000019,17556.0,856.39,21,8,0,0,9,6.7,0,0,1
CLI-002168,2374.0,48.25,4,3,0,0,4,15.6,1,1,0
CLI-004276,579600.0,39268.26,512,268,1,1,10,5.1,0,0,0
CLI-002675,197629.0,4382.02,147,49,0,0,4,11.5,0,0,0
CLI-003352,22685.0,553.29,13,8,0,0,6,13.1,0,0,1
CLI-002569,14615.0,1620.32,80,43,0,0,8,5.0,0,0,0
CLI-001305,1123.0,97.82,9,3,0,0,4,29.2,1,1,0
CLI-001957,1433.0,124.8,5,4,0,0,10,3.1,1,0,0
CLI-001005,33348.0,572.8,20,10,0,0,6,10.5,0,0,1
CLI-001356,418.0,24.29,1,1,0,0,5,0.5,1,0,0
CLI-003442,424.0,51.75,1,1,0,0,13,6.1,1,0,0
CLI-000246,3363.0,132.31,10,5,0,0,2,10.5,1,1,0
CLI-003635,7259.0,553.25,56,33,0,0,2,20.2,0,1,1
CLI-004126,4652.0,298.58,11,10,0,0,5,16.5,1,0,0
CLI-001400,137315.0,1468.92,18,11,0,1,11,4.3,0,0,1
CLI-004698,1175.0,46.24,4,3,0,0,1,19.1,1,1,0
CLI-002707,21660.0,3301.84,169,42,0,0,7,6.1,0,0,0
CLI-000551,14167.0,539.91,40,31,0,0,4,17.8,0,1,1
CLI-001033,39248.0,1063.63,38,16,0,0,4,10.8,0,0,1
CLI-001336,6065.0,493.11,21,7,0,0,5,14.2,0,0,1
CLI-004736,28866.0,765.0,17,11,0,0,11,3.3,0,0,1
CLI-003268,63676.0,1991.12,64,51,0,0,12,16.6,0,0,0
CLI-000398,92582.0,4704.38,51,31,0,1,16,0.8,0,0,0
CLI-002166,19246.0,1466.95,34,15,0,0,9,1.0,0,0,1
CLI-004506,6403.0,867.56,47,9,0,0,3,17.3,0,0,1
CLI-001823,7105.0,666.47,10,6,0,1,18,1.3,0,0,1
CLI-002373,24403.0,419.16,30,14,0,0,3,17.2,0,1,1
CLI-000392,518.0,78.99,2,2,0,0,10,9.7,1,0,0
CLI-002105,8138.0,583.78,22,10,0,0,4,11.2,0,0,1
CLI-001165,1373745.0,22639.17,503,285,1,0,8,10.5,0,0,0
CLI-004316,15707.0,1915.54,186,50,0,0,1,24.4,0,1,0
CLI-001646,2746.0,478.34,42,13,0,0,4,10.5,0,1,1
CLI-001928,1531.0,71.83,6,4,0,0,3,10.0,1,1,0
CLI-004977,9247.0,593.51,53,0,0,0,0,14.3,0,1,1
CLI-004060,8648.0,376.65,9,4,0,0,10,3.3,0,0,1
CLI-004179,62614.0,2181.68,24,18,0,1,17,1.9,0,0,1
CLI-003482,67746.0,7510.64,157,73,0,0,13,5.6,0,0,0
CLI-000373,26217.0,570.92,11,6,0,0,12,2.2,0,0,1
CLI-003948,7973.0,1215.33,51,40,0,0,9,13.4,0,0,1
CLI-004818,1347.0,30.41,1,1,0,0,6,6.2,1,0,0
CLI-001440,689914.0,38243.55,428,256,1,1,16,6.8,0,0,0
CLI-001594,9351.0,600.17,47,35,0,0,3,26.9,0,1,1
CLI-000612,365.0,26.19,2,1,0,0,1,37.0,1,1,0
CLI-004979,4445.0,208.5,8,6,0,0,6,14.6,1,0,0
CLI-001099,53703.0,1336.57,52,16,0,0,5,5.2,0,0,1
CLI-004976,77914.0,879.79,40,20,0,0,8,13.8,0,0,1
CLI-004963,29316.0,1324.11,26,7,0,0,6,0.5,0,0,1
CLI-003106,15737.0,242.93,10,5,0,0,7,16.9,1,0,0
CLI-002908,61700.0,4180.19,169,31,0,0,3,14.6,0,0,0
CLI-001727,72035.0,1203.39,52,33,0,0,5,19.3,0,0,1
CLI-003328,106493.0,9276.36,185,149,0,0,12,8.8,0,0,0
CLI-003695,300.0,12.0,1,1,0,0,4,22.7,1,1,0
CLI-004835,4093.0,155.99,6,2,0,0,6,9.5,1,0,0
CLI-003285,300.0,14.59,1,1,0,0,5,30.2,1,1,0
CLI-004820,16131.0,468.37,11,3,0,0,1,4.7,0,0,1
CLI-003447,3092.0,53.86,4,3,0,0,3,28.4,1,1,0
CLI-000101,82092.0,3850.49,49,8,0,1,14,0.5,0,0,0
CLI-003462,26597.0,3603.94,86,24,0,0,4,5.9,0,0,0
CLI-003292,1940.0,139.2,11,8,0,0,3,28.8,1,1,0
CLI-004609,2913.0,236.85,10,6,0,0,9,24.5,1,0,0
CLI-001291,113690.0,4332.7,45,18,0,1,17,3.7,0,0,1
CLI-003961,143413.0,9204.93,416,0,1,0,0,4.9,0,0,0
CLI-002412,37150.0,888.32,38,7,0,0,0,14.6,0,0,1
CLI-003215,15712.0,736.96,31,8,0,0,1,15.3,0,0,1
CLI-001061,13202.0,575.0,23,19,0,0,10,10.5,0,0,1
CLI-004851,38163.0,581.76,22,15,0,0,8,10.8,0,0,1
CLI-003821,857.0,87.12,4,1,0,0,9,9.8,1,0,0
CLI-002469,76534.0,2222.23,48,17,0,0,6,2.4,0,0,1
CLI-002203,2540.0,93.85,10,5,0,0,4,11.0,1,1,0
CLI-003824,679961.0,14296.91,153,57,0,1,21,4.3,0,0,0
CLI-002339,33731.0,839.5,58,23,0,0,4,17.9,0,1,1
CLI-001997,629336.0,25582.76,364,334,1,1,27,0.9,0,0,0
CLI-001791,84959.0,3237.78,44,27,0,1,7,2.6,0,0,1
CLI-000265,463639.0,23558.91,888,465,1,0,5,11.0,0,0,0
CLI-002722,3788.0,85.55,7,2,0,0,1,32.5,1,1,0
CLI-003869,300.0,18.63,2,1,0,0,3,22.8,1,1,0
CLI-001195,35101.0,3292.76,129,87,0,0,9,14.3,0,0,0
CLI-003156,33827.0,581.02,20,18,0,0,12,6.4,0,0,1
CLI-000320,9869.0,191.04,4,1,0,0,6,10.5,1,0,0
CLI-003957,48069.0,874.94,10,0,0,1,0,6.0,1,0,0
CLI-003912,300.0,17.5,1,1,0,0,4,11.4,1,0,0
CLI-004339,359330.0,7183.72,90,53,0,1,23,0.7,0,0,0
CLI-002746,148938.0,6486.83,80,60,0,1,18,0.5,0,0,0
CLI-000414,41009.0,2941.85,59,25,0,0,8,8.0,0,0,1
CLI-003561,17862.0,418.91,36,23,0,0,0,31.6,0,1,1
CLI-003665,1345.0,96.45,8,4,0,0,5,29.2,1,1,0
CLI-003066,87523.0,7115.69,97,30,0,1,18,0.5,0,0,0
CLI-001820,6790.0,435.81,16,6,0,0,2,18.9,0,0,1
CLI-004040,5572.0,452.98,21,7,0,0,1,15.3,0,0,1
CLI-001074,1338.0,163.12,9,1,0,0,2,14.1,1,0,0
CLI-004448,2645.0,55.61,4,2,0,0,4,10.5,1,1,0
CLI-002404,2000000.0,48773.13,897,652,1,0,8,5.2,0,0,0
CLI-002918,13251.0,351.29,8,2,0,0,5,5.9,0,0,1
CLI-001185,43173.0,1169.99,52,33,0,0,5,19.2,0,0,1
CLI-004383,781.0,190.58,9,2,0,0,3,17.8,0,0,1
CLI-001435,16659.0,282.17,6,3,0,0,7,4.7,0,0,1
CLI-000829,11982.0,664.18,19,4,0,0,2,6.3,0,0,1
CLI-001856,8206.0,555.93,24,9,0,0,5,10.4,0,0,1
CLI-000818,436344.0,66515.81,817,229,1,1,16,6.5,0,0,0
CLI-004208,1253182.0,17566.33,208,0,0,1,0,10.5,0,0,0
CLI-004109,5757.0,143.28,11,5,0,0,2,14.6,1,1,0
CLI-000199,28659.0,944.61,24,5,0,0,5,0.5,0,0,1
CLI-000040,116032.0,5442.41,95,53,0,0,5,4.7,0,0,0
CLI-000264,262498.0,8651.89,115,78,0,1,23,1.3,0,0,0
CLI-001882,255578.0,10389.34,223,146,1,0,10,3.0,0,0,0
CLI-001712,8860.0,372.59,10,6,0,0,9,4.9,1,0,0
CLI-002353,49760.0,5056.94,56,43,0,1,22,1.8,0,0,1
CLI-002873,300.0,11.94,1,1,0,0,2,26.7,1,1,0
CLI-001003,112980.0,6262.75,133,80,0,0,12,5.0,0,0,0
CLI-003392,1257.0,80.71,7,4,0,0,4,15.1,1,1,0
CLI-004067,2256.0,343.85,21,11,0,0,5,15.9,0,0,1
CLI-003234,1773.0,102.95,9,6,0,0,2,6.8,1,1,0
CLI-002624,106759.0,3616.5,50,32,0,1,15,1.2,0,0,1
CLI-000228,784565.0,63785.75,766,306,1,1,17,5.4,0,0,0
CLI-003719,98919.0,4308.32,172,123,0,0,10,12.2,0,0,0
CLI-001158,15100.0,328.83,15,6,0,0,8,12.7,0,0,1
CLI-003768,959432.0,29250.97,814,422,1,0,10,7.6,0,0,0
CLI-000064,873.0,62.66,3,2,0,0,9,10.5,1,0,0
CLI-002091,159200.0,11420.38,131,65,0,1,10,2.2,0,0,0
CLI-003915,102087.0,2829.45,30,26,0,1,24,4.8,0,0,0
CLI-001610,528.0,23.83,1,1,0,0,7,11.0,1,0,0
CLI-003283,146290.0,16218.35,200,141,0,1,17,3.4,0,0,0
CLI-001584,44406.0,1547.26,31,0,0,0,0,7.6,0,0,1
CLI-003404,4854.0,370.0,32,23,0,0,2,32.4,0,1,1
CLI-002963,2865.0,139.77,5,2,0,0,2,16.2,1,0,0
CLI-000114,1881.0,99.76,8,6,0,0,4,41.6,1,1,0
CLI-000201,2524.0,775.0,31,22,0,0,7,17.0,0,0,1
CLI-001103,18834.0,1435.55,59,33,0,0,7,15.0,0,0,1
CLI-003085,2363.0,480.27,24,4,0,0,4,13.5,0,0,1
CLI-001458,142750.0,12434.69,588,67,1,0,1,5.0,0,0,0
CLI-000404,5944.0,517.81,52,15,0,0,0,27.0,0,1,1
CLI-003865,1273.0,129.37,11,1,0,0,1,17.4,1,1,0
CLI-000850,3138.0,201.38,5,2,0,0,6,0.8,1,0,0
CLI-002437,59059.0,3131.43,35,19,0,1,14,3.7,0,0,1
CLI-002138,94840.0,2313.17,91,44,0,0,5,19.5,0,0,0
CLI-002217,136193.0,3019.79,55,0,0,0,0,4.9,0,0,0
CLI-000519,4406.0,1074.54,51,7,0,0,4,5.6,0,0,1
CLI-004359,1123.0,50.73,4,1,0,0,0,28.2,1,1,0
CLI-004413,23835.0,1162.7,42,0,0,0,0,9.3,0,0,1
CLI-001320,538639.0,54739.74,783,533,1,1,16,2.2,0,0,0
CLI-000923,11086.0,450.64,10,8,0,0,15,9.6,1,0,0
CLI-001486,516860.0,30015.12,334,229,1,1,17,3.5,0,0,0
CLI-001622,1490.0,69.88,6,2,0,0,3,6.9,1,1,0
CLI-001211,30286.0,5276.38,127,81,0,0,17,1.4,0,0,0
CLI-002192,10042.0,612.29,51,30,0,0,2,10.5,0,1,1
CLI-002489,306521.0,20767.02,814,285,1,0,3,14.7,0,0,0
CLI-001422,33831.0,1793.81,59,37,0,0,4,10.5,0,0,1
CLI-004803,401.0,37.59,4,3,0,0,4,17.6,1,1,0
CLI-002566,2325.0,236.33,21,9,0,0,1,10.5,0,1,1
CLI-001949,10524.0,754.95,29,14,0,0,3,14.2,0,0,1
CLI-001369,9721.0,382.43,8,8,0,0,13,12.1,1,0,0
CLI-000176,21079.0,2570.59,34,19,0,1,18,5.9,0,0,0
CLI-003219,33071.0,695.36,56,45,0,0,5,24.8,0,1,1
CLI-000990,297369.0,36264.48,855,451,1,0,8,9.4,0,0,0
CLI-000211,15573.0,1582.6,58,35,0,0,7,18.0,0,0,1
CLI-004117,8106.0,1647.66,29,16,0,1,6,3.0,0,0,1
CLI-002995,3322.0,50.02,2,2,0,0,6,6.9,1,0,0
CLI-003360,88590.0,12004.06,220,150,1,0,11,8.6,0,0,0
CLI-000083,6508.0,1133.76,49,29,0,0,6,15.3,0,0,1
CLI-004912,118866.0,8526.99,161,147,0,0,17,4.5,0,0,0
CLI-002819,15778.0,370.02,32,25,0,0,4,36.7,0,1,1
CLI-003087,378128.0,18445.29,438,139,1,0,11,1.9,0,0,0
CLI-004024,890.0,49.35,5,3,0,0,4,14.0,1,1,0
CLI-003466,4202.0,131.41,10,1,0,0,0,21.2,1,1,0
CLI-002628,4563.0,252.95,6,0,0,0,0,10.5,1,0,0
CLI-004896,1818.0,116.68,9,5,0,0,3,20.8,1,1,0
CLI-001800,23024.0,2005.6,48,17,0,0,10,4.8,0,0,1
CLI-002078,1121.0,27.91,2,1,0,0,5,25.9,1,1,0
CLI-004206,81315.0,9810.0,218,87,0,0,10,7.0,0,0,0
CLI-002827,1876.0,38.78,3,2,0,0,3,25.9,1,1,0
CLI-002049,5588.0,567.86,26,20,0,0,11,12.1,0,0,1
CLI-003885,1083.0,120.07,5,3,0,0,5,14.2,1,0,0
CLI-000241,319965.0,11880.0,264,126,1,0,13,8.5,0,0,0
CLI-003615,5221.0,235.83,5,4,0,0,4,7.5,1,0,0
CLI-002154,800202.0,39034.24,831,151,1,0,3,3.8,0,0,0
CLI-003063,275186.0,37288.12,898,298,1,0,2,10.5,0,0,0
CLI-001497,69021.0,2338.11,172,50,0,0,1,32.6,0,1,0
CLI-002449,11829.0,961.74,42,2,0,0,5,16.8,0,0,1
CLI-002361,4610.0,702.77,26,17,0,0,10,14.4,0,0,1
CLI-002402,12757.0,740.81,35,8,0,0,3,10.5,0,0,1
CLI-001219,28344.0,864.15,22,5,0,0,7,6.0,0,0,1
CLI-001993,35373.0,1135.2,45,4,0,0,3,6.5,0,0,1
CLI-002141,1721.0,39.61,3,3,0,0,5,16.1,1,1,0
CLI-001951,2018.0,223.78,10,3,0,0,6,16.7,1,0,0
CLI-002061,1514.0,150.0,6,4,0,0,5,7.8,1,0,0
CLI-002846,300.0,18.73,2,1,0,0,3,19.8,1,1,0
CLI-000932,13823.0,1873.04,38,22,0,0,16,6.7,0,0,1
CLI-001384,31332.0,979.74,33,28,0,0,12,15.0,0,0,1
CLI-001056,31227.0,4760.24,133,12,0,0,4,6.8,0,0,0
CLI-002520,464852.0,4724.11,48,46,0,1,33,2.6,0,0,0
CLI-003945,754.0,76.65,6,2,0,0,3,17.3,1,1,0
CLI-000776,7023.0,147.67,6,2,0,0,7,9.1,0,0,1
CLI-001952,59340.0,2495.39,52,22,0,0,9,8.6,0,0,1
CLI-003182,23307.0,281.42,9,8,0,0,11,10.9,0,0,1
CLI-001070,67935.0,11835.33,198,18,1,1,9,3.9,0,0,0
CLI-000777,23770.0,241.57,5,2,0,0,4,10.1,1,0,0
CLI-002256,7880.0,128.13,10,8,0,0,4,18.3,1,1,0
CLI-004286,7416.0,904.34,50,26,0,0,5,15.6,0,0,0
CLI-002098,26892.0,910.97,30,20,0,0,5,9.5,0,0,1
CLI-003909,257034.0,10808.83,127,73,1,1,13,3.2,0,0,0
CLI-002971,22355.0,1360.0,17,9,0,1,16,1.7,0,0,1
CLI-002031,24994.0,2344.68,33,21,0,1,19,0.6,0,0,1
CLI-001000,5277.0,93.26,3,2,0,0,8,12.5,1,0,0
CLI-002737,675648.0,51497.59,572,302,1,1,11,3.8,0,0,0
CLI-000731,15133.0,922.75,22,6,0,0,5,5.9,0,0,1
CLI-001948,126777.0,3155.23,66,0,0,0,0,4.8,0,0,0
CLI-004849,5121.0,1249.04,36,6,0,0,1,7.2,0,0,1
CLI-002010,5795.0,243.7,9,5,0,0,5,6.0,1,0,0
CLI-004114,17379.0,1630.31,35,26,0,0,10,7.7,0,0,1
CLI-000202,38841.0,1691.7,34,18,0,0,9,7.7,0,0,1
CLI-004046,1809.0,122.55,6,3,0,0,7,12.3,1,0,0
CLI-003622,5015.0,76.45,6,3,0,0,3,27.1,1,1,0
CLI-002081,3163.0,385.75,35,0,0,0,0,27.9,0,1,1
CLI-004133,13532.0,1178.71,48,19,0,0,8,11.9,0,0,1
CLI-004063,28504.0,1241.45,37,5,0,0,1,10.5,0,0,0
CLI-000997,193413.0,6207.09,166,62,0,0,1,10.5,0,0,0
CLI-001598,230429.0,2341.76,44,24,0,0,13,1.9,0,0,1
CLI-001259,1688.0,135.0,3,2,0,0,12,7.5,1,0,0
CLI-001785,9151.0,272.19,11,6,0,0,5,17.1,0,0,1
CLI-000870,8936.0,217.94,4,3,0,0,10,6.3,1,0,0
CLI-003197,3851.0,123.59,11,9,0,0,5,10.9,1,1,0
CLI-001509,29393.0,1706.93,37,19,0,0,6,10.5,0,0,1
CLI-002683,14275.0,1339.11,53,0,0,0,0,3.8,0,0,1
CLI-000622,19209.0,509.25,20,9,0,0,7,0.8,0,0,1
CLI-003181,5194.0,791.78,44,24,0,0,4,10.5,0,0,1
CLI-004614,21329.0,4335.25,105,54,0,0,9,10.5,0,0,0
CLI-002163,628343.0,21285.32,401,214,1,0,9,3.4,0,0,0
CLI-003184,7082.0,261.72,11,8,0,0,7,17.0,1,0,0
CLI-003454,3564.0,217.29,19,16,0,0,3,30.8,0,1,1
CLI-002128,38155.0,434.87,8,5,0,0,5,5.3,1,0,0
CLI-004416,86345.0,6194.08,160,94,0,0,9,10.5,0,0,0
CLI-001883,8835.0,538.72,13,6,0,0,14,6.9,0,0,1
CLI-002035,4352.0,408.24,38,10,0,0,2,31.8,0,1,1
CLI-002767,2990.0,520.99,57,19,0,0,1,16.1,0,1,1
CLI-002403,10542.0,988.96,42,9,0,0,0,14.0,0,0,1
CLI-002960,11029.0,584.77,25,10,0,0,2,12.2,0,0,1
CLI-001116,2606.0,288.95,11,3,0,0,5,11.4,1,0,0
CLI-000972,832.0,169.04,14,8,0,0,4,12.1,0,1,1
CLI-000308,2142.0,70.59,8,0,0,0,0,44.9,1,1,0
CLI-002386,2420.0,92.23,7,6,0,0,4,12.3,1,1,0
CLI-002572,50163.0,1092.4,40,22,0,0,8,12.3,0,0,1
CLI-001043,3205.0,57.48,5,2,0,0,3,10.5,1,1,0
CLI-004922,1130.0,275.73,6,2,0,0,12,8.9,1,0,0
CLI-001683,1223.0,48.1,2,1,0,0,0,14.8,1,0,0
CLI-003848,6106.0,744.59,29,13,0,0,2,11.1,0,0,1
CLI-000977,3203.0,278.99,26,17,0,0,5,26.9,0,1,1
CLI-004088,1335.0,95.8,4,2,0,0,4,10.5,1,0,0
CLI-002811,230626.0,4934.23,64,9,0,1,3,5.4,0,0,0
CLI-004606,652.0,39.77,1,1,0,0,4,10.7,1,0,0
CLI-001684,32851.0,3081.7,96,62,0,0,8,7.5,0,0,0
CLI-003252,1317443.0,20082.97,259,101,1,1,14,0.5,0,0,0
CLI-000526,1035.0,26.3,2,1,0,0,4,8.3,1,1,0
CLI-003137,12744.0,1412.86,51,16,0,0,5,11.3,0,0,1
CLI-001263,991.0,80.6,8,6,0,0,4,21.5,1,1,0
CLI-001166,133499.0,8140.19,171,119,0,0,15,8.1,0,0,0
CLI-003240,1078.0,93.94,8,3,0,0,3,25.8,1,1,0
CLI-001119,33465.0,551.5,22,0,0,0,0,8.9,0,0,1
CLI-004034,1506.0,175.0,7,4,0,0,4,7.3,1,0,0
CLI-000073,1455.0,104.37,10,3,0,0,2,6.9,1,1,0
CLI-001035,12986.0,406.06,16,7,0,0,5,12.3,0,0,1
CLI-000268,64463.0,9826.75,261,30,1,0,1,7.9,0,0,0
CLI-000103,3334.0,127.07,6,4,0,0,3,9.2,1,0,0
CLI-003690,9725.0,275.81,23,9,0,0,3,31.9,0,1,1
CLI-000148,30058.0,678.82,55,44,0,0,5,25.2,0,1,1
CLI-004186,667.0,73.94,6,0,0,0,0,15.1,1,1,0
CLI-001429,48878.0,14160.0,177,105,0,1,23,4.2,0,0,0
CLI-000318,3109.0,114.91,2,1,0,0,14,12.7,1,0,0
CLI-002522,14765.0,409.23,27,13,0,0,1,10.5,0,1,1
CLI-003472,2776.0,846.25,40,18,0,0,5,6.0,0,0,1
CLI-000953,2589.0,175.38,14,6,0,0,3,10.5,0,1,1
CLI-001433,2000000.0,89402.85,845,779,1,1,29,3.7,0,0,0
CLI-002157,32944.0,913.07,20,9,0,0,8,7.4,0,0,1
CLI-003396,24840.0,2524.44,52,0,0,1,0,0.5,0,0,1
CLI-002726,261472.0,11809.92,132,77,0,1,19,0.5,0,0,0
CLI-000807,21017.0,985.78,28,11,0,0,11,5.3,0,0,1
CLI-000513,320.0,55.78,5,0,0,0,0,20.9,1,1,0
CLI-001205,2153.0,375.12,16,10,0,0,8,11.7,0,0,1
CLI-002645,3577.0,155.81,11,1,0,0,1,33.7,1,1,0
CLI-001326,3635.0,369.42,9,4,0,0,6,3.2,0,0,1
CLI-002677,60533.0,4101.17,46,0,0,1,0,6.6,0,0,1
CLI-002835,415941.0,24154.52,505,181,1,0,4,5.8,0,0,0
CLI-003941,102925.0,4048.98,48,30,0,1,13,3.6,0,0,1
CLI-004455,1112.0,84.79,9,7,0,0,3,10.5,1,1,0
CLI-002191,5886.0,398.76,16,7,0,0,3,15.6,0,0,1
CLI-002742,851113.0,35791.12,453,333,1,1,17,1.7,0,0,0
CLI-002806,30426.0,1952.88,46,13,0,0,1,10.5,0,0,1
CLI-002874,6628.0,621.72,49,38,0,0,7,21.0,0,1,1
CLI-000802,774.0,235.96,10,2,0,0,6,8.3,1,0,0
CLI-000558,22565.0,1058.41,35,11,0,0,3,15.2,0,0,1
CLI-003321,392159.0,11121.92,134,42,0,1,5,4.1,0,0,0
CLI-003119,2845.0,111.92,11,9,0,0,3,10.5,1,1,0
CLI-000561,421.0,57.04,5,3,0,0,3,10.5,1,1,0
CLI-002011,29303.0,2748.86,43,25,0,1,14,4.8,0,0,1
CLI-001492,24667.0,493.15,35,9,0,0,3,19.3,0,1,1
CLI-003746,9045.0,108.14,8,5,0,0,1,23.4,1,1,0
CLI-004185,39537.0,4821.58,207,72,0,0,3,7.9,0,0,0
CLI-001040,18371.0,1600.27,40,9,0,0,1,6.8,0,0,1
CLI-003143,9387.0,953.98,20,0,0,0,0,10.5,0,0,1
CLI-003203,263126.0,16888.71,467,255,1,0,6,5.2,0,0,0
CLI-004892,90000.0,4221.41,180,131,0,0,7,15.2,0,0,0
CLI-003923,20381.0,443.83,20,2,0,0,3,12.6,0,0,1
CLI-001340,40194.0,2883.33,80,11,0,0,2,10.6,0,0,0
CLI-003663,414.0,24.05,2,1,0,0,1,10.5,1,1,0
CLI-002699,2762.0,28.07,2,1,0,0,2,35.8,1,1,0
CLI-003840,8116.0,149.96,11,6,0,0,3,10.5,1,1,0
CLI-000346,65661.0,2502.32,53,38,0,0,3,0.5,0,0,1
CLI-002713,15025.0,2617.56,57,18,0,0,9,4.6,0,0,1
CLI-000325,25617.0,1837.69,44,21,0,0,12,0.5,0,0,1
CLI-000985,300.0,10.0,1,1,0,0,1,32.7,1,1,0
CLI-003128,10118.0,685.53,53,33,0,0,3,10.5,0,1,1
CLI-004677,2537.0,147.33,6,4,0,0,9,14.6,1,0,0
CLI-002975,359.0,62.62,6,4,0,0,3,19.8,1,1,0
CLI-004193,5115.0,222.79,9,7,0,0,7,11.7,1,0,0
CLI-002101,4494.0,101.5,4,1,0,0,5,12.8,1,0,0
CLI-000017,80871.0,3944.93,76,44,0,0,10,7.3,0,0,0
CLI-003996,3070.0,624.02,9,2,0,1,11,4.2,1,0,0
CLI-003863,35468.0,2544.34,56,16,0,0,4,10.5,0,0,1
CLI-002443,118383.0,3915.0,87,52,0,0,16,9.7,0,0,0
CLI-001901,5575.0,165.83,7,2,0,0,7,10.2,1,0,0
CLI-003041,5631.0,286.15,6,2,0,0,6,3.2,1,0,0
CLI-001934,24280.0,1558.43,38,0,0,0,0,0.8,0,0,1
CLI-000635,469262.0,27250.96,531,0,1,0,0,0.5,0,0,0
CLI-000585,7621.0,516.32,20,8,0,0,4,14.8,0,0,1
CLI-003021,704.0,122.67,11,3,0,0,1,18.0,1,1,0
CLI-001566,300.0,68.0,6,1,0,0,3,17.6,1,1,0
CLI-004875,106485.0,1082.16,23,9,0,0,11,7.7,0,0,1
CLI-003052,3705.0,265.77,11,6,0,0,4,14.7,0,0,1
CLI-004859,20107.0,700.59,24,21,0,0,10,10.5,0,0,1
CLI-003278,358430.0,16189.26,191,108,0,1,12,2.1,0,0,0
CLI-003532,390.0,22.63,2,1,0,0,2,38.3,1,1,0
CLI-002159,7269.0,110.81,7,6,0,0,5,1.2,1,1,0
CLI-002120,1339611.0,32673.43,804,0,1,0,0,7.1,0,0,0
CLI-001157,19162.0,1460.49,62,28,0,0,6,5.1,0,0,0
CLI-003127,2729.0,237.73,9,4,0,0,4,4.8,1,0,0
CLI-003901,443476.0,22534.37,306,82,1,1,11,3.2,0,0,0
CLI-001510,16252.0,1801.75,44,15,0,0,16,6.4,0,0,1
CLI-004141,433.0,88.01,7,2,0,0,3,10.5,1,1,0
CLI-003741,1465.0,148.88,6,1,0,0,1,8.6,0,0,1
CLI-002228,5062.0,440.91,43,14,0,0,1,25.7,0,1,1
CLI-004883,1285.0,223.85,13,4,0,0,3,10.6,0,0,1
CLI-000143,814.0,33.08,3,2,0,0,4,15.8,1,1,0
CLI-004887,5951.0,113.39,8,5,0,0,2,15.1,1,1,0
CLI-002020,15100.0,1227.63,56,25,0,0,5,12.7,0,0,1
CLI-002786,11476.0,538.27,48,8,0,0,2,23.1,0,1,1
CLI-004984,36091.0,772.16,14,7,0,0,6,4.0,0,0,1
CLI-002622,5384.0,1094.41,48,18,0,0,4,11.9,0,0,1
CLI-000363,3565.0,255.76,10,6,0,0,6,7.7,1,0,0
CLI-000482,210237.0,9495.82,203,80,0,0,12,5.6,0,0,0
CLI-002299,300.0,21.33,2,2,0,0,5,30.5,1,1,0
CLI-004730,1753.0,97.17,9,3,0,0,1,32.8,1,1,0
CLI-000571,2997.0,117.9,9,6,0,0,2,9.6,1,1,0
CLI-000827,37750.0,3836.41,143,69,0,0,6,13.6,0,0,0
CLI-003160,28058.0,2138.58,55,0,0,0,0,5.5,0,0,1
CLI-000623,85173.0,3245.93,112,13,0,0,2,18.6,0,0,0
CLI-002447,689.0,40.0,3,0,0,0,0,14.2,1,1,0
CLI-000944,5922.0,267.47,8,5,0,0,1,10.5,1,0,0
CLI-002097,6989.0,1065.44,24,9,0,0,14,6.6,0,0,1
CLI-004699,2084.0,63.54,6,2,0,0,2,23.5,1,1,0
CLI-004230,1165.0,142.03,16,2,0,0,0,17.1,0,1,1
CLI-002301,1041.0,50.79,2,2,0,0,5,13.5,1,0,0
CLI-004885,22212.0,1041.82,91,40,0,0,3,40.3,0,1,0
CLI-002777,2791.0,170.18,4,2,0,0,12,1.2,1,0,0
CLI-000509,9656.0,1070.54,44,21,0,0,6,16.8,0,0,1
CLI-002721,109614.0,2621.1,58,21,0,0,10,6.0,0,0,1
CLI-001415,411.0,45.51,2,1,0,0,4,10.5,1,0,0
CLI-001335,19037.0,1221.86,52,38,0,0,10,10.5,0,0,1
CLI-000700,6658.0,386.62,8,6,0,0,10,1.3,0,0,1
CLI-001754,27509.0,1524.91,62,46,0,0,7,7.5,0,0,0
CLI-004477,9868.0,376.08,15,4,0,0,5,3.7,0,0,1
CLI-000966,23518.0,239.0,8,4,0,0,3,9.4,1,0,0
CLI-003897,234245.0,23805.4,306,60,1,1,4,5.5,0,0,0
CLI-002797,2336.0,275.0,11,3,0,0,7,11.0,1,0,0
CLI-001175,153830.0,12506.49,171,88,0,1,18,2.3,0,0,0
CLI-004115,2193.0,83.59,7,5,0,0,2,10.5,1,1,0
CLI-000352,55900.0,3098.68,128,116,0,0,9,12.8,0,0,0
CLI-003797,1106.0,122.63,13,1,0,0,3,22.4,0,1,1
CLI-002146,38544.0,783.41,37,8,0,0,6,13.8,0,0,1
CLI-004661,20325.0,751.1,28,15,0,0,10,7.0,0,0,1
CLI-004938,3894.0,395.77,16,7,0,0,8,12.2,0,0,1
CLI-001750,10679.0,1302.31,29,21,0,0,15,8.5,0,0,1
CLI-004226,579527.0,19631.69,339,317,1,0,23,6.2,0,0,0
CLI-001123,5106.0,259.46,9,4,0,0,7,4.3,1,0,0
CLI-003799,28142.0,2859.97,61,0,0,0,0,3.2,0,0,0
CLI-003193,7318.0,557.74,21,14,0,0,6,17.8,0,0,1
CLI-002672,21698.0,1025.0,41,16,0,0,8,10.8,0,0,1
CLI-001810,912.0,74.13,3,3,0,0,9,12.4,1,0,0
CLI-000712,15624.0,2070.0,46,20,0,0,1,8.4,0,0,1
CLI-003547,19225.0,1233.97,52,28,0,0,7,7.8,0,0,1
CLI-001002,8830.0,673.01,61,41,0,0,5,12.1,0,1,0
CLI-000662,2275.0,138.73,6,3,0,0,8,12.0,1,0,0
CLI-004245,9079.0,178.58,6,5,0,0,11,13.3,1,0,0
CLI-001050,14841.0,696.13,27,11,0,0,1,16.9,0,0,1
CLI-003237,24119.0,2941.34,58,52,0,0,10,6.3,0,0,1
CLI-004380,736164.0,7481.34,170,124,0,0,13,3.2,0,0,0
CLI-002429,11708.0,178.48,8,2,0,0,6,11.3,1,0,0
CLI-004750,3327.0,338.06,27,0,0,0,0,27.6,0,1,1
CLI-002834,64545.0,1485.17,49,19,0,0,6,19.1,0,0,1
CLI-003491,544.0,25.53,2,1,0,0,4,27.2,1,1,0
CLI-004873,1320.0,229.96,11,0,0,0,0,12.5,1,0,0
CLI-003700,530.0,34.04,3,2,0,0,5,10.5,1,1,0
CLI-002183,241386.0,3546.67,53,40,0,0,13,5.7,0,0,1
CLI-000586,3746.0,95.18,8,6,0,0,6,31.3,1,1,0
CLI-002275,562.0,31.18,3,1,0,0,5,14.9,1,1,0
CLI-003098,26155.0,1275.87,18,7,0,1,12,3.5,0,0,1
CLI-000817,8855.0,1079.9,55,17,0,0,5,10.1,0,0,1
CLI-000290,23775.0,3221.59,144,65,0,0,5,10.6,0,0,0
CLI-002187,300.0,10.84,1,1,0,0,3,18.7,1,1,0
CLI-001789,1482.0,164.26,8,1,0,0,1,9.1,1,0,0
CLI-003229,2137.0,173.74,5,2,0,0,8,8.4,1,0,0
CLI-002869,2941.0,94.38,2,2,0,0,16,6.1,1,0,0
CLI-004790,11401.0,926.92,41,20,0,0,6,13.0,0,0,1
CLI-003750,740.0,128.94,11,3,0,0,1,29.1,1,1,0
CLI-001184,2266.0,110.56,9,3,0,0,1,19.6,1,1,0
CLI-000655,671502.0,34121.03,414,318,1,1,17,3.8,0,0,0
CLI-002580,5957.0,382.33,16,5,0,0,1,23.4,0,0,1
CLI-000808,273426.0,22229.74,534,364,1,0,15,3.5,0,0,0
CLI-001630,132730.0,2697.77,98,0,0,0,0,20.4,0,0,0
CLI-001380,362.0,12.98,1,1,0,0,5,10.5,1,1,0
CLI-002084,196941.0,8895.24,204,144,0,0,16,4.1,0,0,0
CLI-001140,16875.0,894.74,36,18,0,0,6,10.5,0,0,1
CLI-004400,1364.0,118.83,10,3,0,0,4,20.3,1,1,0
CLI-000664,2494.0,92.17,8,3,0,0,2,15.1,1,1,0
CLI-001940,84156.0,11403.25,421,294,1,0,6,7.8,0,0,0
CLI-000933,10143.0,458.12,7,0,0,1,0,5.1,1,0,0
CLI-000795,54904.0,1969.29,39,0,0,0,0,6.9,0,0,1
CLI-003020,9039.0,324.22,13,4,0,0,2,10.5,0,0,1
CLI-004935,397885.0,35235.0,783,550,1,0,9,2.5,0,0,0
CLI-004697,6308.0,349.69,20,2,0,0,0,14.6,0,0,1
CLI-000488,1008.0,29.28,2,2,0,0,5,35.4,1,1,0
CLI-000865,8630.0,657.81,8,3,0,1,9,1.7,0,0,1
CLI-000300,67866.0,689.7,8,2,0,1,16,2.7,1,0,0
CLI-001385,46207.0,3314.74,76,22,0,0,11,4.7,0,0,0
CLI-003867,48950.0,14923.89,207,51,0,1,10,2.9,0,0,0
CLI-000611,2904.0,295.16,10,6,0,0,7,14.0,1,0,0
CLI-002173,6944.0,445.72,41,38,0,0,6,10.5,0,1,1
CLI-004778,94129.0,8830.08,239,74,1,0,5,10.5,0,0,0
CLI-003767,10550.0,1072.19,20,9,0,0,8,2.7,0,0,1
CLI-003029,28454.0,3470.05,82,53,0,0,9,9.6,0,0,0
CLI-000012,300.0,12.35,1,1,0,0,4,27.2,1,1,0
CLI-002378,1114.0,271.81,13,4,0,0,2,10.5,0,0,1
CLI-004952,23966.0,551.45,23,17,0,0,9,10.5,0,0,1
CLI-003838,2635.0,178.54,7,2,0,0,5,13.5,1,0,0
CLI-001520,125363.0,8046.42,186,30,0,0,8,11.5,0,0,0
CLI-004986,30122.0,781.58,16,8,0,0,6,6.0,0,0,1
CLI-003016,8645.0,257.14,9,1,0,0,1,17.1,1,0,0
CLI-001221,12912.0,342.3,18,9,0,0,2,10.1,0,0,1
CLI-004176,42148.0,917.86,34,18,0,0,10,9.6,0,0,1
CLI-001286,13352.0,1017.66,19,7,0,0,5,7.7,0,0,1
CLI-001478,8950.0,642.03,55,39,0,0,4,27.2,0,1,1
CLI-002515,4960.0,504.02,18,14,0,0,9,4.7,0,0,1
CLI-001973,49920.0,1520.0,19,10,0,1,16,1.9,0,0,1
CLI-004999,7649.0,1865.51,41,18,0,0,6,2.9,0,0,1
CLI-001606,370.0,112.68,5,4,0,0,6,15.9,1,0,0
CLI-003607,1688.0,73.51,6,0,0,0,0,26.5,0,1,1
CLI-003564,14155.0,595.24,58,20,0,0,2,10.5,0,1,1
CLI-002754,35940.0,3652.42,52,38,0,1,10,2.5,0,0,1
CLI-000750,15248.0,4648.77,103,50,0,0,11,10.9,0,0,0
CLI-001573,4132.0,119.98,10,9,0,0,4,27.5,1,1,0
CLI-004648,151559.0,7393.14,169,125,0,0,14,7.5,0,0,0
CLI-001744,8872.0,772.86,18,9,0,0,5,7.5,0,0,1
CLI-004216,40011.0,554.48,21,9,0,0,5,10.5,0,0,1
CLI-001506,94038.0,5734.01,106,83,0,0,9,3.3,0,0,0
CLI-004576,267191.0,4863.32,101,15,0,0,3,5.5,0,0,0
CLI-002659,1632.0,132.69,10,5,0,0,2,17.4,1,1,0
CLI-003742,41727.0,3870.0,86,31,0,0,10,11.1,0,0,0
CLI-002747,3381.0,206.15,7,6,0,0,7,16.5,1,0,0
CLI-001134,2292.0,155.28,6,3,0,0,7,7.4,1,0,0
CLI-001201,2035.0,57.72,5,4,0,0,4,15.2,1,1,0
CLI-001366,300.0,10.96,1,1,0,0,4,11.8,1,1,0
CLI-000005,301.0,19.31,1,1,0,0,4,10.9,1,0,0
CLI-003854,6328.0,67.1,5,2,0,0,3,10.4,1,1,0
CLI-000105,34453.0,5252.03,88,76,0,1,35,2.2,0,0,0
CLI-002474,826675.0,30549.69,814,0,1,0,0,1.5,0,0,0
CLI-000492,1216.0,32.95,3,2,0,0,6,20.0,1,1,0
CLI-001260,4368.0,57.9,2,2,0,0,9,17.4,1,0,0
CLI-002022,8062.0,446.9,17,7,0,0,3,15.4,0,0,1
CLI-001969,16420.0,1053.9,41,23,0,0,7,10.5,0,0,1
CLI-001643,4799.0,278.71,6,5,0,0,13,0.5,0,0,1
CLI-001571,6275.0,695.68,30,22,0,0,6,8.9,0,0,1
CLI-000255,155688.0,3218.02,63,0,0,0,0,6.4,0,0,0
CLI-003075,52040.0,3966.47,104,51,0,0,8,4.8,0,0,0
CLI-002670,1258.0,51.13,4,2,0,0,1,28.9,1,1,0
CLI-004675,13969.0,532.36,39,20,0,0,2,21.0,0,1,1
CLI-002757,6967.0,249.9,9,5,0,0,10,6.4,1,0,0
CLI-000150,56935.0,6312.13,168,79,0,0,5,11.1,0,0,0
CLI-004290,1767.0,55.24,4,1,0,0,2,15.9,1,1,0
CLI-004008,300.0,12.45,1,1,0,0,1,15.8,1,1,0
CLI-001388,67553.0,1872.3,44,36,0,0,11,0.5,0,0,1
CLI-000903,300.0,11.67,1,1,0,0,4,10.5,1,1,0
CLI-000250,90543.0,11041.86,145,54,0,1,18,6.1,0,0,0
CLI-003671,7102.0,393.68,32,14,0,0,3,20.4,0,1,1
CLI-004093,7188.0,796.94,18,9,0,0,6,9.2,0,0,1
CLI-003599,300.0,29.93,3,1,0,0,0,19.2,1,1,0
CLI-001396,56716.0,3458.3,128,67,0,0,9,12.6,0,0,0
CLI-000994,300.0,71.43,7,2,0,0,1,38.2,1,1,0
CLI-002946,4439.0,98.43,9,7,0,0,1,32.0,1,1,0
CLI-002878,359630.0,5221.11,53,32,0,1,16,10.5,0,0,1
CLI-002306,4385.0,254.64,23,15,0,0,3,18.5,0,1,1
CLI-003601,1565.0,106.03,8,4,0,0,3,13.2,1,1,0
CLI-002368,4706.0,124.77,5,3,0,0,5,7.9,1,0,0
CLI-004091,73497.0,2716.08,195,142,0,0,3,19.0,0,1,0
CLI-000506,10277.0,404.28,34,10,0,0,2,11.5,0,1,1
CLI-003388,5376.0,177.18,7,3,0,0,6,15.8,1,0,0
CLI-002200,204564.0,16631.2,242,51,1,1,17,6.5,0,0,0
CLI-000208,3421.0,260.72,10,3,0,0,4,10.2,1,0,0
CLI-001441,3993.0,347.8,8,4,0,0,17,0.6,1,0,0
CLI-000625,11500.0,1001.74,38,16,0,0,8,13.9,0,0,1
CLI-003514,43999.0,1166.46,27,14,0,0,8,6.2,0,0,1
CLI-002958,152851.0,9320.18,205,25,0,0,6,5.8,0,0,0
CLI-002688,12908.0,1431.05,35,26,0,0,12,1.8,0,0,1
CLI-002379,10903.0,699.79,28,24,0,0,9,9.4,0,0,1
CLI-004042,16418.0,426.01,8,2,0,0,8,4.1,1,0,0
CLI-003627,19044.0,893.26,31,24,0,0,10,10.4,0,0,1
CLI-000480,7914.0,357.44,16,8,0,0,2,20.9,0,0,1
CLI-001493,3403.0,133.89,11,3,0,0,2,16.4,1,1,0
CLI-002115,1423.0,108.43,8,5,0,0,3,23.2,0,1,1
CLI-000234,3011.0,41.26,1,1,0,0,14,10.5,1,0,0
CLI-001870,682.0,118.85,11,6,0,0,3,37.4,1,1,0
CLI-000697,2656.0,462.65,10,6,0,0,14,10.1,0,0,1
CLI-000575,1195.0,132.43,6,3,0,0,5,11.4,1,0,0
CLI-000798,4170.0,726.45,35,17,0,0,5,10.5,0,0,1
CLI-003585,1342.0,409.12,23,8,0,0,1,16.4,0,0,1
CLI-002625,685.0,83.56,10,4,0,0,2,18.4,0,1,1
CLI-003966,2873.0,175.0,7,0,0,0,0,22.1,0,0,1
CLI-002316,8308.0,1266.42,53,13,0,0,8,16.2,0,0,1
CLI-002367,1751.0,125.64,5,4,0,0,8,16.5,1,0,0
CLI-004401,12981.0,465.59,18,13,0,0,6,5.4,0,0,1
CLI-000296,6100.0,130.51,11,3,0,0,1,18.9,1,1,0
CLI-003265,164305.0,5565.88,200,119,0,0,7,1.8,0,0,0
CLI-001304,3248.0,79.23,7,4,0,0,4,19.3,1,1,0
CLI-004665,22237.0,2465.35,29,9,0,1,11,4.0,0,0,1
CLI-004824,32615.0,710.25,50,19,0,0,2,34.6,0,1,1
CLI-001872,124360.0,12638.26,386,165,1,0,9,6.6,0,0,0
CLI-002895,1477756.0,54610.36,806,413,1,1,1,5.5,0,0,0
CLI-001049,16880.0,298.33,7,4,0,0,11,7.8,1,0,0
CLI-004271,32377.0,1361.52,29,8,0,0,8,2.2,0,0,1
CLI-001604,100016.0,1434.95,56,30,0,0,8,12.7,0,0,1
CLI-000213,3623.0,276.13,6,4,0,0,11,12.6,0,0,1
CLI-001287,2104.0,171.03,6,4,0,0,7,14.8,1,0,0
CLI-002152,109139.0,6337.93,142,44,0,0,9,5.4,0,0,0
CLI-000754,8986.0,421.49,29,18,0,0,3,18.6,0,1,1
CLI-002126,1870.0,78.64,3,1,0,0,0,10.7,1,0,0
CLI-002329,309033.0,31405.82,412,259,1,1,21,3.8,0,0,0
CLI-000013,11350.0,1064.77,44,6,0,0,3,14.9,0,0,1
CLI-000032,31266.0,2242.92,102,14,0,0,2,8.8,0,0,0
CLI-001978,19828.0,1209.05,32,9,0,0,9,5.0,0,0,1
CLI-003967,3922.0,341.6,13,6,0,0,6,14.4,0,0,1
CLI-000444,1741.0,70.79,7,3,0,0,3,30.2,1,1,0
CLI-000665,67782.0,3757.29,89,0,0,0,0,4.1,0,0,0
CLI-004587,3166.0,200.0,8,5,0,0,4,10.1,1,0,0
CLI-004496,34735.0,1114.72,26,23,0,0,16,1.9,0,0,1
CLI-000079,476670.0,32400.0,405,325,1,1,8,5.9,0,0,0
CLI-002509,8898.0,638.3,22,0,0,0,0,8.3,0,0,1
CLI-001925,7503.0,571.87,26,10,0,0,5,14.5,0,0,1
CLI-001545,310.0,34.41,4,2,0,0,4,20.5,1,1,0
CLI-002060,6942.0,338.62,26,13,0,0,3,23.2,0,1,1
CLI-002364,22440.0,977.34,37,29,0,0,8,10.5,0,0,1
CLI-001328,52781.0,2383.95,48,37,0,0,8,4.8,0,0,1
CLI-003956,264084.0,10388.83,214,0,0,0,0,6.6,0,0,0
CLI-002392,10274.0,447.49,41,27,0,0,3,22.0,0,1,1
CLI-000386,478798.0,29194.97,468,128,1,1,1,4.9,0,0,0
CLI-000295,4221.0,233.96,9,5,0,0,6,15.2,1,0,0
CLI-003707,51200.0,1007.09,32,17,0,0,6,18.1,0,0,1
CLI-003271,21472.0,623.47,50,40,0,0,6,32.7,0,1,1
CLI-000179,1126653.0,54958.69,671,211,1,1,7,10.5,0,0,0
CLI-002560,5000.0,254.06,10,6,0,0,5,10.5,1,0,0
CLI-003281,231570.0,12836.49,174,24,0,1,6,4.4,0,0,0
CLI-002088,197453.0,5016.59,167,126,0,0,9,11.1,0,0,0
CLI-003830,283751.0,6529.01,66,0,0,1,0,3.3,0,0,0
CLI-004398,761.0,66.27,7,5,0,0,2,20.0,1,1,0
CLI-003722,549.0,167.53,8,6,0,0,6,14.5,0,0,1
CLI-002357,14743.0,749.12,9,4,0,1,13,4.3,0,0,1
CLI-003616,62810.0,1367.82,58,12,0,0,3,7.3,0,0,1
CLI-003752,2619.0,399.21,20,4,0,0,4,15.1,0,0,1
CLI-000760,436.0,106.41,3,1,0,0,4,3.5,1,0,0
CLI-000920,1759.0,178.75,7,2,0,0,3,15.1,1,0,0
CLI-004116,18346.0,1177.51,46,29,0,0,3,10.5,0,0,1
CLI-004822,57327.0,1456.49,33,14,0,0,9,9.1,0,0,0
CLI-001918,300.0,10.15,1,1,0,0,5,28.0,1,1,0
CLI-002344,5392.0,187.89,7,1,0,0,2,11.8,1,0,0
CLI-001279,1066.0,37.16,3,1,0,0,1,32.4,1,1,0
CLI-004251,870277.0,16583.03,183,34,0,1,8,2.6,0,0,0
CLI-002118,160932.0,14018.45,164,57,0,1,12,5.6,0,0,0
CLI-001860,651351.0,38960.0,487,155,1,1,8,2.0,0,0,0
CLI-000867,1452.0,221.33,10,9,0,0,13,19.2,1,0,0
CLI-002272,16165.0,1971.33,51,32,0,0,6,2.0,0,0,1
CLI-000663,57596.0,5402.99,206,73,0,0,4,7.7,0,0,0
CLI-000591,60965.0,2009.38,38,14,0,0,4,8.9,0,0,1
CLI-000554,25826.0,984.22,43,27,0,0,7,8.1,0,0,1
CLI-004309,2291.0,116.43,11,6,0,0,3,11.6,1,1,0
CLI-000275,661.0,57.54,4,2,0,0,2,32.9,1,1,0
CLI-000991,34790.0,1697.06,59,35,0,0,7,10.8,0,0,1
CLI-000770,16263.0,2479.04,96,9,0,0,0,10.5,0,0,0
CLI-003911,20364.0,1241.69,48,16,0,0,2,15.2,0,0,0
CLI-003067,32264.0,4371.79,43,13,0,1,25,1.4,0,0,0
CLI-003550,15936.0,883.39,35,18,0,0,5,10.5,0,0,0
CLI-000240,65366.0,2657.17,57,25,0,0,8,8.0,0,0,1
CLI-003362,31926.0,1145.11,50,16,0,0,6,14.8,0,0,1
CLI-002005,10869.0,473.38,37,9,0,0,1,7.5,0,1,1
CLI-003494,3905.0,132.28,6,2,0,0,3,14.6,1,0,0
CLI-004224,489.0,74.47,2,1,0,0,5,8.3,1,0,0
CLI-000055,2510.0,235.49,6,3,0,0,4,9.8,1,0,0
CLI-000210,15223.0,687.56,12,6,0,0,6,5.2,0,0,1
CLI-000767,75177.0,1328.68,31,14,0,0,6,7.4,0,0,1
CLI-004070,4259.0,115.41,8,7,0,0,3,26.1,1,1,0
CLI-004560,399.0,54.05,4,3,0,0,4,13.6,1,1,0
CLI-003735,1467.0,54.23,5,1,0,0,1,24.0,1,1,0
CLI-004535,42317.0,1121.86,45,22,0,0,6,11.2,0,0,1
CLI-002533,60250.0,5248.28,125,27,1,0,2,5.1,0,0,0
CLI-003677,163373.0,9056.13,120,75,0,1,24,2.6,0,0,0
CLI-000797,20844.0,770.29,36,16,0,0,7,1.9,0,0,1
CLI-002161,14528.0,334.29,27,13,0,0,3,10.5,0,1,1
CLI-000021,17297.0,727.37,18,11,0,0,11,7.7,0,0,1
CLI-002774,300.0,11.59,1,1,0,0,4,15.0,1,1,0
CLI-004255,39049.0,3663.17,152,72,0,0,3,10.5,0,0,0
CLI-000536,237591.0,2414.54,41,34,0,0,10,3.3,0,0,1
CLI-004431,2438.0,228.73,9,7,0,0,5,18.0,0,0,1
CLI-004520,10436.0,171.98,4,3,0,0,16,6.4,1,0,0
CLI-003928,748497.0,7606.68,180,91,0,0,11,1.2,0,0,0
CLI-004025,81100.0,2104.31,72,66,0,0,8,11.5,0,0,0
CLI-004702,8793.0,233.12,9,1,0,0,1,0.7,1,0,0
CLI-004625,924.0,41.73,4,0,0,0,0,25.5,1,1,0
CLI-000711,889.0,180.66,15,5,0,0,2,32.7,0,1,1
CLI-002887,8015.0,574.95,25,14,0,0,7,0.6,0,0,1
CLI-004003,406.0,38.09,1,0,0,0,0,2.2,1,0,0
CLI-002328,665.0,90.15,4,2,0,0,5,8.1,1,0,0
CLI-001310,480.0,97.62,8,0,0,0,0,40.3,1,1,0
CLI-003839,1873.0,126.92,11,8,0,0,2,18.8,1,1,0
CLI-004058,24300.0,1481.69,18,6,0,1,3,0.5,0,0,1
CLI-000548,24608.0,2728.11,110,60,0,0,7,10.5,0,0,0
CLI-002663,17477.0,926.69,39,29,0,0,8,2.4,0,0,1
CLI-000549,18261.0,927.91,11,3,0,1,6,2.6,1,0,0
CLI-004765,5458.0,605.07,53,22,0,0,4,29.6,0,1,0
CLI-004517,399.0,60.78,6,2,0,0,2,23.8,1,1,0
CLI-002226,60641.0,1120.5,39,12,0,0,2,13.8,0,0,1
CLI-002582,357.0,12.82,1,1,0,0,2,28.6,1,1,0
CLI-002172,1003961.0,23100.8,310,151,1,1,18,10.5,0,0,0
CLI-003032,4174.0,154.26,6,5,0,0,11,11.5,0,0,1
CLI-003675,48614.0,1602.32,57,39,0,0,7,18.8,0,0,1
CLI-001020,1029.0,25.09,2,1,0,0,5,25.4,1,1,0
CLI-001981,27650.0,717.44,26,7,0,0,7,10.5,0,0,1
CLI-001729,8290.0,722.12,34,0,0,0,0,18.9,0,0,1
CLI-004490,15642.0,1734.17,21,17,0,1,21,4.9,0,0,1
CLI-001565,4496.0,609.26,47,11,0,0,0,20.1,0,1,1
CLI-004493,13091.0,514.98,17,13,0,0,7,15.7,0,0,1
CLI-004700,1186.0,206.57,9,0,0,0,0,11.1,1,0,0
CLI-000470,52533.0,6406.48,143,32,0,0,5,5.4,0,0,0
CLI-003641,300.0,11.53,1,1,0,0,4,12.6,1,1,0
CLI-001998,13609.0,319.17,8,1,0,0,3,10.5,1,0,0
CLI-002312,714.0,26.38,2,1,0,0,2,27.5,1,1,0
CLI-000322,2846.0,105.18,3,1,0,0,7,10.5,1,0,0
CLI-003487,4598.0,700.93,32,8,0,0,3,12.8,0,0,0
CLI-001836,328.0,80.0,9,0,0,0,0,35.0,0,1,1
CLI-002750,555.0,75.22,7,0,0,0,0,13.9,1,1,0
CLI-004998,64427.0,1671.69,63,56,0,0,9,10.5,0,0,0
CLI-000725,3415.0,320.35,15,3,0,0,4,13.3,0,0,1
CLI-000639,219503.0,15746.24,202,180,0,1,13,0.5,0,0,0
CLI-003646,7763.0,378.66,14,7,0,0,6,8.2,0,0,1
CLI-004825,1876938.0,52240.0,653,595,1,1,24,10.5,0,0,0
CLI-001060,35307.0,1388.95,25,21,0,0,14,6.4,0,0,1
CLI-004634,63032.0,4045.71,55,4,0,1,1,1.7,0,0,1
CLI-004748,53370.0,619.86,57,13,0,0,2,23.5,0,1,1
CLI-003706,5301.0,431.01,17,2,0,0,0,14.7,0,0,1
CLI-002521,7753.0,630.33,52,33,0,0,3,0.5,0,1,1
CLI-001467,34024.0,1975.85,25,5,0,1,12,3.5,0,0,1
CLI-002218,8756.0,970.76,50,0,0,0,0,15.8,0,0,1
CLI-004911,1055.0,21.44,1,1,0,0,3,10.5,1,0,0
CLI-000608,2272.0,307.82,8,5,0,0,10,3.8,1,0,0
CLI-000975,300.0,67.17,6,1,0,0,2,9.7,1,1,0
CLI-004898,1075537.0,37475.17,837,298,1,0,2,2.4,0,0,0
CLI-004553,11107.0,322.5,11,5,0,0,5,18.5,1,0,0
CLI-002562,300.0,42.7,5,0,0,0,0,36.8,1,1,0
CLI-000379,11716.0,432.95,34,18,0,0,1,27.7,0,1,1
CLI-000166,7546.0,460.1,20,4,0,0,2,18.0,0,0,1
CLI-001315,71144.0,3470.42,167,122,0,0,8,6.9,0,0,0
CLI-000448,2144.0,104.6,7,6,0,0,5,7.7,1,1,0
CLI-002964,976.0,54.1,2,1,0,0,5,13.9,1,0,0
CLI-000262,16589.0,2890.12,137,70,0,0,5,8.4,0,0,0
CLI-002929,69600.0,1571.81,56,45,0,0,7,14.1,0,0,1
CLI-003575,23855.0,2424.31,57,40,0,0,14,7.7,0,0,1
CLI-004710,5157.0,1048.07,21,10,0,0,14,10.5,0,0,1
CLI-003864,3682.0,149.68,11,6,0,0,2,28.6,1,1,0
CLI-003058,1403.0,100.61,10,4,0,0,2,25.2,1,1,0
CLI-001825,2171.0,132.37,11,9,0,0,3,10.5,1,1,0
CLI-001679,2704.0,173.53,8,2,0,0,2,4.9,1,0,0
CLI-003720,190684.0,16610.12,377,336,1,0,16,10.5,0,0,0
CLI-001713,78025.0,2378.8,46,38,0,0,14,3.7,0,0,1
CLI-003603,1180.0,53.3,2,1,0,0,5,7.3,1,0,0
CLI-002890,68243.0,3963.02,179,108,0,0,7,17.2,0,0,0
CLI-000871,1266.0,128.64,10,8,0,0,4,21.3,0,1,1
CLI-001974,30479.0,1093.23,51,26,0,0,9,11.9,0,0,0
CLI-003651,300.0,11.29,1,1,0,0,2,15.1,1,1,0
CLI-001922,3591.0,175.19,8,6,0,0,5,11.8,1,0,0
CLI-000225,1584.0,60.37,5,1,0,0,2,20.7,1,1,0
CLI-004355,1273.0,129.34,10,6,0,0,3,21.1,1,1,0
CLI-003347,300.0,9.22,1,1,0,0,0,17.9,1,1,0
CLI-002009,1673.0,88.69,7,2,0,0,0,19.5,1,1,0
CLI-000598,1013.0,88.2,7,5,0,0,2,42.3,1,1,0
CLI-000709,8558.0,496.98,18,9,0,0,6,9.1,0,0,1
CLI-003874,935.0,162.91,17,6,0,0,1,23.4,0,1,1
CLI-002501,8732.0,242.02,9,2,0,0,5,16.7,1,0,0
CLI-002209,13965.0,1216.46,50,14,0,0,5,8.7,0,0,1
CLI-004412,731.0,46.95,2,2,0,0,7,17.0,1,0,0
CLI-003882,7384.0,214.39,7,4,0,0,6,16.0,1,0,0
CLI-000483,36716.0,3444.27,41,8,0,1,4,1.2,0,0,1
CLI-000756,509172.0,44352.96,811,45,1,1,1,6.1,0,0,0
CLI-002266,371319.0,18867.81,214,171,1,1,20,6.0,0,0,0
CLI-003078,3776.0,511.63,55,25,0,0,2,24.2,0,1,1
CLI-004823,164689.0,5738.28,130,78,0,0,12,5.4,0,0,0
CLI-001198,1363.0,110.85,8,5,0,0,3,28.7,1,1,0
CLI-004880,148477.0,8622.35,184,69,0,0,6,9.7,0,0,0
CLI-003637,870.0,96.42,9,8,0,0,6,26.6,1,1,0
CLI-003204,3360.0,409.78,38,0,0,0,0,28.5,0,1,1
CLI-004629,16986.0,1479.64,42,24,0,0,8,8.0,0,0,1
CLI-003944,11118.0,301.29,11,7,0,0,7,12.5,1,0,0
CLI-004282,4434.0,450.62,13,7,0,0,11,6.4,0,0,1
CLI-004212,4213.0,1027.56,44,14,0,0,6,10.5,0,0,1
CLI-002997,1760.0,61.33,6,5,0,0,6,33.1,1,1,0
CLI-001838,334537.0,4162.98,83,68,0,0,11,7.5,0,0,0
CLI-003823,21310.0,5197.48,217,145,0,0,8,13.1,0,0,0
CLI-002268,2600.0,93.25,7,1,0,0,3,10.5,1,1,0
CLI-004269,144916.0,12623.32,193,127,1,1,17,2.8,0,0,0
CLI-004017,14425.0,199.9,7,1,0,0,5,15.6,1,0,0
CLI-003353,1204.0,81.54,8,5,0,0,4,13.0,1,1,0
CLI-003047,14978.0,1014.74,38,16,0,0,6,23.0,0,0,1
CLI-000096,300.0,11.03,1,1,0,0,1,26.0,1,1,0
CLI-001700,137886.0,8850.22,194,90,1,0,8,5.0,0,0,0
CLI-002623,44725.0,1947.95,34,18,0,0,11,4.8,0,0,0
CLI-000094,698.0,77.39,6,1,0,0,2,10.5,1,1,0
CLI-003157,179564.0,8422.32,184,136,0,0,11,8.3,0,0,0
CLI-004744,300.0,10.72,1,1,0,0,1,10.7,1,1,0
CLI-003012,16212.0,1235.64,56,19,0,0,3,4.9,0,0,1
CLI-000157,3164.0,107.18,8,5,0,0,3,25.8,1,1,0
CLI-000361,282275.0,8826.61,192,177,0,0,17,0.5,0,0,0
CLI-004680,1134.0,69.14,6,2,0,0,4,20.4,1,1,0
CLI-000274,743.0,82.36,8,6,0,0,3,24.2,1,1,0
CLI-000780,2478.0,111.91,9,6,0,0,3,17.2,1,1,0
CLI-004051,887.0,63.65,6,2,0,0,0,33.4,0,1,1
CLI-000868,381.0,42.19,5,1,0,0,0,28.3,1,1,0
CLI-004856,448.0,60.65,3,2,0,0,4,8.4,1,0,0
CLI-004452,11601.0,392.98,16,11,0,0,6,13.0,0,0,1
CLI-004113,8565.0,870.46,19,6,0,0,8,8.0,0,0,1
CLI-000782,56788.0,8656.72,135,24,1,1,12,5.3,0,0,0
CLI-002467,92366.0,4171.89,136,113,0,0,7,11.2,0,0,0
CLI-000921,48025.0,504.89,9,5,0,0,10,6.3,1,0,0
CLI-004768,198676.0,26920.81,738,313,1,0,15,2.6,0,0,0
CLI-004054,1145.0,99.7,8,5,0,0,2,13.8,1,1,0
CLI-000216,6994.0,852.96,39,21,0,0,4,16.0,0,0,1
CLI-001903,2642.0,230.16,5,3,0,0,9,9.4,1,0,0
CLI-001242,1602.0,36.0,3,1,0,0,2,24.3,1,1,0
CLI-002001,4737.0,1155.36,52,28,0,0,7,17.2,0,0,1
CLI-002765,1947.0,76.59,6,5,0,0,4,10.5,1,1,0
CLI-002592,1197.0,36.5,3,2,0,0,4,16.4,1,1,0
CLI-002802,78712.0,6856.45,155,52,0,0,7,6.2,0,0,0
CLI-003006,61211.0,7464.79,159,108,0,0,14,3.1,0,0,0
CLI-003781,1253.0,254.59,10,6,0,0,9,10.5,1,0,0
CLI-003211,28660.0,3883.46,95,60,0,0,9,10.5,0,0,0
CLI-003810,35149.0,3572.09,48,10,0,1,13,4.0,0,0,1
CLI-000940,20376.0,955.72,35,10,0,0,3,14.1,0,0,1
CLI-004250,5221.0,289.44,11,2,0,0,5,10.4,1,0,0
CLI-001805,23760.0,413.94,7,5,0,0,13,9.5,1,0,0
CLI-000109,43538.0,536.32,38,24,0,0,3,24.6,0,1,1
CLI-001416,4873.0,349.59,14,10,0,0,8,13.6,0,0,1
CLI-004829,38803.0,5915.11,138,0,0,0,0,3.9,0,0,0
CLI-002785,3622.0,100.38,6,5,0,0,3,34.0,1,1,0
CLI-000875,3181.0,352.63,26,15,0,0,3,10.5,0,1,1
CLI-000024,21712.0,2647.81,130,94,0,0,4,14.0,0,0,0
CLI-001405,10405.0,264.35,18,9,0,0,2,24.3,0,1,1
CLI-002860,300.0,11.33,1,1,0,0,3,18.2,1,1,0
CLI-001575,158761.0,8067.11,110,52,0,1,15,6.8,0,0,0
CLI-002376,2259.0,70.63,6,3,0,0,2,15.0,1,1,0
CLI-003409,25449.0,3103.52,79,10,0,0,1,9.4,0,0,0
CLI-002897,613.0,93.37,11,3,0,0,3,25.9,1,1,0
CLI-000051,4786.0,583.65,27,23,0,0,11,10.9,0,0,1
CLI-003819,7671.0,584.71,51,12,0,0,2,38.1,0,1,1
CLI-004987,24580.0,1577.67,55,26,0,0,5,12.1,0,0,1
CLI-004827,12522.0,803.71,31,29,0,0,11,15.5,0,0,1
CLI-003894,24404.0,620.02,12,10,0,0,12,8.4,0,0,1
CLI-001001,5472.0,1668.16,42,22,0,0,10,10.5,0,0,1
CLI-001457,5415.0,194.22,8,6,0,0,9,12.1,0,0,1
CLI-000010,303.0,26.36,1,1,0,0,8,10.8,1,0,0
CLI-000306,7076.0,410.91,36,9,0,0,0,21.9,0,1,1
CLI-002315,51972.0,1195.86,33,29,0,0,12,9.7,0,0,1
CLI-003297,1008560.0,14301.76,334,135,1,0,3,5.4,0,0,0
CLI-001345,10496.0,752.92,40,11,0,0,3,7.3,0,0,1
CLI-000461,42071.0,765.76,16,14,0,0,15,7.8,0,0,1
CLI-001897,381.0,92.85,10,3,0,0,2,50.6,1,1,0
CLI-001926,300.0,18.24,1,1,0,0,5,11.5,1,0,0
CLI-000819,4176.0,72.76,5,3,0,0,3,20.7,1,1,0
CLI-002323,25505.0,1072.54,41,0,0,0,0,14.4,0,0,1
CLI-000799,300.0,38.08,4,3,0,0,1,10.5,1,1,0
CLI-002269,23820.0,937.06,35,19,0,0,7,11.2,0,0,1
CLI-000629,27697.0,2814.7,124,85,0,0,3,13.5,0,0,0
CLI-002974,2768.0,99.28,8,5,0,0,5,27.0,1,1,0
CLI-002140,9164.0,745.06,58,20,0,0,5,50.0,0,1,1
CLI-001615,60601.0,2173.63,47,15,0,0,7,9.0,0,0,1
CLI-001214,780084.0,39638.4,800,111,1,0,4,4.0,0,0,0
CLI-000287,72109.0,3664.1,74,24,0,0,10,10.3,0,0,0
CLI-000539,23537.0,2392.01,50,26,0,0,9,4.7,0,0,1
CLI-003059,1161.0,44.24,4,2,0,0,4,16.7,1,1,0
CLI-001484,15743.0,959.93,19,11,0,0,11,6.1,0,0,1
CLI-004671,895.0,26.61,1,1,0,0,9,11.6,1,0,0
CLI-002577,15018.0,1144.63,40,18,0,0,6,10.5,0,0,1
CLI-004248,131991.0,11497.46,146,43,0,1,14,1.2,0,0,0
CLI-002207,2672.0,116.38,4,2,0,0,7,14.1,1,0,0
CLI-003523,20383.0,1462.18,40,25,0,0,12,5.6,0,0,1
CLI-001427,14868.0,329.66,26,11,0,0,2,18.2,0,1,1
CLI-000180,2225.0,87.53,7,1,0,0,2,50.5,1,1,0
CLI-003291,130536.0,5375.0,215,54,0,0,3,16.9,0,0,0
CLI-004767,3024.0,105.36,8,5,0,0,4,16.9,1,1,0
CLI-000572,1527.0,97.98,3,2,0,0,7,15.6,1,0,0
CLI-000982,25349.0,1188.98,43,6,0,0,2,11.8,0,0,1
CLI-004793,300.0,12.51,1,1,0,0,5,24.2,1,1,0
CLI-002476,11385.0,213.61,10,1,0,0,0,10.3,1,0,0
CLI-002354,57444.0,1094.58,40,29,0,0,6,9.0,0,0,1
CLI-000914,16725.0,849.86,41,16,0,0,4,7.4,0,0,1
CLI-000836,734.0,24.2,2,1,0,0,2,13.0,1,1,0
CLI-004146,4141.0,95.29,7,3,0,0,2,12.4,1,1,0
CLI-001062,22001.0,813.03,27,21,0,0,9,15.2,0,0,1
CLI-001597,1447.0,84.02,7,4,0,0,4,30.8,1,1,0
CLI-003071,16406.0,1176.87,46,17,0,0,4,13.6,0,0,1
CLI-004878,12010.0,457.71,16,3,0,0,6,11.9,0,0,1
CLI-003764,2888.0,113.62,9,8,0,0,5,12.3,1,1,0
CLI-003918,464128.0,28300.47,665,528,1,0,19,4.6,0,0,0
CLI-000436,3294.0,223.14,5,1,0,0,4,3.0,1,0,0
CLI-001524,6561.0,333.39,15,12,0,0,5,11.5,0,0,1
CLI-003826,2892.0,225.0,9,4,0,0,3,13.0,1,0,0
CLI-002149,41661.0,875.96,33,18,0,0,7,14.1,0,0,1
CLI-003031,2719.0,118.43,10,0,0,0,0,10.5,1,1,0
CLI-001372,1330.0,202.82,8,8,0,0,9,10.4,0,0,1
CLI-000984,171540.0,8716.45,162,134,0,0,20,5.6,0,0,0
CLI-001593,400743.0,8011.66,173,29,0,0,14,7.8,0,0,0
CLI-004525,46431.0,1530.35,32,22,0,0,11,9.6,0,0,1
CLI-002863,35541.0,3940.29,203,66,0,0,6,15.7,0,0,0
CLI-000118,302890.0,12737.16,159,0,0,1,0,5.4,0,0,0
CLI-003175,1476.0,138.43,8,2,0,0,0,17.0,0,0,1
CLI-000422,3564.0,149.87,7,2,0,0,1,8.5,1,0,0
CLI-001480,3982.0,1213.88,48,31,0,0,9,18.6,0,0,1
CLI-000033,27256.0,977.61,46,9,0,0,6,11.4,0,0,1
CLI-001171,1565.0,90.91,2,1,0,0,14,7.2,1,0,0
CLI-000053,58549.0,5492.41,168,126,0,0,7,1.1,0,0,0
CLI-003464,6123.0,311.14,10,7,0,0,7,11.0,1,0,0
CLI-003759,19676.0,1499.72,52,41,0,0,7,14.5,0,0,1
CLI-002144,14164.0,401.71,31,8,0,0,2,42.7,0,1,1
CLI-004893,42500.0,1102.76,50,14,0,0,7,11.4,0,0,1
CLI-001200,322.0,56.03,3,1,0,0,4,11.7,1,0,0
CLI-003124,820.0,37.04,3,2,0,0,4,35.6,1,1,0
CLI-000485,16025.0,1503.32,30,21,0,0,10,6.0,0,0,1
CLI-000901,8946.0,1818.38,52,29,0,0,9,3.0,0,0,0
CLI-003270,28557.0,3482.56,86,44,0,0,6,2.2,0,0,0
CLI-004627,16221.0,732.65,51,0,0,0,0,44.5,0,1,1
CLI-000524,478.0,26.47,2,1,0,0,4,19.5,1,1,0
CLI-002803,5705.0,108.71,9,4,0,0,3,16.9,1,1,0
CLI-004651,9112.0,1010.15,44,22,0,0,3,9.7,0,0,1
CLI-003851,1978.0,30.93,2,1,0,0,1,24.8,1,1,0
CLI-003318,1642.0,80.11,9,1,0,0,1,22.1,0,1,1
CLI-004623,3329.0,676.69,11,4,0,1,13,4.1,0,0,1
CLI-002018,61686.0,12537.74,211,58,0,1,14,0.5,0,0,0
CLI-004519,71775.0,7294.17,175,89,0,0,3,4.2,0,0,0
CLI-001625,185748.0,12584.54,575,309,1,0,5,13.8,0,0,0
CLI-003515,44839.0,1608.28,55,38,0,0,7,10.5,0,0,1
CLI-004876,3553.0,254.85,11,2,0,0,2,6.0,1,0,0
CLI-004799,1195.0,91.08,8,5,0,0,4,27.4,1,1,0
CLI-001164,284749.0,19291.93,211,156,0,1,19,1.4,0,0,0
CLI-004429,14903.0,790.19,18,12,0,0,10,4.9,0,0,1
CLI-001736,31946.0,4328.68,167,92,1,0,3,14.4,0,0,0
CLI-004378,2366.0,206.14,8,0,0,0,0,10.1,1,0,0
CLI-001196,75167.0,2696.08,56,39,0,0,9,2.8,0,0,1
CLI-001113,4731.0,87.41,3,1,0,0,5,14.8,1,0,0
CLI-004936,601.0,29.32,3,1,0,0,3,21.4,1,1,0
CLI-004536,47468.0,1564.54,59,7,0,0,0,14.8,0,0,1
CLI-002724,13187.0,2297.43,52,0,0,0,0,5.1,0,0,1
CLI-000257,4970.0,1010.12,57,3,0,0,4,10.2,0,0,1
CLI-004735,2407.0,122.33,11,5,0,0,3,17.8,1,1,0
CLI-003621,1148.0,46.65,4,0,0,0,0,27.0,1,1,0
CLI-002129,1082.0,59.98,5,3,0,0,4,22.3,1,1,0
CLI-004828,147613.0,45003.9,790,290,1,1,14,2.9,0,0,0
CLI-002294,31238.0,3463.2,49,18,0,1,1,6.2,0,0,0
CLI-003073,3818.0,141.09,6,4,0,0,11,16.4,0,0,1
CLI-001178,609166.0,19549.6,218,69,1,1,20,2.4,0,0,0
CLI-000460,30784.0,7508.24,106,28,0,1,11,1.7,0,0,0
CLI-000961,7451.0,605.76,25,7,0,0,5,14.7,0,0,1
CLI-000312,1419.0,91.09,8,2,0,0,2,24.7,1,1,0
CLI-000692,594.0,72.4,4,2,0,0,7,6.5,1,0,0
CLI-002023,3885.0,96.0,8,6,0,0,6,29.8,0,1,1
CLI-002205,1832.0,159.59,7,2,0,0,3,12.0,1,0,0
CLI-001494,73384.0,4140.0,92,21,0,0,9,6.8,0,0,0
CLI-002475,1565.0,190.89,4,2,0,0,11,3.5,1,0,0
CLI-003090,11719.0,2041.56,49,22,0,0,7,10.5,0,0,0
CLI-003993,1092.0,88.77,8,1,0,0,1,15.7,1,1,0
CLI-004454,21224.0,1437.95,53,31,0,0,10,13.2,0,0,1
CLI-004188,48977.0,4594.49,107,81,0,0,9,10.3,0,0,0
CLI-003888,6986.0,473.3,18,8,0,0,9,12.4,0,0,1
CLI-002937,4431.0,200.15,4,1,0,0,4,5.2,1,0,0
CLI-004718,37181.0,1333.62,50,37,0,0,5,10.5,0,0,1
CLI-003870,1284.0,52.18,4,2,0,0,3,28.2,1,1,0
CLI-001521,128638.0,6536.47,486,351,1,0,5,11.8,0,1,0
CLI-003540,19241.0,1564.33,32,17,0,0,5,0.5,0,0,0
CLI-002057,13164.0,1234.89,49,35,0,0,7,13.3,0,0,1
CLI-001592,1713.0,90.81,7,4,0,0,0,23.9,1,1,0
CLI-000668,543.0,82.74,9,2,0,0,2,35.0,1,1,0
CLI-000407,11812.0,134.62,6,2,0,0,0,15.3,1,0,0
CLI-000018,115025.0,2032.97,71,60,0,0,10,14.6,0,0,0
CLI-002132,1289.0,27.11,2,2,0,0,5,12.7,1,1,0
CLI-003162,1132.0,60.01,5,2,0,0,4,30.9,1,1,0
CLI-002697,1473.0,57.96,5,3,0,0,4,31.2,1,1,0
CLI-001255,8749.0,273.57,9,7,0,0,8,18.9,1,0,0
CLI-004592,14900.0,519.18,19,10,0,0,10,13.8,0,0,1
CLI-001333,45318.0,575.68,25,19,0,0,7,11.1,0,0,1
CLI-004403,17772.0,1444.86,21,4,0,1,5,3.6,0,0,1
CLI-001686,19321.0,1308.99,32,18,0,0,7,4.5,0,0,1
CLI-002821,1208.0,113.36,10,8,0,0,3,22.1,1,1,0
CLI-004763,314314.0,5721.05,128,43,1,0,1,9.7,0,0,0
CLI-001501,11289.0,983.35,37,13,0,0,9,10.5,0,0,0
CLI-001531,14019.0,534.27,10,4,0,0,8,6.2,1,0,0
CLI-002298,1489837.0,40374.98,880,453,1,0,11,6.9,0,0,0
CLI-001759,16760.0,1202.27,48,13,0,0,6,0.6,0,0,1
CLI-003402,151216.0,23051.29,535,318,1,0,11,10.5,0,0,0
CLI-002215,108922.0,7379.53,96,21,0,1,25,3.4,0,0,0
CLI-002405,504.0,87.74,7,0,0,0,0,24.9,1,1,0
CLI-001512,1911.0,26.79,2,2,0,0,4,10.5,1,1,0
CLI-003806,2925.0,509.62,45,14,0,0,3,17.8,0,1,1
CLI-004227,8946.0,545.46,56,14,0,0,1,0.5,0,1,1
CLI-001092,12268.0,393.72,18,1,0,0,0,14.4,0,0,1
CLI-000098,12989.0,480.0,10,4,0,0,16,4.5,1,0,0
CLI-004608,23285.0,979.2,35,19,0,0,5,7.0,0,0,1
CLI-003438,25878.0,1213.78,44,27,0,0,12,10.5,0,0,1
CLI-002388,15100.0,2301.78,46,12,0,1,9,7.8,0,0,1
CLI-002037,159092.0,7185.71,141,118,0,0,12,2.1,0,0,0
CLI-004728,2647.0,134.49,5,3,0,0,2,19.0,1,0,0
CLI-001797,73863.0,2814.91,55,33,0,0,10,9.4,0,0,0
CLI-001719,1525.0,62.0,5,1,0,0,0,18.6,1,1,0
CLI-000704,1484.0,120.66,6,0,0,0,0,14.1,1,0,0
CLI-003573,3454.0,1053.0,39,7,0,0,1,7.4,0,0,1
CLI-001223,6839.0,833.98,11,9,0,1,26,7.2,0,0,1
CLI-003546,3313.0,149.63,11,8,0,0,5,21.3,1,1,0
CLI-003054,40897.0,1662.46,59,12,0,0,5,11.5,0,0,1
CLI-000864,21942.0,2229.87,52,41,0,0,16,6.2,0,0,1
CLI-001487,840.0,34.14,3,1,0,0,1,29.5,1,1,0
CLI-003517,1643.0,34.55,3,2,0,0,1,24.6,1,1,0
CLI-001548,64486.0,7864.13,200,67,0,0,6,6.3,0,0,0
CLI-000837,6621.0,196.94,18,16,0,0,6,11.5,0,1,1
CLI-001999,9839.0,999.91,28,6,0,0,5,6.2,0,0,1
CLI-004532,2433.0,197.78,8,3,0,0,2,13.0,1,0,0
CLI-003279,5672.0,628.8,30,18,0,0,6,10.5,0,0,1
CLI-004524,332387.0,15590.37,757,0,1,0,0,5.1,0,0,0
CLI-001618,9215.0,561.9,55,34,0,0,5,30.6,0,1,1
CLI-000486,45085.0,478.1,10,4,0,0,1,3.8,0,0,1
CLI-000838,300.0,20.96,2,1,0,0,3,40.2,1,1,0
CLI-002390,1054.0,67.68,5,2,0,0,4,18.2,1,1,0
CLI-003999,19879.0,1275.94,58,19,0,0,3,10.4,0,0,1
CLI-000556,4212.0,467.0,23,9,0,0,2,11.5,0,0,1
CLI-002013,21284.0,1038.23,49,0,0,0,0,19.1,0,0,1
CLI-004755,684729.0,37956.17,860,359,1,0,5,3.0,0,0,0
CLI-001801,4321.0,56.66,4,2,0,0,1,17.8,1,1,0
CLI-003163,5697.0,169.44,6,5,0,0,11,10.5,1,0,0
CLI-004434,78523.0,4560.0,107,48,0,0,4,6.5,0,0,0
CLI-004435,109754.0,5576.93,102,80,0,0,12,3.2,0,0,0
CLI-001990,275464.0,15269.61,193,164,0,1,26,7.8,0,0,0
CLI-002236,300.0,12.28,1,1,0,0,4,24.2,1,1,0
CLI-004084,515.0,132.0,11,3,0,0,2,12.1,1,1,0
CLI-002395,1527.0,39.62,3,0,0,0,0,25.4,1,1,0
CLI-000559,79216.0,4830.22,104,22,0,0,8,7.6,0,0,0
CLI-004266,446.0,38.81,3,2,0,0,5,33.9,1,1,0
CLI-004175,5723.0,872.4,19,13,0,0,16,5.5,0,0,1
CLI-002616,475211.0,16557.89,191,156,0,1,21,5.2,0,0,0
CLI-002421,11816.0,600.43,13,8,0,0,9,7.1,0,0,1
CLI-002151,51891.0,735.83,27,10,0,0,8,13.0,0,0,1
CLI-002751,9059.0,1004.3,23,14,0,0,13,5.9,0,0,1
CLI-000008,12570.0,1916.2,49,34,0,0,13,10.7,0,0,0
CLI-002837,7668.0,425.03,34,21,0,0,3,34.9,0,1,1
CLI-004169,31071.0,315.76,23,12,0,0,2,15.4,0,1,1
CLI-004043,13670.0,757.78,31,17,0,0,3,2.3,0,0,1
CLI-003591,968282.0,69460.69,817,30,1,1,5,0.5,0,0,0
CLI-000090,5423.0,275.54,11,7,0,0,8,22.0,0,0,1
CLI-001693,838.0,24.33,2,2,0,0,6,13.2,1,1,0
CLI-004914,89602.0,1883.97,139,85,0,0,4,9.1,0,1,0
CLI-003955,238705.0,8821.31,91,54,0,1,16,5.5,0,0,0
CLI-000695,1232.0,166.9,8,3,0,0,6,3.5,0,0,1
CLI-002210,157738.0,6011.36,151,70,0,0,10,5.8,0,0,0
CLI-003309,29558.0,1441.85,60,13,0,0,4,10.5,0,0,0
CLI-004311,169327.0,29499.5,329,259,1,1,23,1.2,0,0,0
CLI-003247,1005.0,153.16,14,8,0,0,5,27.4,0,1,1
CLI-004161,9355.0,1267.55,35,8,0,0,3,6.0,0,0,1
CLI-000111,4343.0,378.32,30,0,0,0,0,22.6,0,1,1
CLI-004168,216030.0,8498.41,86,71,0,1,24,6.7,0,0,0
CLI-002984,191346.0,10606.74,370,231,1,0,8,18.5,0,0,0
CLI-003096,27482.0,698.22,37,12,0,0,3,13.1,0,0,1
CLI-000003,100581.0,5110.81,111,80,0,0,12,8.4,0,0,0
CLI-002032,881.0,89.53,10,3,0,0,5,18.6,1,1,0
CLI-003787,726549.0,15017.55,164,76,0,1,21,3.9,0,0,0
CLI-000587,3717.0,283.28,21,14,0,0,3,30.2,0,1,1
CLI-003960,667.0,36.96,3,1,0,0,2,11.9,1,1,0
CLI-003005,1373.0,26.58,2,1,0,0,2,30.1,1,1,0
CLI-001008,250729.0,4131.99,49,14,0,1,19,6.2,0,0,0
CLI-001535,14131.0,783.29,20,16,0,0,10,9.8,0,0,1
CLI-002495,4844.0,179.0,7,5,0,0,6,11.2,0,0,1
CLI-000066,411063.0,14744.01,360,158,1,0,15,7.4,0,0,0
CLI-000763,6321.0,770.88,32,15,0,0,5,7.5,0,0,1
CLI-000533,291087.0,19721.35,747,516,1,0,7,5.9,0,0,0
CLI-000557,5251.0,640.35,15,1,0,0,2,4.4,0,0,1
CLI-003576,78274.0,3535.4,44,13,0,1,9,10.5,0,0,0
CLI-002604,3301.0,70.63,5,4,0,0,3,21.5,1,1,0
CLI-001117,1409.0,343.74,10,4,0,0,6,8.5,0,0,1
CLI-003672,85505.0,2543.28,52,28,0,0,12,8.2,0,0,1
CLI-002471,176048.0,8945.54,198,108,0,0,13,4.5,0,0,0
CLI-000510,6678.0,1018.03,55,27,0,0,4,11.9,0,0,1
CLI-004663,2682.0,142.21,11,2,0,0,2,36.7,1,1,0
CLI-004670,300.0,10.86,1,1,0,0,3,27.0,1,1,0
CLI-004752,20715.0,616.14,12,10,0,0,18,5.3,0,0,1
CLI-004470,300.0,10.92,1,1,0,0,4,36.2,1,1,0
CLI-003544,3567.0,135.95,9,8,0,0,4,10.5,1,1,0
CLI-001936,112716.0,9818.47,137,75,0,1,16,4.3,0,0,0
CLI-002303,4880.0,595.18,26,16,0,0,9,17.6,0,0,1
CLI-001522,18564.0,754.63,58,0,0,0,0,18.6,0,1,1
CLI-002959,11345.0,2364.0,197,119,0,0,5,37.1,0,1,0
CLI-004123,300.0,70.22,7,2,0,0,2,29.8,1,1,0
CLI-003223,49904.0,2254.03,55,5,0,0,5,9.5,0,0,0
CLI-000252,84587.0,2385.0,53,32,0,0,12,7.3,0,0,1
CLI-001965,2726.0,77.3,6,4,0,0,3,30.6,1,1,0
CLI-002941,725655.0,18828.62,274,218,1,1,23,3.5,0,0,0
CLI-000056,19035.0,859.76,39,18,0,0,4,10.5,0,0,1
CLI-002043,300.0,31.68,3,1,0,0,2,19.2,1,1,0
CLI-000710,34994.0,3556.34,133,80,0,0,5,16.1,0,0,0
CLI-003943,87881.0,5358.6,141,0,0,0,0,8.3,0,0,0
CLI-002186,306.0,23.31,2,1,0,0,4,18.3,1,1,0
CLI-001057,300.0,21.69,2,1,0,0,1,19.4,1,1,0
CLI-001222,300.0,17.98,2,1,0,0,0,21.8,1,1,0
CLI-001115,5463.0,666.24,18,5,0,0,7,5.2,0,0,1
CLI-001961,439829.0,6541.18,78,37,0,1,14,2.3,0,0,0
CLI-004902,866.0,96.06,8,4,0,0,3,33.8,1,1,0
CLI-001411,73400.0,1297.27,53,42,0,0,8,18.2,0,0,0
CLI-002135,9114.0,277.88,10,7,0,0,8,11.9,1,0,0
CLI-002017,300.0,81.61,8,3,0,0,4,34.9,1,1,0
CLI-003572,177262.0,3860.23,58,0,0,1,0,0.5,0,0,1
CLI-003361,3039.0,336.95,27,10,0,0,4,16.0,0,1,1
CLI-001122,9811.0,747.8,29,21,0,0,9,10.6,0,0,1
CLI-000029,10266.0,658.93,27,21,0,0,11,13.4,0,0,1
CLI-000172,4139.0,336.54,29,14,0,0,2,22.7,0,1,1
CLI-002504,28671.0,1589.32,59,22,0,0,7,13.7,0,0,1
CLI-001931,109736.0,2624.01,47,0,0,0,0,4.7,0,0,1
CLI-003099,3832.0,245.96,11,6,0,0,9,12.5,1,0,0
CLI-000406,1433.0,41.61,3,2,0,0,4,25.4,1,1,0
CLI-003558,35862.0,3644.47,96,35,0,0,5,10.1,0,0,0
CLI-001942,18230.0,1587.94,32,0,0,0,0,4.2,0,0,1
CLI-004354,154088.0,8541.47,158,41,0,0,9,7.4,0,0,0
CLI-003410,55719.0,4529.97,201,105,0,0,10,4.1,0,0,0
CLI-004432,52241.0,950.88,34,25,0,0,10,13.0,0,0,1
CLI-002987,76617.0,2458.83,49,37,0,0,12,8.5,0,0,0
CLI-001536,60145.0,9168.37,217,148,0,0,13,7.6,0,0,0
CLI-003332,52313.0,2199.88,41,35,0,0,17,9.7,0,0,1
CLI-000925,1306.0,13.27,1,1,0,0,5,40.1,1,1,0
CLI-002131,4355.0,126.44,10,6,0,0,4,44.7,1,1,0
CLI-000399,13263.0,278.86,15,7,0,0,5,3.3,0,0,1
CLI-003832,481528.0,45171.44,545,183,1,1,18,0.5,0,0,0
CLI-003683,370.0,112.94,5,1,0,0,6,10.3,1,0,0
CLI-000661,24071.0,481.22,16,3,0,0,3,8.9,0,0,1
CLI-003273,300.0,11.77,1,1,0,0,3,18.4,1,1,0
CLI-004652,73064.0,1350.04,47,22,0,0,5,7.9,0,0,1
CLI-000063,300.0,13.54,1,1,0,0,3,31.8,1,1,0
CLI-001608,3328.0,312.16,6,3,0,0,4,3.4,0,0,1
CLI-002807,873233.0,24202.68,504,295,1,0,14,6.8,0,0,0
CLI-001444,13578.0,331.18,13,7,0,0,5,1.1,0,0,1
CLI-000888,1870.0,29.62,1,0,0,0,0,9.1,1,0,0
CLI-003202,10060.0,395.76,16,13,0,0,10,10.5,0,0,1
CLI-004001,18861.0,1533.42,40,11,0,0,13,10.5,0,0,1
CLI-001532,1237.0,107.75,9,4,0,0,5,4.9,1,1,0
CLI-002247,480.0,117.0,11,3,0,0,2,23.1,1,1,0
CLI-002030,52892.0,2303.68,44,29,0,0,13,2.7,0,0,1
CLI-000206,1082227.0,57382.11,725,123,1,1,2,0.5,0,0,0
CLI-001346,2468.0,136.81,9,0,0,0,0,25.0,0,1,1
CLI-000826,4669.0,632.69,9,5,0,1,27,4.4,1,0,0
CLI-001728,7395.0,320.0,4,3,0,1,13,5.4,1,0,0
CLI-003212,28661.0,812.85,34,32,0,0,11,10.0,0,0,1
CLI-000419,329.0,100.31,11,7,0,0,3,10.5,1,1,0
CLI-001516,806.0,196.63,21,0,0,0,0,35.9,0,1,1
CLI-000115,52095.0,2117.68,48,13,0,0,7,5.7,0,0,1
CLI-000955,1218.0,49.53,4,3,0,0,4,40.6,1,1,0
CLI-004816,1047.0,63.85,5,1,0,0,5,24.1,1,1,0
CLI-002472,21611.0,752.98,32,16,0,0,2,8.1,0,0,1
CLI-003868,20926.0,255.2,19,9,0,0,3,22.4,0,1,1
CLI-001032,1444602.0,41945.48,460,130,1,1,18,4.2,0,0,0
CLI-004620,2731.0,555.09,27,21,0,0,7,15.2,0,0,1
CLI-003659,30915.0,2692.91,56,0,0,0,0,10.5,0,0,1
CLI-000495,4732.0,79.05,6,3,0,0,2,19.3,1,1,0
CLI-001209,1343.0,65.52,6,1,0,0,2,35.5,1,1,0
CLI-001899,108779.0,2139.64,27,0,0,1,0,3.7,0,0,1
CLI-003126,570.0,99.28,4,2,0,0,3,13.7,1,0,0
CLI-002942,2007.0,48.0,4,2,0,0,1,23.3,1,1,0
CLI-003551,10128.0,1764.48,58,10,0,0,1,3.3,0,0,1
CLI-003679,4164.0,298.73,25,8,0,0,2,38.8,0,1,1
CLI-003038,99902.0,1310.02,95,36,0,0,3,21.6,0,1,0
CLI-004641,4200.0,77.61,3,1,0,0,4,11.7,1,0,0
CLI-003460,2206.0,179.34,4,3,0,0,10,2.8,1,0,0
CLI-002219,71571.0,2385.0,53,43,0,0,15,3.4,0,0,1
CLI-000158,27940.0,1622.54,47,33,0,0,6,10.1,0,0,1
CLI-002514,359.0,54.7,2,2,0,0,4,16.0,1,0,0
CLI-001098,2413.0,98.09,10,2,0,0,2,24.2,1,1,0
CLI-004645,17175.0,2618.18,102,51,0,0,3,6.3,0,0,0
CLI-001159,21738.0,2209.19,44,27,0,0,9,8.1,0,0,1
CLI-004294,13345.0,581.23,24,9,0,0,5,14.9,0,0,1
CLI-003432,145646.0,5224.02,199,0,0,0,0,9.2,0,0,0
CLI-002952,10951.0,635.96,25,13,0,0,9,13.6,0,0,1
CLI-004481,20197.0,1539.38,35,27,0,0,13,10.5,0,0,0
CLI-001334,46084.0,1812.89,42,13,0,0,12,7.9,0,0,1
CLI-001771,7252.0,982.67,56,11,0,0,3,8.6,0,0,1
CLI-001028,614.0,44.02,4,0,0,0,0,5.8,1,1,0
CLI-003135,110037.0,7455.05,161,113,0,0,16,5.9,0,0,0
CLI-003906,674.0,82.2,7,1,0,0,1,10.5,1,1,0
CLI-003310,38209.0,1370.48,54,24,0,0,6,14.5,0,0,1
CLI-004052,10488.0,122.98,10,3,0,0,2,22.8,1,1,0
CLI-000500,49173.0,2855.57,33,0,0,1,0,1.2,0,0,1
CLI-001547,2809.0,180.29,4,2,0,0,8,6.8,1,0,0
CLI-000689,57680.0,1099.09,41,27,0,0,7,8.9,0,0,1
CLI-004229,32180.0,1635.14,56,25,0,0,4,20.1,0,0,1
CLI-003631,77540.0,1153.19,40,25,0,0,5,17.3,0,0,1
CLI-001672,21551.0,5256.39,103,22,0,0,2,5.9,0,0,0
CLI-004361,314152.0,15324.48,352,94,1,0,3,9.5,0,0,0
CLI-000164,26211.0,652.35,14,11,0,0,8,6.9,0,0,1
CLI-003354,132321.0,2408.46,50,26,0,0,13,10.8,0,0,1
CLI-003982,23818.0,2420.5,90,47,0,0,7,22.2,0,0,0
CLI-004635,591944.0,11834.14,215,138,1,0,15,5.3,0,0,0
CLI-001709,23120.0,386.23,7,3,0,0,13,9.1,1,0,0
CLI-001619,716391.0,31201.7,765,415,1,0,7,11.3,0,0,0
CLI-000560,20992.0,1280.0,55,37,0,0,8,10.0,0,0,1
CLI-000507,4888.0,397.42,32,26,0,0,3,31.7,0,1,1
CLI-002586,719.0,79.73,11,0,0,0,0,10.5,0,1,1
CLI-002843,62970.0,2399.79,184,52,0,0,3,29.8,0,1,0
CLI-003592,97492.0,9145.62,154,63,0,1,10,3.9,0,0,0
CLI-001758,120597.0,1987.42,43,6,0,0,3,9.7,0,0,1
CLI-004277,82438.0,8377.86,210,27,1,0,1,6.0,0,0,0
CLI-002578,3889.0,225.83,9,6,0,0,7,14.1,1,0,0
CLI-002546,3429.0,348.45,11,3,0,0,4,8.4,1,0,0
CLI-001089,502.0,61.17,5,1,0,0,3,10.5,1,1,0
CLI-000036,5841.0,547.95,12,10,0,0,17,12.4,0,0,1
CLI-003734,2561.0,130.13,5,3,0,0,7,10.5,1,0,0
CLI-002502,2218.0,676.36,35,7,0,0,3,10.1,0,0,1
CLI-000062,20737.0,1204.23,42,27,0,0,6,7.2,0,0,1
CLI-001105,123296.0,4176.7,93,21,0,0,4,9.8,0,0,0
CLI-003693,1977826.0,70940.69,870,0,1,1,0,2.1,0,0,0
CLI-004989,11420.0,386.84,30,13,0,0,4,17.9,0,1,0
CLI-001558,678.0,82.72,8,5,0,0,3,10.5,1,1,0
CLI-002930,1038615.0,33331.66,704,398,1,0,13,8.4,0,0,0
CLI-003176,852.0,173.27,8,2,0,0,3,12.6,1,0,0
CLI-003891,300.0,13.66,1,1,0,0,3,25.2,1,1,0
CLI-001796,6800.0,1184.65,29,8,0,0,11,9.7,0,0,1
CLI-004961,7404.0,501.63,10,9,0,0,12,4.2,1,0,0
CLI-004119,1203678.0,29358.0,338,183,1,1,16,1.8,0,0,0
CLI-000397,21943.0,1163.48,47,8,0,0,4,11.8,0,0,1
CLI-004879,855121.0,69522.07,836,657,1,1,16,10.5,0,0,0
CLI-003430,5606.0,402.18,31,16,0,0,4,15.0,0,1,1
CLI-001780,2258.0,50.99,4,1,0,0,0,10.8,1,1,0
CLI-002965,237798.0,6590.84,140,71,0,0,7,9.4,0,0,0
CLI-001648,300.0,17.83,1,1,0,0,0,10.5,1,0,0
CLI-000286,7525.0,262.21,21,17,0,0,4,12.4,0,1,1
CLI-002595,17145.0,409.98,27,18,0,0,3,26.6,0,1,1
CLI-004443,6839.0,521.24,30,6,0,0,8,12.2,0,0,1
CLI-002333,1000.0,60.96,6,2,0,0,5,17.5,0,1,1
CLI-002832,16871.0,894.52,20,17,0,0,14,5.2,0,0,1
CLI-001407,27623.0,962.46,38,14,0,0,3,19.0,0,0,1
CLI-004593,1690.0,98.14,4,1,0,0,0,10.5,1,0,0
CLI-000724,45654.0,2651.24,136,34,0,0,2,13.0,0,0,0
CLI-002559,2731.0,128.11,6,0,0,0,0,11.7,1,0,0
CLI-004243,32222.0,1455.39,52,0,0,0,0,13.1,0,0,1
CLI-002292,8022.0,514.87,14,7,0,0,8,0.5,0,0,1
CLI-002109,4105.0,178.79,4,4,0,0,16,10.8,1,0,0
CLI-000282,11433.0,1080.0,24,9,0,0,8,0.5,0,0,1
CLI-002231,4433.0,245.71,10,4,0,0,4,16.9,1,0,0
CLI-004134,71103.0,1445.18,16,7,0,1,14,2.3,0,0,1
CLI-001740,1846.0,140.72,12,1,0,0,0,18.7,0,1,1
CLI-001394,4493.0,74.04,5,4,0,0,5,36.0,1,1,0
CLI-002741,2194.0,78.68,8,4,0,0,0,26.4,0,1,1
CLI-002164,192484.0,9389.44,189,73,0,0,6,4.0,0,0,0
CLI-004438,1064.0,33.27,1,1,0,0,7,0.5,1,0,0
CLI-002325,2473.0,137.08,6,2,0,0,5,6.8,0,0,1
CLI-003303,20879.0,2829.17,69,36,0,0,8,3.8,0,0,0
CLI-002408,8344.0,1271.92,108,57,0,0,3,25.9,0,1,0
CLI-003798,8084.0,318.0,8,2,0,0,2,7.6,1,0,0
CLI-001937,20560.0,1193.97,55,39,0,0,9,0.5,0,0,1
CLI-001904,67317.0,9121.49,216,85,0,0,8,9.9,0,0,0
CLI-002406,66848.0,3544.44,89,56,0,0,9,5.1,0,0,0
CLI-002749,5993.0,609.06,54,33,0,0,1,10.5,0,1,1
CLI-002419,13779.0,700.16,8,4,0,1,17,2.6,1,0,0
CLI-003604,314913.0,17456.38,454,263,1,0,10,3.4,0,0,0
CLI-001582,57101.0,6963.51,84,74,0,1,24,2.1,0,0,0
CLI-004299,3824.0,518.21,40,10,0,0,0,33.4,0,1,1
CLI-001774,39242.0,784.52,30,23,0,0,7,10.5,0,0,1
CLI-001306,5762.0,212.93,8,5,0,0,6,12.2,1,0,0
CLI-003050,3377.0,137.27,6,2,0,0,5,10.5,1,0,0
CLI-000450,56284.0,1806.28,43,30,0,0,10,12.1,0,0,1
CLI-001837,18226.0,740.88,49,44,0,0,4,10.5,0,1,1
CLI-004181,1208.0,47.53,4,3,0,0,4,25.3,1,1,0
CLI-004031,1483.0,86.12,7,3,0,0,0,23.5,1,1,0
CLI-001513,3133.0,212.24,5,1,0,0,6,7.4,1,0,0
CLI-000732,738.0,112.46,10,5,0,0,3,27.7,1,1,0
CLI-004598,10238.0,960.44,47,8,0,0,4,14.4,0,0,1
CLI-001197,22317.0,256.75,8,4,0,0,7,11.2,1,0,0
CLI-003763,12881.0,1309.04,35,10,0,0,7,11.2,0,0,0
CLI-004716,1759.0,165.03,14,1,0,0,2,9.6,0,1,1
CLI-002314,1743.0,88.58,7,1,0,0,0,18.6,1,1,0
CLI-000095,33131.0,1122.33,43,6,0,0,3,9.7,0,0,1
CLI-003579,26132.0,1274.72,47,27,0,0,10,9.1,0,0,1
CLI-003784,1896.0,100.52,11,0,0,0,0,10.5,1,1,0
CLI-001767,120915.0,9830.51,194,173,1,0,9,0.9,0,0,0
CLI-001059,8555.0,163.02,2,1,0,1,17,10.5,1,0,0
CLI-001702,586341.0,26483.33,319,110,1,1,13,4.7,0,0,0
CLI-002735,3161.0,50.73,1,1,0,0,11,4.0,1,0,0
CLI-004468,68252.0,5202.14,59,47,0,1,20,3.7,0,0,1
CLI-000065,7663.0,622.99,29,13,0,0,8,3.8,0,0,1
CLI-000616,5814.0,1181.79,52,16,0,0,4,10.1,0,0,1
CLI-001817,34384.0,822.2,16,14,0,0,18,0.6,0,0,1
CLI-004907,699.0,31.57,2,2,0,0,5,2.0,1,1,0
CLI-004082,108995.0,3164.77,218,142,0,0,4,23.1,0,1,0
CLI-003875,3105.0,315.55,11,9,0,0,11,0.5,1,0,0
CLI-000912,14835.0,548.23,11,0,0,0,0,6.3,1,0,0
CLI-000809,286605.0,4424.28,54,46,0,1,25,6.4,0,0,1
CLI-002290,153309.0,8902.98,179,111,0,0,13,9.8,0,0,0
CLI-004019,11400.0,1390.26,48,31,0,0,7,23.3,0,0,1
CLI-002962,13921.0,1212.63,45,38,0,0,10,19.6,0,0,1
CLI-001091,579.0,24.36,1,1,0,0,0,10.5,1,0,0
CLI-003877,495.0,150.85,8,1,0,0,2,8.5,1,0,0
CLI-004241,485.0,59.17,6,2,0,0,2,15.7,1,1,0
CLI-000227,3273.0,120.94,10,6,0,0,4,22.7,1,1,0
CLI-001638,521.0,45.41,5,3,0,0,3,32.1,1,1,0
CLI-001483,349625.0,7752.21,158,96,0,0,8,6.4,0,0,0
CLI-001016,2311.0,156.58,13,6,0,0,3,15.3,0,1,1
CLI-003269,24315.0,988.43,13,8,0,1,18,2.5,0,0,1
CLI-004207,10427.0,794.72,22,10,0,0,10,4.2,0,0,1
CLI-002841,300.0,67.75,7,4,0,0,4,16.8,1,1,0
CLI-003536,6817.0,296.92,32,5,0,0,3,27.2,0,1,1
CLI-004483,100600.0,3060.0,68,44,0,0,11,2.0,0,0,0
CLI-003379,14818.0,1204.7,48,10,0,0,6,10.5,0,0,1
CLI-004582,17981.0,5481.93,181,60,0,0,5,5.1,0,0,0
CLI-003242,7970.0,1260.0,28,4,0,0,1,4.4,0,0,1
CLI-004937,30004.0,2152.36,55,0,0,0,0,4.3,0,0,1
CLI-004369,59155.0,1387.31,47,28,0,0,6,10.5,0,0,1
CLI-002847,3092.0,45.99,1,1,0,0,15,11.0,1,0,0
CLI-003676,1638.0,252.0,21,13,0,0,3,14.4,0,1,1
CLI-001025,2166.0,48.92,2,1,0,0,4,12.9,1,0,0
CLI-004498,1127.0,152.7,7,1,0,0,3,14.8,1,0,0
CLI-001664,258690.0,13716.31,188,0,0,1,0,2.4,0,0,0
CLI-004321,2193.0,58.14,1,1,0,0,9,7.7,1,0,0
CLI-002570,192814.0,6531.64,134,103,0,0,9,6.7,0,0,0
CLI-003122,69216.0,4442.62,107,27,0,0,6,6.2,0,0,0
CLI-003766,2378.0,80.56,3,1,0,0,8,10.4,1,0,0
CLI-004890,988.0,80.29,4,3,0,0,8,9.2,1,0,0
CLI-004379,468778.0,6017.69,212,17,0,0,4,14.5,0,0,0
CLI-004788,4196.0,176.45,13,9,0,0,3,13.0,0,1,1
CLI-003187,144275.0,2377.64,54,26,0,0,10,5.1,0,0,1
CLI-001508,73003.0,3424.16,149,36,0,0,2,10.6,0,0,0
CLI-001376,300.0,12.27,1,1,0,0,2,21.2,1,1,0
CLI-002225,903.0,84.68,7,3,0,0,0,10.5,1,1,0
CLI-003103,10330.0,331.51,7,6,0,0,21,5.6,0,0,1
CLI-001994,75711.0,7102.34,87,50,0,1,11,6.1,0,0,0
CLI-000154,1702.0,122.09,5,3,0,0,5,12.0,1,0,0
CLI-004852,676.0,24.99,1,1,0,0,9,5.6,1,0,0
CLI-002189,50944.0,4437.66,171,0,0,0,0,16.5,0,0,0
CLI-004695,18834.0,1276.04,55,45,0,0,13,10.1,0,0,1
CLI-002147,24774.0,1118.97,48,27,0,0,5,18.1,0,0,1
CLI-003308,6979.0,236.4,18,5,0,0,4,34.5,0,1,1
CLI-002248,810.0,49.4,2,1,0,0,6,7.7,1,0,0
CLI-000123,3666.0,279.39,6,1,0,0,6,10.5,0,0,1
CLI-004586,2363.0,115.29,9,4,0,0,2,0.5,1,1,0
CLI-004502,11932.0,440.95,17,4,0,0,3,11.7,0,0,1
CLI-000162,851.0,39.91,3,2,0,0,4,28.1,1,1,0
CLI-002681,38312.0,1946.75,43,19,0,0,12,10.5,0,0,1
CLI-001553,46839.0,1241.75,33,5,0,0,5,6.6,0,0,0
CLI-004565,27426.0,2389.0,49,41,0,0,15,9.2,0,0,1
CLI-004523,948.0,68.0,7,1,0,0,2,29.8,1,1,0
CLI-003524,46482.0,1259.67,47,15,0,0,4,7.9,0,0,1
CLI-003638,5103.0,444.51,21,12,0,0,6,6.8,0,0,1
CLI-004554,24598.0,2307.47,51,27,0,0,10,3.2,0,0,1
CLI-002295,10983.0,446.46,44,20,0,0,2,37.3,0,1,1
CLI-003728,1118.0,170.39,8,5,0,0,7,16.1,0,0,1
CLI-003973,9626.0,279.49,3,2,0,1,22,2.3,1,0,0
CLI-001778,3059.0,100.81,4,3,0,0,5,0.5,1,0,0
CLI-001153,9692.0,909.2,47,17,0,0,2,13.9,0,0,1
CLI-003990,504.0,68.27,6,4,0,0,2,18.5,1,1,0
CLI-003349,2362.0,125.22,10,4,0,0,3,26.9,1,1,0
CLI-001525,7319.0,637.57,22,19,0,0,9,15.1,0,0,1
CLI-004550,49290.0,1335.77,29,13,0,0,12,6.9,0,0,1
CLI-001086,3079.0,585.0,13,11,0,0,12,9.0,0,0,1
CLI-001042,21927.0,1407.36,50,20,0,0,8,16.6,0,0,1
CLI-000846,14534.0,1107.76,44,24,0,0,6,11.1,0,0,1
CLI-001644,3414.0,101.54,4,0,0,0,0,6.7,1,0,0
CLI-003581,26918.0,2525.17,111,40,0,0,3,10.5,0,0,0
CLI-002911,494.0,75.37,1,1,0,1,5,0.5,1,0,0
CLI-000618,51867.0,5271.06,267,106,1,0,8,13.7,0,0,0
CLI-001966,2000000.0,73524.22,764,510,1,1,7,3.7,0,0,0
CLI-002744,968.0,65.58,3,1,0,0,4,14.2,1,0,0
CLI-004679,6184.0,279.32,9,4,0,0,3,6.8,1,0,0
CLI-000347,16436.0,954.45,38,9,0,0,5,19.2,0,0,1
CLI-004392,300.0,23.38,2,1,0,0,1,39.1,1,1,0
CLI-001271,51051.0,669.44,49,39,0,0,3,11.5,0,1,1
CLI-000402,2990.0,110.51,4,3,0,0,8,12.8,1,0,0
CLI-002994,3998.0,487.51,19,8,0,0,7,26.2,0,0,1
CLI-003475,6929.0,650.01,24,22,0,0,7,17.9,0,0,1
CLI-003023,1747.0,68.72,6,1,0,0,3,29.5,1,1,0
CLI-003751,79746.0,3890.07,45,13,0,1,7,2.1,0,0,1
CLI-002026,644.0,65.41,8,5,0,0,4,18.4,1,1,0
CLI-002901,142928.0,8715.13,182,128,0,0,18,7.4,0,0,0
CLI-003326,2855.0,580.27,10,7,0,1,26,4.8,0,0,1
CLI-003526,2000000.0,51760.0,647,426,1,1,26,2.2,0,0,0
CLI-004734,25923.0,3951.71,169,39,0,0,6,15.9,0,0,0
CLI-002142,48399.0,1639.54,47,11,0,0,8,6.4,0,0,1
CLI-003605,336788.0,8381.99,84,23,0,1,16,10.5,0,0,0
CLI-001529,679542.0,17264.78,211,59,0,1,13,0.5,0,0,0
CLI-003205,444.0,18.67,2,0,0,0,0,30.4,1,1,0
CLI-001365,1946.0,263.63,12,7,0,0,6,11.3,0,0,1
CLI-001094,132553.0,2939.08,57,0,0,0,0,6.7,0,0,1
CLI-002287,1468.0,119.31,10,4,0,0,2,10.5,0,1,1
CLI-000108,210383.0,6578.57,140,60,1,0,7,3.1,0,0,0
CLI-001354,35892.0,1094.27,41,17,0,0,4,13.8,0,0,0
CLI-002573,48419.0,1968.24,44,7,0,0,4,3.2,0,0,1
CLI-002012,2363.0,144.09,11,4,0,0,2,22.2,0,1,1
CLI-000706,12750.0,536.15,21,11,0,0,9,11.5,0,0,1
CLI-002516,2603.0,186.76,17,3,0,0,1,0.5,0,1,1
CLI-002920,92784.0,1271.36,45,37,0,0,10,7.5,0,0,1
CLI-002993,46838.0,1119.98,53,18,0,0,7,16.2,0,0,1
CLI-000520,2293.0,232.99,6,4,0,0,4,10.5,0,0,1
CLI-002686,509.0,103.45,5,1,0,0,4,15.0,1,0,0
CLI-003737,56580.0,3285.69,124,92,0,0,9,11.6,0,0,0
CLI-002133,1824.0,55.62,1,1,0,0,15,5.8,1,0,0
CLI-000588,2339.0,259.27,6,4,0,0,9,9.3,1,0,0
CLI-004343,457249.0,42893.88,501,310,1,1,12,8.1,0,0,0
CLI-003333,10463.0,1063.29,43,23,0,0,4,12.8,0,0,1
CLI-001476,74037.0,1289.84,50,34,0,0,5,14.5,0,0,1
CLI-003917,132391.0,16145.25,218,31,0,1,9,0.5,0,0,0
CLI-004512,9334.0,252.96,18,15,0,0,3,29.9,0,1,1
CLI-002478,2183.0,140.12,6,4,0,0,9,8.4,1,0,0
CLI-004254,13943.0,894.94,17,7,0,0,16,6.4,0,0,1
CLI-001155,188105.0,3230.93,90,66,0,0,9,5.7,0,0,0
CLI-000535,3151.0,125.0,5,2,0,0,9,10.5,1,0,0
CLI-000248,801.0,51.41,2,1,0,0,9,15.8,1,0,0
CLI-001858,482.0,48.99,4,3,0,0,5,10.5,1,1,0
CLI-003113,17758.0,1203.14,43,17,0,0,5,11.4,0,0,0
CLI-001798,1001.0,111.01,9,8,0,0,3,26.4,1,1,0
CLI-000759,677.0,58.98,6,1,0,0,1,31.0,1,1,0
CLI-000919,42088.0,722.92,59,16,0,0,4,19.1,0,1,1
CLI-001010,68897.0,2800.7,106,62,0,0,5,4.2,0,0,0
CLI-002915,48625.0,1289.1,43,36,0,0,9,14.7,0,0,1
CLI-002758,2095.0,73.0,6,5,0,0,5,20.0,1,1,0
CLI-001909,13014.0,1322.53,55,47,0,0,5,7.8,0,0,1
CLI-003386,1603.0,279.26,9,0,0,0,0,5.6,1,0,0
CLI-000112,20348.0,751.95,13,11,0,0,14,1.1,0,0,1
CLI-003274,120607.0,4202.33,44,37,0,1,22,1.0,0,0,0
CLI-003082,229012.0,3933.57,43,32,0,1,19,2.4,0,0,1
CLI-001063,29252.0,2229.54,57,17,0,0,2,11.2,0,0,0
CLI-001181,3370.0,228.29,5,3,0,0,8,8.1,1,0,0
CLI-000212,11642.0,887.36,37,36,0,0,9,13.6,0,0,1
CLI-004253,1801.0,99.81,8,3,0,0,2,18.0,1,1,0
CLI-001283,1531.0,373.49,15,6,0,0,4,7.4,0,0,1
CLI-001130,3227.0,33.07,2,2,0,0,6,20.5,1,1,0
CLI-001839,89659.0,7810.05,102,83,0,1,11,3.9,0,0,0
CLI-002824,8070.0,258.99,10,8,0,0,9,14.4,1,0,0
CLI-003495,111915.0,12407.41,549,212,1,0,4,10.5,0,0,0
CLI-002229,10516.0,188.59,8,4,0,0,5,18.6,0,0,1
CLI-000657,5513.0,140.06,3,1,0,0,5,10.5,1,0,0
CLI-002014,239499.0,5841.44,136,75,0,0,11,3.4,0,0,0
CLI-003356,2466.0,167.04,8,3,0,0,6,10.5,0,0,1
CLI-002148,13043.0,1060.44,40,19,0,0,4,10.5,0,0,1
CLI-001152,371639.0,20600.81,276,71,1,1,2,2.0,0,0,0
CLI-001012,488.0,28.35,2,1,0,0,5,10.5,1,1,0
CLI-001482,20114.0,2229.9,53,20,0,0,4,7.8,0,0,1
CLI-003660,577.0,46.91,5,2,0,0,4,12.5,1,1,0
CLI-002630,2192.0,148.5,12,10,0,0,5,16.8,0,1,1
CLI-000340,11985.0,664.38,18,4,0,0,2,10.3,0,0,1
CLI-002600,176311.0,2194.02,38,26,0,0,13,10.5,0,0,1
CLI-000473,235394.0,3987.03,49,34,0,1,19,1.8,0,0,0
CLI-002662,514709.0,29890.16,431,37,1,1,4,1.2,0,0,0
CLI-003323,2049.0,208.24,9,4,0,0,6,7.4,1,0,0
CLI-004345,12366.0,1005.33,45,12,0,0,2,10.5,0,0,1
CLI-003636,1505.0,203.87,10,3,0,0,4,5.6,1,0,0
CLI-004847,7968.0,373.75,14,11,0,0,7,11.9,0,0,1
CLI-002007,124916.0,19042.01,468,50,1,0,2,7.9,0,0,0
CLI-003411,19868.0,563.48,20,18,0,0,15,12.5,0,0,1
CLI-001730,241137.0,14003.33,206,102,0,1,11,4.4,0,0,0
CLI-000986,563.0,76.28,3,2,0,0,8,13.8,1,0,0
CLI-002640,1285.0,104.48,10,7,0,0,2,29.9,1,1,0
CLI-000505,1449.0,98.17,4,2,0,0,6,15.7,1,0,0
CLI-002766,20718.0,1403.69,15,14,0,1,26,3.6,0,0,1
CLI-004686,37876.0,1649.66,40,30,0,0,7,5.0,0,0,1
CLI-002519,694.0,169.34,2,1,0,1,7,2.7,1,0,0
CLI-003260,24281.0,2467.59,58,12,0,0,6,6.5,0,0,1
CLI-002349,36710.0,2238.41,56,47,0,0,18,4.2,0,0,1
CLI-001177,575.0,14.92,1,1,0,0,3,37.4,1,1,0
CLI-001072,1420.0,82.45,3,2,0,0,7,9.1,1,0,0
CLI-001555,40274.0,1403.28,49,10,0,0,6,9.3,0,0,1
CLI-003139,3408.0,67.04,3,1,0,0,1,7.9,1,0,0
CLI-003732,6647.0,238.4,8,5,0,0,9,11.7,0,0,1
CLI-000716,1563.0,76.23,3,2,0,0,4,10.5,1,0,0
CLI-004447,300.0,25.94,1,1,0,0,4,8.8,1,0,0
CLI-003979,9928.0,1210.71,64,22,0,0,5,10.5,0,0,0
CLI-004559,14673.0,1192.93,53,18,0,0,4,10.2,0,0,1
CLI-001751,21322.0,1083.45,47,41,0,0,11,10.5,0,0,1
CLI-000334,16140.0,984.17,35,23,0,0,7,13.7,0,0,1
CLI-002185,2954.0,180.1,6,3,0,0,6,13.8,1,0,0
CLI-002700,289688.0,17663.9,199,157,0,1,28,7.4,0,0,0
CLI-004158,2417.0,173.4,8,3,0,0,5,18.1,1,0,0
CLI-001359,3093.0,114.32,9,8,0,0,4,7.4,1,1,0
CLI-004633,35808.0,2183.41,26,17,0,1,26,4.6,0,0,1
CLI-003138,319.0,55.65,3,1,0,0,1,14.1,1,0,0
CLI-003243,939.0,42.4,4,2,0,0,4,15.8,1,1,0
CLI-002087,7825.0,307.81,10,9,0,0,9,14.4,1,0,0
CLI-000156,103540.0,6012.79,172,14,0,0,3,10.5,0,0,0
CLI-004385,47889.0,2781.02,63,12,0,0,11,6.3,0,0,0
CLI-001799,153277.0,8496.49,94,65,0,1,15,1.3,0,0,0
CLI-001540,1835.0,172.17,7,3,0,0,5,8.8,1,0,0
CLI-002239,510.0,62.19,3,1,0,0,7,12.7,1,0,0
CLI-002508,2063.0,93.19,8,3,0,0,3,15.9,1,1,0
CLI-001779,2622.0,56.1,4,3,0,0,4,22.4,1,1,0
CLI-001843,4770.0,646.28,31,10,0,0,6,10.8,0,0,1
CLI-004615,1991.0,97.12,9,7,0,0,3,31.8,1,1,0
CLI-002931,3999.0,103.77,8,4,0,0,1,35.5,1,1,0
CLI-004409,8749.0,288.35,22,12,0,0,4,14.0,0,1,1
CLI-000671,54402.0,2073.25,46,14,0,0,3,3.0,0,0,1
CLI-003348,5644.0,129.86,9,5,0,0,3,37.3,1,1,0
CLI-004711,2188.0,381.27,13,12,0,0,9,16.6,0,0,1
CLI-003497,107599.0,7718.74,190,58,0,0,9,6.7,0,0,0
CLI-004798,4134.0,840.26,46,20,0,0,4,13.9,0,0,1
CLI-001353,126906.0,2120.05,51,37,0,0,6,0.5,0,0,1
CLI-002284,300.0,23.73,1,1,0,0,7,10.5,1,0,0
CLI-003479,2039.0,63.77,6,3,0,0,3,36.5,1,1,0
CLI-000333,26659.0,1354.61,54,21,0,0,8,18.5,0,0,1
CLI-004187,1214.0,211.47,28,2,0,0,0,35.8,0,1,1
CLI-000553,7421.0,377.1,16,1,0,0,0,10.5,0,0,1
CLI-003649,32855.0,2003.33,50,24,0,0,10,7.5,0,0,1
CLI-004298,272949.0,9790.13,107,38,0,1,15,7.5,0,0,0
CLI-004864,149953.0,2949.51,54,29,0,0,6,10.5,0,0,0
CLI-000815,19490.0,1398.16,58,34,0,0,5,14.1,0,0,1
CLI-002397,4118.0,135.74,11,7,0,0,4,29.8,1,1,0
CLI-001021,456.0,32.68,4,1,0,0,1,33.6,1,1,0
CLI-003039,232195.0,18877.64,217,155,0,1,14,2.4,0,0,0
CLI-004673,2011.0,163.47,4,3,0,0,7,4.8,1,0,0
CLI-002982,12841.0,372.86,13,4,0,0,6,7.2,0,0,1
CLI-000027,12526.0,636.49,23,16,0,0,7,14.2,0,0,1
CLI-004287,7667.0,1168.82,49,28,0,0,7,12.9,0,0,1
CLI-002374,773.0,134.74,11,7,0,0,4,11.9,0,1,1
CLI-002279,1450.0,117.9,11,0,0,0,0,26.4,1,1,0
CLI-000305,767.0,93.59,8,5,0,0,4,28.7,1,1,0
CLI-002481,14783.0,621.65,52,42,0,0,7,22.4,0,1,1
CLI-004924,158649.0,4116.48,46,39,0,1,22,4.4,0,0,1
CLI-000236,5002.0,210.36,9,7,0,0,8,9.1,1,0,0
CLI-000934,9765.0,1190.81,69,54,0,0,8,10.5,0,0,0
CLI-004573,744737.0,27521.69,390,226,1,1,18,4.1,0,0,0
CLI-003284,2240.0,68.28,5,4,0,0,3,19.2,1,1,0
CLI-004537,34588.0,2636.3,110,91,0,0,7,6.0,0,0,0
CLI-001465,46035.0,4010.04,47,35,0,1,18,0.5,0,0,1
CLI-003562,407.0,20.68,2,1,0,0,3,25.3,1,1,0
CLI-002893,17430.0,850.22,11,9,0,1,19,1.3,1,0,0
CLI-001081,24176.0,2680.28,49,19,0,1,10,1.4,0,0,0
CLI-003570,12601.0,139.7,5,3,0,0,11,5.5,1,0,0
CLI-004171,14091.0,859.23,42,25,0,0,9,6.1,0,0,0
CLI-003093,300.0,19.51,2,1,0,0,4,10.5,1,1,0
CLI-003983,24302.0,1347.12,49,34,0,0,7,9.6,0,0,1
CLI-001950,5558.0,282.42,10,7,0,0,6,15.0,1,0,0
CLI-003185,529798.0,58735.95,819,199,1,1,8,2.8,0,0,0
CLI-001842,38640.0,1884.9,34,27,0,0,19,2.2,0,0,1
CLI-003141,382432.0,46638.01,688,529,1,1,19,4.4,0,0,0
CLI-002019,180705.0,9182.15,204,91,0,0,3,10.5,0,0,0
CLI-002678,7494.0,2284.71,26,22,0,1,23,2.8,0,0,1
CLI-001137,5956.0,726.32,20,9,0,0,7,6.0,0,0,1
CLI-002743,737.0,128.37,11,4,0,0,1,49.2,0,1,1
CLI-003681,22657.0,2763.07,39,31,0,1,18,1.2,0,0,1
CLI-004534,53253.0,2823.6,56,32,0,0,8,1.6,0,0,1
CLI-002375,5991.0,143.26,5,4,0,0,6,12.2,1,0,0
CLI-001331,6793.0,460.24,14,8,0,0,10,9.4,0,0,1
CLI-000468,4174.0,299.42,7,3,0,0,11,3.9,1,0,0
CLI-004946,8905.0,528.0,44,31,0,0,3,14.5,0,1,1
CLI-004978,39398.0,906.53,33,31,0,0,11,6.6,0,0,1
CLI-004781,82416.0,1322.46,29,17,0,0,13,8.7,0,0,1
CLI-000121,1824.0,123.58,5,3,0,0,8,11.4,1,0,0
CLI-002450,1374.0,104.7,8,3,0,0,3,10.5,1,1,0
CLI-004780,45745.0,1328.24,45,31,0,0,5,11.4,0,0,1
CLI-004786,7998.0,650.28,32,18,0,0,7,10.5,0,0,1
CLI-003825,13202.0,1788.87,47,21,0,0,9,10.5,0,0,1
CLI-001251,82285.0,7167.65,111,7,0,1,1,0.5,0,0,0
CLI-003152,46962.0,1145.41,42,30,0,0,9,15.6,0,0,1
CLI-000302,1310.0,114.1,9,8,0,0,4,21.1,1,1,0
CLI-000256,2729.0,237.74,5,4,0,0,12,9.8,1,0,0
CLI-004915,67644.0,2229.54,32,16,0,1,12,0.5,0,0,0
CLI-001756,9846.0,1500.97,41,24,0,0,12,4.4,0,0,1
CLI-001688,28970.0,2208.1,43,26,0,0,9,0.5,0,0,0
CLI-001574,6564.0,470.84,46,3,0,0,1,13.4,0,1,1
CLI-001725,18310.0,930.41,38,2,0,0,0,17.7,0,0,1
CLI-001238,30177.0,1415.41,120,74,0,0,5,9.8,0,1,0
CLI-003312,3643.0,222.14,5,1,0,0,2,7.0,1,0,0
CLI-000853,237781.0,14498.82,170,103,0,1,15,10.5,0,0,0
CLI-004292,70855.0,2618.45,50,6,0,0,6,4.5,0,0,1
CLI-002836,46315.0,5648.19,98,25,0,1,1,3.5,0,0,0
CLI-000900,12430.0,659.08,56,27,0,0,5,14.3,0,1,1
CLI-004106,290866.0,32246.84,366,293,1,1,25,4.3,0,0,0
CLI-003718,2987.0,331.1,9,2,0,0,12,3.9,1,0,0
CLI-004685,1181311.0,27704.29,292,161,1,1,16,3.6,0,0,0
CLI-001835,53253.0,2497.8,51,44,0,0,5,4.9,0,0,1
CLI-002340,1436.0,60.4,7,1,0,0,1,24.3,1,1,0
CLI-004422,5566.0,754.24,56,18,0,0,4,11.6,0,1,1
CLI-001631,1151.0,127.58,11,2,0,0,1,10.5,1,1,0
CLI-001316,43527.0,3122.48,60,34,0,0,10,9.1,0,0,0
CLI-001100,2668.0,90.39,4,2,0,0,5,12.4,1,0,0
CLI-000124,44814.0,3643.39,188,56,0,0,3,19.0,0,0,0
CLI-000026,2129.0,236.06,12,7,0,0,8,2.1,0,0,1
CLI-004737,332.0,23.81,2,1,0,0,2,19.8,1,1,0
CLI-000400,22382.0,1240.71,56,29,0,0,6,16.3,0,0,1
CLI-003257,2508.0,69.51,6,3,0,0,2,27.4,1,1,0
CLI-001244,2056.0,80.87,7,4,0,0,4,47.7,1,1,0
CLI-004774,12451.0,893.18,64,37,0,0,4,29.2,0,1,0
CLI-002634,166968.0,13574.62,141,76,1,1,12,4.9,0,0,0
CLI-001390,15745.0,1200.08,47,30,0,0,5,11.8,0,0,1
CLI-004926,10240.0,416.24,10,6,0,0,11,2.5,1,0,0
CLI-001662,524.0,106.55,9,4,0,0,2,17.3,1,1,0
CLI-000810,9004.0,244.02,9,7,0,0,5,17.1,1,0,0
CLI-000832,498250.0,14130.73,174,68,0,1,10,0.5,0,0,0
CLI-003866,11849.0,516.06,47,0,0,0,0,10.5,0,1,1
CLI-000565,309715.0,10791.47,134,82,1,1,11,1.8,0,0,0
CLI-003043,8733.0,532.52,23,13,0,0,8,11.9,0,0,1
CLI-003587,7107.0,206.35,5,1,0,0,8,9.7,1,0,0
CLI-001887,4403.0,1215.0,27,16,0,0,5,8.5,0,0,1
CLI-002409,197392.0,8597.23,494,0,1,0,0,7.7,0,0,0
CLI-002480,7330.0,1489.79,38,18,0,0,13,10.5,0,0,1
CLI-002241,14881.0,864.17,34,8,0,0,6,13.2,0,0,0
CLI-004395,59726.0,6621.5,144,105,0,0,10,1.8,0,0,0
CLI-001460,104655.0,7976.79,175,66,0,0,7,7.5,0,0,0
CLI-002980,685.0,18.16,2,1,0,0,2,12.7,1,1,0
CLI-000408,11893.0,1208.61,49,35,0,0,10,18.7,0,0,1
CLI-002642,9734.0,1318.93,28,3,0,0,1,7.4,0,0,1
CLI-004013,504.0,68.35,8,4,0,0,2,23.4,1,1,0
CLI-002033,10900.0,265.85,24,22,0,0,5,16.8,0,1,1
CLI-002702,37508.0,2541.16,108,72,0,0,8,7.1,0,0,0
CLI-000110,14719.0,854.75,36,14,0,0,6,0.5,0,0,0
CLI-003988,10515.0,512.94,10,4,0,0,8,7.2,1,0,0
CLI-004591,26588.0,1351.04,52,43,0,0,9,9.7,0,0,1
CLI-001289,356.0,86.8,4,1,0,0,2,18.8,1,0,0
CLI-002896,3533.0,195.87,7,6,0,0,5,16.6,0,0,1
CLI-003320,262639.0,15251.95,179,99,0,1,7,5.7,0,0,0
CLI-004704,19635.0,3420.81,100,23,0,0,1,13.4,0,0,0
CLI-000093,5355.0,544.2,43,24,0,0,3,22.9,0,1,1
CLI-001267,27657.0,1405.36,51,34,0,0,10,12.5,0,0,1
CLI-001135,579.0,54.34,6,3,0,0,3,20.8,1,1,0
CLI-003463,5567.0,242.47,9,5,0,0,7,8.2,0,0,1
CLI-001551,79713.0,6075.71,168,120,0,0,11,2.4,0,0,0
CLI-001234,300.0,12.41,1,1,0,0,3,10.5,1,1,0
CLI-002427,2457.0,157.72,3,3,0,0,14,1.5,1,0,0
CLI-004026,21762.0,1263.77,49,42,0,0,6,10.5,0,0,1
CLI-001318,131545.0,13368.38,589,226,1,0,5,18.2,0,0,0
CLI-001064,93925.0,2545.38,53,34,0,0,11,6.3,0,0,1
CLI-001036,5019.0,191.29,7,0,0,0,0,11.8,1,0,0
CLI-000416,1355851.0,35945.14,380,260,1,1,16,3.6,0,0,0
CLI-000243,6331.0,514.73,42,26,0,0,5,24.0,0,1,1
CLI-004407,5328.0,129.95,10,5,0,0,3,19.5,0,1,1
CLI-001585,78580.0,1597.15,57,32,0,0,7,10.5,0,0,1
CLI-004446,130830.0,9971.81,477,129,1,0,0,10.2,0,0,0
CLI-002553,27556.0,840.13,32,20,0,0,9,10.5,0,0,0
CLI-002541,6508.0,240.49,10,5,0,0,7,11.6,0,0,1
CLI-000995,44829.0,1607.92,43,26,0,0,11,3.8,0,0,1
CLI-004453,178655.0,3351.88,130,91,0,0,7,11.3,0,0,0
CLI-004098,7310.0,342.87,11,9,0,0,7,8.5,1,0,0
CLI-000364,12710.0,484.39,10,7,0,0,8,13.1,0,0,1
CLI-002102,155712.0,6781.87,152,64,0,0,10,10.5,0,0,0
CLI-003772,132881.0,3057.54,54,37,0,0,11,10.5,0,0,0
CLI-000356,62410.0,3171.24,132,98,0,0,6,10.5,0,0,0
CLI-002025,943.0,47.93,5,2,0,0,3,10.5,1,1,0
CLI-002145,2534.0,515.11,13,9,0,0,6,10.5,0,0,1
CLI-000595,607691.0,32221.15,456,257,1,1,18,4.4,0,0,0
CLI-003003,261131.0,15164.38,301,103,1,0,11,1.7,0,0,0
CLI-003680,116901.0,2851.25,34,5,0,1,3,5.0,0,0,1
CLI-004149,13477.0,483.38,24,11,0,0,3,6.3,0,0,1
CLI-001127,1564.0,73.37,6,2,0,0,0,27.6,1,1,0
CLI-002871,13856.0,1207.01,49,11,0,0,4,10.5,0,0,1
CLI-001080,2781.0,169.55,7,5,0,0,7,20.4,1,0,0
CLI-004775,95630.0,2045.99,45,0,0,0,0,10.1,0,0,1
CLI-003794,103009.0,2791.56,101,81,0,0,6,10.2,0,0,0
CLI-004433,1034832.0,36056.85,430,0,1,1,0,10.5,0,0,0
CLI-002487,8145.0,320.43,23,17,0,0,5,37.7,0,1,1
CLI-001118,7625.0,1859.84,56,20,0,0,11,6.0,0,0,1
CLI-003378,11687.0,1295.63,30,0,0,0,0,14.4,0,0,1
CLI-002383,53633.0,4087.87,47,39,0,1,32,0.5,0,0,1
CLI-003714,4173.0,282.74,10,5,0,0,6,13.3,1,0,0
CLI-000633,53733.0,3854.6,48,0,0,1,0,6.9,0,0,1
CLI-001455,11214.0,455.87,33,8,0,0,4,28.2,0,1,1
CLI-000219,25007.0,1219.87,29,0,0,0,0,7.0,0,0,1
CLI-002104,74860.0,3043.08,39,9,0,1,1,1.6,0,0,0
CLI-003620,4418.0,173.79,6,2,0,0,4,6.1,1,0,0
CLI-002430,22623.0,1225.0,49,29,0,0,7,10.1,0,0,0
CLI-004201,5643.0,983.02,42,12,0,0,4,10.5,0,0,1
CLI-000678,790718.0,41925.64,856,537,1,0,17,8.7,0,0,0
CLI-003208,98711.0,4458.51,172,85,0,0,6,11.7,0,0,0
CLI-004805,209672.0,17046.51,216,40,0,1,4,7.6,0,0,0
CLI-004760,1224.0,124.37,10,2,0,0,2,6.9,0,1,1
CLI-000946,18383.0,1868.21,201,79,0,0,1,47.8,0,1,0
CLI-003567,1651.0,335.6,16,9,0,0,5,10.5,0,0,1
CLI-002813,10457.0,344.65,8,5,0,0,8,5.8,1,0,0
CLI-001360,586.0,24.0,2,1,0,0,2,25.8,1,1,0
CLI-001294,10959.0,1336.52,36,14,0,0,9,6.5,0,0,1
CLI-000057,56705.0,3457.65,114,36,0,0,3,10.9,0,0,0
CLI-003055,99273.0,5044.38,199,123,0,0,8,10.5,0,0,0
CLI-001916,31581.0,7702.8,170,104,0,0,17,10.5,0,0,0
CLI-004741,4340.0,115.05,10,7,0,0,3,29.6,1,1,0
CLI-001339,51128.0,1385.59,58,31,0,0,6,13.8,0,0,1
CLI-000660,15734.0,1199.23,58,5,0,0,2,10.5,0,0,1
CLI-004720,1329.0,95.37,7,5,0,0,3,15.0,1,1,0
CLI-004215,37428.0,5071.61,212,81,0,0,1,20.7,0,0,0
CLI-003667,2690.0,234.29,24,5,0,0,2,22.6,0,1,1
CLI-003190,3605.0,732.67,9,2,0,1,8,9.0,0,0,1
CLI-003287,2601.0,88.12,6,4,0,0,4,34.4,1,1,0
CLI-004463,2708.0,78.62,6,3,0,0,3,23.4,1,1,0
CLI-001215,19262.0,3355.8,171,89,0,0,7,10.5,0,0,0
CLI-000640,7536.0,316.91,11,10,0,0,8,16.1,1,0,0
CLI-002380,41065.0,3129.95,43,27,0,1,14,10.5,0,0,0
CLI-004317,11256.0,1055.9,45,14,0,0,6,9.7,0,0,0
CLI-000935,2415.0,101.57,4,2,0,0,8,12.4,1,0,0
CLI-002048,69221.0,6493.52,75,48,0,1,12,0.5,0,0,0
CLI-000679,1422.0,82.58,2,1,0,0,14,5.1,1,0,0
CLI-000291,126398.0,2202.05,42,12,0,0,8,6.3,0,0,1
CLI-002391,1617.0,197.21,9,6,0,0,6,5.6,1,0,0
CLI-001581,736.0,64.11,6,2,0,0,3,28.0,1,1,0
CLI-002100,13331.0,369.48,7,4,0,0,6,2.1,1,0,0
CLI-001071,20342.0,2756.35,106,64,0,0,8,14.8,0,0,0
CLI-002609,8888.0,516.12,22,10,0,0,6,10.5,0,0,1
CLI-001696,24994.0,1088.59,106,12,0,0,1,10.5,0,1,0
CLI-001873,5362.0,502.97,48,11,0,0,2,13.8,0,1,0
CLI-001549,208077.0,23068.42,313,0,1,1,0,4.8,0,0,0
CLI-000805,30123.0,417.45,6,4,0,1,15,3.7,1,0,0
CLI-002317,1630.0,397.53,10,5,0,0,11,5.0,1,0,0
CLI-000342,300.0,10.41,1,1,0,0,3,45.4,1,1,0
CLI-004569,660688.0,16785.77,193,153,0,1,14,6.9,0,0,0
CLI-001240,46409.0,4353.57,200,0,0,0,0,17.4,0,0,0
CLI-004521,79844.0,6085.66,141,104,0,0,3,4.8,0,0,0
CLI-002426,2729.0,133.13,5,3,0,0,10,14.4,1,0,0
CLI-002334,2379.0,87.93,3,2,0,0,7,12.1,1,0,0
CLI-002810,23088.0,4692.68,61,17,0,1,17,4.0,0,0,0
CLI-000882,3507.0,475.17,57,33,0,0,0,20.8,0,1,1
CLI-002934,1766.0,51.28,4,2,0,0,5,24.4,1,1,0
CLI-001470,6584.0,267.65,9,0,0,0,0,10.2,1,0,0
CLI-004753,902.0,137.46,5,1,0,0,1,9.9,1,0,0
CLI-001864,375161.0,19063.05,450,247,1,0,9,6.6,0,0,0
CLI-004325,2096.0,511.23,52,32,0,0,3,10.5,0,1,1
CLI-001319,341955.0,5957.41,192,93,0,0,7,6.8,0,0,0
CLI-004853,2497.0,108.75,9,6,0,0,3,0.5,1,1,0
CLI-003924,18120.0,2008.85,181,61,0,0,2,36.2,0,1,0
CLI-001663,1290.0,108.0,9,6,0,0,3,27.0,1,1,0
CLI-003980,178229.0,6792.25,149,33,0,0,8,10.5,0,0,0
CLI-003286,6592.0,365.41,35,25,0,0,3,41.8,0,1,1
CLI-002536,30296.0,1539.45,61,15,0,0,6,16.2,0,0,0
CLI-001399,139589.0,10639.37,232,0,1,0,0,10.5,0,0,0
CLI-002473,648.0,23.94,2,1,0,0,3,10.5,1,1,0
CLI-002232,44510.0,3877.17,150,98,0,0,7,15.3,0,0,0
CLI-000745,3150.0,320.08,12,5,0,0,4,7.0,0,0,1
CLI-002535,8477.0,449.49,35,22,0,0,0,5.2,0,1,1
CLI-004264,13557.0,688.85,42,20,0,0,5,10.5,0,0,1
CLI-003189,60728.0,861.15,18,6,0,0,8,5.9,0,0,1
CLI-002523,16499.0,628.76,41,20,0,0,4,14.7,0,1,1
CLI-000396,396.0,68.97,7,4,0,0,1,38.7,1,1,0
CLI-003468,561028.0,5701.5,58,53,0,1,25,2.7,0,0,1
CLI-001377,7636.0,125.0,5,4,0,0,9,19.1,1,0,0
CLI-004973,19110.0,685.44,51,21,0,0,3,23.9,0,1,1
CLI-004783,3378.0,294.23,8,3,0,0,7,0.5,1,0,0
CLI-004372,13490.0,4112.87,53,29,0,1,16,3.1,0,0,1
CLI-002002,19951.0,1351.67,59,9,0,0,2,16.6,0,0,1
CLI-002981,209226.0,17010.24,847,402,1,0,1,14.1,0,0,0
CLI-002923,11602.0,1010.66,43,31,0,0,5,15.0,0,0,1
CLI-000119,300.0,84.66,7,1,0,0,2,25.2,1,1,0
CLI-001085,33610.0,2732.49,117,13,0,0,5,10.5,0,0,0
CLI-002201,6380.0,409.53,42,0,0,0,0,21.7,0,1,1
CLI-003060,11385.0,1735.53,26,17,0,1,23,0.5,0,0,1
CLI-002196,4877.0,396.54,11,2,0,0,1,6.8,0,0,1
CLI-000749,7577.0,840.04,38,17,0,0,4,10.5,0,0,1
CLI-001317,11093.0,614.89,15,12,0,0,15,5.1,0,0,1
CLI-004809,72181.0,1760.51,74,47,0,0,10,12.5,0,0,0
CLI-003213,2738.0,119.25,10,4,0,0,3,33.7,1,1,0
CLI-001132,279798.0,4674.21,167,118,0,0,10,14.4,0,0,0
CLI-002781,723.0,12.41,1,0,0,0,0,25.0,1,1,0
CLI-003168,25527.0,317.66,7,2,0,0,9,10.5,0,0,1
CLI-003981,34319.0,1073.14,24,13,0,0,13,9.2,0,0,1
CLI-002174,541.0,26.37,2,0,0,0,0,26.6,1,1,0
CLI-002024,728.0,24.0,2,1,0,0,4,23.5,1,1,0
CLI-004151,11027.0,1120.68,22,18,0,0,16,10.5,0,0,1
CLI-004363,77310.0,4714.04,168,62,0,0,2,10.5,0,0,0
CLI-003365,1393.0,94.41,4,2,0,0,7,8.7,1,0,0
CLI-001499,13530.0,3300.11,47,31,0,1,19,2.5,0,0,1
CLI-004073,3267.0,102.15,8,5,0,0,5,10.5,1,1,0
CLI-002585,3966.0,120.92,10,5,0,0,5,41.8,1,1,0
CLI-002738,142334.0,4339.46,183,35,0,0,2,15.2,0,0,0
CLI-000438,2633.0,229.37,11,6,0,0,8,12.1,1,0,0
CLI-002208,130750.0,1921.1,37,23,0,0,6,13.6,0,0,1
CLI-002240,27428.0,955.68,31,22,0,0,6,10.5,0,0,1
CLI-002308,6568.0,381.4,17,3,0,0,2,4.8,0,0,1
CLI-004260,43860.0,862.71,30,16,0,0,3,9.1,0,0,1
CLI-001374,9274.0,115.41,8,4,0,0,5,14.1,1,1,0
CLI-000547,3484.0,118.01,5,2,0,0,6,17.6,1,0,0
CLI-001518,4842.0,109.34,8,7,0,0,3,31.8,1,1,0
CLI-003801,1513.0,205.05,9,1,0,0,2,13.2,1,0,0
CLI-001241,3016.0,282.92,10,8,0,0,10,10.5,1,0,0
CLI-001982,5894.0,231.85,5,4,0,0,12,8.1,1,0,0
CLI-001670,3095.0,377.39,13,7,0,0,4,8.6,0,0,1
CLI-003496,407.0,45.07,4,2,0,0,2,19.5,1,1,0
CLI-000672,44823.0,1401.58,30,8,0,0,6,4.8,0,0,1
CLI-004154,10678.0,930.17,25,8,0,0,6,5.4,0,0,1
CLI-004336,345543.0,22178.64,803,627,1,0,4,18.4,0,0,0
CLI-004838,154035.0,11049.85,216,148,0,0,12,3.0,0,0,0
CLI-003694,6460.0,71.62,5,4,0,0,4,33.9,1,1,0
CLI-004065,9187.0,1244.8,17,10,0,1,19,1.4,0,0,1
CLI-003738,31330.0,888.53,33,16,0,0,11,13.3,0,0,1
CLI-003648,31292.0,424.01,29,0,0,0,0,24.3,0,1,1
CLI-002655,44614.0,2176.31,46,28,0,0,10,10.6,0,0,1
CLI-000601,8552.0,142.87,10,6,0,0,1,28.9,1,1,0
CLI-002162,7781.0,287.56,11,10,0,0,7,15.5,1,0,0
CLI-004624,1208.0,113.36,10,5,0,0,3,24.0,1,1,0
CLI-004834,86132.0,5001.85,102,57,0,0,6,5.6,0,0,0
CLI-004866,23715.0,997.26,42,20,0,0,5,10.5,0,0,0
CLI-000474,632.0,38.56,3,2,0,0,4,29.3,1,1,0
CLI-001544,300.0,30.86,3,2,0,0,4,22.1,1,1,0
CLI-004681,23031.0,492.74,20,13,0,0,6,1.3,0,0,1
CLI-004594,54944.0,1218.27,26,3,0,0,5,10.5,0,0,1
CLI-004305,107518.0,8194.96,183,0,1,0,0,6.3,0,0,0
CLI-004023,78272.0,7954.44,211,133,0,0,12,4.6,0,0,0
CLI-002617,35129.0,1044.88,22,9,0,0,5,3.5,0,0,1
CLI-002913,356.0,12.07,1,1,0,0,2,37.9,1,1,0
CLI-004420,3728.0,162.37,7,6,0,0,8,18.2,1,0,0
CLI-000497,2199.0,111.73,8,2,0,0,2,30.1,0,1,1
CLI-000638,551.0,67.19,6,5,0,0,4,14.1,1,1,0
CLI-004923,75018.0,4815.03,94,49,0,0,6,4.5,0,0,0
CLI-001861,5339.0,591.9,38,5,0,0,4,7.9,0,0,1
CLI-004218,2754.0,559.84,24,16,0,0,7,10.5,0,0,1
CLI-003095,5445.0,948.56,42,23,0,0,6,16.3,0,0,1
CLI-004296,3494.0,85.23,7,6,0,0,3,26.5,1,1,0
CLI-000844,1114405.0,59088.28,782,339,1,1,15,3.1,0,0,0
CLI-004347,300.0,17.61,2,0,0,0,0,6.3,1,1,0
CLI-002917,27211.0,1508.38,39,11,0,0,7,4.4,0,0,1
CLI-000515,1226.0,29.32,2,1,0,0,4,31.0,1,1,0
CLI-001992,141063.0,8191.81,99,24,0,1,17,0.5,0,0,0
CLI-000753,122450.0,2074.02,42,25,0,0,12,9.0,0,0,1
CLI-004118,300.0,80.47,8,1,0,0,0,34.3,1,1,0
CLI-003889,39810.0,1618.28,36,20,0,0,13,3.8,0,0,1
CLI-000899,1651.0,223.76,6,2,0,0,8,1.3,1,0,0
CLI-003942,22136.0,1079.8,41,23,0,0,5,17.4,0,0,1
CLI-001919,82030.0,6252.27,135,85,1,0,6,2.6,0,0,0
CLI-002818,2451.0,103.06,2,1,0,0,8,10.5,1,0,0
CLI-003424,1391.0,84.79,7,5,0,0,4,10.5,1,1,0
CLI-003578,5455.0,289.22,22,11,0,0,4,24.3,0,1,1
CLI-003859,1003056.0,30580.97,350,255,1,1,19,0.5,0,0,0
CLI-001705,182004.0,11097.82,251,103,1,0,10,8.1,0,0,0
CLI-002601,21840.0,783.36,33,12,0,0,7,16.6,0,0,1
CLI-003887,5281.0,322.01,11,8,0,0,7,19.9,0,0,1
CLI-002524,23547.0,990.21,19,16,0,0,16,7.1,0,0,1
CLI-002782,15155.0,577.54,51,37,0,0,4,19.7,0,1,1
CLI-000963,142372.0,8681.21,101,26,0,1,14,4.3,0,0,0
CLI-002739,24532.0,1994.48,48,28,0,0,4,10.5,0,0,0
CLI-004202,90170.0,5498.16,57,43,0,1,22,0.5,0,0,1
CLI-000424,51456.0,3486.17,135,80,0,0,3,15.4,0,0,0
CLI-003173,18718.0,1755.9,48,36,0,0,14,0.5,0,0,1
CLI-004445,9100.0,369.91,12,7,0,0,6,15.7,0,0,1
CLI-004424,2381.0,132.0,11,4,0,0,2,17.6,1,1,0
CLI-004315,51741.0,589.71,48,27,0,0,3,38.8,0,1,1
CLI-002245,11369.0,346.61,27,17,0,0,3,20.9,0,1,1
CLI-004330,1103.0,122.3,10,3,0,0,2,24.4,1,1,0
CLI-000187,76174.0,1857.91,39,28,0,0,13,7.3,0,0,1
CLI-001874,23482.0,1245.05,50,15,0,0,6,14.2,0,0,1
CLI-002181,489.0,85.18,7,3,0,0,2,20.5,1,1,0
CLI-004404,151257.0,10850.55,173,42,0,1,1,0.8,0,0,0
CLI-001207,188535.0,6762.39,78,55,0,1,14,10.5,0,0,0
CLI-004131,176371.0,2793.34,55,35,0,0,13,6.1,0,0,1
CLI-002003,9795.0,702.66,29,13,0,0,6,14.4,0,0,1
CLI-003829,35456.0,1544.26,30,22,0,0,16,8.0,0,0,0
CLI-003295,82747.0,7762.4,186,82,1,0,5,5.0,0,0,0
CLI-002289,5275.0,919.05,22,9,0,0,9,3.9,0,0,1
CLI-002341,9616.0,366.48,14,13,0,0,11,9.0,0,0,1
CLI-002182,103340.0,10502.06,217,113,0,0,11,4.6,0,0,0
CLI-001199,3485.0,223.71,10,2,0,0,2,10.8,1,0,0
CLI-004132,12194.0,1351.94,47,24,0,0,9,18.5,0,0,1
CLI-003625,2451.0,213.47,10,3,0,0,5,10.5,0,0,1
CLI-000863,5990.0,429.69,18,8,0,0,10,18.7,0,0,1
CLI-003358,104791.0,2323.52,51,16,0,0,3,10.5,0,0,1
CLI-002331,2610.0,109.74,8,3,0,0,0,32.9,0,1,1
CLI-001479,2024.0,112.22,10,4,0,0,3,33.7,1,1,0
CLI-004687,4385.0,102.83,4,1,0,0,2,18.3,1,0,0
CLI-002780,300.0,43.47,5,1,0,0,4,38.7,1,1,0
CLI-004015,5772.0,97.76,4,2,0,0,6,13.4,1,0,0
CLI-002530,110253.0,2585.66,56,47,0,0,17,10.5,0,0,1
CLI-004018,15103.0,2302.31,52,28,0,0,8,9.0,0,0,1
CLI-000766,47936.0,1193.03,45,18,0,0,5,10.5,0,0,1
CLI-003769,5809.0,708.47,32,19,0,0,9,8.6,0,0,1
CLI-000107,2907.0,73.85,3,2,0,0,6,12.3,1,0,0
CLI-002955,27232.0,5535.0,205,22,0,0,1,5.3,0,0,0
CLI-003984,300.0,21.56,1,1,0,0,4,8.9,1,0,0
CLI-004610,3929.0,319.4,29,14,0,0,4,19.1,0,1,1
CLI-002351,539.0,36.54,3,1,0,0,3,20.7,1,1,0
CLI-001449,588206.0,7797.0,77,51,0,1,18,3.3,0,0,0
CLI-003977,88339.0,3168.54,35,20,0,1,18,3.5,0,0,0
CLI-004145,3720.0,174.47,6,4,0,0,7,7.2,1,0,0
CLI-003092,8287.0,505.32,21,17,0,0,8,8.6,0,0,1
CLI-001143,2476.0,86.26,7,2,0,0,1,13.3,1,1,0
CLI-003736,355.0,22.81,1,1,0,0,4,15.5,1,0,0
CLI-002370,4415.0,925.0,37,29,0,0,10,7.5,0,0,1
CLI-002090,397671.0,37304.99,458,95,1,1,17,0.5,0,0,0
CLI-002038,223494.0,8259.22,164,70,0,0,6,6.2,0,0,0
CLI-002064,945.0,50.12,4,3,0,0,2,26.6,1,1,0
CLI-004903,3012.0,99.26,2,2,0,0,12,0.8,1,0,0
CLI-003809,157646.0,2597.99,50,22,0,0,14,5.7,0,0,1
CLI-003108,14915.0,2021.07,40,34,0,0,16,4.8,0,0,0
CLI-004016,870.0,58.92,6,5,0,0,3,23.7,1,1,0
CLI-001220,112469.0,5963.38,116,25,0,0,8,2.9,0,0,0
CLI-000884,12737.0,706.04,13,9,0,0,13,9.0,0,0,1
CLI-001743,394599.0,16593.74,206,156,0,1,22,4.6,0,0,0
CLI-004239,2733.0,107.5,4,1,0,0,4,9.4,1,0,0
CLI-003341,110089.0,13425.54,189,78,0,1,10,0.8,0,0,0
CLI-001570,3519.0,204.35,8,3,0,0,0,8.0,1,0,0
CLI-002265,58034.0,1726.18,39,18,0,0,10,6.0,0,0,1
CLI-001299,3987.0,131.4,11,3,0,0,2,22.9,1,1,0
CLI-003740,1356.0,275.63,11,9,0,0,5,12.2,1,0,0
CLI-000765,7388.0,901.02,55,0,0,0,0,19.2,0,0,1
CLI-002711,5532.0,674.58,8,1,0,1,7,3.8,0,0,1
CLI-000130,4525.0,82.37,3,2,0,0,6,13.4,1,0,0
CLI-003070,15557.0,311.02,11,9,0,0,11,6.3,1,0,0
CLI-002324,13399.0,371.37,17,9,0,0,5,10.5,0,0,1
CLI-001653,292527.0,29728.4,722,396,1,0,8,11.9,0,0,0
CLI-000011,300.0,11.74,1,1,0,0,3,10.5,1,1,0
CLI-001262,13749.0,644.91,23,11,0,0,1,9.0,0,0,1
CLI-004945,4937.0,334.5,13,0,0,0,0,7.7,0,0,1
CLI-000720,20610.0,930.88,41,20,0,0,2,11.9,0,0,1
CLI-000038,122357.0,11478.13,168,92,0,1,16,3.8,0,0,0
CLI-001628,5375.0,104.05,4,2,0,0,6,10.9,1,0,0
CLI-003145,17750.0,1202.55,56,8,0,0,4,10.4,0,0,1
CLI-004833,1506954.0,35341.33,639,0,1,0,0,4.1,0,0,0
CLI-002216,15802.0,3211.76,43,20,0,1,5,10.5,0,0,1
CLI-001273,12325.0,484.84,10,3,0,0,5,10.5,1,0,0
CLI-002072,4011.0,119.3,11,1,0,0,0,28.8,1,1,0
CLI-003850,6745.0,235.03,9,6,0,0,5,14.4,1,0,0
CLI-004228,383791.0,9958.24,213,31,0,0,8,5.9,0,0,0
CLI-004860,14969.0,493.37,52,25,0,0,4,7.4,0,1,0
CLI-001732,2521.0,122.96,9,7,0,0,4,26.7,1,1,0
CLI-000699,27193.0,436.34,29,21,0,0,5,28.7,0,1,1
CLI-004955,37738.0,4183.85,161,117,0,0,8,10.1,0,0,0
CLI-001233,6783.0,114.89,10,3,0,0,4,22.8,0,1,1
CLI-004909,1033.0,90.0,6,1,0,0,0,2.7,1,0,0
CLI-001048,55914.0,1196.27,47,26,0,0,6,13.9,0,0,0
CLI-004440,96301.0,2446.67,52,45,0,0,18,13.0,0,0,1
CLI-001037,1259.0,80.84,9,3,0,0,0,18.7,1,1,0
CLI-000449,17586.0,3574.3,128,56,0,0,5,4.1,0,0,0
CLI-001090,19093.0,862.37,32,17,0,0,8,15.5,0,0,1
CLI-002776,300.0,17.72,2,1,0,0,4,27.6,1,1,0
CLI-001848,97098.0,2888.09,58,47,0,0,19,4.4,0,0,1
CLI-002365,37548.0,1761.14,41,23,0,0,6,5.2,0,0,1
CLI-001826,1926.0,90.35,8,6,0,0,1,25.9,1,1,0
CLI-001850,7343.0,389.33,33,17,0,0,3,10.5,0,1,1
CLI-000821,1114.0,31.58,4,1,0,0,0,12.5,1,1,0
CLI-004881,7812.0,381.07,46,9,0,0,1,12.3,0,1,1
CLI-004426,40706.0,1551.29,53,17,0,0,4,11.4,0,0,1
CLI-002845,25642.0,3908.82,154,103,0,0,8,8.2,0,0,0
CLI-001579,5552.0,211.58,9,0,0,0,0,21.4,1,0,0
CLI-003344,382.0,11.37,1,1,0,0,3,24.6,1,1,0
CLI-003315,3796.0,201.25,9,3,0,0,1,9.7,1,0,0
CLI-004549,701.0,106.85,3,1,0,0,9,2.5,1,0,0
CLI-000602,93591.0,3084.74,63,27,0,0,11,6.7,0,0,0
CLI-003580,1800.0,84.41,7,1,0,0,1,25.1,1,1,0
CLI-001174,22060.0,1222.86,44,34,0,0,11,13.9,0,0,1
CLI-004194,24305.0,1646.7,39,8,0,0,11,4.1,0,0,1
CLI-003881,331372.0,9184.37,187,115,0,0,2,3.7,0,0,0
CLI-000498,122160.0,3169.69,46,26,0,1,12,0.9,0,0,1
CLI-003922,6081.0,674.19,26,7,0,0,5,13.7,0,0,1
CLI-002904,27909.0,1547.07,40,13,0,0,5,10.1,0,0,1
CLI-000740,49006.0,2490.14,61,6,0,0,6,10.5,0,0,0
CLI-002784,958.0,64.93,7,6,0,0,3,14.6,1,1,0
CLI-002307,13993.0,568.83,27,12,0,0,3,13.3,0,0,1
CLI-004408,1470.0,105.42,4,3,0,0,4,9.7,1,0,0
CLI-004982,9224.0,865.25,10,4,0,1,16,8.9,1,0,0
CLI-000957,3551.0,117.05,4,1,0,0,6,9.7,1,0,0
CLI-003311,5515.0,140.12,3,2,0,0,12,7.5,1,0,0
CLI-002092,300.0,35.49,4,1,0,0,1,8.3,1,1,0
CLI-002125,18083.0,882.1,21,5,0,0,1,10.1,0,0,1
CLI-003367,20051.0,1630.14,22,10,0,1,18,0.5,0,0,1
CLI-001323,154097.0,2574.29,185,35,0,0,4,10.5,0,1,0
CLI-003325,1896.0,115.6,9,3,0,0,3,33.4,1,1,0
CLI-003920,8742.0,1332.58,36,20,0,0,10,2.6,0,0,1
CLI-003606,371652.0,37769.54,628,145,1,1,5,10.5,0,0,0
CLI-000410,709.0,61.73,3,1,0,0,2,10.5,1,0,0
CLI-004010,487.0,118.72,12,5,0,0,3,14.2,0,1,1
CLI-001477,465084.0,13833.55,204,112,0,1,14,4.3,0,0,0
CLI-000431,1205.0,276.0,23,0,0,0,0,25.9,0,1,1
CLI-003151,13087.0,1485.0,33,3,0,0,2,4.8,0,0,1
CLI-000152,1360.0,66.35,6,2,0,0,3,10.5,1,1,0
CLI-001927,43172.0,5264.91,136,35,1,0,3,5.7,0,0,0
CLI-001654,9637.0,979.41,38,24,0,0,6,20.1,0,0,1
CLI-004541,333356.0,58075.93,645,305,1,1,18,4.8,0,0,0
CLI-003383,89129.0,905.78,28,21,0,0,8,7.8,0,0,1
CLI-003255,14128.0,615.35,7,4,0,1,9,4.2,0,0,1
CLI-004457,13866.0,560.0,7,6,0,1,21,4.5,1,0,0
CLI-001803,1915.0,27.48,2,1,0,0,3,21.0,1,1,0
CLI-000715,994.0,40.4,3,2,0,0,1,26.4,1,1,0
CLI-002062,6266.0,477.61,18,16,0,0,9,16.1,0,0,1
CLI-004421,3205.0,93.05,9,7,0,0,3,24.0,1,1,0
CLI-002838,925.0,38.88,1,1,0,0,5,10.5,1,0,0
CLI-000889,300.0,28.8,2,1,0,0,4,23.4,1,1,0
CLI-004746,496.0,50.41,2,1,0,0,7,11.0,1,0,0
CLI-001082,426089.0,18557.87,415,150,1,0,6,10.5,0,0,0
CLI-003753,29990.0,2151.38,55,6,0,0,8,5.3,0,0,1
CLI-004811,2160.0,175.63,6,0,0,0,0,9.5,1,0,0
CLI-001715,32530.0,2833.64,54,43,0,0,5,4.1,0,0,1
CLI-003142,9707.0,1395.0,31,10,0,0,13,5.8,0,0,0
CLI-001656,6069.0,569.33,24,13,0,0,5,11.3,0,0,1
CLI-000089,15661.0,795.78,32,26,0,0,13,14.5,0,0,1
CLI-000188,5215.0,198.75,7,3,0,0,6,12.2,1,0,0
CLI-003927,580.0,117.86,5,3,0,0,6,7.9,1,0,0
CLI-000288,30260.0,997.36,37,11,0,0,3,10.9,0,0,1
CLI-003340,123402.0,7166.21,177,60,0,0,5,3.8,0,0,0
CLI-004140,44677.0,7783.43,190,0,0,0,0,4.8,0,0,0
CLI-004170,363.0,24.57,2,1,0,0,4,18.9,1,1,0
CLI-000354,71373.0,3956.37,155,75,0,0,5,7.7,0,0,0
CLI-000905,61317.0,4480.0,56,40,0,1,21,2.8,0,0,0
CLI-003489,90783.0,27677.65,425,77,1,1,6,2.6,0,0,0
CLI-000044,135838.0,4601.55,161,123,0,0,8,7.1,0,0,0
CLI-001136,2177.0,126.44,11,6,0,0,2,26.9,1,1,0
CLI-004723,1833.0,186.25,15,13,0,0,3,26.4,0,1,1
CLI-003586,135531.0,2542.79,99,67,0,0,5,17.6,0,0,0
CLI-002817,1688.0,114.34,4,1,0,0,7,10.7,1,0,0
CLI-004564,7818.0,280.43,9,7,0,0,7,11.6,1,0,0
CLI-004714,1432.0,174.68,6,2,0,0,7,9.0,1,0,0
CLI-004546,34629.0,1456.23,59,51,0,0,7,7.8,0,0,1
CLI-001673,2387.0,64.68,6,3,0,0,4,15.6,1,1,0
CLI-003478,123468.0,6273.76,140,80,0,0,9,7.8,0,0,0
CLI-002687,5145.0,216.37,15,8,0,0,4,16.3,0,1,1
CLI-002309,24153.0,2454.57,48,8,0,0,7,3.9,0,0,1
CLI-004654,1136916.0,30810.72,621,546,1,0,11,4.8,0,0,0
CLI-001711,2708.0,66.06,5,4,0,0,4,28.2,1,1,0
CLI-000263,300.0,29.54,3,1,0,0,2,15.6,1,1,0
CLI-004002,37524.0,1345.91,48,37,0,0,7,13.5,0,0,1
CLI-001187,19184.0,1559.64,50,34,0,0,12,11.0,0,0,1
CLI-000703,11150.0,1236.17,50,6,0,0,6,10.5,0,0,0
CLI-004465,12234.0,621.65,52,26,0,0,3,20.3,0,1,1
CLI-002635,139254.0,24260.32,559,158,1,0,9,7.7,0,0,0
CLI-001781,2012.0,68.16,6,1,0,0,0,34.5,1,1,0
CLI-001935,2434.0,129.05,11,4,0,0,2,11.2,1,1,0
CLI-002015,21386.0,3725.87,212,16,0,0,0,13.3,0,0,0
CLI-002862,4870.0,456.87,22,3,0,0,0,2.5,0,0,1
CLI-000726,29776.0,1344.9,52,0,0,0,0,11.3,0,0,1
CLI-003146,506.0,36.33,1,1,0,0,7,10.5,1,0,0
CLI-000353,7825.0,636.21,25,14,0,0,8,15.1,0,0,1
CLI-002791,1258.0,109.58,11,4,0,0,2,24.4,1,1,0
CLI-004076,300.0,86.4,12,2,0,0,4,8.3,0,1,1
CLI-003521,8933.0,1089.43,15,2,0,1,15,2.9,0,0,1
CLI-003394,124709.0,4752.64,106,51,0,0,9,7.5,0,0,0
CLI-000924,22454.0,1521.28,59,0,0,0,0,7.0,0,0,1
CLI-003820,29955.0,2810.04,63,52,0,0,18,5.7,0,0,0
CLI-000713,37509.0,1386.14,27,20,0,0,15,10.5,0,0,1
CLI-002769,587.0,65.07,6,1,0,0,2,20.5,1,1,0
CLI-000433,4006.0,407.07,19,6,0,0,5,16.4,0,0,1
CLI-000215,26628.0,1202.73,25,14,0,0,12,7.3,0,0,1
CLI-000464,4739.0,148.2,11,5,0,0,3,47.7,1,1,0
CLI-001179,3154.0,101.23,8,5,0,0,2,24.2,1,1,0
CLI-000088,67479.0,2285.88,51,38,0,0,14,8.3,0,0,1
CLI-002709,17422.0,1931.48,41,17,0,0,8,8.7,0,0,1
CLI-001984,3287.0,121.47,10,3,0,0,2,33.1,1,1,0
CLI-003883,52722.0,1428.79,60,0,0,0,0,16.9,0,0,0
CLI-001392,8121.0,341.5,27,9,0,0,3,19.4,0,1,1
CLI-003198,5114.0,122.28,9,0,0,0,0,10.5,1,1,0
CLI-003263,1980.0,185.74,15,5,0,0,3,34.7,0,1,1
CLI-000860,60545.0,4614.72,176,116,0,0,7,14.5,0,0,0
CLI-000670,333452.0,18484.05,199,0,0,1,0,2.0,0,0,0
CLI-000693,15910.0,1077.91,42,31,0,0,5,14.6,0,0,1
CLI-001651,324801.0,18861.83,419,135,1,0,14,4.4,0,0,0
CLI-000317,57121.0,3482.96,77,29,0,0,5,10.6,0,0,0
CLI-002063,196569.0,8878.45,112,22,0,1,1,2.0,0,0,0
CLI-002094,209024.0,4046.15,85,68,0,0,14,9.2,0,0,0
CLI-003296,392876.0,17745.09,252,90,1,1,11,3.0,0,0,0
CLI-002346,103343.0,2172.9,40,12,0,0,13,9.5,0,0,1
CLI-003159,300.0,10.39,1,1,0,0,4,21.0,1,1,0
CLI-004954,23299.0,916.56,16,10,0,0,13,7.3,0,0,1
CLI-000614,39224.0,2391.73,107,57,0,0,10,4.6,0,0,0
CLI-004189,19046.0,1548.44,42,5,0,0,2,8.9,0,0,1
CLI-002422,3114.0,949.31,39,20,0,0,6,9.5,0,0,1
CLI-003387,736.0,99.69,10,0,0,0,0,12.6,1,1,0
CLI-002708,23196.0,2176.01,113,29,0,0,2,7.8,0,0,0
CLI-004390,823.0,55.79,5,4,0,0,3,20.6,1,1,0
CLI-003892,40361.0,1093.79,47,26,0,0,3,11.3,0,0,1
CLI-003397,42584.0,1790.74,38,23,0,0,7,1.9,0,0,1
CLI-001268,300.0,9.11,1,1,0,0,2,19.8,1,1,0
CLI-000167,1951.0,76.75,7,1,0,0,3,29.1,1,1,0
CLI-003589,34156.0,2082.7,85,63,0,0,7,12.0,0,0,0
CLI-001687,2244.0,160.95,7,2,0,0,0,0.5,1,0,0
CLI-000729,42109.0,1426.47,112,107,0,0,4,31.3,0,1,0
CLI-004476,26191.0,3992.53,89,21,0,0,10,3.1,0,0,0
CLI-001890,40941.0,942.04,33,13,0,0,4,23.4,0,0,1
CLI-001168,554.0,84.45,4,2,0,0,6,19.8,1,0,0
CLI-002123,384647.0,36083.22,540,329,1,1,13,2.0,0,0,0
CLI-003670,6866.0,232.6,8,2,0,0,4,22.0,0,0,1
CLI-000718,37647.0,1350.31,48,34,0,0,9,10.5,0,0,1
CLI-000626,1596.0,121.65,10,3,0,0,1,12.4,1,1,0
CLI-004646,457.0,37.16,3,2,0,0,5,19.4,1,1,0
CLI-003762,2112.0,515.13,28,7,0,0,3,8.2,0,0,1
CLI-004284,1441.0,109.84,10,2,0,0,2,23.6,1,1,0
CLI-002073,6297.0,1919.79,85,68,0,0,8,19.6,0,0,0
CLI-004044,486842.0,29685.5,440,341,1,1,21,5.2,0,0,0
CLI-004604,937.0,190.49,5,4,0,0,15,5.8,1,0,0
CLI-001312,1808.0,59.59,3,1,0,0,5,0.5,1,0,0
CLI-001621,10087.0,279.56,24,0,0,0,0,10.5,0,1,1
CLI-001866,10423.0,270.0,6,2,0,0,9,6.6,0,0,1
CLI-000973,139892.0,8978.92,191,134,0,0,13,4.1,0,0,0
CLI-000959,60418.0,3508.62,160,17,0,0,4,9.8,0,0,0
CLI-001076,14361.0,648.64,24,8,0,0,3,12.9,0,0,1
CLI-003155,1415.0,100.0,4,0,0,0,0,9.5,1,0,0
CLI-002134,24270.0,822.16,21,12,0,0,13,12.6,0,0,1
CLI-001863,5777.0,234.82,19,15,0,0,4,31.8,0,1,1
CLI-002407,28832.0,2197.58,55,45,0,0,19,11.2,0,0,1
CLI-003439,3723.0,567.54,27,5,0,0,6,12.3,0,0,1
CLI-001192,7363.0,300.0,12,8,0,0,11,15.7,0,0,1
CLI-001685,75655.0,8387.42,207,90,0,0,10,9.1,0,0,0
CLI-000582,24381.0,2477.78,49,35,0,0,13,0.5,0,0,1
CLI-003172,11540.0,586.38,26,20,0,0,8,9.1,0,0,1
CLI-004908,352.0,23.88,2,1,0,0,3,16.3,1,1,0
CLI-004808,49333.0,1280.05,24,19,0,0,7,3.6,0,0,1
CLI-004657,1374.0,98.54,8,5,0,0,2,9.9,1,1,0
CLI-004056,13064.0,331.92,29,9,0,0,1,21.7,0,1,1
CLI-000978,304.0,10.91,1,1,0,0,1,21.0,1,1,0
CLI-000054,501583.0,29127.94,364,143,1,1,15,3.5,0,0,0
CLI-000168,4551.0,426.89,9,2,0,0,11,9.4,0,0,1
CLI-003907,225961.0,4592.71,49,22,0,1,16,3.7,0,0,1
CLI-004676,80163.0,6517.29,161,39,0,0,3,7.8,0,0,0
CLI-001753,1347078.0,60843.62,695,285,1,1,16,2.8,0,0,0
CLI-004307,885.0,46.93,2,0,0,0,0,19.5,1,0,0
CLI-001970,236980.0,10703.71,241,123,1,0,13,1.5,0,0,0
CLI-003726,9521.0,1290.17,46,8,0,0,3,3.1,0,0,1
CLI-001588,696.0,65.26,5,2,0,0,2,22.6,1,1,0
CLI-001039,1155148.0,33705.0,749,529,1,0,6,11.5,0,0,0
CLI-002579,2763.0,240.65,10,5,0,0,7,14.4,1,0,0
CLI-000879,90987.0,3082.21,40,13,0,1,21,4.5,0,0,0
CLI-003314,1872.0,285.34,11,7,0,0,11,21.9,1,0,0
CLI-002567,780.0,63.41,5,3,0,0,2,22.9,1,1,0
CLI-001189,8548.0,801.84,34,19,0,0,4,7.4,0,0,1
CLI-000046,637.0,72.0,6,1,0,0,3,25.5,1,1,0
CLI-000579,671.0,58.42,5,3,0,0,4,23.5,1,1,0
CLI-002825,375.0,35.19,3,1,0,0,3,28.0,1,1,0
CLI-001077,554404.0,52007.86,714,226,1,1,7,4.3,0,0,0
CLI-002736,582.0,59.1,2,1,0,0,6,6.7,1,0,0
CLI-003795,11303.0,696.0,58,0,0,0,0,12.2,0,1,1
CLI-004941,7057.0,478.15,11,8,0,0,14,7.6,1,0,0
CLI-001892,129613.0,8781.35,88,61,0,1,11,10.5,0,0,0
CLI-004928,26216.0,2459.3,37,1,0,1,1,0.7,0,0,1
CLI-001893,1761.0,113.03,9,4,0,0,3,36.8,1,1,0
CLI-000529,3867.0,188.62,5,1,0,0,1,10.5,1,0,0
CLI-000191,54100.0,4712.51,92,36,0,0,4,6.4,0,0,0
CLI-002898,27939.0,1216.86,29,21,0,0,8,3.1,0,0,1
CLI-003878,57449.0,2694.6,34,15,0,1,15,1.6,0,0,1
CLI-003227,35877.0,1215.33,52,23,0,0,6,10.1,0,0,1
CLI-000573,207548.0,9734.89,214,154,0,0,14,8.7,0,0,0
CLI-000743,146662.0,1987.29,37,25,0,0,14,9.0,0,0,1
CLI-003508,18198.0,1707.13,50,0,0,0,0,4.0,0,0,1
CLI-004971,177255.0,18013.75,407,86,1,0,1,6.6,0,0,0
CLI-000742,14445.0,927.18,38,12,0,0,5,11.4,0,0,1
CLI-002089,1570.0,325.0,13,8,0,0,4,8.9,0,0,1
CLI-002230,204568.0,13859.61,161,110,1,1,24,1.2,0,0,0
CLI-004258,472.0,26.19,1,1,0,0,6,13.5,1,0,0
CLI-002966,40396.0,1407.52,51,22,0,0,9,15.8,0,0,1
CLI-002644,51371.0,7830.91,179,148,0,0,13,3.4,0,0,0
CLI-003009,8612.0,500.12,36,18,0,0,5,30.4,0,1,1
CLI-001191,19048.0,929.18,23,18,0,0,11,7.2,0,0,1
CLI-001129,660807.0,17518.74,338,27,1,0,6,1.0,0,0,0
CLI-003626,487.0,54.0,4,2,0,0,4,16.6,1,1,0
CLI-001577,34027.0,3457.99,41,13,0,1,13,2.5,0,0,1
CLI-002590,91837.0,8145.0,181,80,0,0,12,7.5,0,0,0
CLI-003384,1974.0,240.73,11,3,0,0,3,10.8,1,0,0
CLI-000814,1626.0,180.29,7,5,0,0,9,5.6,0,0,1
CLI-002611,89713.0,9117.22,192,138,0,0,6,10.3,0,0,0
CLI-001792,57309.0,4111.14,80,65,0,0,12,4.7,0,0,0
CLI-002439,2040.0,85.77,7,4,0,0,5,26.6,1,1,0
CLI-003786,2488.0,337.09,8,5,0,0,11,9.1,1,0,0
CLI-001414,300.0,35.87,1,1,0,0,5,2.9,1,0,0
CLI-003666,2593.0,451.68,10,8,0,0,13,8.7,1,0,0
CLI-001337,102150.0,2350.43,58,0,0,0,0,10.5,0,0,0
CLI-000683,111743.0,9733.74,209,44,0,0,1,6.1,0,0,0
CLI-004177,2816.0,245.31,11,8,0,0,9,19.4,0,0,1
CLI-004334,1230.0,149.99,6,3,0,0,4,20.4,1,0,0
CLI-003426,907.0,52.69,2,1,0,0,4,10.9,1,0,0
CLI-001600,1284.0,120.45,5,3,0,0,1,15.6,1,0,0
CLI-004542,228510.0,27867.02,317,133,1,1,10,2.7,0,0,0
CLI-002466,4209.0,570.26,19,9,0,0,3,10.5,0,0,1
CLI-000607,25642.0,900.0,36,25,0,0,7,15.2,0,0,1
CLI-000072,12064.0,774.31,16,9,0,0,13,8.3,0,0,1
CLI-002852,1178.0,102.58,8,0,0,0,0,26.0,1,1,0
CLI-001170,13628.0,615.55,54,10,0,0,0,18.5,0,1,1
CLI-000793,6417.0,355.71,28,14,0,0,1,17.9,0,1,1
CLI-000244,98113.0,9970.85,135,63,0,1,8,3.5,0,0,0
CLI-001569,239471.0,7122.88,131,123,0,0,20,3.3,0,0,0
CLI-003765,866273.0,29345.3,547,517,1,0,12,5.2,0,0,0
CLI-000084,56811.0,1732.03,21,18,0,1,19,0.5,0,0,1
CLI-002039,143233.0,7594.52,100,45,0,1,14,4.5,0,0,0
CLI-000223,534.0,46.55,4,1,0,0,2,21.2,1,1,0
CLI-000651,48814.0,1653.59,32,23,0,0,13,5.1,0,0,1
CLI-004705,125497.0,4936.95,144,0,1,0,0,5.0,0,0,0
CLI-001746,202388.0,24681.42,689,379,1,0,8,10.4,0,0,0
CLI-000570,195272.0,11339.84,212,123,0,0,12,8.6,0,0,0
CLI-000841,4594.0,93.37,7,4,0,0,4,21.2,0,1,1
CLI-001671,300.0,50.01,4,3,0,0,6,31.8,1,1,0
CLI-004916,9357.0,1426.31,30,0,0,0,0,10.0,0,0,0
CLI-001145,66863.0,3136.15,149,36,0,0,3,18.9,0,0,0
CLI-003407,899.0,219.22,11,5,0,0,8,14.7,1,0,0
CLI-004234,8494.0,295.95,24,6,0,0,1,22.4,0,1,1
CLI-002840,25275.0,1340.16,51,0,0,0,0,16.2,0,0,1
CLI-000052,2872.0,291.88,8,7,0,0,16,6.6,0,0,1
CLI-002282,14135.0,522.37,10,9,0,0,15,3.0,0,0,1
CLI-004121,1455.0,52.19,4,2,0,0,3,16.9,1,1,0
CLI-004513,28656.0,1397.83,36,0,0,0,0,3.9,0,0,1
CLI-002752,6748.0,293.89,11,0,0,0,0,10.5,1,0,0
CLI-000222,14892.0,2270.15,118,72,0,0,6,20.0,0,0,0
CLI-004640,61966.0,2361.5,46,27,0,0,17,10.5,0,0,0
CLI-003180,19909.0,867.1,36,12,0,0,5,15.2,0,0,1
CLI-003246,180844.0,2346.19,53,25,0,0,6,5.2,0,0,1
CLI-002939,151896.0,7409.56,95,56,0,1,20,3.3,0,0,0
CLI-004366,300.0,60.7,7,3,0,0,1,25.4,1,1,0
CLI-004130,19108.0,613.21,54,11,0,0,1,16.9,0,1,1
CLI-000690,2116.0,315.0,7,2,0,0,4,6.6,0,0,1
CLI-001947,51334.0,2504.11,97,59,0,0,3,20.3,0,0,0
CLI-004066,325912.0,9693.99,130,56,0,1,16,2.5,0,0,0
CLI-004855,37082.0,1051.68,41,4,0,0,1,1.1,0,0,1
CLI-001114,613.0,83.11,8,2,0,0,3,22.9,1,1,0
CLI-000823,4005.0,257.06,13,7,0,0,5,15.7,0,0,1
CLI-004970,103191.0,33360.0,417,103,1,1,7,4.4,0,0,0
CLI-003582,5311.0,323.83,12,7,0,0,11,14.2,0,0,1
CLI-000403,2213.0,48.19,4,1,0,0,2,33.4,1,1,0
CLI-001875,17595.0,1788.1,22,13,0,1,17,1.4,0,0,1
CLI-000155,55028.0,5592.26,75,0,0,1,0,4.0,0,0,0
CLI-004967,144848.0,9813.56,117,0,0,1,0,4.5,0,0,0
CLI-000866,767.0,155.96,7,1,0,0,2,18.7,1,0,0
CLI-001258,22973.0,778.22,36,14,0,0,5,10.5,0,0,1
CLI-002286,22594.0,586.26,23,6,0,0,3,12.2,0,0,1
CLI-004005,2337.0,237.47,24,10,0,0,4,15.3,0,1,1
CLI-001869,3517.0,612.77,9,5,0,1,14,2.0,1,0,0
CLI-000144,5603.0,455.52,10,2,0,0,10,8.6,1,0,0
CLI-001395,348964.0,6447.97,144,110,0,0,16,9.6,0,0,0
CLI-002411,15196.0,2059.02,46,20,0,0,10,10.5,0,0,1
CLI-001436,634.0,59.43,4,2,0,0,3,23.9,1,1,0
CLI-003132,18510.0,2257.29,52,11,0,0,3,10.5,0,0,1
CLI-004127,4862.0,134.75,10,6,0,0,1,43.0,1,1,0
CLI-000332,2638.0,201.07,9,5,0,0,3,10.3,1,0,0
CLI-003698,40758.0,1506.21,124,24,0,0,2,25.7,0,1,0
CLI-004773,2919.0,29.66,1,1,0,0,5,8.8,1,0,0
CLI-003776,3076.0,117.23,9,4,0,0,2,29.0,1,1,0
CLI-003899,735.0,74.66,7,5,0,0,3,22.2,1,1,0
CLI-001006,700.0,94.88,4,2,0,0,2,13.1,1,0,0
CLI-000727,7323.0,686.93,15,6,0,0,12,10.5,0,0,1
CLI-000163,4367.0,231.55,11,5,0,0,6,6.7,1,0,0
CLI-003611,100117.0,3590.98,56,16,0,1,4,4.2,0,0,1
CLI-002679,552.0,67.36,6,4,0,0,3,32.8,1,1,0
CLI-003701,45271.0,2300.34,188,75,0,0,3,10.5,0,1,0
CLI-003730,10245.0,1784.8,44,31,0,0,11,1.9,0,0,1
CLI-001885,17358.0,1924.44,53,15,0,0,2,0.5,0,0,0
CLI-000647,15378.0,293.03,5,2,0,0,17,3.9,1,0,0
CLI-002252,167486.0,8170.07,191,49,0,0,3,4.7,0,0,0
CLI-001403,2208.0,149.57,7,4,0,0,2,9.6,1,0,0
CLI-004932,25199.0,1059.69,19,15,0,0,11,10.5,0,0,1
CLI-002854,2239.0,303.39,29,6,0,0,2,10.5,0,1,1
CLI-002839,7513.0,704.8,50,27,0,0,3,23.6,0,1,1
CLI-004837,56192.0,2015.48,46,18,0,0,6,12.8,0,0,1
CLI-000149,995.0,71.36,6,2,0,0,4,19.7,1,1,0
CLI-004950,1332.0,108.31,4,2,0,0,5,19.9,1,0,0
CLI-003414,1143.0,99.57,4,0,0,0,0,10.9,1,0,0
CLI-004715,19753.0,963.58,33,3,0,0,4,0.9,0,0,1
CLI-000478,2655.0,215.86,10,3,0,0,6,12.6,1,0,0
CLI-002068,75435.0,5749.65,118,34,0,0,4,10.1,0,0,0
CLI-003509,16178.0,2466.12,57,41,0,0,5,3.7,0,0,1
CLI-004779,8134.0,248.0,10,8,0,0,7,15.5,1,0,0
CLI-002280,500.0,50.0,2,1,0,0,3,10.9,1,0,0
CLI-002456,316017.0,4817.33,78,72,0,0,11,3.3,0,0,0
CLI-000369,88159.0,2905.7,58,30,0,0,6,9.3,0,0,1
CLI-000896,1466.0,127.66,11,6,0,0,2,20.4,1,1,0
CLI-002804,980.0,62.91,6,3,0,0,4,32.9,1,1,0
CLI-004020,3356.0,110.61,8,5,0,0,3,22.5,1,1,0
CLI-000205,12449.0,1025.0,41,18,0,0,2,20.6,0,0,1
CLI-001432,2029.0,154.67,7,1,0,0,1,13.5,1,0,0
CLI-004444,25717.0,2240.13,54,23,0,0,9,11.3,0,0,1
CLI-004491,5908.0,360.25,7,5,0,0,15,9.5,0,0,1
CLI-000258,2282.0,556.56,31,11,0,0,8,11.9,0,0,1
CLI-001988,32206.0,1454.63,32,18,0,0,8,9.4,0,0,1
CLI-004102,1491241.0,27554.34,527,171,1,0,9,0.5,0,0,0
CLI-001488,578940.0,24345.66,618,54,1,0,1,6.1,0,0,0
CLI-001111,139207.0,1414.71,55,35,0,0,6,11.4,0,0,1
CLI-002400,38168.0,1723.95,42,13,0,0,5,0.5,0,0,1
CLI-000518,6305.0,384.47,15,2,0,0,5,10.9,0,0,1
CLI-000993,300.0,16.99,2,0,0,0,0,16.9,1,1,0
CLI-003947,13243.0,1076.69,42,25,0,0,5,10.5,0,0,1
CLI-001397,9309.0,378.4,14,10,0,0,4,9.4,0,0,1
CLI-001232,1316557.0,59465.08,677,329,1,1,12,0.5,0,0,0
CLI-002296,15888.0,842.43,43,0,0,0,0,10.5,0,0,1
CLI-004236,6781.0,435.26,37,6,0,0,2,34.1,0,1,1
CLI-000857,13110.0,888.24,43,20,0,0,4,7.9,0,0,1
CLI-002302,949.0,82.65,2,1,0,0,5,9.2,1,0,0
CLI-002543,17335.0,1112.64,26,13,0,0,8,4.6,0,0,1
CLI-004090,863.0,80.97,7,4,0,0,2,25.3,1,1,0
CLI-000224,5758.0,1003.18,51,36,0,0,7,10.5,0,0,1
CLI-002808,10027.0,643.55,44,3,0,0,0,24.2,0,1,1
CLI-000537,4684.0,204.0,9,6,0,0,5,7.9,1,0,0
CLI-004469,369.0,49.98,4,2,0,0,2,10.5,1,1,0
CLI-000603,47945.0,4872.48,67,43,0,1,19,2.5,0,0,0
CLI-003729,58596.0,4466.14,214,91,0,0,4,12.6,0,0,0
CLI-004203,1911.0,291.33,9,7,0,0,16,7.5,1,0,0
CLI-001983,4336.0,170.57,7,5,0,0,11,11.6,1,0,0
CLI-003935,38739.0,2486.47,57,40,0,0,13,0.5,0,0,1
CLI-002940,413.0,21.89,2,1,0,0,3,15.7,1,1,0
CLI-001541,8466.0,1147.16,30,0,0,0,0,7.1,0,0,1
CLI-001595,22601.0,1312.47,56,19,0,0,0,12.4,0,0,1
CLI-001456,16451.0,691.8,29,13,0,0,4,15.6,0,0,1
CLI-003034,5928.0,85.05,9,8,0,0,4,22.0,1,1,0
CLI-001790,4231.0,469.07,39,19,0,0,1,38.2,0,1,1
CLI-004184,7874.0,300.06,23,14,0,0,5,28.4,0,1,1
CLI-001976,18789.0,694.36,26,22,0,0,6,12.8,0,0,1
CLI-004278,1168922.0,18513.18,398,216,1,0,13,10.5,0,0,0
CLI-001783,657.0,100.21,10,1,0,0,1,23.9,1,1,0
CLI-003739,201385.0,14446.57,535,133,1,0,2,14.2,0,0,0
CLI-004819,19805.0,1509.54,57,27,0,0,4,16.4,0,0,1
CLI-000878,18340.0,657.82,49,34,0,0,3,29.6,0,1,1
CLI-002322,48476.0,2038.54,36,30,0,0,15,11.2,0,0,1
CLI-004244,59836.0,6633.72,153,109,0,0,11,10.5,0,0,0
CLI-001245,3386.0,158.82,11,2,0,0,2,22.2,1,1,0
CLI-000550,136794.0,11121.49,237,109,1,0,5,3.3,0,0,0
CLI-002532,243614.0,8488.3,167,69,0,0,12,6.4,0,0,0
CLI-000341,2824.0,118.77,8,5,0,0,4,28.6,1,1,0
CLI-004303,269214.0,7816.91,183,83,0,0,9,3.1,0,0,0
CLI-003669,190278.0,29005.74,468,101,1,1,7,2.4,0,0,0
CLI-002537,104785.0,10648.88,158,0,1,1,0,1.9,0,0,0
CLI-004806,1934.0,589.63,57,13,0,0,1,24.0,0,1,1
CLI-003389,1396.0,24.0,2,1,0,0,3,20.0,1,1,0
CLI-000785,8163.0,1890.0,42,9,0,0,7,3.7,0,0,1
CLI-000803,10456.0,607.21,13,6,0,0,6,6.7,0,0,1
CLI-003845,16705.0,926.0,20,4,0,0,6,9.9,0,0,1
CLI-003153,1903.0,116.03,6,3,0,0,9,10.5,0,0,1
CLI-003538,57016.0,1139.87,43,27,0,0,6,2.3,0,0,0
CLI-003209,21083.0,1117.87,39,27,0,0,6,10.5,0,0,1
CLI-000281,1322.0,76.8,6,3,0,0,2,18.6,1,1,0
CLI-003745,2667.0,191.3,10,3,0,0,1,21.0,1,0,0
CLI-001313,459566.0,40031.84,472,236,1,1,19,10.5,0,0,0
CLI-001172,5263.0,178.28,2,2,0,1,29,5.2,1,0,0
CLI-001491,620.0,83.97,7,4,0,0,3,11.7,1,1,0
CLI-004272,64198.0,3403.91,124,39,0,0,2,6.1,0,0,0
CLI-004722,2242.0,151.9,8,4,0,0,5,13.2,1,0,0
CLI-002728,29305.0,1553.81,58,8,0,0,4,15.5,0,0,1
CLI-003880,260951.0,35359.24,482,240,1,1,23,1.1,0,0,0
CLI-002250,585.0,15.19,1,1,0,0,2,10.5,1,1,0
CLI-003704,2677.0,141.93,11,9,0,0,2,15.0,1,1,0
CLI-000883,5105.0,200.82,9,3,0,0,3,17.1,1,0,0
CLI-003504,3633.0,340.78,32,0,0,0,0,16.3,0,1,1
CLI-001554,1382.0,120.37,11,5,0,0,2,22.5,1,1,0
CLI-001281,8494.0,1479.83,55,22,0,0,8,10.5,0,0,1
CLI-003568,300.0,39.83,1,1,0,0,7,10.5,1,0,0
CLI-000113,22542.0,1195.21,46,0,0,0,0,13.3,0,0,1
CLI-001911,300.0,23.37,2,2,0,0,4,32.7,1,1,0
CLI-000070,133710.0,3397.11,69,11,0,0,4,10.5,0,0,0
CLI-004693,3328.0,213.59,8,4,0,0,6,17.4,0,0,1
CLI-000082,29561.0,1386.53,55,22,0,0,5,13.1,0,0,1
CLI-000631,8097.0,1097.2,29,5,0,0,3,0.7,0,0,1
CLI-000514,804526.0,31649.35,418,141,1,1,15,0.5,0,0,0
CLI-001409,2212.0,84.0,7,5,0,0,1,10.5,1,1,0
CLI-003847,2276.0,198.27,5,3,0,0,9,2.9,1,0,0
CLI-004658,36903.0,1406.36,29,20,0,0,11,6.4,0,0,1
CLI-000030,26832.0,1487.34,95,70,0,0,2,22.0,0,1,0
CLI-003919,3767.0,131.24,10,5,0,0,0,18.3,1,1,0
CLI-004791,99445.0,4491.65,86,61,0,0,7,10.5,0,0,0
CLI-000200,4701.0,382.21,15,12,0,0,4,14.4,0,0,1
CLI-004338,1091.0,95.0,7,5,0,0,3,23.0,1,1,0
CLI-001180,39565.0,2412.47,57,23,0,0,1,7.5,0,0,1
CLI-001438,151253.0,5764.21,106,61,0,0,7,7.1,0,0,0
CLI-004474,5537.0,1125.49,29,2,0,0,1,13.9,0,0,1
CLI-000806,300.0,12.01,1,1,0,0,1,20.7,1,1,0
CLI-000540,7890.0,320.73,14,8,0,0,9,15.6,0,0,1
CLI-004387,2681.0,155.69,15,12,0,0,5,10.5,0,1,1
CLI-000001,1644.0,77.11,4,0,0,0,0,17.8,1,0,0
CLI-000848,1623.0,179.91,9,1,0,0,3,0.5,1,0,0
CLI-002667,536.0,46.68,4,2,0,0,5,23.6,1,1,0
CLI-004814,10304.0,546.33,52,21,0,0,0,10.5,0,1,1
CLI-001324,15671.0,502.92,18,7,0,0,6,4.2,0,0,1
CLI-002458,3832.0,389.45,9,5,0,0,13,3.5,1,0,0
CLI-003226,7674.0,425.4,10,2,0,0,1,6.0,1,0,0
CLI-004027,132688.0,5393.84,204,93,0,0,4,7.0,0,0,0
CLI-002682,959.0,61.58,5,1,0,0,0,35.1,1,1,0
CLI-003183,1200.0,86.09,8,4,0,0,4,33.6,1,1,0
CLI-001962,48011.0,1245.74,53,50,0,0,13,10.1,0,0,1
CLI-000786,4044.0,274.0,10,8,0,0,7,12.3,0,0,1
CLI-004249,81862.0,9075.64,430,73,1,0,4,16.5,0,0,0
CLI-000016,21200.0,3693.38,136,20,0,0,4,4.9,0,0,0
CLI-002080,54705.0,3511.22,278,125,1,0,1,12.9,0,1,0
CLI-001149,12258.0,155.72,11,9,0,0,3,10.5,1,1,0
CLI-000247,2755.0,480.0,32,20,0,0,6,10.5,0,0,1
CLI-001987,414.0,15.3,1,1,0,0,1,38.5,1,1,0
CLI-001637,29612.0,1128.49,38,15,0,0,2,12.3,0,0,1
CLI-001216,617.0,22.13,2,1,0,0,3,21.6,1,1,0
CLI-002656,323.0,56.26,6,1,0,0,0,40.9,1,1,0
CLI-003971,47337.0,1202.66,46,25,0,0,7,16.9,0,0,1
CLI-002610,172797.0,1756.07,29,17,0,0,16,9.6,0,0,1
CLI-002581,13086.0,638.33,13,10,0,0,15,8.7,0,0,1
CLI-002046,1003916.0,68015.99,844,533,1,1,22,3.7,0,0,0
CLI-000435,561.0,28.49,2,1,0,0,3,21.9,1,1,0
CLI-002111,32106.0,1350.11,16,14,0,1,15,1.7,0,0,1
CLI-000873,58705.0,3254.13,70,40,0,0,10,5.6,0,0,0
CLI-003602,2638.0,268.08,22,7,0,0,3,19.7,0,1,1
CLI-003623,139998.0,28454.81,397,54,1,1,6,1.3,0,0,0
CLI-000999,17180.0,952.33,37,14,0,0,9,9.2,0,0,1
CLI-001026,32532.0,515.23,24,4,0,0,3,16.2,0,0,1
CLI-002258,1431.0,134.21,11,8,0,0,3,21.8,1,1,0
CLI-001871,9326.0,516.96,42,22,0,0,2,28.4,0,1,1
CLI-003542,232267.0,4496.08,179,73,0,0,0,4.0,0,0,0
CLI-000667,410746.0,14732.63,168,157,0,1,34,2.5,0,0,0
CLI-004830,287737.0,19494.35,834,290,1,0,5,5.0,0,0,0
CLI-003262,9675.0,536.3,12,8,0,0,14,11.6,0,0,1
CLI-003355,6642.0,385.71,12,7,0,0,3,12.8,0,0,1
CLI-004198,1740.0,163.23,11,9,0,0,6,35.6,1,1,0
CLI-003972,34271.0,485.97,9,4,0,0,11,9.5,0,0,1
CLI-000425,29349.0,1084.59,24,19,0,0,8,10.5,0,0,1
CLI-000099,300.0,62.76,7,5,0,0,4,22.1,1,1,0
CLI-000476,19083.0,1057.81,34,31,0,0,10,8.0,0,0,1
CLI-000913,13285.0,623.11,24,22,0,0,8,16.0,0,0,1
CLI-002355,43158.0,2024.31,43,31,0,0,15,4.8,0,0,1
CLI-004147,7727.0,495.95,18,15,0,0,8,10.5,0,0,1
CLI-003661,1389.0,94.12,8,4,0,0,3,20.9,1,1,0
CLI-003111,1021.0,103.81,11,3,0,0,3,35.3,1,1,0
CLI-002050,725200.0,55274.4,619,120,1,1,10,2.6,0,0,0
CLI-003633,39234.0,976.45,32,21,0,0,2,5.3,0,0,1
CLI-001292,32088.0,2608.78,53,5,0,0,3,10.5,0,0,1
CLI-002773,75263.0,2086.0,84,59,0,0,7,12.2,0,0,0
CLI-001941,2345.0,178.71,7,5,0,0,10,17.6,0,0,1
CLI-003931,28708.0,1060.91,42,8,0,0,4,8.1,0,0,1
CLI-000813,614.0,93.65,11,1,0,0,0,25.9,1,1,0
CLI-002637,61375.0,14969.49,617,294,1,0,6,14.2,0,0,0
CLI-001084,14752.0,2998.43,116,20,0,0,4,3.0,0,0,0
CLI-003458,300.0,24.52,2,1,0,0,2,0.5,1,1,0
CLI-003232,205505.0,16707.69,218,73,1,1,16,1.3,0,0,0
CLI-004927,3646.0,555.83,54,0,0,0,0,24.3,0,1,1
CLI-002954,199166.0,8674.47,170,131,0,0,3,5.7,0,0,0
CLI-002999,35417.0,2159.6,44,21,0,0,10,8.4,0,0,0
CLI-004991,386480.0,39276.39,829,341,1,0,15,7.5,0,0,0
CLI-003852,163668.0,5394.46,184,118,0,0,10,15.8,0,0,0
CLI-004940,6495.0,316.83,10,7,0,0,8,13.6,1,0,0
CLI-000597,58315.0,2031.89,41,23,0,0,13,5.0,0,0,0
CLI-002155,2720.0,125.0,5,4,0,0,7,9.6,1,0,0
CLI-002723,530.0,71.87,6,2,0,0,2,15.5,1,1,0
CLI-000230,435.0,25.28,2,1,0,0,4,10.5,1,1,0
CLI-004653,8753.0,148.25,11,2,0,0,2,25.5,1,1,0
CLI-002410,3350.0,204.28,9,6,0,0,8,10.5,1,0,0
CLI-002055,51507.0,1395.86,17,10,0,1,28,4.6,0,0,1
CLI-000755,22082.0,1035.72,32,0,0,0,0,7.6,0,0,1
CLI-002943,79853.0,2264.69,44,28,0,0,10,2.3,0,0,0
CLI-001623,1779.0,120.54,5,1,0,0,3,11.6,1,0,0
CLI-001428,8780.0,159.81,11,3,0,0,2,11.9,1,1,0
CLI-001784,701.0,142.55,7,5,0,0,7,11.6,1,0,0
CLI-003453,20220.0,524.65,16,15,0,0,14,6.3,0,0,1
CLI-002809,55758.0,2610.0,58,36,0,0,14,7.8,0,0,1
CLI-001833,3397.0,414.22,38,22,0,0,1,3.1,0,1,1
CLI-000292,300.0,25.16,1,1,0,0,7,19.6,1,0,0
CLI-001755,1092.0,95.1,8,3,0,0,2,10.5,1,1,0
CLI-000800,1523.0,464.47,11,5,0,0,9,6.7,0,0,1
CLI-001960,10710.0,567.89,20,0,0,0,0,1.2,0,0,1
CLI-003235,1752.0,237.43,8,6,0,0,10,13.2,1,0,0
CLI-003441,1064.0,51.89,2,2,0,0,9,12.3,1,0,0
CLI-003650,1130.0,38.27,3,2,0,0,3,16.1,1,1,0
CLI-004812,161413.0,8145.0,181,70,1,0,6,4.8,0,0,0
CLI-003419,1878.0,120.57,5,4,0,0,5,8.9,1,0,0
CLI-004644,890.0,67.87,6,3,0,0,2,27.7,1,1,0
CLI-001327,2415.0,109.08,9,7,0,0,2,26.8,1,1,0
CLI-001757,17123.0,1392.14,58,22,0,0,5,15.8,0,0,1
CLI-002082,104220.0,4707.33,55,44,0,1,23,4.9,0,0,1
CLI-002117,1155.0,11.74,1,1,0,0,4,23.2,1,1,0
CLI-001612,7018.0,194.51,4,2,0,0,1,4.6,1,0,0
CLI-002204,3082.0,250.53,6,3,0,0,11,1.6,0,0,1
CLI-002167,372348.0,9871.37,205,120,0,0,15,8.3,0,0,0
CLI-004845,1817.0,110.79,4,2,0,0,3,6.7,1,0,0
CLI-003520,14919.0,827.0,37,21,0,0,7,11.3,0,0,1
CLI-004313,24432.0,1103.52,102,0,0,0,0,26.7,0,1,0
CLI-002254,1011.0,308.37,13,0,0,0,0,18.0,0,0,1
CLI-003408,4216.0,200.0,8,6,0,0,6,10.5,1,0,0
CLI-000380,1438.0,134.9,11,2,0,0,1,25.3,1,1,0
CLI-003597,38241.0,3886.31,54,15,0,1,14,3.7,0,0,1
CLI-004368,10934.0,1111.18,52,13,0,0,6,7.1,0,0,1
CLI-004636,66481.0,3860.71,59,44,0,1,16,2.5,0,0,1
CLI-001668,37248.0,1566.34,37,14,0,0,5,6.7,0,0,1
CLI-004969,6068.0,924.98,35,6,0,0,4,6.9,0,0,1
CLI-003080,4532.0,1381.69,33,28,0,0,12,4.4,0,0,1
CLI-002424,4778.0,264.86,11,6,0,0,6,9.5,1,0,0
CLI-000563,237267.0,5166.96,95,65,0,0,13,4.2,0,0,0
CLI-002435,25078.0,1529.13,59,47,0,0,5,10.5,0,0,1
CLI-000569,2378.0,131.82,10,2,0,0,1,20.0,0,1,1
CLI-001627,2418.0,92.15,2,1,0,0,14,8.4,1,0,0
CLI-004367,2881.0,439.21,20,12,0,0,4,16.0,0,0,1
CLI-003841,8399.0,512.14,13,12,0,0,18,10.5,0,0,1
CLI-002276,31142.0,3797.79,45,12,0,1,15,4.3,0,0,1
CLI-004943,300.0,44.01,4,1,0,0,2,43.5,1,1,0
CLI-004038,124859.0,4758.36,107,59,0,0,13,9.3,0,0,0
CLI-002853,24111.0,2673.08,107,29,0,0,6,5.4,0,0,0
CLI-002484,511.0,44.5,2,1,0,0,10,15.0,1,0,0
CLI-002313,1879.0,61.93,2,1,0,0,6,14.7,1,0,0
CLI-000170,992.0,241.98,25,22,0,0,3,27.2,0,1,1
CLI-004895,30164.0,1021.8,19,15,0,0,17,6.3,0,0,1
CLI-002347,3646.0,134.75,10,0,0,0,0,5.2,1,1,0
CLI-000336,15384.0,2680.07,35,15,0,1,23,2.6,0,0,0
CLI-004178,8155.0,672.0,56,48,0,0,4,0.5,0,1,1
CLI-003788,528.0,107.37,4,3,0,0,4,14.5,1,0,0
CLI-004584,737.0,99.86,8,5,0,0,3,10.5,1,1,0
CLI-000493,46189.0,599.23,52,21,0,0,1,25.4,0,1,1
CLI-002568,67749.0,2665.2,56,34,0,0,2,5.7,0,0,1
CLI-004235,365.0,12.35,1,0,0,0,0,23.6,1,1,0
CLI-004004,23396.0,634.05,21,14,0,0,6,18.0,0,0,1
CLI-003046,3618.0,259.57,10,6,0,0,6,10.0,1,0,0
CLI-004138,1435.0,69.98,6,2,0,0,1,24.3,1,1,0
CLI-002016,259438.0,4867.51,86,81,0,0,19,7.3,0,0,0
CLI-002944,44441.0,903.27,39,14,0,0,4,13.6,0,0,1
CLI-004900,10320.0,251.7,9,6,0,0,7,12.8,1,0,0
CLI-004237,9133.0,179.64,16,0,0,0,0,22.1,0,1,1
CLI-001162,300.0,19.41,1,1,0,0,9,10.5,1,0,0
CLI-003804,1074.0,77.02,6,5,0,0,3,25.4,1,1,0
CLI-000516,5565.0,91.71,7,3,0,0,2,32.1,1,1,0
CLI-003231,50580.0,1101.49,43,21,0,0,10,15.1,0,0,1
CLI-002527,105514.0,2523.04,51,0,0,0,0,5.0,0,0,0
CLI-000278,2000000.0,69463.25,717,564,1,1,16,0.5,0,0,0
CLI-004732,2247.0,83.02,3,2,0,0,7,11.5,1,0,0
CLI-000728,51025.0,10370.87,156,16,0,1,6,2.7,0,0,0
CLI-000378,19009.0,313.26,9,6,0,0,8,13.1,1,0,0
CLI-004376,1521.0,132.51,11,5,0,0,3,0.5,1,1,0
CLI-003391,300.0,10.22,1,1,0,0,4,11.4,1,1,0
CLI-000193,7692.0,586.3,33,2,0,0,0,14.2,0,0,1
CLI-000783,1779.0,197.18,10,2,0,0,2,17.9,1,0,0
CLI-004552,3496.0,355.29,10,5,0,0,11,5.8,1,0,0
CLI-002545,25787.0,2096.48,49,28,0,0,11,7.0,0,0,1
CLI-002095,300.0,75.0,5,1,0,0,1,14.9,1,0,0
CLI-001609,3534.0,538.66,43,25,0,0,3,6.9,0,1,1
CLI-001213,2867.0,158.91,6,5,0,0,8,10.5,1,0,0
CLI-001572,159397.0,12149.17,195,91,0,1,14,5.6,0,0,0
CLI-004061,3678.0,236.09,9,6,0,0,8,8.1,0,0,1
CLI-004283,96371.0,6913.28,144,65,0,0,14,3.9,0,0,0
CLI-000637,12917.0,1980.0,44,36,0,0,16,9.5,0,0,0
CLI-002549,7669.0,519.58,10,5,0,0,4,5.3,1,0,0
CLI-003056,27278.0,1125.0,45,15,0,0,5,15.7,0,0,1
CLI-002762,203757.0,11294.73,130,96,0,1,15,0.9,0,0,0
CLI-000214,490249.0,24911.02,876,594,1,0,7,9.1,0,0,0
CLI-002618,12728.0,517.41,37,24,0,0,4,10.5,0,1,1
CLI-004511,300.0,11.55,1,1,0,0,4,9.4,1,1,0
CLI-002119,3558.0,114.17,9,6,0,0,3,11.9,1,1,0
CLI-004182,92757.0,6654.05,140,115,0,0,19,5.8,0,0,0
CLI-000788,14762.0,720.09,37,1,0,0,0,10.9,0,0,1
CLI-001151,1202935.0,58679.76,743,354,1,1,20,10.5,0,0,0
CLI-002212,79280.0,6905.92,210,122,0,0,10,2.3,0,0,0
CLI-000641,766217.0,51911.72,628,227,1,1,17,2.9,0,0,0
CLI-000161,300.0,19.91,2,1,0,0,3,20.7,1,1,0
CLI-001954,4646.0,944.29,43,33,0,0,7,8.9,0,0,1
CLI-001956,1522.0,154.7,7,5,0,0,5,10.7,1,0,0
CLI-001795,317437.0,8798.14,196,90,0,0,6,10.5,0,0,0
CLI-000917,261187.0,8847.81,198,92,0,0,15,2.5,0,0,0
CLI-002143,46236.0,2451.54,57,29,0,0,5,7.9,0,0,1
CLI-000359,827.0,67.23,6,1,0,0,1,37.2,1,1,0
CLI-001563,30656.0,1699.35,65,27,0,0,4,9.9,0,0,0
CLI-000133,23248.0,914.55,38,19,0,0,4,18.1,0,0,1
CLI-001560,621.0,25.24,2,1,0,0,4,10.5,1,1,0
CLI-002815,2000000.0,26032.83,489,328,1,0,12,7.6,0,0,0
CLI-000859,19577.0,994.76,46,18,0,0,3,6.5,0,0,1
CLI-001634,199088.0,12139.53,195,34,0,1,11,10.5,0,0,0
CLI-001818,1581.0,214.19,18,9,0,0,3,24.2,0,1,1
CLI-000768,300.0,10.98,1,1,0,0,2,19.0,1,1,0
CLI-002096,5472.0,230.11,10,4,0,0,6,0.5,1,0,0
CLI-001985,69006.0,1717.41,72,12,0,0,0,10.7,0,0,0
CLI-004479,22238.0,4519.85,82,41,0,1,5,4.2,0,0,0
CLI-003989,1445.0,160.22,7,1,0,0,8,11.3,0,0,1
CLI-000854,300.0,40.34,4,1,0,0,0,26.7,1,1,0
CLI-002377,9879.0,1003.94,26,15,0,0,5,4.3,0,0,1
CLI-001391,3996.0,157.2,10,6,0,0,3,25.3,0,1,1
CLI-000126,148475.0,4115.17,49,37,0,1,14,4.2,0,0,0
CLI-001367,1837.0,50.92,4,2,0,0,3,23.3,1,1,0
CLI-002684,338317.0,9376.87,320,165,1,0,2,6.4,0,0,0
CLI-004516,1356.0,206.64,10,4,0,0,4,4.9,1,0,0
CLI-000748,24912.0,2025.39,46,36,0,0,15,2.1,0,0,1
CLI-000022,26232.0,1683.72,18,11,0,1,24,0.5,0,0,1
CLI-000528,31068.0,2368.02,53,12,0,0,6,7.1,0,0,1
CLI-001009,214381.0,4668.57,169,141,0,0,7,16.1,0,0,0
CLI-000277,1645.0,133.78,7,0,0,0,0,10.6,0,0,1
CLI-003417,19385.0,815.2,26,19,0,0,4,10.5,0,0,1
CLI-001824,2654.0,539.36,48,6,0,0,1,10.5,0,1,1
CLI-001311,30936.0,857.44,33,16,0,0,2,3.5,0,0,1
CLI-002311,27404.0,1591.43,32,12,0,0,9,10.5,0,0,1
CLI-001402,1731.0,351.82,15,8,0,0,4,17.2,0,0,1
CLI-003925,12717.0,674.29,15,13,0,0,14,3.0,0,0,1
CLI-002490,1267.0,257.56,10,5,0,0,5,11.0,1,0,0
CLI-004163,11868.0,556.68,21,9,0,0,4,14.2,0,0,1
CLI-001724,741.0,56.49,5,2,0,0,3,14.8,1,1,0
CLI-002706,22628.0,1149.8,30,21,0,0,12,10.3,0,0,1
CLI-002434,13782.0,525.21,44,28,0,0,4,18.2,0,1,1
CLI-003091,68675.0,3489.6,142,93,0,0,7,12.1,0,0,0
CLI-000675,289883.0,15370.25,201,153,0,1,19,0.5,0,0,0
CLI-003253,11326.0,1973.21,50,35,0,0,17,4.7,0,0,1
CLI-001102,9704.0,394.48,24,17,0,0,3,25.5,0,1,1
CLI-000589,10325.0,503.67,10,8,0,0,12,5.6,1,0,0
CLI-002348,83663.0,2372.74,48,42,0,0,11,7.5,0,0,1
CLI-000855,2329.0,118.36,9,2,0,0,3,22.0,1,1,0
CLI-000707,2669.0,98.64,10,3,0,0,1,15.5,1,1,0
CLI-002251,2434.0,98.95,8,2,0,0,3,18.3,1,1,0
CLI-003425,320.0,10.02,1,1,0,0,1,16.5,1,1,0
CLI-004754,797.0,40.48,1,1,0,0,10,6.0,1,0,0
CLI-002083,2685.0,88.49,8,3,0,0,3,25.7,1,1,0
CLI-000368,1365.0,288.0,24,11,0,0,3,8.9,0,1,1
CLI-004172,300935.0,7978.13,183,64,0,0,7,8.1,0,0,0
CLI-001900,300.0,19.81,1,1,0,0,5,13.7,1,0,0
CLI-003569,149692.0,15212.65,173,156,1,1,16,3.6,0,0,0
CLI-000816,95284.0,2003.44,38,7,0,0,5,10.5,0,0,0
CLI-003027,130170.0,8819.12,169,117,0,0,8,9.3,0,0,0
CLI-004772,678.0,51.66,2,1,0,0,7,10.5,1,0,0
CLI-000418,143319.0,14564.98,209,134,0,1,11,2.6,0,0,0
CLI-003654,20709.0,1010.19,45,14,0,0,9,12.8,0,0,1
CLI-001141,3995.0,270.66,11,8,0,0,7,14.7,0,0,1
CLI-001343,43089.0,1695.1,26,14,0,1,10,1.5,0,0,1
CLI-000980,19778.0,3014.95,80,48,0,0,6,7.7,0,0,0
CLI-002633,412.0,45.66,2,1,0,0,5,12.0,1,0,0
CLI-001024,7916.0,965.32,37,24,0,0,5,9.2,0,0,1
CLI-003932,228340.0,21420.29,431,399,1,0,15,7.0,0,0,0
CLI-000733,24308.0,494.07,37,18,0,0,2,28.6,0,1,1
CLI-004153,122257.0,6212.26,143,43,0,0,10,7.3,0,0,0
CLI-004556,376.0,26.98,1,1,0,0,3,10.5,1,0,0
CLI-004683,19578.0,1136.91,45,20,0,0,9,9.1,0,0,1
CLI-002696,186054.0,5534.02,64,29,0,1,9,6.8,0,0,0
