client_id,valeur_vie_client_eur,anciennete_mois,sieges_souscrits,utilisateurs_actifs,taux_adoption_pct,connexions_30j,heures_usage_30j,fonctionnalites_utilisees,nb_integrations,derniere_connexion_jours,tickets_support_90j,delai_reponse_support_h,csat,retards_paiement_12m,revenu_mensuel_recurrent_eur,inactivite_relative,inactif_30j,taux_fonctionnalites,jour_souscription_l,jour_souscription_m,jour_souscription_me,jour_souscription_j,jour_souscription_v,jour_souscription_s,jour_souscription_d,secteur_te,secteur_fi,secteur_co,secteur_sa,secteur_in,secteur_pb,secteur_en,pays_fr,pays_es,pays_ca,pays_de,pays_ch,pays_be,taille_entreprise_tpe,taille_entreprise_pme,taille_entreprise_eti,taille_entreprise_ge,plan_str,plan_pro,plan_bus,plan_ent,couleur_theme_interface_c,couleur_theme_interface_ve,couleur_theme_interface_b,couleur_theme_interface_v,couleur_theme_interface_s,code_datacenter_eu_w1,code_datacenter_eu_w3,code_datacenter_us_e1,code_datacenter_ap_s1,groupe_experimentation_a,groupe_experimentation_b,groupe_experimentation_c,polarite_csm_alerte,polarite_csm_neutre,polarite_csm_positif,polarite_csm_absent,niveau_anciennete_recent,niveau_anciennete_etabli,niveau_anciennete_ancien
CLI-000936,1489162.0,1,417,229,54.9,14,6.3,12,2,2,0,1.2,5,4,41273.89,0.07,0,0.3,0,0,0,0,0,0,1,0,1,0,0,0,0,0,0,1,0,0,0,0,0,0,0,1,0,0,0,1,0,0,0,0,1,0,1,0,0,0,0,1,0,0,0,1,1,0,0
CLI-001652,4593.0,8,55,21,38.2,1,0.2,0,4,4,0,8.2,5,1,622.29,0.02,0,0.0,0,0,0,0,0,0,1,1,0,0,0,0,0,0,0,0,0,1,0,0,0,1,0,0,1,0,0,0,0,0,0,0,1,0,1,0,0,0,1,0,0,0,1,0,0,1,0
CLI-001382,2041.0,5,11,5,45.5,19,7.7,3,1,0,6,38.2,2,2,132.0,0.0,0,0.38,0,1,0,0,0,0,0,0,0,1,0,0,0,0,1,0,0,0,0,0,1,0,0,0,1,0,0,0,0,0,1,0,0,0,0,1,0,0,1,0,1,0,0,0,0,1,0
CLI-003965,9353.0,13,30,14,46.7,15,7.2,5,4,2,2,11.3,3,0,814.73,0.01,0,0.31,0,1,0,0,0,0,0,0,0,0,1,0,0,0,1,0,0,0,0,0,0,1,0,0,0,1,0,0,0,0,1,0,0,0,0,1,0,0,1,0,0,1,0,0,0,0,1
CLI-000272,26718.0,1,138,83,60.1,38,1.9,1,0,1,2,25.7,3,3,1551.59,0.03,0,0.12,0,0,0,0,0,1,0,0,0,1,0,0,0,0,1,0,0,0,0,0,0,0,1,0,1,0,0,0,0,0,1,0,0,1,0,0,0,1,0,0,0,1,0,0,1,0,0
CLI-003077,113818.0,18,169,117,69.2,47,18.2,10,5,0,1,12.3,3,0,5338.57,0.0,0,0.62,0,0,0,0,1,0,0,1,0,0,0,0,0,0,0,0,0,0,0,1,0,0,1,0,0,1,0,0,1,0,0,0,0,0,1,0,0,0,0,1,0,0,0,1,0,0,1
CLI-001461,836.0,5,3,2,66.7,51,20.8,4,2,1,1,19.1,5,3,42.48,0.01,0,0.5,0,1,0,0,0,0,0,0,1,0,0,0,0,0,0,1,0,0,0,0,1,0,0,0,1,0,0,0,0,1,0,0,0,0,0,0,1,0,0,1,0,0,0,1,0,1,0
CLI-002991,227652.0,16,151,69,45.7,22,22.3,21,2,0,0,3.0,5,0,11567.7,0.0,0,0.52,1,0,0,0,0,0,0,0,0,0,0,0,1,0,0,0,0,1,0,0,0,0,0,1,0,0,0,1,1,0,0,0,0,0,1,0,0,1,0,0,0,1,0,0,0,0,1
CLI-001944,236174.0,1,217,157,72.4,28,5.65,5,0,1,0,15.1,3,1,5333.66,0.03,0,0.31,0,1,0,0,0,0,0,0,0,1,0,0,0,0,1,0,0,0,0,0,0,0,1,0,0,1,0,0,0,0,1,0,0,0,1,0,0,1,0,0,0,0,0,1,1,0,0
CLI-004877,15386.0,12,21,7,33.3,1,0.1,3,6,30,4,16.3,3,0,469.1,0.08,1,0.19,1,0,0,0,0,0,0,0,1,0,0,0,0,0,0,0,0,0,0,1,0,1,0,0,0,1,0,0,1,0,0,0,0,1,0,0,0,0,0,1,0,1,0,0,0,1,0
CLI-002124,371870.0,1,502,410,81.7,52,30.5,15,0,1,2,0.5,4,0,41227.25,0.03,0,0.38,1,0,0,0,0,0,0,0,0,0,0,0,1,0,0,0,0,1,0,0,0,0,0,1,0,0,0,1,0,0,1,0,0,0,1,0,0,0,0,1,0,1,0,0,1,0,0
CLI-002842,2691.0,10,10,0,0.0,0,0.0,0,0,147,1,27.1,3,0,113.16,0.49,1,0.0,0,1,0,0,0,0,0,0,0,1,0,0,0,0,1,0,0,0,0,0,1,0,0,0,1,0,0,0,0,0,0,1,0,0,0,0,1,1,0,0,1,0,0,0,0,1,0
CLI-002956,1784645.0,16,321,43,13.4,1,0.6,9,2,30,3,2.5,4,0,27549.32,0.06,1,0.22,0,1,0,0,0,0,0,1,0,0,0,0,0,0,0,0,0,0,0,1,0,0,0,1,0,0,0,1,0,0,0,1,0,0,0,0,1,1,0,0,0,0,0,1,0,0,1
CLI-000542,15747.0,10,55,25,45.5,8,3.4,7,3,7,0,8.9,4,1,1200.21,0.02,0,0.44,0,1,0,0,0,0,0,1,0,0,0,0,0,0,0,0,0,1,0,0,0,1,0,0,0,1,0,0,0,0,1,0,0,0,1,0,0,0,0,1,0,0,1,0,0,1,0
CLI-004291,4481.0,3,46,29,63.0,14,6.7,2,1,1,3,4.3,3,1,1366.27,0.01,0,0.08,0,0,0,0,0,0,1,0,0,1,0,0,0,0,0,0,0,1,0,0,0,1,0,0,0,0,1,0,1,0,0,0,0,1,0,0,0,0,0,1,0,0,0,1,1,0,0
CLI-001031,4593.0,5,6,3,50.0,19,12.8,2,2,3,0,15.4,4,0,74.68,0.02,0,0.25,0,0,0,0,0,0,1,0,0,0,0,0,0,1,0,0,1,0,0,0,1,0,0,0,1,0,0,0,0,0,0,1,0,0,0,0,1,1,0,0,0,1,0,0,0,1,0
CLI-001674,10742.0,1,52,35,67.3,7,1.2,5,0,2,6,17.5,4,1,1091.62,0.07,0,0.31,0,0,0,0,1,0,0,0,0,0,0,0,1,0,1,0,0,0,0,0,0,1,0,0,0,1,0,0,0,0,0,1,0,0,0,1,0,0,0,1,0,0,0,1,1,0,0
CLI-001898,62171.0,4,32,20,62.5,16,6.2,7,0,2,3,5.8,3,0,1263.64,0.02,0,0.27,0,0,0,0,0,1,0,0,0,0,0,0,1,0,0,1,0,0,0,0,0,1,0,0,0,0,1,0,0,0,0,0,1,0,1,0,0,0,1,0,0,1,0,0,0,1,0
CLI-003884,6190.0,27,4,4,100.0,136,72.6,6,6,0,2,26.5,4,0,62.91,0.0,0,0.75,0,0,0,0,0,1,0,0,0,1,0,0,0,0,0,0,0,0,1,0,1,0,0,0,1,0,0,0,1,0,0,0,0,1,0,0,0,0,1,0,0,0,0,1,0,0,1
CLI-000345,17398.0,4,187,171,91.4,79,40.2,9,0,1,2,6.0,4,1,5304.26,0.01,0,0.56,0,0,1,0,0,0,0,0,0,1,0,0,0,0,1,0,0,0,0,0,0,0,1,0,0,1,0,0,0,1,0,0,0,0,0,1,0,0,0,1,0,1,0,0,0,1,0
CLI-004761,107239.0,16,25,6,24.0,1,0.1,4,5,13,0,1.4,5,0,1334.48,0.03,0,0.15,0,1,0,0,0,0,0,1,0,0,0,0,0,0,1,0,0,0,0,0,0,1,0,0,0,0,1,0,0,0,1,0,0,0,0,1,0,0,1,0,0,0,0,1,0,0,1
CLI-000648,32421.0,18,76,45,59.2,15,5.5,4,3,8,3,15.7,3,0,2080.96,0.01,0,0.25,0,0,0,1,0,0,0,0,0,0,0,0,1,0,1,0,0,0,0,0,0,0,1,0,0,1,0,0,1,0,0,0,0,0,0,1,0,1,0,0,0,1,0,0,0,0,1
CLI-004981,1923.0,22,5,2,40.0,26,1.3,3,4,1,3,36.9,2,0,65.14,0.0,0,0.38,0,0,0,0,0,1,0,1,0,0,0,0,0,0,1,0,0,0,0,0,1,0,0,0,1,0,0,0,0,1,0,0,0,0,0,1,0,1,0,0,1,0,0,0,0,0,1
CLI-003872,19420.0,11,30,4,13.3,1,0.1,1,4,15,2,5.5,3,0,1076.52,0.05,0,0.04,0,0,0,0,1,0,0,1,0,0,0,0,0,0,1,0,0,0,0,0,0,1,0,0,0,0,1,0,0,0,1,0,0,0,0,0,1,1,0,0,0,0,0,1,0,1,0
CLI-000367,6556.0,20,12,4,33.3,1,0.4,6,5,4,2,8.0,4,0,307.52,0.01,0,0.38,1,0,0,0,0,0,0,1,0,0,0,0,0,0,1,0,0,0,0,0,0,1,0,0,0,1,0,0,0,0,0,0,1,0,0,1,0,0,1,0,0,0,0,1,0,0,1
CLI-002470,93459.0,1,740,436,58.9,15,5.5,13,0,1,3,7.5,3,4,28493.63,0.03,0,0.5,0,0,0,0,0,0,1,0,0,1,0,0,0,0,1,0,0,0,0,0,0,0,0,1,0,0,1,0,1,0,0,0,0,0,1,0,0,0,1,0,0,1,0,0,1,0,0
CLI-003692,8466.0,1,37,12,32.4,1,0.3,3,0,12,11,19.5,3,1,938.54,0.4,0,0.19,0,0,0,0,1,0,0,0,0,0,0,1,0,0,1,0,0,0,0,0,0,1,0,0,0,1,0,0,0,0,0,1,0,0,0,1,0,0,0,1,0,0,0,1,1,0,0
CLI-002732,2000000.0,14,760,315,41.4,23,10.6,11,3,1,0,3.0,4,0,66168.67,0.0,0,0.28,0,0,0,0,0,1,0,0,1,0,0,0,0,0,1,0,0,0,0,0,0,0,0,1,0,0,0,1,0,0,0,1,0,0,0,1,0,0,1,0,0,0,0,1,0,0,1
CLI-000128,258963.0,1,186,74,39.8,3,0.7,7,0,12,1,6.4,4,4,8535.37,0.4,0,0.27,0,0,0,0,0,1,0,1,0,0,0,0,0,0,1,0,0,0,0,0,0,0,1,0,0,0,1,0,0,0,0,1,0,0,0,0,1,1,0,0,0,1,0,0,1,0,0
CLI-003427,5967.0,19,7,4,57.1,27,9.7,9,3,1,1,5.6,3,0,250.93,0.0,0,0.35,0,0,0,0,0,0,1,0,0,1,0,0,0,0,1,0,0,0,0,0,1,0,0,0,0,0,1,0,1,0,0,0,0,0,1,0,0,0,1,0,0,0,0,1,0,0,1
CLI-001447,6370.0,14,6,6,50.0,100,65.7,7,1,2,4,10.5,4,1,165.28,0.0,0,0.44,1,0,0,0,0,0,0,0,0,0,1,0,0,0,1,0,0,0,0,0,1,0,0,0,0,1,0,0,1,0,0,0,0,1,0,0,0,0,1,0,0,1,0,0,0,0,1
CLI-001144,3818.0,9,3,1,50.0,1,0.3,3,3,25,2,14.6,3,0,81.69,0.09,0,0.19,0,1,0,0,0,0,0,0,0,0,0,0,1,0,1,0,0,0,0,0,1,0,0,0,0,1,0,0,0,0,0,1,0,0,1,0,0,1,0,0,0,1,0,0,0,1,0
CLI-003552,222322.0,21,267,115,43.1,13,4.4,9,6,1,2,4.5,4,0,12910.68,0.0,0,0.35,0,0,1,0,0,0,0,1,0,0,0,0,0,0,1,0,0,0,0,0,0,0,0,1,0,0,1,0,0,0,0,0,1,1,0,0,0,0,0,1,0,0,1,0,0,0,1
CLI-000928,69216.0,1,613,85,13.9,1,0.5,0,0,30,0,11.0,4,3,12058.6,1.0,1,0.0,0,1,0,0,0,0,0,0,0,0,1,0,0,0,0,0,0,0,0,1,0,0,0,1,0,1,0,0,0,1,0,0,0,1,0,0,0,1,0,0,1,0,0,0,1,0,0
CLI-001878,85481.0,10,114,57,50.0,28,13.9,7,4,0,1,4.9,3,0,4343.55,0.0,0,0.27,0,0,0,0,1,0,0,1,0,0,0,0,0,0,1,0,0,0,0,0,0,0,1,0,0,0,1,0,0,0,1,0,0,0,0,0,1,0,0,1,0,0,1,0,0,1,0
CLI-000232,7451.0,15,45,34,75.6,25,4.8,4,3,2,4,30.6,3,0,567.93,0.0,0,0.5,0,1,0,0,0,0,0,1,0,0,0,0,0,0,1,0,0,0,0,0,0,1,0,0,1,0,0,0,0,1,0,0,0,0,1,0,0,1,0,0,0,0,0,1,0,0,1
CLI-002242,135803.0,8,92,67,72.8,48,38.7,16,0,1,3,3.7,4,1,4476.05,0.0,0,0.62,0,0,0,0,1,0,0,0,1,0,0,0,0,0,1,0,0,0,0,0,0,0,1,0,0,0,1,0,0,0,0,0,1,0,1,0,0,0,0,1,0,0,0,1,0,1,0
CLI-001717,902399.0,21,546,181,33.2,7,0.4,9,3,1,5,5.1,3,0,30569.07,0.0,0,0.35,0,0,1,0,0,0,0,0,0,0,0,1,0,0,0,0,0,0,1,0,0,0,0,1,0,0,1,0,0,0,0,1,0,1,0,0,0,1,0,0,0,1,0,0,0,0,1
CLI-003264,5647.0,15,20,14,70.0,30,13.9,6,2,2,0,10.5,4,0,500.0,0.0,0,0.38,0,0,0,0,1,0,0,0,0,0,0,0,0,1,0,0,1,0,0,0,0,1,0,0,0,1,0,0,1,0,0,0,0,1,0,0,0,0,1,0,0,1,0,0,0,0,1
CLI-002224,85452.0,17,34,12,35.3,11,5.0,5,7,4,2,7.4,4,0,1828.25,0.01,0,0.19,0,0,0,0,0,1,0,0,0,0,0,0,1,0,0,0,0,1,0,0,0,1,0,0,0,0,1,0,0,0,1,0,0,0,1,0,0,0,1,0,0,0,1,0,0,0,1
CLI-002360,1700.0,3,8,2,25.0,4,1.6,8,0,0,0,13.5,4,0,188.49,0.0,0,0.5,0,1,0,0,0,0,0,0,0,1,0,0,0,0,0,0,0,1,0,0,1,0,0,0,0,1,0,0,0,0,1,0,0,0,0,1,0,0,1,0,0,0,0,1,1,0,0
CLI-001303,40114.0,3,30,21,70.0,48,27.8,9,0,2,4,15.0,2,1,978.38,0.02,0,0.56,0,0,0,0,0,1,0,0,0,0,1,0,0,0,0,0,0,1,0,0,0,1,0,0,0,1,0,0,1,0,0,0,0,0,0,0,1,1,0,0,1,0,0,0,1,0,0
CLI-003985,40696.0,7,47,6,12.8,1,0.2,6,0,24,4,12.7,2,0,1033.95,0.11,0,0.38,1,0,0,0,0,0,0,0,0,1,0,0,0,0,0,0,1,0,0,0,0,1,0,0,0,1,0,0,0,0,0,0,1,0,0,1,0,0,0,1,1,0,0,0,0,1,0
CLI-002761,2358.0,1,25,24,96.0,126,79.9,5,0,0,0,20.6,4,2,319.5,0.0,0,0.62,0,0,0,0,0,1,0,1,0,0,0,0,0,0,0,0,0,0,0,1,0,1,0,0,1,0,0,0,0,0,1,0,0,0,0,0,1,0,1,0,0,0,0,1,1,0,0
CLI-003610,21764.0,1,50,5,50.0,1,0.2,1,0,14,1,13.8,3,2,1396.91,0.47,0,0.06,0,0,0,1,0,0,0,0,0,1,0,0,0,0,1,0,0,0,0,0,0,1,0,0,0,1,0,0,0,0,0,1,0,0,0,0,1,0,0,1,0,0,0,1,1,0,0
CLI-002394,131684.0,1,217,108,49.8,29,27.8,12,0,0,0,4.3,5,5,10036.92,0.0,0,0.46,0,1,0,0,0,0,0,0,0,1,0,0,0,0,1,0,0,0,0,0,0,0,1,0,0,0,1,0,0,0,0,1,0,0,1,0,0,0,1,0,0,0,0,1,1,0,0
CLI-002180,20141.0,1,136,73,53.7,15,2.1,5,1,2,3,20.3,2,4,3070.34,0.07,0,0.31,0,0,0,0,0,1,0,0,0,1,0,0,0,0,0,0,1,0,0,0,0,0,1,0,0,1,0,0,0,0,0,0,1,1,0,0,0,1,0,0,0,0,0,1,1,0,0
CLI-001661,25752.0,9,22,14,63.6,23,4.5,1,2,2,8,17.5,1,1,581.57,0.01,0,0.06,0,0,0,0,0,1,0,0,0,0,0,0,0,1,1,0,0,0,0,0,0,1,0,0,0,1,0,0,0,1,0,0,0,0,1,0,0,0,0,1,1,0,0,0,0,1,0
CLI-003048,10800.0,6,34,32,94.1,112,68.5,15,0,3,2,14.0,4,0,1013.18,0.02,0,0.94,0,0,0,0,1,0,0,0,0,0,0,0,1,0,1,0,0,0,0,0,0,1,0,0,0,1,0,0,1,0,0,0,0,0,0,1,0,1,0,0,0,1,0,0,0,1,0
CLI-002701,7863.0,10,16,14,87.5,99,90.2,5,2,1,7,36.7,3,0,223.0,0.0,0,0.62,1,0,0,0,0,0,0,0,0,0,0,0,1,0,1,0,0,0,0,0,0,1,0,0,1,0,0,0,0,1,0,0,0,0,1,0,0,0,0,1,0,0,0,1,0,1,0
CLI-004659,64981.0,5,132,51,38.6,11,2.9,23,2,1,0,0.7,4,1,9905.71,0.01,0,0.57,0,0,0,1,0,0,0,0,0,1,0,0,0,0,0,0,1,0,0,0,0,0,1,0,0,0,0,1,0,0,0,0,1,1,0,0,0,1,0,0,0,1,0,0,0,1,0
CLI-001045,725.0,1,24,4,16.7,1,0.1,2,0,4,4,24.3,4,1,220.95,0.13,0,0.25,1,0,0,0,0,0,0,0,0,0,1,0,0,0,1,0,0,0,0,0,0,1,0,0,1,0,0,0,0,0,0,1,0,1,0,0,0,0,1,0,1,0,0,0,1,0,0
CLI-002925,22464.0,16,41,22,53.7,5,1.7,3,2,3,4,26.6,3,0,537.17,0.01,0,0.38,0,0,0,0,0,0,1,0,0,1,0,0,0,0,1,0,0,0,0,0,0,1,0,0,1,0,0,0,1,0,0,0,0,1,0,0,0,0,1,0,0,0,0,1,0,0,1
CLI-002740,7690.0,18,34,6,17.6,1,0.4,5,4,2,1,5.1,4,0,1339.72,0.0,0,0.19,0,0,0,1,0,0,0,0,1,0,0,0,0,0,1,0,0,0,0,0,0,1,0,0,0,0,1,0,0,0,1,0,0,0,1,0,0,1,0,0,1,0,0,0,0,0,1
CLI-003084,978.0,14,10,6,60.0,13,5.2,4,3,4,3,12.5,3,0,198.76,0.01,0,0.25,1,0,0,0,0,0,0,1,0,0,0,0,0,0,1,0,0,0,0,0,1,0,0,0,0,1,0,0,1,0,0,0,0,0,0,1,0,1,0,0,0,1,0,0,0,0,1
CLI-001011,194968.0,6,654,362,55.4,30,16.8,13,1,1,0,3.6,3,0,29720.7,0.01,0,0.5,0,1,0,0,0,0,0,0,0,0,1,0,0,0,0,0,0,0,0,1,0,0,0,1,0,0,1,0,0,0,0,0,1,0,1,0,0,1,0,0,0,1,0,0,0,1,0
CLI-002798,12894.0,11,53,19,35.8,19,5.65,8,2,2,6,8.4,2,0,1747.19,0.01,0,0.31,1,0,0,0,0,0,0,0,0,1,0,0,0,0,0,0,1,0,0,0,0,0,1,0,0,0,1,0,0,0,1,0,0,0,0,0,1,0,1,0,1,0,0,0,0,1,0
CLI-001879,105435.0,18,51,25,49.0,21,15.4,12,4,2,1,10.5,5,0,2795.19,0.0,0,0.46,1,0,0,0,0,0,0,0,0,0,1,0,0,0,1,0,0,0,0,0,0,1,0,0,0,0,1,0,0,0,0,0,1,0,1,0,0,0,1,0,0,0,1,0,0,0,1
CLI-003612,227995.0,13,194,65,33.5,12,1.4,12,6,1,4,2.2,4,0,9268.09,0.0,0,0.46,0,0,0,0,0,0,1,0,0,0,0,0,1,0,1,0,0,0,0,0,0,0,1,0,0,0,1,0,0,0,0,1,0,0,0,0,1,1,0,0,0,0,1,0,0,0,1
CLI-003731,3638.0,15,54,23,42.6,20,3.4,1,2,0,5,29.4,3,0,554.62,0.0,0,0.12,0,0,0,1,0,0,0,0,1,0,0,0,0,0,0,0,0,0,0,1,0,1,0,0,1,0,0,0,0,0,0,0,1,0,1,0,0,0,0,1,0,0,0,1,0,0,1
CLI-004030,34774.0,6,23,3,13.0,1,0.1,6,0,30,3,3.8,3,1,1696.29,0.17,1,0.15,0,1,0,0,0,0,0,0,0,0,1,0,0,0,0,0,1,0,0,0,0,1,0,0,0,0,0,1,1,0,0,0,0,1,0,0,0,0,0,1,1,0,0,0,0,1,0
CLI-002983,2885.0,17,3,1,33.3,17,7.2,7,7,2,0,3.8,4,0,121.33,0.0,0,0.27,1,0,0,0,0,0,0,0,0,0,1,0,0,0,0,0,0,1,0,0,1,0,0,0,0,0,1,0,0,0,0,0,1,0,0,1,0,1,0,0,0,0,0,1,0,0,1
CLI-001468,2000000.0,5,593,435,73.4,43,22.7,16,1,2,1,4.0,2,1,56081.79,0.01,0,0.4,0,1,0,0,0,0,0,0,0,0,1,0,0,0,1,0,0,0,0,0,0,0,0,1,0,0,0,1,0,0,1,0,0,0,1,0,0,0,0,1,0,0,0,1,0,1,0
CLI-003498,14362.0,15,32,10,31.2,6,0.3,3,2,6,7,19.3,3,1,700.57,0.01,0,0.19,0,0,1,0,0,0,0,0,1,0,0,0,0,0,0,1,0,0,0,0,0,1,0,0,0,1,0,0,0,0,0,0,1,1,0,0,0,0,1,0,0,0,0,1,0,0,1
CLI-003929,3458.0,4,15,5,33.3,7,2.7,7,1,1,2,10.5,2,0,351.45,0.01,0,0.44,0,0,0,1,0,0,0,0,0,1,0,0,0,0,0,0,1,0,0,0,0,1,0,0,0,1,0,0,0,0,0,1,0,0,0,1,0,0,0,1,1,0,0,0,0,1,0
CLI-003566,1174.0,10,12,9,75.0,44,20.3,8,2,0,4,11.8,4,1,238.52,0.0,0,0.5,0,1,0,0,0,0,0,0,0,1,0,0,0,0,0,0,0,1,0,0,0,1,0,0,0,1,0,0,0,0,0,0,1,0,0,0,1,0,1,0,0,0,0,1,0,1,0
CLI-001564,9259.0,8,27,18,66.7,29,15.1,6,2,0,1,10.5,3,0,664.18,0.0,0,0.38,0,0,1,0,0,0,0,0,0,0,0,0,1,0,1,0,0,0,0,0,0,1,0,0,0,1,0,0,0,0,0,1,0,0,0,1,0,0,0,1,0,0,0,1,0,1,0
CLI-002689,30012.0,18,47,31,66.0,38,12.3,8,4,0,4,9.0,5,0,1407.69,0.0,0,0.5,0,0,0,0,0,0,1,1,0,0,0,0,0,0,1,0,0,0,0,0,0,1,0,0,0,1,0,0,0,0,1,0,0,0,0,1,0,0,1,0,0,0,1,0,0,0,1
CLI-001806,55892.0,15,53,30,56.6,29,10.3,18,3,2,1,10.5,5,0,2350.36,0.0,0,0.69,1,0,0,0,0,0,0,0,0,1,0,0,0,0,0,0,0,0,1,0,0,1,0,0,0,0,1,0,0,0,1,0,0,1,0,0,0,0,0,1,0,0,0,1,0,0,1
CLI-004662,41323.0,21,52,36,69.2,50,36.1,6,2,1,0,8.1,4,0,1527.07,0.0,0,0.38,1,0,0,0,0,0,0,0,1,0,0,0,0,0,1,0,0,0,0,0,0,1,0,0,0,1,0,0,0,0,1,0,0,0,0,0,1,0,1,0,0,0,0,1,0,0,1
CLI-000918,45982.0,21,112,53,47.3,9,6.6,3,7,1,4,17.0,1,0,2548.9,0.0,0,0.19,0,0,0,0,1,0,0,0,0,0,0,1,0,0,1,0,0,0,0,0,0,0,1,0,0,1,0,0,0,0,0,1,0,1,0,0,0,0,0,1,0,0,0,1,0,0,1
CLI-004466,271073.0,15,180,140,77.8,25,19.5,10,4,2,0,7.8,4,0,4591.35,0.0,0,0.62,0,0,0,0,1,0,0,1,0,0,0,0,0,0,0,0,0,1,0,0,0,0,1,0,0,1,0,0,0,0,0,0,1,0,0,0,1,0,1,0,0,0,1,0,0,0,1
CLI-002525,70762.0,6,38,19,50.0,2,0.8,3,2,30,9,10.5,1,0,1710.0,0.17,1,0.12,1,0,0,0,0,0,0,0,0,0,0,0,0,1,0,0,1,0,0,0,0,0,1,0,0,0,1,0,1,0,0,0,0,0,0,0,1,0,1,0,1,0,0,0,0,1,0
CLI-003862,8611.0,12,59,0,50.0,0,5.65,0,0,41,3,26.0,3,1,750.08,0.11,1,0.0,0,1,0,0,0,0,0,1,0,0,0,0,0,0,1,0,0,0,0,0,0,1,0,0,1,0,0,0,1,0,0,0,0,0,0,0,1,0,0,1,1,0,0,0,0,1,0
CLI-002793,2000000.0,22,621,497,80.0,42,18.0,8,9,0,6,1.4,2,0,55542.77,0.0,0,0.2,1,0,0,0,0,0,0,0,0,0,0,0,0,1,1,0,0,0,0,0,0,0,0,1,0,0,0,1,1,0,0,0,0,0,1,0,0,0,1,0,0,0,0,1,0,0,1
CLI-002047,139567.0,2,209,105,50.2,21,3.0,8,0,1,7,13.3,2,0,9455.77,0.02,0,0.31,0,0,1,0,0,0,0,0,0,0,1,0,0,0,0,1,0,0,0,0,0,0,1,0,0,0,1,0,0,0,1,0,0,0,0,0,1,1,0,0,0,0,0,1,1,0,0
CLI-004346,2570.0,15,14,6,42.9,10,1.4,5,2,0,6,12.5,4,0,348.18,0.0,0,0.31,0,0,0,0,0,1,0,0,0,0,0,0,1,0,0,1,0,0,0,0,0,1,0,0,0,1,0,0,0,0,0,0,1,0,1,0,0,0,1,0,0,0,0,1,0,0,1
CLI-001421,7813.0,11,6,0,0.0,0,0.0,0,0,54,3,14.9,4,0,167.16,0.16,1,0.0,0,0,1,0,0,0,0,1,0,0,0,0,0,0,1,0,0,0,0,0,1,0,0,0,0,1,0,0,0,0,1,0,0,0,1,0,0,1,0,0,1,0,0,0,0,1,0
CLI-002271,901.0,8,5,4,80.0,34,5.65,4,2,2,4,30.3,3,0,64.66,0.01,0,0.5,1,0,0,0,0,0,0,0,0,0,0,0,0,1,0,0,0,0,0,1,1,0,0,0,1,0,0,0,1,0,0,0,0,1,0,0,0,1,0,0,0,1,0,0,0,1,0
CLI-000372,129567.0,19,57,29,50.9,31,16.6,8,5,0,1,13.8,3,0,1628.95,0.0,0,0.5,0,0,1,0,0,0,0,0,0,1,0,0,0,0,1,0,0,0,0,0,0,1,0,0,0,1,0,0,0,0,1,0,0,0,1,0,0,1,0,0,0,1,0,0,0,0,1
CLI-003130,10593.0,5,22,12,54.5,39,18.0,7,2,3,4,11.4,4,0,538.27,0.02,0,0.44,0,0,0,1,0,0,0,0,0,0,0,0,1,0,0,0,0,0,0,1,0,1,0,0,0,1,0,0,0,0,0,0,1,0,0,0,1,1,0,0,0,1,0,0,0,1,0
CLI-002321,21339.0,24,32,14,43.8,14,2.7,3,1,5,4,17.5,2,0,867.44,0.01,0,0.19,1,0,0,0,0,0,0,0,0,0,0,0,0,1,0,1,0,0,0,0,0,1,0,0,0,1,0,0,0,0,0,0,1,0,0,1,0,0,1,0,0,0,0,1,0,0,1
CLI-003448,24994.0,6,186,131,70.4,32,15.1,7,0,1,3,14.2,4,0,5080.14,0.01,0,0.44,0,1,0,0,0,0,0,0,0,0,0,0,1,0,0,0,0,0,1,0,0,0,1,0,0,1,0,0,1,0,0,0,0,0,0,0,1,0,0,1,0,0,0,1,0,1,0
CLI-000080,286686.0,29,43,10,23.3,1,0.3,11,8,30,3,3.8,3,0,4370.22,0.03,1,0.28,0,0,1,0,0,0,0,0,0,0,0,0,1,0,1,0,0,0,0,0,0,0,1,0,0,0,0,1,0,0,0,1,0,0,1,0,0,0,1,0,0,0,0,1,0,0,1
CLI-000541,2448.0,7,9,4,44.4,9,4.0,4,0,2,0,8.9,3,1,186.58,0.01,0,0.25,0,0,1,0,0,0,0,0,1,0,0,0,0,0,1,0,0,0,0,0,1,0,0,0,0,1,0,0,0,0,0,1,0,1,0,0,0,0,1,0,0,1,0,0,0,1,0
CLI-000489,300.0,6,2,1,50.0,24,13.8,2,0,1,2,26.0,3,2,21.5,0.01,0,0.25,0,0,0,0,0,1,0,0,0,0,0,0,1,0,1,0,0,0,0,0,1,0,0,0,1,0,0,0,0,0,0,0,1,1,0,0,0,1,0,0,0,0,0,1,0,1,0
CLI-001726,2565.0,14,8,2,25.0,1,0.1,2,1,11,0,11.8,4,0,100.9,0.03,0,0.25,0,0,0,0,0,0,1,0,0,1,0,0,0,0,1,0,0,0,0,0,1,0,0,0,1,0,0,0,0,1,0,0,0,0,0,1,0,1,0,0,0,0,0,1,0,0,1
CLI-000676,202290.0,14,205,25,12.2,2,0.1,7,7,3,2,10.5,1,0,9488.27,0.01,0,0.27,0,0,0,0,0,1,0,0,1,0,0,0,0,0,0,0,0,0,1,0,0,0,1,0,0,0,1,0,1,0,0,0,0,1,0,0,0,1,0,0,0,0,0,1,0,0,1
CLI-000087,701.0,1,10,2,20.0,1,0.1,0,0,25,2,17.7,1,2,171.02,0.83,0,0.0,1,0,0,0,0,0,0,0,0,0,0,0,0,1,1,0,0,0,0,0,1,0,0,0,0,1,0,0,1,0,0,0,0,0,0,0,1,0,1,0,1,0,0,0,1,0,0
CLI-002657,990.0,7,3,1,33.3,1,0.6,6,1,4,4,15.2,3,1,86.2,0.02,0,0.38,0,1,0,0,0,0,0,0,0,0,0,1,0,0,1,0,0,0,0,0,1,0,0,0,0,1,0,0,1,0,0,0,0,0,1,0,0,1,0,0,0,0,0,1,0,1,0
CLI-003030,735202.0,22,366,61,16.7,4,0.3,13,6,0,1,2.3,3,0,33206.95,0.0,0,0.32,0,0,0,1,0,0,0,1,0,0,0,0,0,0,0,1,0,0,0,0,0,0,0,1,0,0,0,1,0,0,0,0,1,0,1,0,0,1,0,0,1,0,0,0,0,0,1
CLI-003200,1796.0,20,3,1,33.3,11,4.9,3,3,2,0,23.3,3,0,31.29,0.0,0,0.38,0,0,0,1,0,0,0,0,1,0,0,0,0,0,0,0,0,0,1,0,1,0,0,0,1,0,0,0,1,0,0,0,0,1,0,0,0,0,0,1,0,0,0,1,0,0,1
CLI-004921,3683.0,2,10,5,50.0,8,5.65,20,0,1,1,2.8,5,3,641.59,0.02,0,0.5,0,0,0,0,0,0,1,0,0,0,1,0,0,0,1,0,0,0,0,0,1,0,0,0,0,0,0,1,0,0,0,0,1,1,0,0,0,0,1,0,0,0,0,1,1,0,0
CLI-004930,41782.0,16,140,88,62.9,14,5.7,12,2,1,1,4.8,4,0,5661.51,0.0,0,0.46,0,0,0,0,0,0,1,0,1,0,0,0,0,0,1,0,0,0,0,0,0,0,0,1,0,0,1,0,0,0,1,0,0,0,0,1,0,0,0,1,0,0,0,1,0,0,1
CLI-004333,99236.0,19,35,12,34.3,1,0.5,5,4,7,0,2.4,4,0,1920.95,0.01,0,0.19,1,0,0,0,0,0,0,0,0,0,0,0,0,1,1,0,0,0,0,0,0,1,0,0,0,0,1,0,0,0,0,0,1,0,1,0,0,1,0,0,0,0,1,0,0,0,1
CLI-002906,1527.0,11,8,5,62.5,38,20.7,8,3,0,3,11.6,4,0,206.9,0.0,0,0.5,0,1,0,0,0,0,0,0,0,0,0,0,0,1,0,1,0,0,0,0,1,0,0,0,0,1,0,0,0,1,0,0,0,1,0,0,0,0,0,1,0,0,1,0,0,1,0
CLI-001126,642.0,5,2,1,50.0,6,1.6,1,3,7,1,7.2,3,0,78.34,0.05,0,0.04,0,0,0,0,0,0,1,0,0,0,0,1,0,0,1,0,0,0,0,0,1,0,0,0,0,0,1,0,1,0,0,0,0,1,0,0,0,0,1,0,0,0,0,1,0,1,0
CLI-003529,224343.0,18,205,37,18.0,5,0.2,11,4,5,0,4.7,5,0,7816.83,0.01,0,0.42,0,0,1,0,0,0,0,1,0,0,0,0,0,0,1,0,0,0,0,0,0,0,1,0,0,0,1,0,0,0,1,0,0,0,0,1,0,1,0,0,1,0,0,0,0,0,1
CLI-002691,2450.0,1,6,3,50.0,12,4.6,4,0,9,4,29.4,3,0,76.62,0.3,0,0.5,0,0,0,0,0,1,0,0,0,0,0,1,0,0,1,0,0,0,0,0,1,0,0,0,1,0,0,0,0,0,0,1,0,0,0,0,1,1,0,0,0,0,0,1,1,0,0
CLI-002401,11408.0,2,39,7,17.9,3,1.4,1,0,7,0,5.8,3,1,1070.19,0.12,0,0.06,0,0,0,0,0,1,0,1,0,0,0,0,0,0,1,0,0,0,0,0,0,1,0,0,0,1,0,0,0,0,0,1,0,1,0,0,0,0,0,1,1,0,0,0,1,0,0
CLI-002631,1028.0,10,5,3,60.0,41,5.65,3,1,0,1,10.5,3,1,59.67,0.0,0,0.38,0,0,0,0,1,0,0,0,0,0,0,1,0,0,0,0,1,0,0,0,1,0,0,0,1,0,0,0,0,0,0,0,1,0,0,1,0,0,0,1,0,0,0,1,0,1,0
CLI-001881,273797.0,10,200,0,0.0,0,0.0,0,0,51,2,3.1,4,1,12366.61,0.17,1,0.0,0,0,0,0,0,0,1,0,1,0,0,0,0,0,1,0,0,0,0,0,0,0,1,0,0,0,0,1,0,0,0,1,0,0,0,0,1,0,1,0,0,0,0,1,0,1,0
CLI-004555,127711.0,9,186,91,48.9,26,13.0,13,2,1,6,6.1,2,0,8197.13,0.0,0,0.5,1,0,0,0,0,0,0,1,0,0,0,0,0,0,0,0,0,0,0,1,0,0,1,0,0,0,1,0,0,0,1,0,0,0,0,1,0,1,0,0,1,0,0,0,0,1,0
CLI-000737,553.0,22,9,3,33.3,2,1.0,3,8,2,1,17.3,3,0,112.4,0.0,0,0.38,0,1,0,0,0,0,0,0,0,0,0,1,0,0,1,0,0,0,0,0,1,0,0,0,1,0,0,0,1,0,0,0,0,0,0,1,0,1,0,0,0,0,0,1,0,0,1
CLI-003256,52584.0,15,56,35,62.5,24,12.9,9,1,1,11,8.8,2,0,2914.87,0.0,0,0.35,0,0,0,0,1,0,0,0,0,0,0,1,0,0,0,0,0,1,0,0,0,1,0,0,0,0,1,0,0,0,0,1,0,1,0,0,0,0,1,0,0,0,0,1,0,0,1
CLI-004733,174126.0,11,142,118,83.1,71,45.9,22,0,2,2,4.3,4,0,11176.28,0.01,0,0.55,0,0,0,0,1,0,0,1,0,0,0,0,0,0,0,0,1,0,0,0,0,0,0,1,0,0,0,1,0,0,0,0,1,0,0,0,1,0,1,0,0,0,0,1,0,1,0
CLI-002382,95429.0,28,75,52,69.3,28,23.0,4,4,2,1,13.3,4,0,2770.88,0.0,0,0.25,0,0,0,0,1,0,0,0,1,0,0,0,0,0,0,0,0,0,0,1,0,0,1,0,0,1,0,0,1,0,0,0,0,0,1,0,0,0,0,1,0,0,0,1,0,0,1
CLI-004120,233825.0,8,100,54,54.0,6,2.8,9,4,5,6,8.2,3,2,5380.23,0.02,0,0.35,0,0,1,0,0,0,0,1,0,0,0,0,0,0,0,0,0,0,0,1,0,0,1,0,0,0,1,0,0,0,0,1,0,0,1,0,0,0,0,1,0,0,0,1,0,1,0
CLI-002528,314761.0,23,174,68,39.1,6,5.65,15,11,3,4,7.2,3,0,15354.18,0.0,0,0.38,0,0,1,0,0,0,0,0,0,0,0,0,0,1,1,0,0,0,0,0,0,0,1,0,0,0,0,1,0,0,0,1,0,0,1,0,0,1,0,0,0,0,0,1,0,0,1
CLI-001408,1033.0,5,4,2,50.0,23,10.9,4,0,3,7,12.2,3,1,96.95,0.02,0,0.25,1,0,0,0,0,0,0,0,0,0,0,0,1,0,0,0,0,0,0,1,1,0,0,0,0,1,0,0,0,1,0,0,0,1,0,0,0,0,0,1,1,0,0,0,0,1,0
CLI-004242,4521.0,4,39,29,74.4,46,6.1,7,1,0,0,10.5,3,0,918.91,0.0,0,0.44,0,0,0,0,1,0,0,1,0,0,0,0,0,0,1,0,0,0,0,0,0,1,0,0,0,1,0,0,0,0,1,0,0,0,0,1,0,1,0,0,0,0,0,1,0,1,0
CLI-004166,204269.0,3,171,94,55.0,16,4.5,15,0,1,0,1.1,5,1,12455.44,0.01,0,0.38,0,0,0,0,0,1,0,1,0,0,0,0,0,0,1,0,0,0,0,0,0,0,0,1,0,0,0,1,1,0,0,0,0,1,0,0,0,1,0,0,0,1,0,0,1,0,0
CLI-004205,48630.0,5,99,16,16.2,1,0.1,2,0,30,6,6.5,3,1,4561.89,0.2,1,0.08,0,1,0,0,0,0,0,1,0,0,0,0,0,0,1,0,0,0,0,0,0,0,1,0,0,0,1,0,0,0,0,1,0,1,0,0,0,0,1,0,0,0,0,1,0,1,0
CLI-000376,682541.0,14,303,144,47.5,11,1.9,11,3,1,4,9.5,3,1,15705.04,0.0,0,0.42,0,0,0,0,1,0,0,1,0,0,0,0,0,0,1,0,0,0,0,0,0,0,0,1,0,0,1,0,0,0,1,0,0,0,1,0,0,0,0,1,0,1,0,0,0,0,1
CLI-004280,2421.0,8,6,3,50.0,20,9.4,6,2,4,7,17.9,1,0,155.36,0.02,0,0.38,0,0,1,0,0,0,0,0,0,1,0,0,0,0,0,0,1,0,0,0,1,0,0,0,0,1,0,0,0,0,0,1,0,0,0,0,1,0,1,0,0,0,0,1,0,1,0
CLI-002444,25181.0,9,39,17,43.6,7,2.6,3,3,1,0,8.6,3,1,1096.75,0.0,0,0.19,0,0,1,0,0,0,0,0,0,0,0,0,0,1,0,0,0,0,1,0,0,1,0,0,0,1,0,0,0,0,0,1,0,0,0,0,1,0,0,1,0,0,0,1,0,1,0
CLI-003421,21884.0,16,56,30,53.6,22,9.9,5,8,0,0,6.8,5,0,1482.63,0.0,0,0.31,0,0,0,0,0,0,1,1,0,0,0,0,0,0,1,0,0,0,0,0,0,1,0,0,0,1,0,0,0,0,0,0,1,0,0,0,1,0,1,0,0,0,1,0,0,0,1
CLI-000127,1939.0,10,8,1,12.5,1,5.65,2,3,30,2,10.5,2,0,90.96,0.1,1,0.25,0,0,0,0,1,0,0,0,0,1,0,0,0,0,1,0,0,0,0,0,1,0,0,0,1,0,0,0,0,0,1,0,0,0,0,1,0,1,0,0,1,0,0,0,0,1,0
CLI-001167,40023.0,1,49,33,67.3,46,16.1,12,0,0,5,10.6,2,1,4067.41,0.0,0,0.3,0,0,0,0,1,0,0,0,0,0,0,0,0,1,0,0,0,0,1,0,0,1,0,0,0,0,0,1,0,1,0,0,0,0,0,1,0,0,1,0,1,0,0,0,1,0,0
CLI-002040,841.0,16,6,3,50.0,29,1.5,1,6,1,2,22.3,3,0,68.39,0.0,0,0.12,0,0,1,0,0,0,0,0,1,0,0,0,0,0,1,0,0,0,0,0,1,0,0,0,1,0,0,0,0,0,0,0,1,0,0,1,0,0,1,0,0,0,1,0,0,0,1
CLI-004077,9512.0,9,10,3,30.0,14,7.5,11,2,2,0,1.2,4,1,527.3,0.01,0,0.42,0,0,0,1,0,0,0,0,1,0,0,0,0,0,1,0,0,0,0,0,1,0,0,0,0,0,1,0,1,0,0,0,0,1,0,0,0,1,0,0,0,0,0,1,0,1,0
CLI-001417,12430.0,20,25,1,4.0,1,0.1,1,4,7,5,8.4,4,1,1010.53,0.01,0,0.04,0,0,0,0,0,0,1,0,1,0,0,0,0,0,0,0,0,1,0,0,0,1,0,0,0,0,1,0,0,0,1,0,0,0,0,0,1,1,0,0,1,0,0,0,0,0,1
CLI-000303,10273.0,10,55,0,0.0,0,0.0,0,0,104,0,7.3,3,1,1252.76,0.35,1,0.0,0,0,1,0,0,0,0,0,0,0,0,0,0,1,1,0,0,0,0,0,0,1,0,0,0,1,0,0,0,1,0,0,0,0,1,0,0,0,0,1,0,0,0,1,0,1,0
CLI-004033,420.0,1,4,3,75.0,81,60.7,6,0,1,0,10.5,5,2,56.92,0.03,0,0.75,0,0,0,0,0,0,1,0,0,0,1,0,0,0,1,0,0,0,0,0,1,0,0,0,1,0,0,0,0,1,0,0,0,0,1,0,0,0,0,1,0,1,0,0,1,0,0
CLI-000998,1039.0,9,9,4,44.4,23,9.1,5,0,0,3,10.5,3,0,211.12,0.0,0,0.31,1,0,0,0,0,0,0,0,0,0,0,1,0,0,0,0,0,1,0,0,1,0,0,0,0,1,0,0,0,0,1,0,0,0,0,1,0,1,0,0,0,1,0,0,0,1,0
CLI-004370,784.0,19,3,2,66.7,36,14.0,2,2,0,3,25.2,4,0,39.84,0.0,0,0.25,1,0,0,0,0,0,0,0,0,0,0,1,0,0,0,0,0,1,0,0,1,0,0,0,1,0,0,0,0,0,0,0,1,0,0,1,0,1,0,0,0,1,0,0,0,0,1
CLI-002768,60885.0,18,27,19,70.4,47,7.0,14,8,2,0,6.3,3,0,1178.58,0.0,0,0.54,0,0,0,1,0,0,0,0,0,1,0,0,0,0,0,0,1,0,0,0,0,1,0,0,0,0,1,0,0,1,0,0,0,0,1,0,0,0,0,1,0,0,1,0,0,0,1
CLI-000499,83864.0,11,44,26,59.1,8,3.3,17,2,3,6,5.5,4,1,3520.0,0.01,0,0.42,0,0,0,0,0,1,0,0,0,0,0,1,0,0,0,0,0,1,0,0,0,0,1,0,0,0,0,1,0,1,0,0,0,0,0,0,1,0,0,1,0,0,0,1,0,1,0
CLI-003195,3238.0,18,7,4,57.1,10,1.8,3,5,14,2,11.7,4,0,171.67,0.03,0,0.19,0,0,0,0,0,0,1,0,0,0,0,1,0,0,0,0,0,0,0,1,1,0,0,0,0,1,0,0,1,0,0,0,0,0,0,0,1,0,0,1,0,0,0,1,0,0,1
CLI-000451,18358.0,14,48,20,41.7,12,7.2,7,6,0,3,14.3,2,0,1243.77,0.0,0,0.44,0,0,0,0,1,0,0,0,0,1,0,0,0,0,0,0,1,0,0,0,0,1,0,0,0,1,0,0,0,0,0,0,1,1,0,0,0,1,0,0,0,0,0,1,0,0,1
CLI-003727,828.0,17,1,1,100.0,44,14.7,3,7,3,4,28.4,2,0,12.31,0.01,0,0.38,0,1,0,0,0,0,0,0,0,0,1,0,0,0,1,0,0,0,0,0,1,0,0,0,1,0,0,0,1,0,0,0,0,0,0,1,0,0,0,1,1,0,0,0,0,0,1
CLI-002720,37888.0,13,30,25,83.3,60,48.0,15,2,3,1,10.5,4,0,1650.19,0.01,0,0.58,0,0,0,0,1,0,0,0,0,0,0,1,0,0,1,0,0,0,0,0,0,1,0,0,0,0,1,0,0,0,1,0,0,1,0,0,0,0,0,1,0,0,0,1,0,0,1
CLI-001526,489340.0,1,633,282,44.5,1,0.1,6,0,26,0,10.5,5,3,27125.25,0.87,0,0.23,0,1,0,0,0,0,0,1,0,0,0,0,0,0,1,0,0,0,0,0,0,0,0,1,0,0,1,0,0,0,0,1,0,0,1,0,0,0,0,1,0,0,0,1,1,0,0
CLI-001708,16790.0,22,6,4,66.7,18,12.0,8,9,0,0,2.0,5,0,232.68,0.0,0,0.31,0,0,1,0,0,0,0,0,0,0,0,0,1,0,1,0,0,0,0,0,1,0,0,0,0,0,1,0,1,0,0,0,0,0,0,0,1,0,1,0,0,0,0,1,0,0,1
CLI-004341,9786.0,1,11,8,72.7,65,32.7,25,0,0,0,1.3,5,2,745.91,0.0,0,0.62,0,1,0,0,0,0,0,0,1,0,0,0,0,0,1,0,0,0,0,0,0,1,0,0,0,0,0,1,0,1,0,0,0,0,1,0,0,1,0,0,0,0,0,1,1,0,0
CLI-002106,34263.0,24,30,19,63.3,49,39.1,7,5,0,0,10.9,4,0,852.73,0.0,0,0.44,0,1,0,0,0,0,0,0,0,0,0,0,0,1,1,0,0,0,0,0,0,1,0,0,0,1,0,0,0,0,0,1,0,0,0,0,1,0,0,1,0,0,1,0,0,0,1
CLI-003330,10251.0,7,10,6,60.0,27,15.6,16,0,3,6,5.2,3,2,735.37,0.01,0,0.4,0,0,1,0,0,0,0,1,0,0,0,0,0,0,1,0,0,0,0,0,1,0,0,0,0,0,0,1,0,0,0,1,0,1,0,0,0,1,0,0,0,0,0,1,0,1,0
CLI-002499,7346.0,8,6,3,50.0,7,1.9,3,1,2,1,13.5,3,0,182.82,0.01,0,0.19,0,1,0,0,0,0,0,1,0,0,0,0,0,0,1,0,0,0,0,0,1,0,0,0,0,1,0,0,0,1,0,0,0,0,0,0,1,0,0,1,0,1,0,0,0,1,0
CLI-002305,773610.0,4,679,265,50.0,15,4.3,9,2,9,5,0.5,4,2,55495.68,0.08,0,0.22,0,0,0,1,0,0,0,0,1,0,0,0,0,0,1,0,0,0,0,0,0,0,0,1,0,0,0,1,0,0,0,0,1,0,1,0,0,0,0,1,0,1,0,0,0,1,0
CLI-002654,23136.0,28,9,7,50.0,63,5.65,25,8,1,0,5.4,3,0,783.74,0.0,0,0.62,0,0,1,0,0,0,0,0,0,0,0,1,0,0,1,0,0,0,0,0,1,0,0,0,0,0,0,1,0,0,0,1,0,0,0,1,0,0,1,0,0,1,0,0,0,0,1
CLI-000881,1310489.0,6,615,588,95.6,87,52.4,17,1,1,1,8.7,4,1,34003.36,0.01,0,0.65,0,1,0,0,0,0,0,0,0,0,0,0,0,1,0,0,0,0,1,0,0,0,0,1,0,0,1,0,0,0,0,0,1,0,1,0,0,1,0,0,0,0,0,1,0,1,0
CLI-001946,957300.0,26,833,475,57.0,9,4.1,6,6,3,4,16.3,2,0,23825.28,0.0,0,0.38,0,0,0,1,0,0,0,1,0,0,0,0,0,0,0,0,0,0,0,1,0,0,0,1,0,1,0,0,0,0,1,0,0,0,1,0,0,0,1,0,0,0,0,1,0,0,1
CLI-004731,316736.0,24,179,34,19.0,1,0.1,1,3,3,0,2.7,5,0,8218.38,0.0,0,0.04,0,0,0,0,0,1,0,0,1,0,0,0,0,0,1,0,0,0,0,0,0,0,1,0,0,0,1,0,0,0,0,1,0,1,0,0,0,0,0,1,0,0,0,1,0,0,1
CLI-004509,2637.0,8,17,8,47.1,14,1.6,10,2,1,4,18.8,3,1,402.0,0.0,0,0.62,0,0,0,0,1,0,0,0,1,0,0,0,0,0,1,0,0,0,0,0,0,1,0,0,0,1,0,0,0,0,0,0,1,0,0,1,0,0,0,1,0,1,0,0,0,1,0
CLI-002921,31447.0,15,47,30,63.8,33,24.4,12,4,1,0,7.0,4,0,2255.86,0.0,0,0.46,0,0,0,0,1,0,0,0,0,0,0,0,1,0,0,0,0,1,0,0,0,1,0,0,0,0,1,0,1,0,0,0,0,0,0,1,0,0,1,0,0,0,0,1,0,0,1
CLI-003808,41132.0,5,29,16,55.2,22,11.2,6,1,0,1,10.8,3,1,895.74,0.0,0,0.38,0,0,1,0,0,0,0,0,1,0,0,0,0,0,0,0,0,0,0,1,0,1,0,0,0,1,0,0,0,0,1,0,0,0,0,0,1,0,1,0,0,1,0,0,0,1,0
CLI-002823,1336.0,5,9,5,55.6,54,42.0,4,0,1,1,22.2,5,3,101.8,0.01,0,0.5,0,0,0,0,0,1,0,0,0,1,0,0,0,0,1,0,0,0,0,0,1,0,0,0,1,0,0,0,0,0,1,0,0,0,0,0,1,1,0,0,0,0,0,1,0,1,0
CLI-003861,29105.0,1,57,42,73.7,67,26.4,13,0,1,4,10.5,4,1,2218.39,0.03,0,0.5,0,0,0,0,1,0,0,1,0,0,0,0,0,0,1,0,0,0,0,0,0,1,0,0,0,0,1,0,0,0,1,0,0,1,0,0,0,1,0,0,0,0,0,1,1,0,0
CLI-002848,36306.0,11,110,8,7.3,1,0.1,5,4,1,1,7.5,4,2,4427.56,0.0,0,0.19,0,0,0,0,0,0,1,0,0,0,0,1,0,0,1,0,0,0,0,0,0,0,1,0,0,0,1,0,0,0,1,0,0,0,0,1,0,0,1,0,1,0,0,0,0,1,0
CLI-000833,104338.0,18,116,53,45.7,23,11.7,16,2,1,0,2.5,5,0,8482.77,0.0,0,0.4,0,0,0,0,0,1,0,0,0,1,0,0,0,0,0,0,0,0,1,0,0,0,1,0,0,0,0,1,0,1,0,0,0,0,0,0,1,1,0,0,0,1,0,0,0,0,1
CLI-001256,187486.0,9,217,149,50.0,49,29.9,16,0,0,1,9.7,3,0,9145.64,0.0,0,0.62,1,0,0,0,0,0,0,1,0,0,0,0,0,0,1,0,0,0,0,0,0,0,0,1,0,0,1,0,1,0,0,0,0,0,1,0,0,0,0,1,0,0,0,1,0,1,0
CLI-004571,733.0,18,1,1,100.0,58,48.3,6,4,2,6,10.3,3,0,33.13,0.0,0,0.38,0,0,0,1,0,0,0,0,0,0,1,0,0,0,1,0,0,0,0,0,1,0,0,0,0,1,0,0,0,0,0,1,0,1,0,0,0,1,0,0,0,1,0,0,0,0,1
CLI-001809,1328821.0,29,675,490,72.6,54,28.8,10,4,1,0,3.1,5,0,37686.36,0.0,0,0.38,0,0,0,0,0,0,1,0,0,1,0,0,0,0,0,0,0,0,0,1,0,0,0,1,0,0,1,0,0,0,0,1,0,1,0,0,0,0,0,1,0,0,0,1,0,0,1
CLI-000491,11014.0,15,31,13,41.9,7,0.7,3,1,15,2,14.6,2,0,746.23,0.03,0,0.19,0,1,0,0,0,0,0,0,0,1,0,0,0,0,1,0,0,0,0,0,0,1,0,0,0,1,0,0,1,0,0,0,0,0,0,0,1,0,0,1,0,0,0,1,0,0,1
CLI-004951,42482.0,11,323,95,29.4,1,0.1,1,2,11,3,9.1,4,0,6475.88,0.03,0,0.06,0,0,0,0,1,0,0,0,0,0,0,0,0,1,1,0,0,0,0,0,0,0,0,1,0,1,0,0,1,0,0,0,0,0,0,0,1,0,0,1,0,0,0,1,0,1,0
CLI-003316,5438.0,13,33,8,24.2,3,0.2,2,0,8,6,35.6,3,1,414.5,0.02,0,0.25,0,0,0,0,0,1,0,0,1,0,0,0,0,0,1,0,0,0,0,0,0,1,0,0,1,0,0,0,0,0,1,0,0,0,0,0,1,1,0,0,1,0,0,0,0,0,1
CLI-003435,1186.0,12,7,2,28.6,1,0.5,2,1,26,0,13.9,5,1,68.9,0.07,0,0.25,0,0,0,0,0,0,1,0,0,1,0,0,0,0,1,0,0,0,0,0,1,0,0,0,1,0,0,0,0,0,0,0,1,0,0,1,0,0,1,0,0,0,0,1,0,1,0
CLI-003107,13321.0,19,53,0,0.0,0,5.65,0,0,49,4,28.2,2,0,676.86,0.09,1,0.0,1,0,0,0,0,0,0,0,0,0,0,1,0,0,0,0,1,0,0,0,0,1,0,0,1,0,0,0,0,0,0,1,0,0,0,1,0,1,0,0,0,0,0,1,0,0,1
CLI-000324,8071.0,9,8,3,37.5,24,10.3,4,3,1,3,11.4,4,0,193.0,0.0,0,0.25,0,0,0,0,0,0,1,0,0,0,0,1,0,0,1,0,0,0,0,0,1,0,0,0,0,1,0,0,1,0,0,0,0,1,0,0,0,0,0,1,0,0,1,0,0,1,0
CLI-004709,1603.0,18,9,7,77.8,45,19.4,6,3,0,2,7.2,5,0,177.71,0.0,0,0.38,0,0,1,0,0,0,0,1,0,0,0,0,0,0,0,0,0,0,1,0,1,0,0,0,0,1,0,0,0,1,0,0,0,1,0,0,0,0,0,1,0,0,1,0,0,0,1
CLI-001298,12230.0,2,170,85,50.0,36,30.6,3,0,3,17,41.1,1,1,1657.17,0.05,0,0.38,0,0,1,0,0,0,0,0,0,0,0,1,0,0,1,0,0,0,0,0,0,0,1,0,1,0,0,0,0,0,1,0,0,0,0,1,0,0,0,1,0,0,0,1,1,0,0
CLI-002620,335.0,21,5,5,100.0,77,49.9,5,6,0,2,30.5,3,0,58.36,0.0,0,0.62,0,0,1,0,0,0,0,0,0,1,0,0,0,0,0,0,1,0,0,0,1,0,0,0,1,0,0,0,0,0,0,1,0,0,1,0,0,1,0,0,0,0,0,1,0,0,1
CLI-004792,23123.0,4,22,9,40.9,10,5.3,8,1,1,9,1.4,1,0,1484.12,0.01,0,0.2,1,0,0,0,0,0,0,0,0,0,1,0,0,0,0,0,0,1,0,0,0,1,0,0,0,0,0,1,0,1,0,0,0,0,0,1,0,0,1,0,1,0,0,0,0,1,0
CLI-001034,32239.0,15,54,0,50.0,0,0.0,0,0,60,2,10.2,3,0,2457.24,0.13,1,0.0,0,0,0,0,0,1,0,0,0,1,0,0,0,0,0,0,0,1,0,0,0,0,1,0,0,0,1,0,0,0,0,0,1,0,0,1,0,1,0,0,0,0,0,1,0,0,1
CLI-001680,381.0,17,2,1,50.0,7,3.8,2,6,3,4,27.0,4,0,23.23,0.01,0,0.25,0,0,0,0,0,0,1,0,0,1,0,0,0,0,1,0,0,0,0,0,1,0,0,0,1,0,0,0,0,0,0,0,1,0,1,0,0,1,0,0,0,0,1,0,0,0,1
CLI-001383,24333.0,6,22,15,68.2,27,7.3,6,1,1,3,17.2,2,1,581.84,0.01,0,0.38,0,0,0,0,0,1,0,0,0,0,1,0,0,0,1,0,0,0,0,0,0,1,0,0,0,1,0,0,1,0,0,0,0,0,0,1,0,0,0,1,0,0,0,1,0,1,0
CLI-004492,1447.0,21,10,3,30.0,5,0.2,5,7,6,4,12.0,3,0,196.06,0.01,0,0.31,0,0,0,0,1,0,0,0,0,1,0,0,0,0,0,0,0,0,0,1,0,1,0,0,0,1,0,0,0,0,0,0,1,0,1,0,0,0,0,1,0,0,0,1,0,0,1
CLI-000459,4889.0,4,51,0,0.0,0,0.0,0,0,42,0,17.9,3,2,496.83,0.35,1,0.0,0,1,0,0,0,0,0,0,0,0,1,0,0,0,0,0,1,0,0,0,0,1,0,0,1,0,0,0,0,0,0,0,1,1,0,0,0,0,1,0,0,0,0,1,0,1,0
CLI-001389,2593.0,8,5,3,60.0,40,15.0,4,1,2,6,10.5,2,1,71.87,0.01,0,0.5,1,0,0,0,0,0,0,0,1,0,0,0,0,0,1,0,0,0,0,0,1,0,0,0,1,0,0,0,0,0,1,0,0,1,0,0,0,1,0,0,0,0,0,1,0,1,0
CLI-003697,97092.0,12,50,22,44.0,18,9.5,12,3,1,0,3.9,5,1,2368.09,0.0,0,0.46,0,0,0,1,0,0,0,0,1,0,0,0,0,0,0,0,0,1,0,0,0,1,0,0,0,0,1,0,1,0,0,0,0,0,1,0,0,1,0,0,0,0,1,0,0,1,0
CLI-000135,2921.0,5,5,4,80.0,36,16.2,12,0,1,1,6.9,4,1,254.4,0.01,0,0.46,0,0,0,1,0,0,0,0,0,0,1,0,0,0,1,0,0,0,0,0,1,0,0,0,0,0,1,0,0,0,0,1,0,0,0,1,0,0,0,1,0,0,0,1,0,1,0
CLI-004231,77172.0,15,28,22,78.6,63,42.3,5,2,0,1,12.5,4,0,904.92,0.0,0,0.31,0,0,1,0,0,0,0,0,0,1,0,0,0,0,1,0,0,0,0,0,0,1,0,0,0,1,0,0,0,0,0,0,1,0,1,0,0,0,1,0,0,0,1,0,0,0,1
CLI-002703,22868.0,9,58,10,17.2,1,0.4,1,2,4,2,0.7,4,2,3485.92,0.01,0,0.02,0,1,0,0,0,0,0,0,0,0,0,0,0,1,0,1,0,0,0,0,0,1,0,0,0,0,0,1,1,0,0,0,0,0,1,0,0,0,1,0,1,0,0,0,0,1,0
CLI-002320,12791.0,1,53,19,35.8,1,0.7,9,0,6,3,5.6,3,3,1949.83,0.2,0,0.35,0,0,0,0,1,0,0,0,0,0,0,0,0,1,0,1,0,0,0,0,0,1,0,0,0,0,1,0,0,0,0,0,1,0,1,0,0,0,0,1,0,1,0,0,1,0,0
CLI-001176,808.0,3,6,1,16.7,1,0.3,3,1,9,1,15.4,3,1,70.39,0.1,0,0.38,0,0,0,0,0,0,1,0,0,0,0,0,1,0,0,0,1,0,0,0,1,0,0,0,1,0,0,0,0,0,0,0,1,0,0,0,1,1,0,0,0,0,0,1,1,0,0
CLI-003949,23188.0,1,80,33,41.2,15,7.0,4,0,4,0,12.4,2,2,1767.39,0.13,0,0.25,0,0,1,0,0,0,0,0,0,0,0,1,0,0,0,0,1,0,0,0,0,0,1,0,0,1,0,0,0,0,0,0,1,1,0,0,0,1,0,0,0,0,0,1,1,0,0
CLI-001282,38152.0,7,30,16,53.3,13,3.8,6,0,1,6,10.5,3,0,1224.4,0.0,0,0.23,0,0,1,0,0,0,0,0,0,0,0,0,0,1,0,0,0,1,0,0,0,1,0,0,0,0,1,0,0,1,0,0,0,0,1,0,0,0,0,1,0,0,0,1,0,1,0
CLI-002671,4494.0,21,8,5,62.5,39,14.0,9,1,1,2,12.6,4,0,182.69,0.0,0,0.56,0,0,0,0,0,0,1,0,0,0,0,0,1,0,1,0,0,0,0,0,0,1,0,0,0,1,0,0,0,0,1,0,0,0,1,0,0,1,0,0,0,0,0,1,0,0,1
CLI-000545,200430.0,8,89,48,53.9,12,4.6,6,4,1,6,10.1,3,1,4526.42,0.0,0,0.23,0,0,0,0,1,0,0,0,0,0,0,0,0,1,0,0,0,1,0,0,0,0,1,0,0,0,1,0,0,1,0,0,0,1,0,0,0,0,0,1,0,1,0,0,0,1,0
CLI-001932,1158240.0,6,796,694,87.2,80,74.8,16,1,2,0,0.5,3,0,61412.53,0.01,0,0.4,0,0,0,0,1,0,0,0,1,0,0,0,0,0,1,0,0,0,0,0,0,0,0,1,0,0,0,1,1,0,0,0,0,1,0,0,0,0,0,1,0,0,0,1,0,1,0
CLI-003294,476.0,14,2,1,50.0,18,6.7,4,6,1,3,26.2,4,0,25.23,0.0,0,0.5,0,0,0,0,0,1,0,0,1,0,0,0,0,0,1,0,0,0,0,0,1,0,0,0,1,0,0,0,0,0,1,0,0,0,1,0,0,1,0,0,0,0,0,1,0,0,1
CLI-000327,302.0,2,6,1,16.7,1,0.2,3,0,5,4,38.0,2,2,72.0,0.08,0,0.38,0,0,1,0,0,0,0,0,1,0,0,0,0,0,0,0,0,1,0,0,1,0,0,0,1,0,0,0,0,0,0,0,1,1,0,0,0,1,0,0,1,0,0,0,1,0,0
CLI-003399,43992.0,8,89,0,0.0,0,0.0,0,0,75,6,4.6,4,0,5364.85,0.31,1,0.0,0,0,0,0,1,0,0,0,0,1,0,0,0,0,1,0,0,0,0,0,0,0,1,0,0,0,0,1,0,0,1,0,0,0,0,0,1,1,0,0,0,0,0,1,0,1,0
CLI-001161,469.0,7,4,2,50.0,15,7.5,2,2,2,0,15.2,5,2,43.99,0.01,0,0.25,0,0,0,0,0,0,1,0,0,1,0,0,0,0,0,0,0,1,0,0,1,0,0,0,1,0,0,0,0,0,0,0,1,1,0,0,0,1,0,0,0,1,0,0,0,1,0
CLI-001752,1046.0,18,2,1,50.0,10,4.0,5,6,1,0,1.5,5,0,49.05,0.0,0,0.31,0,0,0,0,0,1,0,1,0,0,0,0,0,0,0,0,0,0,1,0,1,0,0,0,0,1,0,0,0,1,0,0,0,0,0,0,1,0,1,0,0,0,1,0,0,0,1
CLI-003452,15054.0,12,48,17,50.0,7,1.6,6,6,2,1,10.8,3,0,1147.44,0.01,0,0.38,1,0,0,0,0,0,0,0,0,0,0,0,0,1,0,0,0,0,0,1,0,1,0,0,0,1,0,0,0,0,1,0,0,0,0,1,0,0,1,0,0,0,0,1,0,1,0
CLI-000494,9610.0,14,3,2,66.7,48,22.6,9,0,0,7,12.5,2,0,148.35,0.0,0,0.35,0,0,1,0,0,0,0,0,0,0,0,1,0,0,1,0,0,0,0,0,1,0,0,0,0,0,1,0,1,0,0,0,0,0,0,0,1,0,1,0,1,0,0,0,0,0,1
CLI-003437,47650.0,3,37,27,73.0,72,40.0,8,1,1,5,12.0,3,3,1709.11,0.01,0,0.31,1,0,0,0,0,0,0,0,0,0,0,0,1,0,1,0,0,0,0,0,0,1,0,0,0,0,1,0,0,0,1,0,0,0,0,1,0,1,0,0,0,0,0,1,1,0,0
CLI-000269,17750.0,8,45,14,31.1,4,1.4,4,3,2,3,8.6,4,0,1202.6,0.01,0,0.25,0,0,0,1,0,0,0,0,0,0,1,0,0,0,1,0,0,0,0,0,0,1,0,0,0,1,0,0,1,0,0,0,0,1,0,0,0,1,0,0,0,0,0,1,0,1,0
CLI-000285,330.0,17,1,1,100.0,112,60.4,5,2,0,0,19.8,4,0,12.99,0.0,0,0.62,0,0,0,0,0,1,0,1,0,0,0,0,0,0,0,0,0,0,0,1,1,0,0,0,1,0,0,0,0,0,0,0,1,0,0,1,0,0,0,1,0,0,0,1,0,0,1
CLI-000636,97878.0,21,33,25,75.8,67,70.9,10,3,1,0,5.5,5,0,1956.77,0.0,0,0.38,0,0,0,0,1,0,0,0,1,0,0,0,0,0,0,0,1,0,0,0,0,1,0,0,0,0,1,0,0,0,0,0,1,0,1,0,0,0,0,1,0,0,1,0,0,0,1
CLI-001786,45562.0,21,49,18,36.7,1,0.2,2,3,20,7,13.1,2,0,2057.91,0.03,0,0.08,1,0,0,0,0,0,0,0,1,0,0,0,0,0,1,0,0,0,0,0,0,1,0,0,0,0,1,0,0,0,1,0,0,0,1,0,0,1,0,0,1,0,0,0,0,0,1
CLI-002875,28351.0,4,193,68,35.2,1,5.65,8,0,12,5,10.4,2,1,8643.54,0.1,0,0.31,0,0,0,1,0,0,0,0,0,0,1,0,0,0,1,0,0,0,0,0,0,0,1,0,0,0,1,0,0,0,0,0,1,0,0,1,0,0,0,1,0,0,0,1,0,1,0
CLI-000031,17433.0,7,98,10,10.2,1,0.3,2,0,17,0,4.8,3,3,3037.11,0.08,0,0.08,0,0,0,0,0,0,1,0,0,0,1,0,0,0,0,0,0,0,1,0,0,0,1,0,0,0,1,0,0,0,1,0,0,1,0,0,0,0,0,1,0,0,0,1,0,1,0
CLI-003688,3659.0,4,34,11,32.4,4,0.2,2,1,5,5,41.3,1,0,343.21,0.04,0,0.25,1,0,0,0,0,0,0,0,0,0,0,0,0,1,0,0,0,0,0,1,0,1,0,0,1,0,0,0,0,0,0,1,0,0,1,0,0,0,0,1,0,0,0,1,0,1,0
CLI-004381,14966.0,15,14,9,50.0,47,33.2,13,1,1,4,10.5,3,0,793.53,0.0,0,0.5,1,0,0,0,0,0,0,0,0,0,1,0,0,0,0,0,0,0,1,0,0,1,0,0,0,0,1,0,1,0,0,0,0,0,1,0,0,1,0,0,0,0,0,1,0,0,1
CLI-000835,153639.0,10,372,208,55.9,13,7.2,7,3,3,6,10.5,3,1,9368.22,0.01,0,0.44,0,0,0,0,0,0,1,0,0,1,0,0,0,0,0,0,0,0,1,0,0,0,0,1,0,1,0,0,1,0,0,0,0,0,0,1,0,0,0,1,0,1,0,0,0,1,0
CLI-000125,5206.0,9,6,3,50.0,22,9.4,8,0,1,3,10.9,3,0,171.59,0.0,0,0.5,0,0,0,0,0,1,0,0,0,0,0,1,0,0,0,0,1,0,0,0,0,1,0,0,0,1,0,0,0,0,1,0,0,0,0,1,0,0,0,1,0,1,0,0,0,1,0
CLI-001912,1601.0,11,8,0,0.0,0,5.65,0,0,31,0,15.0,5,1,108.44,0.09,1,0.0,0,0,1,0,0,0,0,0,1,0,0,0,0,0,1,0,0,0,0,0,1,0,0,0,1,0,0,0,0,0,1,0,0,0,0,0,1,0,1,0,0,0,0,1,0,1,0
CLI-002849,663.0,1,2,1,50.0,1,0.2,6,0,2,2,9.4,4,0,40.44,0.07,0,0.38,0,1,0,0,0,0,0,0,0,1,0,0,0,0,1,0,0,0,0,0,1,0,0,0,0,1,0,0,1,0,0,0,0,0,1,0,0,0,1,0,0,0,0,1,1,0,0
CLI-003998,17133.0,10,33,25,75.8,36,23.3,6,5,0,1,11.4,4,2,746.19,0.0,0,0.38,0,0,1,0,0,0,0,1,0,0,0,0,0,0,0,0,0,1,0,0,0,1,0,0,0,1,0,0,0,1,0,0,0,0,1,0,0,0,1,0,0,0,1,0,0,1,0
CLI-001329,4391.0,4,19,11,57.9,34,13.7,4,1,1,0,15.0,5,3,205.96,0.01,0,0.5,0,1,0,0,0,0,0,1,0,0,0,0,0,0,0,1,0,0,0,0,0,1,0,0,1,0,0,0,0,0,0,1,0,0,0,1,0,0,0,1,0,0,0,1,0,1,0
CLI-003428,300.0,1,6,5,83.3,77,29.9,6,0,0,6,30.8,1,4,68.38,0.0,0,0.75,0,0,0,1,0,0,0,1,0,0,0,0,0,0,1,0,0,0,0,0,1,0,0,0,1,0,0,0,0,0,0,1,0,0,1,0,0,1,0,0,0,0,0,1,1,0,0
CLI-001386,122168.0,8,456,368,80.7,56,32.9,16,0,2,2,3.0,2,0,18623.18,0.01,0,0.62,0,0,0,0,0,1,0,0,1,0,0,0,0,0,0,0,0,1,0,0,0,0,0,1,0,0,1,0,0,0,1,0,0,0,0,0,1,1,0,0,0,0,0,1,0,1,0
CLI-002557,923.0,8,3,2,66.7,47,10.8,7,1,0,2,13.8,3,0,75.08,0.0,0,0.44,0,1,0,0,0,0,0,0,0,1,0,0,0,0,1,0,0,0,0,0,1,0,0,0,0,1,0,0,0,0,1,0,0,0,0,0,1,1,0,0,0,1,0,0,0,1,0
CLI-001807,335.0,20,1,1,100.0,38,17.3,3,7,0,6,15.7,3,0,25.55,0.0,0,0.19,0,1,0,0,0,0,0,1,0,0,0,0,0,0,0,0,0,1,0,0,1,0,0,0,0,1,0,0,0,0,0,0,1,0,0,0,1,0,1,0,0,0,0,1,0,0,1
CLI-001307,10706.0,8,102,22,21.6,1,0.2,2,2,30,0,9.4,3,2,1088.05,0.12,1,0.25,0,1,0,0,0,0,0,0,0,1,0,0,0,0,1,0,0,0,0,0,0,0,1,0,1,0,0,0,0,1,0,0,0,1,0,0,0,0,1,0,0,0,0,1,0,1,0
CLI-003527,31193.0,12,47,42,89.4,79,45.7,5,2,0,2,28.7,3,0,845.35,0.0,0,0.62,0,1,0,0,0,0,0,1,0,0,0,0,0,0,0,0,0,0,1,0,0,1,0,0,1,0,0,0,1,0,0,0,0,1,0,0,0,0,1,0,0,0,0,1,0,1,0
CLI-003831,6822.0,4,25,10,40.0,12,3.2,5,1,6,0,13.3,4,1,594.21,0.05,0,0.31,0,0,0,0,0,1,0,1,0,0,0,0,0,0,1,0,0,0,0,0,0,1,0,0,0,1,0,0,0,0,1,0,0,0,1,0,0,0,0,1,0,0,0,1,0,1,0
CLI-002261,16392.0,16,66,13,19.7,3,0.3,4,2,0,2,14.3,3,0,1332.68,0.0,0,0.25,1,0,0,0,0,0,0,0,0,1,0,0,0,0,0,0,0,0,1,0,0,0,1,0,0,1,0,0,1,0,0,0,0,0,1,0,0,0,1,0,0,0,0,1,0,0,1
CLI-001847,10460.0,11,44,19,43.2,11,4.6,3,2,2,6,19.6,5,0,579.81,0.01,0,0.38,0,0,0,0,0,1,0,0,0,1,0,0,0,0,1,0,0,0,0,0,0,1,0,0,1,0,0,0,0,0,1,0,0,1,0,0,0,0,1,0,0,0,0,1,0,1,0
CLI-003678,18373.0,5,57,0,0.0,0,0.0,0,0,56,5,11.0,2,1,2240.62,0.37,1,0.0,0,0,0,0,0,1,0,0,0,0,0,1,0,0,0,0,1,0,0,0,0,1,0,0,0,0,1,0,1,0,0,0,0,0,1,0,0,0,1,0,0,0,0,1,0,1,0
CLI-000784,81171.0,15,70,58,82.9,51,32.2,13,6,1,3,9.5,3,0,3535.31,0.0,0,0.5,0,0,0,0,0,0,1,1,0,0,0,0,0,0,1,0,0,0,0,0,0,0,1,0,0,0,1,0,0,0,0,0,1,1,0,0,0,0,0,1,0,1,0,0,0,0,1
CLI-000910,36664.0,1,28,0,0.0,0,0.0,0,0,30,1,8.8,3,1,1397.26,1.0,1,0.0,1,0,0,0,0,0,0,1,0,0,0,0,0,0,1,0,0,0,0,0,0,1,0,0,0,0,1,0,0,0,1,0,0,0,1,0,0,0,0,1,1,0,0,0,1,0,0
CLI-003089,4951.0,9,25,14,56.0,11,9.7,9,1,3,5,20.2,2,0,503.12,0.01,0,0.56,0,0,0,0,0,1,0,0,0,0,0,0,0,1,1,0,0,0,0,0,0,1,0,0,0,1,0,0,0,1,0,0,0,0,1,0,0,0,0,1,0,0,0,1,0,1,0
CLI-001124,1636531.0,10,884,126,14.3,3,0.9,13,2,8,3,2.7,3,0,64379.68,0.03,0,0.32,0,0,1,0,0,0,0,0,0,0,1,0,0,0,1,0,0,0,0,0,0,0,0,1,0,0,0,1,0,0,1,0,0,0,0,1,0,0,1,0,0,0,0,1,0,1,0
CLI-002177,175236.0,1,199,94,47.2,19,5.65,4,0,2,0,6.6,5,3,5212.24,0.07,0,0.25,0,0,1,0,0,0,0,0,1,0,0,0,0,0,1,0,0,0,0,0,0,0,1,0,0,1,0,0,0,0,0,1,0,1,0,0,0,0,1,0,0,0,0,1,1,0,0
CLI-001352,1130.0,23,3,2,66.7,58,50.4,13,7,0,0,8.1,5,0,76.59,0.0,0,0.81,0,0,0,0,0,0,1,1,0,0,0,0,0,0,1,0,0,0,0,0,1,0,0,0,0,1,0,0,0,0,0,0,1,0,1,0,0,0,0,1,0,0,0,1,0,0,1
CLI-000078,65682.0,12,186,12,50.0,1,0.3,5,2,19,0,4.2,3,0,8010.0,0.05,0,0.19,0,0,0,0,0,1,0,1,0,0,0,0,0,0,1,0,0,0,0,0,0,0,1,0,0,0,1,0,1,0,0,0,0,0,0,0,1,0,1,0,0,0,0,1,0,1,0
CLI-001202,991.0,12,2,1,50.0,6,1.2,2,5,5,4,31.2,3,1,22.38,0.01,0,0.25,0,0,0,0,1,0,0,1,0,0,0,0,0,0,1,0,0,0,0,0,1,0,0,0,1,0,0,0,0,1,0,0,0,1,0,0,0,1,0,0,0,0,0,1,0,1,0
CLI-000659,20657.0,23,55,11,20.0,1,0.3,4,4,8,1,8.3,3,0,1095.26,0.01,0,0.25,1,0,0,0,0,0,0,0,0,0,0,0,1,0,1,0,0,0,0,0,0,1,0,0,0,1,0,0,0,0,0,1,0,0,0,0,1,0,0,1,0,0,0,1,0,0,1
CLI-004717,27125.0,17,15,6,40.0,31,18.9,10,4,0,0,9.3,3,0,703.81,0.0,0,0.38,0,0,0,0,1,0,0,0,0,0,1,0,0,0,0,1,0,0,0,0,0,1,0,0,0,0,1,0,0,0,1,0,0,0,0,1,0,1,0,0,0,1,0,0,0,0,1
CLI-002227,1300.0,22,3,2,66.7,37,14.8,4,6,1,4,31.7,3,0,48.05,0.0,0,0.5,0,0,0,0,0,1,0,0,0,0,1,0,0,0,1,0,0,0,0,0,1,0,0,0,1,0,0,0,1,0,0,0,0,0,0,0,1,0,0,1,0,1,0,0,0,0,1
CLI-001844,827.0,1,10,2,20.0,2,0.1,2,0,10,3,27.3,2,2,100.81,0.33,0,0.25,0,1,0,0,0,0,0,0,0,0,1,0,0,0,1,0,0,0,0,0,1,0,0,0,1,0,0,0,0,0,0,0,1,0,0,0,1,0,0,1,0,0,0,1,1,0,0
CLI-004596,16388.0,14,6,4,66.7,60,32.4,7,3,0,0,11.8,3,0,166.54,0.0,0,0.44,0,1,0,0,0,0,0,0,0,0,0,0,0,1,1,0,0,0,0,0,1,0,0,0,0,1,0,0,1,0,0,0,0,0,1,0,0,0,0,1,0,0,0,1,0,0,1
CLI-000452,480.0,16,3,1,33.3,1,0.4,2,1,1,0,28.6,3,0,38.99,0.0,0,0.25,0,0,0,1,0,0,0,1,0,0,0,0,0,0,1,0,0,0,0,0,1,0,0,0,1,0,0,0,0,0,0,1,0,0,0,1,0,1,0,0,0,0,0,1,0,0,1
CLI-001641,5388.0,1,10,7,70.0,47,33.3,4,2,1,3,31.3,3,7,126.36,0.03,0,0.5,0,0,0,0,1,0,0,0,0,0,0,0,0,1,1,0,0,0,0,0,1,0,0,0,1,0,0,0,0,1,0,0,0,1,0,0,0,0,1,0,0,0,0,1,1,0,0
CLI-004579,300.0,5,1,1,50.0,3,0.2,4,2,2,1,11.5,2,1,20.06,0.01,0,0.25,0,0,0,0,0,0,1,0,0,0,0,0,1,0,1,0,0,0,0,0,1,0,0,0,0,1,0,0,0,0,1,0,0,1,0,0,0,0,1,0,1,0,0,0,0,1,0
CLI-003359,2130.0,7,16,0,0.0,0,0.0,0,0,104,0,3.7,4,3,371.09,0.5,1,0.0,0,0,1,0,0,0,0,0,0,0,1,0,0,0,1,0,0,0,0,0,0,1,0,0,0,1,0,0,0,1,0,0,0,0,0,0,1,0,1,0,0,0,0,1,0,1,0
CLI-003685,5644.0,16,7,3,42.9,17,3.1,9,7,1,1,5.4,4,0,275.31,0.0,0,0.35,0,0,0,0,0,0,1,0,1,0,0,0,0,0,1,0,0,0,0,0,0,1,0,0,0,0,1,0,0,0,1,0,0,0,0,0,1,0,1,0,0,0,0,1,0,0,1
CLI-001629,667.0,4,10,4,40.0,19,10.1,2,0,6,3,15.8,4,2,120.0,0.05,0,0.25,0,0,0,0,1,0,0,0,0,1,0,0,0,0,0,1,0,0,0,0,1,0,0,0,1,0,0,0,0,0,1,0,0,1,0,0,0,0,0,1,0,0,0,1,0,1,0
CLI-004993,29610.0,11,32,15,46.9,12,0.6,9,5,2,4,10.5,2,0,1504.55,0.01,0,0.35,0,0,0,0,1,0,0,1,0,0,0,0,0,0,1,0,0,0,0,0,0,1,0,0,0,0,1,0,0,0,0,0,1,0,0,1,0,1,0,0,0,0,0,1,0,1,0
CLI-000432,27803.0,18,37,22,59.5,24,10.9,6,5,0,0,3.2,5,0,1883.7,0.0,0,0.23,1,0,0,0,0,0,0,1,0,0,0,0,0,0,0,1,0,0,0,0,0,0,1,0,0,0,1,0,0,1,0,0,0,0,1,0,0,1,0,0,0,0,0,1,0,0,1
CLI-003337,713.0,6,6,2,33.3,7,2.6,4,2,2,6,10.5,2,1,72.47,0.01,0,0.5,0,0,0,1,0,0,0,0,0,0,0,0,0,1,1,0,0,0,0,0,1,0,0,0,1,0,0,0,1,0,0,0,0,0,0,0,1,1,0,0,0,0,0,1,0,1,0
CLI-002428,414.0,13,1,1,100.0,12,4.7,2,2,1,0,16.7,5,0,13.28,0.0,0,0.25,1,0,0,0,0,0,0,0,0,1,0,0,0,0,1,0,0,0,0,0,1,0,0,0,1,0,0,0,0,0,0,1,0,0,0,1,0,0,1,0,0,1,0,0,0,0,1
CLI-003014,62296.0,5,181,116,64.1,37,8.2,4,2,0,4,14.0,4,0,4525.0,0.0,0,0.25,0,1,0,0,0,0,0,0,0,0,0,1,0,0,0,0,0,1,0,0,0,0,1,0,0,1,0,0,0,1,0,0,0,0,0,0,1,0,1,0,0,0,0,1,0,1,0
CLI-000217,30865.0,21,7,1,14.3,1,0.2,2,2,30,8,10.0,3,0,313.67,0.05,1,0.08,0,0,0,1,0,0,0,1,0,0,0,0,0,0,1,0,0,0,0,0,1,0,0,0,0,0,1,0,0,0,0,0,1,0,1,0,0,0,0,1,1,0,0,0,0,0,1
CLI-001546,1315.0,11,4,2,50.0,24,1.2,3,2,0,1,18.8,3,1,48.61,0.0,0,0.38,0,1,0,0,0,0,0,0,0,0,0,1,0,0,1,0,0,0,0,0,1,0,0,0,1,0,0,0,1,0,0,0,0,1,0,0,0,0,1,0,0,1,0,0,0,1,0
CLI-003664,241854.0,6,467,297,63.6,56,47.5,27,2,0,0,4.6,5,2,42134.9,0.0,0,0.68,0,0,0,0,1,0,0,0,0,1,0,0,0,0,0,0,1,0,0,0,0,0,0,1,0,0,0,1,0,0,1,0,0,0,0,1,0,1,0,0,0,1,0,0,0,1,0
CLI-001538,3794.0,23,10,6,60.0,27,7.8,3,8,0,5,34.2,2,0,140.19,0.0,0,0.38,0,0,0,0,0,0,1,0,0,1,0,0,0,0,1,0,0,0,0,0,1,0,0,0,1,0,0,0,1,0,0,0,0,0,0,1,0,0,1,0,0,0,0,1,0,0,1
CLI-003051,328537.0,4,127,72,56.7,22,3.4,12,3,0,6,10.5,4,1,7154.55,0.0,0,0.46,0,0,0,0,1,0,0,0,0,0,1,0,0,0,0,0,0,1,0,0,0,0,1,0,0,0,1,0,0,0,1,0,0,0,1,0,0,1,0,0,0,0,0,1,0,1,0
CLI-001029,1034.0,15,15,0,0.0,0,0.0,0,0,32,5,21.0,2,0,252.15,0.07,1,0.0,1,0,0,0,0,0,0,0,0,0,0,0,0,1,1,0,0,0,0,0,0,1,0,0,0,1,0,0,0,0,0,1,0,0,0,1,0,0,0,1,1,0,0,0,0,0,1
CLI-000391,90467.0,20,72,38,52.8,45,8.8,8,4,0,0,1.0,4,0,3343.2,0.0,0,0.31,0,0,0,0,0,0,1,1,0,0,0,0,0,0,0,0,1,0,0,0,0,0,1,0,0,0,1,0,0,0,0,1,0,0,0,0,1,0,1,0,0,0,0,1,0,0,1
CLI-002885,2738.0,14,39,30,76.9,37,18.6,4,2,0,6,31.9,4,0,556.58,0.0,0,0.5,0,0,0,0,1,0,0,1,0,0,0,0,0,0,1,0,0,0,0,0,0,1,0,0,1,0,0,0,1,0,0,0,0,1,0,0,0,1,0,0,0,0,0,1,0,0,1
CLI-001710,1061.0,12,3,2,50.0,50,39.1,6,0,2,1,12.5,3,0,80.89,0.01,0,0.38,1,0,0,0,0,0,0,0,0,1,0,0,0,0,1,0,0,0,0,0,1,0,0,0,0,1,0,0,0,0,0,1,0,1,0,0,0,0,0,1,0,0,0,1,0,1,0
CLI-003201,2259.0,8,15,9,60.0,24,3.2,3,1,0,1,12.2,2,1,344.4,0.0,0,0.19,0,1,0,0,0,0,0,0,0,1,0,0,0,0,0,0,0,0,0,1,0,1,0,0,0,1,0,0,1,0,0,0,0,0,0,0,1,1,0,0,1,0,0,0,0,1,0
CLI-004279,6381.0,25,11,5,45.5,14,4.1,11,5,3,2,7.5,3,0,486.33,0.0,0,0.42,0,0,0,0,0,1,0,0,0,1,0,0,0,0,1,0,0,0,0,0,1,0,0,0,0,0,1,0,0,0,0,1,0,0,1,0,0,0,0,1,0,1,0,0,0,0,1
CLI-000962,59412.0,8,179,117,65.4,43,8.1,11,2,3,2,4.8,4,0,8050.34,0.01,0,0.42,1,0,0,0,0,0,0,0,0,1,0,0,0,0,1,0,0,0,0,0,0,0,1,0,0,0,1,0,0,0,1,0,0,0,1,0,0,0,1,0,0,0,0,1,0,1,0
CLI-002359,9425.0,14,10,4,40.0,10,1.6,5,3,2,1,8.3,3,0,547.32,0.0,0,0.19,0,0,0,0,1,0,0,0,0,1,0,0,0,0,1,0,0,0,0,0,0,1,0,0,0,0,1,0,1,0,0,0,0,1,0,0,0,1,0,0,0,0,0,1,0,0,1
CLI-004267,15606.0,19,22,5,22.7,3,0.2,1,4,5,4,9.1,3,0,906.3,0.01,0,0.04,0,0,1,0,0,0,0,0,0,0,0,0,1,0,1,0,0,0,0,0,0,1,0,0,0,0,1,0,0,0,1,0,0,0,1,0,0,0,0,1,0,0,0,1,0,0,1
CLI-003364,7151.0,1,35,18,51.4,30,2.0,6,0,0,2,10.5,3,0,969.02,0.0,0,0.38,1,0,0,0,0,0,0,0,0,1,0,0,0,0,0,1,0,0,0,0,0,1,0,0,0,1,0,0,0,0,0,1,0,0,0,1,0,0,1,0,0,1,0,0,1,0,0
CLI-002877,260344.0,28,398,212,53.3,14,8.6,5,6,1,4,18.1,2,0,9950.0,0.0,0,0.31,0,0,1,0,0,0,0,0,0,1,0,0,0,0,1,0,0,0,0,0,0,0,0,1,0,1,0,0,0,0,0,0,1,0,0,1,0,1,0,0,0,0,0,1,0,0,1
CLI-004148,402818.0,3,815,157,19.3,1,0.5,14,0,16,2,5.6,3,0,54582.34,0.18,0,0.35,0,1,0,0,0,0,0,0,1,0,0,0,0,0,0,1,0,0,0,0,0,0,0,1,0,0,0,1,0,0,1,0,0,0,0,0,1,0,0,1,1,0,0,0,1,0,0
CLI-000384,89125.0,9,142,27,50.0,1,0.3,11,2,7,1,4.4,4,0,6793.03,0.03,0,0.42,1,0,0,0,0,0,0,0,1,0,0,0,0,0,1,0,0,0,0,0,0,0,1,0,0,0,1,0,0,0,1,0,0,0,0,0,1,1,0,0,0,0,0,1,0,1,0
CLI-003282,12116.0,2,51,34,66.7,46,26.2,10,0,1,0,10.5,4,0,2110.83,0.02,0,0.38,0,0,0,0,0,0,1,0,0,0,0,0,0,1,1,0,0,0,0,0,0,1,0,0,0,0,1,0,1,0,0,0,0,0,1,0,0,0,0,1,0,0,0,1,1,0,0
CLI-000681,981.0,1,8,7,87.5,87,69.4,6,1,1,1,19.6,4,1,85.43,0.03,0,0.75,1,0,0,0,0,0,0,0,0,1,0,0,0,0,0,0,0,0,1,0,1,0,0,0,1,0,0,0,0,0,1,0,0,0,1,0,0,1,0,0,0,1,0,0,1,0,0
CLI-004467,58050.0,14,102,48,50.0,15,8.7,7,6,1,4,2.6,2,0,7865.9,0.0,0,0.18,1,0,0,0,0,0,0,0,0,0,0,1,0,0,1,0,0,0,0,0,0,0,1,0,0,0,0,1,0,0,0,0,1,0,0,1,0,1,0,0,0,0,0,1,0,0,1
CLI-001272,11452.0,2,38,28,73.7,47,18.6,7,2,1,0,7.5,4,1,931.09,0.02,0,0.44,0,1,0,0,0,0,0,0,0,0,0,0,0,1,1,0,0,0,0,0,0,1,0,0,0,1,0,0,0,0,0,0,1,0,0,1,0,0,1,0,0,0,0,1,1,0,0
CLI-003789,627.0,4,1,1,100.0,45,18.0,12,2,1,2,2.3,4,0,40.26,0.01,0,0.46,0,0,0,0,0,0,1,0,0,0,0,1,0,0,1,0,0,0,0,0,1,0,0,0,0,0,1,0,0,0,0,0,1,0,0,1,0,0,0,1,0,0,0,1,0,1,0
CLI-003433,680.0,15,4,1,25.0,1,0.1,3,1,3,3,18.2,3,0,46.05,0.01,0,0.38,0,0,0,0,1,0,0,0,0,0,0,0,0,1,1,0,0,0,0,0,1,0,0,0,1,0,0,0,0,1,0,0,0,1,0,0,0,0,1,0,0,0,0,1,0,0,1
CLI-002816,149498.0,3,142,77,54.2,18,5.0,14,3,4,8,7.3,2,1,7292.57,0.04,0,0.54,0,0,0,1,0,0,0,0,1,0,0,0,0,0,1,0,0,0,0,0,0,0,1,0,0,0,1,0,0,1,0,0,0,0,0,0,1,1,0,0,0,0,0,1,1,0,0
CLI-003837,6386.0,8,45,14,31.1,3,0.8,3,2,18,1,12.3,3,2,973.44,0.08,0,0.19,1,0,0,0,0,0,0,1,0,0,0,0,0,0,0,0,0,1,0,0,0,1,0,0,0,1,0,0,1,0,0,0,0,1,0,0,0,0,1,0,0,0,0,1,0,1,0
CLI-003634,4865.0,14,11,7,63.6,54,31.7,4,3,3,5,30.4,2,0,164.79,0.01,0,0.5,0,0,0,0,0,0,1,0,0,0,0,0,1,0,0,0,1,0,0,0,1,0,0,0,1,0,0,0,0,1,0,0,0,0,0,1,0,0,1,0,1,0,0,0,0,0,1
CLI-000279,6536.0,9,45,21,46.7,13,2.3,9,2,1,4,18.5,3,0,1138.63,0.0,0,0.56,0,0,0,1,0,0,0,0,0,0,0,1,0,0,0,0,0,0,0,1,0,1,0,0,0,1,0,0,0,1,0,0,0,0,1,0,0,0,1,0,1,0,0,0,0,1,0
CLI-002597,9637.0,1,33,25,75.8,54,35.7,9,0,1,3,15.7,3,3,839.45,0.03,0,0.56,0,0,1,0,0,0,0,0,1,0,0,0,0,0,1,0,0,0,0,0,0,1,0,0,0,1,0,0,0,0,1,0,0,1,0,0,0,0,0,1,0,1,0,0,1,0,0
CLI-003541,348.0,2,3,2,66.7,15,9.1,4,1,0,3,28.7,3,3,38.55,0.0,0,0.5,0,0,1,0,0,0,0,0,0,0,0,0,0,1,1,0,0,0,0,0,1,0,0,0,1,0,0,0,0,0,0,0,1,0,1,0,0,0,0,1,0,0,0,1,1,0,0
CLI-000775,456.0,3,7,5,71.4,45,17.3,3,0,1,1,23.2,5,2,79.49,0.01,0,0.38,0,0,0,0,0,0,1,0,0,1,0,0,0,0,1,0,0,0,0,0,1,0,0,0,1,0,0,0,1,0,0,0,0,0,1,0,0,1,0,0,0,0,0,1,1,0,0
CLI-001431,369025.0,23,197,56,28.4,2,0.9,4,3,0,2,5.1,5,0,5294.48,0.0,0,0.25,0,0,0,0,0,0,1,0,0,0,0,1,0,0,0,0,0,0,1,0,0,0,1,0,0,1,0,0,0,0,1,0,0,0,1,0,0,1,0,0,0,0,0,1,0,0,1
CLI-004199,7091.0,17,49,26,53.1,16,2.5,6,5,2,5,15.9,3,0,1235.45,0.0,0,0.38,1,0,0,0,0,0,0,0,0,0,1,0,0,0,0,0,0,1,0,0,0,1,0,0,0,1,0,0,1,0,0,0,0,0,1,0,0,0,1,0,0,0,0,1,0,0,1
CLI-002787,2012.0,4,9,2,50.0,1,0.3,3,0,2,4,12.0,2,3,188.77,0.02,0,0.19,0,0,0,1,0,0,0,0,0,1,0,0,0,0,0,0,0,1,0,0,1,0,0,0,0,1,0,0,0,1,0,0,0,0,0,1,0,0,0,1,1,0,0,0,0,1,0
CLI-001253,1228.0,1,28,0,0.0,0,0.0,0,0,30,0,14.2,3,4,249.56,1.0,1,0.0,0,0,0,1,0,0,0,0,0,1,0,0,0,0,0,0,0,0,0,1,0,1,0,0,1,0,0,0,0,0,0,1,0,0,0,0,1,0,1,0,1,0,0,0,1,0,0
CLI-001701,11176.0,25,16,5,31.2,13,6.0,5,2,4,1,12.8,4,0,378.58,0.01,0,0.31,0,0,0,1,0,0,0,0,0,0,0,0,1,0,0,0,0,0,1,0,0,1,0,0,0,1,0,0,0,0,0,0,1,0,0,0,1,1,0,0,0,0,0,1,0,0,1
CLI-004406,21025.0,1,39,25,64.1,31,10.7,19,0,0,7,3.3,3,3,2848.86,0.0,0,0.48,0,0,1,0,0,0,0,0,0,0,0,0,0,1,1,0,0,0,0,0,0,1,0,0,0,0,0,1,0,1,0,0,0,0,0,0,1,1,0,0,0,0,0,1,1,0,0
CLI-000654,13662.0,20,13,3,23.1,1,0.1,7,5,30,6,6.7,1,0,617.06,0.05,1,0.27,0,0,0,0,0,1,0,0,0,0,0,0,0,1,0,0,0,0,1,0,0,1,0,0,0,0,1,0,0,1,0,0,0,0,0,1,0,1,0,0,0,0,0,1,0,0,1
CLI-001270,40697.0,2,136,38,27.9,5,1.0,1,2,1,0,10.3,3,0,2363.36,0.02,0,0.06,0,0,0,0,0,1,0,0,0,0,0,0,0,1,1,0,0,0,0,0,0,0,0,1,0,1,0,0,0,0,0,0,1,0,0,1,0,0,1,0,0,1,0,0,1,0,0
CLI-003238,6655.0,2,43,19,50.0,25,16.6,4,0,1,2,9.1,4,3,901.74,0.02,0,0.25,0,0,1,0,0,0,0,1,0,0,0,0,0,0,1,0,0,0,0,0,0,1,0,0,0,1,0,0,0,0,0,1,0,0,1,0,0,0,0,1,0,0,0,1,1,0,0
CLI-001284,103565.0,14,106,48,45.3,15,9.4,6,6,1,6,11.2,3,0,4355.14,0.0,0,0.23,0,0,0,0,1,0,0,0,0,1,0,0,0,0,1,0,0,0,0,0,0,0,1,0,0,0,1,0,0,0,1,0,0,0,0,1,0,0,0,1,0,1,0,0,0,0,1
CLI-004706,980.0,16,3,2,66.7,50,45.6,5,5,1,0,3.9,5,0,42.7,0.0,0,0.62,0,0,0,0,0,0,1,1,0,0,0,0,0,0,1,0,0,0,0,0,1,0,0,0,1,0,0,0,0,1,0,0,0,0,1,0,0,0,0,1,0,0,0,1,0,0,1
CLI-001655,241535.0,20,142,105,73.9,43,30.4,11,2,1,6,1.1,4,0,11782.18,0.0,0,0.28,1,0,0,0,0,0,0,0,0,0,0,0,1,0,0,0,0,0,0,1,0,0,0,1,0,0,0,1,0,0,0,0,1,1,0,0,0,0,0,1,0,0,0,1,0,0,1
CLI-000428,348.0,2,4,1,25.0,1,0.5,2,0,2,8,26.6,2,1,42.4,0.03,0,0.25,0,0,0,0,0,0,1,0,1,0,0,0,0,0,0,0,0,0,1,0,1,0,0,0,1,0,0,0,0,0,0,0,1,1,0,0,0,1,0,0,0,0,0,1,1,0,0
CLI-003450,425.0,5,10,5,50.0,16,6.9,1,0,0,3,19.3,5,1,103.58,0.0,0,0.12,1,0,0,0,0,0,0,0,0,0,1,0,0,0,1,0,0,0,0,0,1,0,0,0,1,0,0,0,0,0,0,1,0,0,1,0,0,0,0,1,0,0,0,1,0,1,0
CLI-004590,274459.0,16,731,492,67.3,37,21.5,6,0,0,4,6.8,3,0,27892.22,0.0,0,0.23,0,0,0,0,1,0,0,0,1,0,0,0,0,0,1,0,0,0,0,0,0,0,0,1,0,0,1,0,0,0,0,1,0,0,1,0,0,1,0,0,0,1,0,0,0,0,1
CLI-004095,582.0,1,9,5,55.6,27,16.1,3,0,0,2,28.5,4,4,101.37,0.0,0,0.38,0,1,0,0,0,0,0,0,0,1,0,0,0,0,1,0,0,0,0,0,1,0,0,0,1,0,0,0,1,0,0,0,0,1,0,0,0,0,1,0,0,1,0,0,1,0,0
CLI-000047,13027.0,8,31,3,9.7,1,0.5,1,1,9,10,5.1,3,0,2269.46,0.04,0,0.02,0,0,0,0,0,0,1,0,1,0,0,0,0,0,1,0,0,0,0,0,0,1,0,0,0,0,0,1,0,0,0,0,1,1,0,0,0,0,0,1,0,0,0,1,0,1,0
CLI-002763,2285.0,3,6,3,50.0,10,4.2,7,2,1,0,11.0,5,1,139.32,0.01,0,0.44,0,0,0,0,0,1,0,1,0,0,0,0,0,0,1,0,0,0,0,0,1,0,0,0,0,1,0,0,0,0,0,0,1,1,0,0,0,0,0,1,0,1,0,0,1,0,0
CLI-001552,14131.0,1,57,30,52.6,18,6.2,11,0,0,2,7.3,4,3,1723.25,0.0,0,0.42,0,1,0,0,0,0,0,0,0,0,0,0,0,1,0,0,0,0,1,0,0,1,0,0,0,0,1,0,0,0,0,0,1,1,0,0,0,1,0,0,0,0,0,1,1,0,0
CLI-003104,21069.0,9,44,2,4.5,1,0.1,1,2,0,0,0.5,5,3,1712.96,0.0,0,0.04,1,0,0,0,0,0,0,0,1,0,0,0,0,0,1,0,0,0,0,0,0,1,0,0,0,0,1,0,0,0,1,0,0,0,1,0,0,1,0,0,0,0,0,1,0,1,0
CLI-000350,31610.0,3,43,30,69.8,52,32.6,16,0,0,1,6.8,2,4,1835.65,0.0,0,0.62,0,0,0,0,1,0,0,0,0,0,1,0,0,0,1,0,0,0,0,0,0,1,0,0,0,0,1,0,1,0,0,0,0,1,0,0,0,0,1,0,0,0,0,1,1,0,0
CLI-000512,98602.0,5,193,143,74.1,52,28.6,6,0,1,2,12.8,3,0,5228.1,0.01,0,0.38,0,0,1,0,0,0,0,1,0,0,0,0,0,0,1,0,0,0,0,0,0,0,1,0,0,1,0,0,0,0,0,1,0,0,1,0,0,1,0,0,0,1,0,0,0,1,0
CLI-002000,9625.0,2,38,17,44.7,1,0.3,4,1,16,4,13.9,3,4,733.6,0.27,0,0.25,0,0,1,0,0,0,0,0,0,0,0,0,0,1,1,0,0,0,0,0,0,1,0,0,0,1,0,0,0,0,1,0,0,1,0,0,0,0,1,0,0,1,0,0,1,0,0
CLI-001120,4993.0,4,52,17,50.0,22,7.0,4,3,7,0,10.5,4,0,507.42,0.06,0,0.5,0,0,0,0,0,0,1,0,0,0,1,0,0,0,0,0,0,1,0,0,0,1,0,0,1,0,0,0,0,0,0,1,0,1,0,0,0,0,1,0,0,0,1,0,0,1,0
CLI-003371,10640.0,10,24,18,75.0,49,9.3,14,2,1,0,3.4,4,1,926.84,0.0,0,0.54,0,0,0,0,0,1,0,0,0,1,0,0,0,0,1,0,0,0,0,0,0,1,0,0,0,0,1,0,0,0,1,0,0,0,1,0,0,1,0,0,0,1,0,0,0,1,0
CLI-001642,41213.0,19,17,14,82.4,29,13.6,17,5,0,0,0.5,5,0,1523.03,0.0,0,0.42,0,0,1,0,0,0,0,0,0,0,0,1,0,0,1,0,0,0,0,0,0,1,0,0,0,0,0,1,0,0,1,0,0,1,0,0,0,1,0,0,0,0,1,0,0,0,1
CLI-000365,25756.0,5,57,41,71.9,50,36.3,10,2,1,1,10.5,3,0,1570.51,0.01,0,0.62,0,0,0,0,0,0,1,0,0,0,0,1,0,0,1,0,0,0,0,0,0,1,0,0,0,1,0,0,0,0,1,0,0,1,0,0,0,1,0,0,0,1,0,0,0,1,0
CLI-000049,37272.0,12,10,5,50.0,37,24.5,10,2,1,4,5.8,3,0,454.54,0.0,0,0.38,0,0,0,0,0,1,0,0,0,0,0,0,1,0,1,0,0,0,0,0,1,0,0,0,0,0,1,0,1,0,0,0,0,0,1,0,0,1,0,0,0,0,0,1,0,1,0
CLI-002972,6825.0,11,34,24,70.6,49,22.4,3,2,1,0,20.8,5,0,416.14,0.0,0,0.38,0,0,0,0,0,0,1,0,0,0,0,0,0,1,1,0,0,0,0,0,0,1,0,0,1,0,0,0,1,0,0,0,0,1,0,0,0,0,1,0,0,0,0,1,0,1,0
CLI-000313,75142.0,13,54,24,44.4,5,1.4,4,4,3,3,5.1,3,2,2863.66,0.01,0,0.15,0,1,0,0,0,0,0,1,0,0,0,0,0,0,0,0,0,1,0,0,0,1,0,0,0,0,1,0,0,0,0,0,1,1,0,0,0,0,1,0,0,1,0,0,0,0,1
CLI-000915,34788.0,5,58,15,50.0,1,0.2,1,0,30,3,7.4,3,3,1844.54,0.2,1,0.04,0,0,1,0,0,0,0,0,1,0,0,0,0,0,1,0,0,0,0,0,0,1,0,0,0,0,1,0,0,0,0,1,0,0,1,0,0,0,0,1,0,1,0,0,0,1,0
CLI-002602,16950.0,4,49,33,67.3,28,21.9,3,1,0,1,23.1,4,1,626.4,0.0,0,0.38,0,0,0,0,1,0,0,0,1,0,0,0,0,0,0,1,0,0,0,0,0,1,0,0,1,0,0,0,0,1,0,0,0,0,0,0,1,0,0,1,0,0,0,1,0,1,0
CLI-004414,110129.0,10,68,57,83.8,46,40.6,21,1,2,1,0.5,4,0,4974.21,0.01,0,0.52,0,0,0,0,0,1,0,1,0,0,0,0,0,0,0,0,1,0,0,0,0,0,1,0,0,0,0,1,1,0,0,0,0,0,1,0,0,1,0,0,0,0,0,1,0,1,0
CLI-004136,13958.0,18,30,12,40.0,3,1.3,0,3,15,5,16.2,2,1,773.71,0.03,0,0.0,0,0,0,0,1,0,0,0,1,0,0,0,0,0,1,0,0,0,0,0,0,1,0,0,0,1,0,0,1,0,0,0,0,0,1,0,0,0,0,1,0,0,0,1,0,0,1
CLI-000746,11169.0,5,9,6,66.7,56,42.2,8,1,0,5,13.2,3,1,277.97,0.0,0,0.5,0,0,1,0,0,0,0,0,0,0,0,0,0,1,1,0,0,0,0,0,0,1,0,0,0,1,0,0,1,0,0,0,0,0,0,1,0,1,0,0,0,1,0,0,0,1,0
CLI-002796,25723.0,14,13,10,76.9,24,5.65,8,4,1,0,6.2,3,0,681.95,0.0,0,0.31,0,0,0,0,0,1,0,1,0,0,0,0,0,0,1,0,0,0,0,0,0,1,0,0,0,0,1,0,0,0,0,1,0,0,0,1,0,0,1,0,0,1,0,0,0,0,1
CLI-003803,282166.0,1,330,151,45.8,1,0.3,7,0,30,6,5.2,4,2,15641.13,1.0,1,0.27,0,0,0,1,0,0,0,0,0,0,0,0,0,1,1,0,0,0,0,0,0,0,0,1,0,0,1,0,0,0,0,1,0,0,0,0,1,0,0,1,0,1,0,0,1,0,0
CLI-000304,981.0,7,5,1,20.0,1,0.3,3,3,6,5,12.4,2,0,132.99,0.03,0,0.19,0,0,0,1,0,0,0,0,0,0,0,0,0,1,0,1,0,0,0,0,1,0,0,0,0,1,0,0,0,1,0,0,0,0,1,0,0,0,1,0,1,0,0,0,0,1,0
CLI-003445,87483.0,18,133,0,0.0,0,0.0,0,2,107,1,2.1,4,0,10668.67,0.2,1,0.0,0,0,0,1,0,0,0,0,0,0,0,1,0,0,0,1,0,0,0,0,0,0,1,0,0,0,0,1,0,0,0,1,0,0,0,1,0,1,0,0,0,0,0,1,0,0,1
CLI-000138,13962.0,1,53,42,79.2,41,34.2,8,0,4,2,17.6,3,0,1418.92,0.13,0,0.5,1,0,0,0,0,0,0,0,1,0,0,0,0,0,1,0,0,0,0,0,0,1,0,0,0,1,0,0,0,0,0,1,0,0,0,0,1,1,0,0,0,0,0,1,1,0,0
CLI-003964,8204.0,3,6,3,50.0,17,8.9,2,2,2,0,6.7,5,0,188.77,0.02,0,0.12,0,0,0,1,0,0,0,1,0,0,0,0,0,0,0,0,0,0,1,0,1,0,0,0,0,1,0,0,0,0,0,0,1,1,0,0,0,0,0,1,0,0,0,1,1,0,0
CLI-004035,439.0,12,1,1,50.0,76,73.5,4,6,0,0,10.5,4,2,12.74,0.0,0,0.5,0,0,0,0,0,1,0,0,0,0,0,0,0,1,0,0,0,1,0,0,1,0,0,0,1,0,0,0,0,0,0,0,1,0,0,0,1,1,0,0,0,0,0,1,0,1,0
CLI-001096,27508.0,10,48,14,29.2,5,0.9,3,2,2,2,11.5,3,0,1242.47,0.01,0,0.19,0,1,0,0,0,0,0,0,0,0,1,0,0,0,1,0,0,0,0,0,0,1,0,0,0,1,0,0,1,0,0,0,0,0,0,1,0,1,0,0,0,1,0,0,0,1,0
CLI-003952,5708.0,28,25,3,12.0,1,0.3,1,4,12,6,21.1,1,0,580.11,0.01,0,0.06,0,0,0,0,0,1,0,0,0,0,0,1,0,0,1,0,0,0,0,0,0,1,0,0,0,1,0,0,1,0,0,0,0,0,1,0,0,0,0,1,0,0,0,1,0,0,1
CLI-000035,29926.0,15,12,6,50.0,19,6.3,12,4,0,1,6.0,4,0,598.28,0.0,0,0.46,1,0,0,0,0,0,0,0,0,0,0,1,0,0,1,0,0,0,0,0,0,1,0,0,0,0,1,0,0,0,1,0,0,0,0,0,1,0,1,0,0,0,1,0,0,0,1
CLI-003072,283645.0,8,468,100,21.4,7,4.1,5,2,2,2,20.7,1,2,11530.27,0.01,0,0.31,0,1,0,0,0,0,0,0,0,0,0,1,0,0,1,0,0,0,0,0,0,0,0,1,0,1,0,0,0,1,0,0,0,1,0,0,0,0,1,0,0,0,0,1,0,1,0
CLI-003233,40325.0,7,55,42,76.4,49,31.4,6,3,0,0,11.2,3,0,1490.2,0.0,0,0.38,0,0,0,1,0,0,0,1,0,0,0,0,0,0,1,0,0,0,0,0,0,1,0,0,0,1,0,0,0,0,1,0,0,0,1,0,0,0,1,0,0,0,0,1,0,1,0
CLI-002389,965755.0,15,466,172,36.9,19,8.7,9,5,4,1,7.6,3,0,21031.25,0.01,0,0.35,1,0,0,0,0,0,0,0,1,0,0,0,0,0,1,0,0,0,0,0,0,0,0,1,0,0,1,0,0,0,0,0,1,1,0,0,0,0,1,0,0,1,0,0,0,0,1
CLI-003792,66288.0,12,175,87,49.7,11,4.0,8,3,3,2,2.1,3,0,6736.6,0.01,0,0.31,0,0,0,0,0,0,1,0,1,0,0,0,0,0,1,0,0,0,0,0,0,0,1,0,0,0,1,0,0,1,0,0,0,1,0,0,0,0,1,0,0,1,0,0,0,1,0
CLI-003896,110245.0,15,50,32,64.0,33,6.7,22,3,0,0,0.5,5,0,4636.02,0.0,0,0.55,0,0,0,0,0,0,1,1,0,0,0,0,0,0,1,0,0,0,0,0,0,0,1,0,0,0,0,1,0,0,0,0,1,0,1,0,0,1,0,0,0,0,0,1,0,0,1
CLI-003805,9822.0,12,8,3,37.5,21,17.5,25,5,0,6,6.6,3,0,630.43,0.0,0,0.62,1,0,0,0,0,0,0,1,0,0,0,0,0,0,0,0,0,1,0,0,1,0,0,0,0,0,0,1,0,0,0,0,1,0,0,0,1,0,1,0,0,1,0,0,0,1,0
CLI-003149,5099.0,18,14,9,64.3,45,21.9,9,3,2,1,4.6,4,0,282.66,0.0,0,0.56,0,1,0,0,0,0,0,0,1,0,0,0,0,0,1,0,0,0,0,0,0,1,0,0,0,1,0,0,0,1,0,0,0,0,1,0,0,0,0,1,0,0,0,1,0,0,1
CLI-002319,3088.0,9,6,3,50.0,9,3.1,6,3,6,5,12.2,3,3,144.83,0.02,0,0.38,0,0,0,1,0,0,0,0,0,0,1,0,0,0,0,0,0,0,0,1,1,0,0,0,0,1,0,0,0,1,0,0,0,0,0,1,0,0,1,0,0,1,0,0,0,1,0
CLI-002900,1906.0,4,5,5,100.0,80,61.9,11,0,1,0,6.0,5,1,136.76,0.01,0,0.69,0,1,0,0,0,0,0,0,0,1,0,0,0,0,0,0,0,1,0,0,1,0,0,0,0,1,0,0,0,1,0,0,0,0,0,1,0,0,1,0,0,0,0,1,0,1,0
CLI-001939,1387.0,1,19,3,15.8,1,0.3,0,0,26,7,17.7,2,2,422.81,0.87,0,0.0,0,0,0,0,1,0,0,0,0,0,1,0,0,0,1,0,0,0,0,0,0,1,0,0,0,1,0,0,0,0,0,1,0,0,0,1,0,0,1,0,0,0,0,1,1,0,0
CLI-002977,41308.0,17,48,42,87.5,70,14.5,20,3,0,0,10.5,5,1,2518.76,0.0,0,0.77,0,0,0,0,1,0,0,0,1,0,0,0,0,0,0,0,0,1,0,0,0,1,0,0,0,0,1,0,0,1,0,0,0,1,0,0,0,1,0,0,0,0,0,1,0,0,1
CLI-003451,4116.0,17,43,18,41.9,6,0.8,2,5,15,0,4.8,5,0,557.69,0.03,0,0.25,0,0,0,0,1,0,0,0,0,1,0,0,0,0,1,0,0,0,0,0,0,1,0,0,1,0,0,0,0,1,0,0,0,1,0,0,0,0,0,1,0,1,0,0,0,0,1
CLI-000028,752272.0,1,348,293,84.2,54,23.6,20,0,1,1,3.8,4,4,33977.96,0.03,0,0.5,0,0,1,0,0,0,0,0,0,0,1,0,0,0,1,0,0,0,0,0,0,0,0,1,0,0,0,1,0,0,0,1,0,1,0,0,0,0,1,0,0,0,0,1,1,0,0
CLI-002626,11658.0,14,51,14,27.5,12,8.9,5,2,0,5,14.8,2,0,1015.47,0.0,0,0.31,0,0,0,0,0,0,1,0,0,0,0,1,0,0,1,0,0,0,0,0,0,1,0,0,0,1,0,0,0,0,1,0,0,0,0,1,0,0,0,1,0,0,0,1,0,0,1
CLI-001052,9688.0,29,42,4,9.5,1,0.2,2,6,13,3,25.9,3,0,492.26,0.01,0,0.25,0,0,0,1,0,0,0,0,1,0,0,0,0,0,0,0,0,0,1,0,0,1,0,0,1,0,0,0,0,0,0,0,1,1,0,0,0,0,1,0,0,0,0,1,0,0,1
CLI-000645,1675.0,14,11,6,54.5,22,11.4,4,1,0,2,26.1,5,0,107.53,0.0,0,0.5,0,0,1,0,0,0,0,0,0,0,0,0,1,0,0,1,0,0,0,0,1,0,0,0,1,0,0,0,0,0,0,0,1,0,0,0,1,0,1,0,0,1,0,0,0,0,1
CLI-004557,1358.0,10,3,2,66.7,29,14.2,3,2,0,2,40.8,1,1,33.11,0.0,0,0.38,0,0,0,1,0,0,0,0,0,1,0,0,0,0,0,1,0,0,0,0,1,0,0,0,1,0,0,0,0,0,0,0,1,1,0,0,0,0,1,0,1,0,0,0,0,1,0
CLI-000736,1518.0,6,13,4,50.0,10,4.0,1,2,3,0,18.9,3,1,142.36,0.02,0,0.12,0,0,0,0,1,0,0,1,0,0,0,0,0,0,0,0,0,0,1,0,0,1,0,0,1,0,0,0,1,0,0,0,0,1,0,0,0,1,0,0,0,1,0,0,0,1,0
CLI-000198,32006.0,14,47,34,72.3,51,18.3,9,5,2,0,7.1,5,0,1175.0,0.0,0,0.56,0,0,0,0,1,0,0,0,1,0,0,0,0,0,1,0,0,0,0,0,0,1,0,0,0,1,0,0,0,1,0,0,0,0,0,0,1,0,0,1,0,0,1,0,0,0,1
CLI-002288,7611.0,22,14,10,71.4,15,7.8,4,5,5,3,15.6,4,0,386.76,0.01,0,0.25,0,0,0,1,0,0,0,0,0,1,0,0,0,0,0,0,0,1,0,0,0,1,0,0,0,1,0,0,0,0,0,0,1,0,0,1,0,0,0,1,0,0,1,0,0,0,1
CLI-003188,31888.0,12,43,26,50.0,18,7.7,17,1,4,0,3.0,3,0,1944.39,0.01,0,0.65,0,0,0,1,0,0,0,0,0,0,0,0,1,0,1,0,0,0,0,0,0,1,0,0,0,0,1,0,0,0,0,0,1,1,0,0,0,1,0,0,0,0,0,1,0,1,0
CLI-004944,49084.0,14,53,32,60.4,19,8.8,10,5,1,3,12.7,3,0,1575.24,0.0,0,0.62,0,0,0,0,0,1,0,1,0,0,0,0,0,0,1,0,0,0,0,0,0,1,0,0,0,1,0,0,1,0,0,0,0,1,0,0,0,0,1,0,0,1,0,0,0,0,1
CLI-000129,54349.0,4,28,21,75.0,82,55.2,25,0,2,0,3.0,5,1,2367.1,0.02,0,0.62,0,0,1,0,0,0,0,0,0,0,0,0,0,1,1,0,0,0,0,0,0,1,0,0,0,0,0,1,0,0,0,1,0,0,0,0,1,0,0,1,0,0,0,1,0,1,0
CLI-004129,340.0,10,2,1,50.0,3,0.2,5,3,8,6,14.2,2,1,37.67,0.03,0,0.31,0,0,1,0,0,0,0,0,0,0,0,1,0,0,0,0,0,0,1,0,1,0,0,0,0,1,0,0,0,0,0,1,0,1,0,0,0,0,1,0,0,0,0,1,0,1,0
CLI-000471,1324.0,6,11,3,27.3,1,0.1,2,2,25,4,26.7,3,0,107.68,0.14,0,0.25,0,0,0,0,1,0,0,0,0,0,1,0,0,0,1,0,0,0,0,0,1,0,0,0,1,0,0,0,0,0,0,1,0,1,0,0,0,1,0,0,0,0,0,1,0,1,0
CLI-004210,2100.0,5,10,9,90.0,55,34.3,3,0,1,0,13.9,5,1,128.04,0.01,0,0.38,1,0,0,0,0,0,0,0,0,0,1,0,0,0,1,0,0,0,0,0,1,0,0,0,1,0,0,0,1,0,0,0,0,0,0,0,1,0,0,1,0,1,0,0,0,1,0
CLI-001775,117443.0,9,69,35,50.7,26,8.9,18,1,1,3,4.0,2,0,5728.94,0.0,0,0.45,0,0,0,0,0,0,1,0,0,0,0,1,0,0,1,0,0,0,0,0,0,0,1,0,0,0,0,1,0,0,1,0,0,0,1,0,0,0,1,0,1,0,0,0,0,1,0
CLI-002888,1488.0,4,1,1,100.0,98,91.2,12,2,1,4,6.1,3,0,49.04,0.01,0,0.46,0,0,0,0,0,0,1,0,0,0,1,0,0,0,1,0,0,0,0,0,1,0,0,0,0,0,1,0,0,0,0,0,1,0,0,1,0,0,0,1,0,1,0,0,0,1,0
CLI-002619,664.0,1,1,1,100.0,38,22.9,8,0,0,0,4.5,4,5,25.32,0.0,0,0.5,0,0,0,1,0,0,0,0,1,0,0,0,0,0,1,0,0,0,0,0,1,0,0,0,0,1,0,0,0,0,0,0,1,0,0,0,1,1,0,0,0,0,0,1,1,0,0
CLI-003033,2922.0,12,8,5,62.5,28,7.7,4,4,0,5,9.6,3,0,222.68,0.0,0,0.25,0,0,1,0,0,0,0,0,0,1,0,0,0,0,1,0,0,0,0,0,1,0,0,0,0,1,0,0,0,0,1,0,0,0,0,1,0,0,0,1,0,1,0,0,0,1,0
CLI-001229,3290.0,22,6,2,33.3,7,2.5,4,3,3,2,11.1,3,0,154.32,0.0,0,0.25,0,1,0,0,0,0,0,0,1,0,0,0,0,0,0,0,0,1,0,0,1,0,0,0,0,1,0,0,0,1,0,0,0,0,0,0,1,1,0,0,0,1,0,0,0,0,1
CLI-003220,13782.0,6,31,21,67.7,28,14.4,10,1,0,5,8.3,5,2,1527.99,0.0,0,0.38,0,0,0,0,0,0,1,0,0,0,0,1,0,0,1,0,0,0,0,0,0,1,0,0,0,0,1,0,0,0,1,0,0,0,1,0,0,1,0,0,0,0,0,1,0,1,0
CLI-000911,2354.0,2,8,7,87.5,67,5.65,10,1,2,5,14.2,4,1,191.39,0.03,0,0.62,0,0,0,0,1,0,0,0,0,1,0,0,0,0,1,0,0,0,0,0,1,0,0,0,0,1,0,0,0,1,0,0,0,0,0,1,0,1,0,0,0,0,0,1,1,0,0
CLI-000472,42499.0,1,55,17,30.9,11,2.6,10,0,6,1,10.5,5,3,2253.41,0.2,0,0.38,0,1,0,0,0,0,0,0,0,0,0,0,1,0,0,0,1,0,0,0,0,1,0,0,0,0,1,0,0,0,1,0,0,1,0,0,0,1,0,0,0,0,0,1,1,0,0
CLI-000544,20781.0,19,36,15,41.7,17,6.3,6,5,1,0,7.4,3,0,873.88,0.0,0,0.38,1,0,0,0,0,0,0,1,0,0,0,0,0,0,1,0,0,0,0,0,0,0,1,0,0,1,0,0,0,0,0,0,1,0,0,0,1,0,1,0,0,0,0,1,0,0,1
CLI-004707,31382.0,1,59,32,54.2,41,17.4,10,0,0,5,5.3,3,3,2391.94,0.0,0,0.38,0,0,0,0,0,0,1,0,0,1,0,0,0,0,1,0,0,0,0,0,0,1,0,0,0,0,1,0,0,0,0,1,0,0,1,0,0,1,0,0,0,0,0,1,1,0,0
CLI-000136,43682.0,1,91,28,30.8,10,3.8,8,1,0,3,8.3,2,3,6658.82,0.0,0,0.2,0,1,0,0,0,0,0,0,0,0,0,0,0,1,0,0,0,1,0,0,0,0,1,0,0,0,0,1,0,0,0,1,0,0,1,0,0,0,1,0,1,0,0,0,1,0,0
CLI-004570,6269.0,12,10,4,40.0,12,5.1,1,4,2,0,10.5,5,0,231.68,0.01,0,0.06,0,0,0,1,0,0,0,1,0,0,0,0,0,0,0,0,0,1,0,0,1,0,0,0,0,1,0,0,0,0,1,0,0,0,0,0,1,1,0,0,0,0,1,0,0,1,0
CLI-002969,4833.0,28,8,6,75.0,57,37.8,4,5,0,1,22.6,3,0,107.17,0.0,0,0.5,0,0,0,0,0,1,0,0,0,0,1,0,0,0,1,0,0,0,0,0,1,0,0,0,1,0,0,0,0,0,0,0,1,1,0,0,0,0,1,0,0,1,0,0,0,0,1
CLI-000310,13617.0,11,8,6,75.0,53,27.7,8,1,1,1,13.3,5,0,221.41,0.0,0,0.5,0,0,0,0,0,1,0,1,0,0,0,0,0,0,0,1,0,0,0,0,1,0,0,0,0,1,0,0,0,1,0,0,0,0,0,0,1,0,1,0,0,0,0,1,0,1,0
CLI-002694,10291.0,1,44,27,61.4,1,0.1,5,0,20,5,13.7,2,2,1045.79,0.67,0,0.31,0,0,0,0,0,0,1,0,0,1,0,0,0,0,0,0,0,0,0,1,0,1,0,0,0,1,0,0,0,0,0,0,1,0,0,0,1,0,0,1,0,0,0,1,1,0,0
CLI-001474,101714.0,10,39,26,66.7,60,15.8,13,3,1,3,6.4,3,0,2000.67,0.0,0,0.5,0,1,0,0,0,0,0,0,0,1,0,0,0,0,1,0,0,0,0,0,0,1,0,0,0,0,1,0,0,1,0,0,0,0,0,0,1,1,0,0,0,0,0,1,0,1,0
CLI-000772,134238.0,19,83,24,28.9,5,2.1,11,6,2,3,1.8,3,0,3992.8,0.0,0,0.42,1,0,0,0,0,0,0,0,0,0,0,0,0,1,1,0,0,0,0,0,0,0,1,0,0,0,1,0,0,0,0,0,1,0,1,0,0,1,0,0,0,1,0,0,0,0,1
CLI-000344,389107.0,9,190,72,37.9,2,0.9,7,1,9,3,3.2,1,1,9684.09,0.03,0,0.27,0,0,1,0,0,0,0,0,0,0,0,0,0,1,1,0,0,0,0,0,0,0,1,0,0,0,1,0,0,0,0,1,0,0,0,1,0,0,0,1,0,0,0,1,0,1,0
CLI-002957,300.0,19,2,1,50.0,1,0.2,2,2,18,7,28.6,3,0,21.44,0.03,0,0.25,0,0,0,1,0,0,0,1,0,0,0,0,0,0,1,0,0,0,0,0,1,0,0,0,1,0,0,0,0,0,0,1,0,0,0,1,0,0,0,1,1,0,0,0,0,0,1
CLI-004905,36066.0,9,39,33,84.6,28,17.2,8,2,2,0,8.3,5,0,975.0,0.01,0,0.5,0,0,0,0,1,0,0,0,0,1,0,0,0,0,1,0,0,0,0,0,0,0,1,0,0,1,0,0,0,0,0,1,0,0,1,0,0,1,0,0,0,0,1,0,0,1,0
CLI-001675,79973.0,10,46,38,82.6,59,46.0,7,1,1,9,18.0,2,0,1108.28,0.0,0,0.44,0,0,0,0,1,0,0,0,0,1,0,0,0,0,0,0,0,0,0,1,0,1,0,0,0,1,0,0,1,0,0,0,0,1,0,0,0,0,1,0,1,0,0,0,0,1,0
CLI-002729,8748.0,30,11,4,36.4,6,4.0,3,7,0,6,21.2,3,0,136.78,0.0,0,0.38,0,0,0,0,1,0,0,1,0,0,0,0,0,0,1,0,0,0,0,0,1,0,0,0,1,0,0,0,1,0,0,0,0,1,0,0,0,0,0,1,0,0,0,1,0,0,1
CLI-000938,42003.0,13,58,21,36.2,8,2.7,12,4,1,0,0.5,5,0,2695.96,0.0,0,0.46,0,1,0,0,0,0,0,0,0,0,0,1,0,0,0,0,0,0,0,1,0,0,1,0,0,0,1,0,0,0,0,0,1,0,0,0,1,0,0,1,0,0,0,1,0,0,1
CLI-002867,9385.0,19,7,3,42.9,24,12.2,3,3,0,1,10.5,2,0,97.82,0.0,0,0.38,1,0,0,0,0,0,0,0,1,0,0,0,0,0,0,0,0,1,0,0,1,0,0,0,1,0,0,0,1,0,0,0,0,0,0,1,0,0,1,0,0,0,0,1,0,0,1
CLI-003150,12450.0,17,56,29,51.8,9,4.1,4,2,3,7,20.6,2,0,1380.22,0.01,0,0.25,0,0,1,0,0,0,0,0,0,0,0,0,0,1,1,0,0,0,0,0,0,1,0,0,0,1,0,0,0,1,0,0,0,0,0,0,1,1,0,0,1,0,0,0,0,0,1
CLI-002199,16693.0,1,51,41,80.4,73,27.6,6,0,1,2,11.1,4,2,1272.36,0.03,0,0.38,0,0,0,1,0,0,0,0,1,0,0,0,0,0,1,0,0,0,0,0,0,1,0,0,0,1,0,0,0,0,0,0,1,0,0,1,0,0,1,0,0,1,0,0,1,0,0
CLI-000967,300.0,12,1,0,0.0,0,0.0,0,0,34,7,32.4,3,0,10.82,0.09,1,0.0,0,0,1,0,0,0,0,1,0,0,0,0,0,0,0,0,1,0,0,0,1,0,0,0,1,0,0,0,0,0,1,0,0,0,0,1,0,1,0,0,0,0,0,1,0,1,0
CLI-000140,6911.0,15,29,23,79.3,62,32.1,10,2,0,3,13.6,3,0,766.2,0.0,0,0.62,0,1,0,0,0,0,0,0,0,0,0,0,0,1,0,0,0,1,0,0,0,1,0,0,0,1,0,0,0,0,0,0,1,0,0,0,1,0,0,1,0,1,0,0,0,0,1
CLI-000908,27577.0,9,48,41,85.4,78,66.4,3,3,2,3,18.0,5,0,782.11,0.01,0,0.38,0,1,0,0,0,0,0,0,1,0,0,0,0,0,1,0,0,0,0,0,0,1,0,0,1,0,0,0,1,0,0,0,0,1,0,0,0,0,0,1,0,0,1,0,0,1,0
CLI-004083,5047.0,18,13,6,46.2,2,0.8,3,2,21,1,12.5,5,0,307.74,0.04,0,0.19,0,0,0,1,0,0,0,0,0,1,0,0,0,0,1,0,0,0,0,0,0,1,0,0,0,1,0,0,1,0,0,0,0,0,0,1,0,0,1,0,0,1,0,0,0,0,1
CLI-001419,11083.0,9,8,7,87.5,74,42.8,9,3,1,0,9.4,4,0,245.75,0.0,0,0.56,0,0,0,0,0,1,0,0,0,0,0,0,0,1,1,0,0,0,0,0,1,0,0,0,0,1,0,0,0,1,0,0,0,0,0,1,0,1,0,0,0,0,1,0,0,1,0
CLI-001442,11418.0,1,16,10,62.5,20,5.65,12,0,1,5,10.5,3,2,696.22,0.03,0,0.46,0,1,0,0,0,0,0,1,0,0,0,0,0,0,1,0,0,0,0,0,0,1,0,0,0,0,1,0,0,0,0,1,0,0,0,0,1,0,0,1,0,0,0,1,1,0,0
CLI-002704,300.0,14,2,1,50.0,22,1.9,1,5,2,3,24.3,3,0,26.12,0.0,0,0.12,0,0,0,0,0,1,0,0,0,1,0,0,0,0,0,0,0,0,0,1,1,0,0,0,1,0,0,0,0,0,0,0,1,0,0,0,1,0,0,1,0,0,0,1,0,0,1
CLI-001834,6869.0,6,19,7,36.8,11,3.9,15,1,1,3,1.3,3,0,1520.0,0.01,0,0.38,0,0,1,0,0,0,0,0,0,1,0,0,0,0,1,0,0,0,0,0,0,1,0,0,0,0,0,1,0,0,0,1,0,0,0,0,1,0,0,1,0,1,0,0,0,1,0
CLI-002505,18073.0,16,49,0,0.0,0,0.0,0,0,45,1,13.2,3,0,918.34,0.09,1,0.0,0,0,0,0,0,0,1,1,0,0,0,0,0,0,1,0,0,0,0,0,0,1,0,0,0,1,0,0,0,1,0,0,0,0,0,0,1,1,0,0,1,0,0,0,0,0,1
CLI-001963,15724.0,19,9,8,88.9,76,37.3,7,8,1,1,11.5,3,0,266.33,0.0,0,0.44,0,1,0,0,0,0,0,0,1,0,0,0,0,0,0,1,0,0,0,0,0,1,0,0,0,1,0,0,0,0,1,0,0,0,0,1,0,0,0,1,0,0,0,1,0,0,1
CLI-003500,5363.0,21,11,4,36.4,3,5.65,3,8,1,0,11.1,5,0,152.1,0.0,0,0.38,0,0,0,0,1,0,0,1,0,0,0,0,0,0,0,0,0,0,1,0,1,0,0,0,1,0,0,0,1,0,0,0,0,0,0,1,0,0,1,0,0,0,0,1,0,0,1
CLI-000974,1785.0,6,3,2,66.7,58,24.8,8,0,3,1,11.5,4,2,87.09,0.02,0,0.5,1,0,0,0,0,0,0,0,0,0,0,0,0,1,0,0,0,1,0,0,1,0,0,0,0,1,0,0,0,1,0,0,0,0,1,0,0,1,0,0,0,0,0,1,0,1,0
CLI-000904,22462.0,1,34,27,79.4,35,23.2,8,0,0,4,16.7,3,2,1014.53,0.0,0,0.5,0,0,0,0,0,1,0,0,0,0,0,0,1,0,0,0,1,0,0,0,0,1,0,0,0,1,0,0,0,0,1,0,0,0,1,0,0,0,0,1,0,0,0,1,1,0,0
CLI-002206,76232.0,17,72,32,44.4,11,3.9,7,2,1,6,19.9,1,0,1787.81,0.0,0,0.44,0,0,0,1,0,0,0,0,0,1,0,0,0,0,0,0,0,0,0,1,0,0,1,0,0,1,0,0,1,0,0,0,0,0,0,0,1,0,1,0,1,0,0,0,0,0,1
CLI-004889,116713.0,16,99,77,77.8,25,4.3,16,4,1,0,10.5,5,0,7907.4,0.0,0,0.4,0,0,0,0,1,0,0,0,0,1,0,0,0,0,0,0,0,1,0,0,0,0,1,0,0,0,0,1,0,1,0,0,0,0,1,0,0,0,1,0,0,0,1,0,0,0,1
CLI-003858,288911.0,17,215,137,50.0,40,29.6,8,2,1,4,6.1,3,0,10676.68,0.0,0,0.31,0,0,0,0,0,0,1,1,0,0,0,0,0,0,0,0,0,0,0,1,0,0,1,0,0,0,1,0,0,1,0,0,0,0,0,0,1,0,0,1,0,0,0,1,0,0,1
CLI-002690,715.0,4,2,1,50.0,20,5.4,8,1,2,3,12.7,3,1,45.88,0.02,0,0.5,0,0,0,0,0,0,1,0,0,1,0,0,0,0,1,0,0,0,0,0,1,0,0,0,0,1,0,0,0,0,1,0,0,1,0,0,0,0,1,0,0,0,0,1,0,1,0
CLI-000045,2986.0,11,7,2,28.6,1,0.5,4,0,5,0,10.5,5,0,158.34,0.02,0,0.25,0,0,0,0,0,0,1,1,0,0,0,0,0,0,0,0,0,0,0,1,1,0,0,0,0,1,0,0,1,0,0,0,0,0,0,1,0,0,1,0,0,0,0,1,0,1,0
CLI-003534,5296.0,7,11,1,9.1,1,0.1,0,2,21,2,11.8,5,0,307.56,0.1,0,0.0,0,1,0,0,0,0,0,0,0,0,0,1,0,0,1,0,0,0,0,0,1,0,0,0,0,1,0,0,0,1,0,0,0,0,1,0,0,0,1,0,1,0,0,0,0,1,0
CLI-000525,2784.0,27,2,1,50.0,6,3.5,2,2,1,6,41.7,1,0,30.87,0.0,0,0.25,0,0,0,0,0,1,0,0,0,0,0,1,0,0,1,0,0,0,0,0,1,0,0,0,1,0,0,0,1,0,0,0,0,0,1,0,0,1,0,0,0,0,0,1,0,0,1
CLI-004062,1785.0,19,5,1,20.0,1,0.3,0,3,14,0,3.2,5,0,94.62,0.02,0,0.0,0,1,0,0,0,0,0,0,0,0,0,1,0,0,1,0,0,0,0,0,1,0,0,0,0,1,0,0,1,0,0,0,0,0,0,1,0,0,0,1,1,0,0,0,0,0,1
CLI-001666,3904.0,5,27,23,85.2,80,79.1,9,0,0,0,14.8,3,0,595.12,0.0,0,0.56,0,0,1,0,0,0,0,0,0,1,0,0,0,0,0,1,0,0,0,0,0,1,0,0,0,1,0,0,1,0,0,0,0,1,0,0,0,0,0,1,0,1,0,0,0,1,0
CLI-003754,1300.0,9,1,1,100.0,64,34.1,11,1,0,6,10.5,2,0,29.36,0.0,0,0.69,1,0,0,0,0,0,0,0,0,1,0,0,0,0,1,0,0,0,0,0,1,0,0,0,0,1,0,0,0,1,0,0,0,0,0,1,0,0,0,1,1,0,0,0,0,1,0
CLI-000314,26366.0,17,45,21,46.7,26,16.5,8,3,0,0,9.3,4,0,1236.68,0.0,0,0.5,0,1,0,0,0,0,0,0,0,0,0,1,0,0,1,0,0,0,0,0,0,1,0,0,0,1,0,0,0,0,1,0,0,1,0,0,0,0,1,0,0,0,1,0,0,0,1
CLI-001047,36602.0,13,57,14,24.6,9,2.7,4,3,3,0,1.7,5,0,1425.0,0.01,0,0.25,0,0,0,0,0,0,1,0,0,1,0,0,0,0,1,0,0,0,0,0,0,1,0,0,0,1,0,0,0,0,1,0,0,0,0,1,0,0,0,1,0,0,0,1,0,0,1
CLI-001980,11602.0,17,29,12,41.4,6,2.6,18,2,5,0,4.6,5,0,1286.28,0.01,0,0.69,0,0,0,1,0,0,0,0,0,0,0,1,0,0,0,0,1,0,0,0,0,1,0,0,0,0,1,0,0,1,0,0,0,0,1,0,0,0,1,0,0,0,0,1,0,0,1
CLI-000462,1188.0,6,7,4,57.1,24,10.3,4,0,1,2,12.0,4,0,144.87,0.01,0,0.25,0,0,0,0,0,1,0,1,0,0,0,0,0,0,1,0,0,0,0,0,0,1,0,0,0,1,0,0,0,1,0,0,0,0,1,0,0,0,0,1,0,1,0,0,0,1,0
CLI-003493,1473.0,4,6,4,66.7,41,29.9,3,1,2,3,33.0,2,1,74.86,0.02,0,0.38,1,0,0,0,0,0,0,0,0,0,0,0,1,0,1,0,0,0,0,0,1,0,0,0,1,0,0,0,0,0,1,0,0,0,0,0,1,1,0,0,1,0,0,0,0,1,0
CLI-002714,24800.0,6,156,22,14.1,1,0.1,3,3,9,1,3.3,4,2,5040.65,0.05,0,0.12,0,0,0,0,0,0,1,0,0,0,0,0,1,0,1,0,0,0,0,0,0,0,1,0,0,0,1,0,0,0,0,0,1,1,0,0,0,1,0,0,1,0,0,0,0,1,0
CLI-000086,576.0,12,9,1,11.1,1,0.1,0,4,6,0,18.0,4,0,78.05,0.02,0,0.0,1,0,0,0,0,0,0,0,0,1,0,0,0,0,1,0,0,0,0,0,1,0,0,0,1,0,0,0,1,0,0,0,0,1,0,0,0,0,0,1,1,0,0,0,0,1,0
CLI-003461,5463.0,2,10,2,20.0,1,0.2,7,0,1,6,10.5,1,1,740.24,0.02,0,0.18,1,0,0,0,0,0,0,0,1,0,0,0,0,0,1,0,0,0,0,0,1,0,0,0,0,0,0,1,1,0,0,0,0,0,1,0,0,0,1,0,1,0,0,0,1,0,0
CLI-003105,387312.0,4,193,115,59.6,20,5.65,8,0,1,1,10.5,3,2,8911.93,0.01,0,0.31,0,0,0,0,0,0,1,0,0,0,0,0,0,1,0,0,1,0,0,0,0,0,1,0,0,0,1,0,0,1,0,0,0,0,0,0,1,0,0,1,0,0,0,1,0,1,0
CLI-002274,5395.0,1,21,15,71.4,17,1.5,7,0,1,5,16.7,3,5,438.63,0.03,0,0.44,0,0,0,1,0,0,0,0,0,0,0,0,1,0,1,0,0,0,0,0,0,1,0,0,0,1,0,0,1,0,0,0,0,0,0,0,1,0,0,1,0,0,0,1,1,0,0
CLI-004180,558.0,6,15,11,73.3,10,0.5,1,2,1,0,17.6,4,2,170.1,0.01,0,0.12,0,0,0,1,0,0,0,0,0,0,0,1,0,0,0,0,0,0,1,0,0,1,0,0,1,0,0,0,1,0,0,0,0,0,1,0,0,1,0,0,0,1,0,0,0,1,0
CLI-003844,152081.0,11,144,36,25.0,12,7.2,5,4,1,3,7.5,4,0,6623.75,0.0,0,0.19,0,0,0,0,1,0,0,0,0,1,0,0,0,0,0,0,0,0,0,1,0,0,1,0,0,0,1,0,0,1,0,0,0,0,0,1,0,1,0,0,0,0,1,0,0,1,0
CLI-001146,423920.0,13,219,122,55.7,1,0.1,5,2,10,4,6.9,4,0,17232.53,0.03,0,0.12,0,1,0,0,0,0,0,0,0,0,0,0,0,1,0,1,0,0,0,0,0,0,1,0,0,0,0,1,0,1,0,0,0,0,0,0,1,0,1,0,0,1,0,0,0,0,1
CLI-004257,19730.0,4,52,40,76.9,51,28.2,4,3,0,1,12.5,4,0,1503.83,0.0,0,0.25,0,0,0,0,0,1,0,0,0,0,0,0,0,1,1,0,0,0,0,0,0,1,0,0,0,1,0,0,1,0,0,0,0,0,0,0,1,1,0,0,0,0,0,1,0,1,0
CLI-002113,13834.0,9,30,26,86.7,81,7.2,9,1,1,2,11.3,5,1,843.55,0.0,0,0.56,0,0,1,0,0,0,0,0,0,1,0,0,0,0,0,0,1,0,0,0,0,1,0,0,0,1,0,0,1,0,0,0,0,0,0,0,1,0,0,1,0,1,0,0,0,1,0
CLI-003434,977.0,3,3,1,33.3,2,0.7,2,0,0,0,10.0,4,1,31.36,0.0,0,0.25,0,1,0,0,0,0,0,0,0,0,0,1,0,0,0,0,0,0,1,0,1,0,0,0,1,0,0,0,0,0,0,1,0,0,0,1,0,0,0,1,0,1,0,0,1,0,0
CLI-002914,210093.0,13,199,96,48.2,4,0.5,11,3,0,0,4.4,3,0,13484.78,0.0,0,0.28,0,0,1,0,0,0,0,0,0,1,0,0,0,0,0,0,0,0,1,0,0,0,1,0,0,0,0,1,0,0,0,0,1,0,0,0,1,1,0,0,0,1,0,0,0,0,1
CLI-002414,1510126.0,10,593,334,56.3,3,1.2,12,2,4,3,1.8,4,1,47220.94,0.01,0,0.3,0,0,1,0,0,0,0,0,0,0,1,0,0,0,1,0,0,0,0,0,0,0,0,1,0,0,0,1,0,0,0,1,0,0,0,0,1,1,0,0,0,0,0,1,0,1,0
CLI-002399,9764.0,9,21,3,14.3,1,0.3,2,0,3,1,8.3,2,2,744.23,0.01,0,0.08,0,1,0,0,0,0,0,0,0,1,0,0,0,0,1,0,0,0,0,0,0,1,0,0,0,0,1,0,0,1,0,0,0,0,0,0,1,1,0,0,0,0,0,1,0,1,0
CLI-002612,16449.0,5,54,23,42.6,18,15.7,8,1,3,1,9.0,2,1,2507.4,0.02,0,0.31,1,0,0,0,0,0,0,0,0,0,1,0,0,0,1,0,0,0,0,0,0,1,0,0,0,0,1,0,0,0,1,0,0,0,1,0,0,0,1,0,1,0,0,0,0,1,0
CLI-004500,30185.0,11,108,68,63.0,46,5.65,7,5,1,5,12.9,2,0,2454.05,0.0,0,0.44,1,0,0,0,0,0,0,0,0,0,0,0,1,0,0,0,0,0,1,0,0,0,1,0,0,1,0,0,0,0,0,0,1,0,0,0,1,0,1,0,1,0,0,0,0,1,0
CLI-000714,8305.0,10,40,36,90.0,50,27.7,6,5,1,10,17.6,2,1,1012.86,0.0,0,0.38,0,1,0,0,0,0,0,0,0,0,0,0,0,1,1,0,0,0,0,0,0,1,0,0,0,1,0,0,0,0,1,0,0,1,0,0,0,0,1,0,1,0,0,0,0,1,0
CLI-000132,12228.0,9,47,22,46.8,6,0.3,1,1,4,6,18.5,3,1,994.13,0.01,0,0.06,0,0,0,1,0,0,0,0,0,0,0,1,0,0,1,0,0,0,0,0,0,1,0,0,0,1,0,0,1,0,0,0,0,0,1,0,0,0,0,1,0,1,0,0,0,1,0
CLI-003674,14596.0,4,49,34,69.4,52,55.6,7,1,1,1,9.5,5,1,1271.4,0.01,0,0.44,0,0,0,0,1,0,0,0,0,1,0,0,0,0,0,0,1,0,0,0,0,1,0,0,0,1,0,0,0,1,0,0,0,1,0,0,0,0,1,0,0,1,0,0,0,1,0
CLI-000131,10715.0,13,21,5,23.8,1,0.4,3,0,22,1,8.2,2,0,945.0,0.06,0,0.12,0,0,0,0,1,0,0,0,1,0,0,0,0,0,1,0,0,0,0,0,0,1,0,0,0,0,1,0,0,1,0,0,0,1,0,0,0,1,0,0,0,0,0,1,0,0,1
CLI-004032,8947.0,12,45,24,53.3,1,0.5,4,2,9,12,23.0,2,0,909.24,0.02,0,0.25,0,0,0,0,0,0,1,0,0,0,1,0,0,0,1,0,0,0,0,0,0,1,0,0,0,1,0,0,0,0,1,0,0,1,0,0,0,0,0,1,0,0,0,1,0,1,0
CLI-000926,3033.0,1,47,22,46.8,12,4.5,6,0,4,0,10.5,4,2,924.74,0.13,0,0.38,0,0,0,0,1,0,0,0,1,0,0,0,0,0,1,0,0,0,0,0,0,1,0,0,0,1,0,0,0,0,1,0,0,0,1,0,0,0,0,1,0,0,0,1,1,0,0
CLI-000684,3451.0,22,10,6,60.0,19,7.5,5,4,4,3,16.2,3,0,263.02,0.01,0,0.31,0,1,0,0,0,0,0,0,0,0,1,0,0,0,1,0,0,0,0,0,1,0,0,0,0,1,0,0,0,1,0,0,0,0,0,1,0,0,1,0,0,1,0,0,0,0,1
CLI-001204,10625.0,11,43,5,11.6,1,0.3,0,3,5,5,10.5,3,0,925.48,0.02,0,0.0,0,0,0,1,0,0,0,0,0,0,0,0,0,1,0,0,1,0,0,0,0,1,0,0,0,1,0,0,0,0,0,0,1,0,0,1,0,1,0,0,1,0,0,0,0,1,0
CLI-000375,75389.0,12,191,14,7.3,1,0.1,1,4,23,3,4.0,4,0,8358.03,0.06,0,0.04,0,1,0,0,0,0,0,1,0,0,0,0,0,0,1,0,0,0,0,0,0,0,1,0,0,0,1,0,0,0,1,0,0,0,0,1,0,1,0,0,1,0,0,0,0,1,0
CLI-000970,34667.0,9,55,5,9.1,1,0.1,6,2,10,3,9.0,3,0,1565.81,0.04,0,0.38,0,0,0,1,0,0,0,0,0,1,0,0,0,0,0,0,1,0,0,0,0,1,0,0,0,1,0,0,0,0,1,0,0,0,0,0,1,0,1,0,1,0,0,0,0,1,0
CLI-000426,28040.0,1,39,0,0.0,0,0.0,0,0,30,1,11.7,3,2,977.01,1.0,1,0.0,1,0,0,0,0,0,0,0,0,0,0,1,0,0,0,1,0,0,0,0,0,1,0,0,0,1,0,0,0,1,0,0,0,1,0,0,0,0,1,0,0,0,0,1,1,0,0
CLI-001481,745.0,8,7,4,57.1,23,11.3,4,2,3,4,40.7,2,0,82.58,0.01,0,0.5,0,0,0,0,0,1,0,0,0,0,1,0,0,0,0,0,0,0,0,1,1,0,0,0,1,0,0,0,0,1,0,0,0,0,1,0,0,1,0,0,1,0,0,0,0,1,0
CLI-000969,34738.0,10,37,27,73.0,63,50.9,8,3,0,0,10.5,4,0,985.2,0.0,0,0.5,0,0,0,0,0,0,1,0,0,1,0,0,0,0,1,0,0,0,0,0,0,0,1,0,0,1,0,0,1,0,0,0,0,0,0,1,0,0,0,1,0,0,1,0,0,1,0
CLI-000757,8728.0,10,46,7,15.2,5,2.1,2,4,2,10,36.6,2,0,483.83,0.01,0,0.25,0,1,0,0,0,0,0,0,0,0,0,0,0,1,0,0,0,0,1,0,0,1,0,0,1,0,0,0,0,1,0,0,0,0,0,1,0,1,0,0,1,0,0,0,0,1,0
CLI-000892,717.0,14,3,1,33.3,1,0.1,2,3,17,2,20.5,5,0,33.65,0.04,0,0.25,0,1,0,0,0,0,0,1,0,0,0,0,0,0,0,0,1,0,0,0,1,0,0,0,1,0,0,0,0,0,0,0,1,0,0,1,0,0,0,1,0,0,0,1,0,0,1
CLI-000669,3902.0,26,5,2,40.0,8,3.2,4,2,10,8,13.4,1,0,216.28,0.01,0,0.15,0,0,0,0,0,0,1,0,0,1,0,0,0,0,1,0,0,0,0,0,1,0,0,0,0,0,1,0,1,0,0,0,0,0,0,0,1,0,0,1,0,0,0,1,0,0,1
CLI-000429,370.0,2,7,2,28.6,1,0.1,2,0,16,0,14.2,4,0,75.12,0.27,0,0.25,0,0,0,0,1,0,0,1,0,0,0,0,0,0,1,0,0,0,0,0,1,0,0,0,1,0,0,0,0,0,1,0,0,0,0,1,0,0,1,0,0,0,0,1,1,0,0
CLI-003351,1951.0,17,7,2,28.6,1,0.1,1,5,22,7,31.4,1,0,79.32,0.04,0,0.12,0,0,0,1,0,0,0,0,0,0,0,0,0,1,1,0,0,0,0,0,1,0,0,0,1,0,0,0,0,0,1,0,0,0,0,0,1,0,0,1,0,0,0,1,0,0,1
CLI-002150,18767.0,11,98,52,53.1,32,17.3,6,2,2,0,10.9,4,1,2080.62,0.01,0,0.38,1,0,0,0,0,0,0,0,0,0,0,1,0,0,0,0,0,0,0,1,0,0,1,0,0,1,0,0,0,0,0,0,1,1,0,0,0,0,0,1,0,1,0,0,0,1,0
CLI-000599,2521.0,17,10,7,70.0,17,9.6,8,3,3,3,16.8,2,0,236.45,0.01,0,0.5,0,1,0,0,0,0,0,0,0,1,0,0,0,0,1,0,0,0,0,0,1,0,0,0,0,1,0,0,0,1,0,0,0,0,1,0,0,0,0,1,0,0,0,1,0,0,1
CLI-000439,36627.0,8,34,24,70.6,33,20.4,24,2,0,0,0.5,5,2,2627.51,0.0,0,0.6,0,0,0,0,0,0,1,0,1,0,0,0,0,0,1,0,0,0,0,0,0,0,1,0,0,0,0,1,1,0,0,0,0,0,1,0,0,1,0,0,0,0,0,1,0,1,0
CLI-004842,1358.0,2,17,10,58.8,36,21.5,8,0,1,2,11.1,4,0,414.14,0.02,0,0.5,0,0,0,0,0,0,1,0,0,0,0,1,0,0,1,0,0,0,0,0,0,1,0,0,0,1,0,0,0,0,0,1,0,0,1,0,0,0,1,0,0,0,0,1,1,0,0
CLI-003206,75708.0,9,52,0,0.0,0,0.0,0,0,70,3,10.5,3,0,2429.65,0.26,1,0.0,0,1,0,0,0,0,0,1,0,0,0,0,0,0,0,0,0,0,0,1,0,1,0,0,0,0,1,0,0,0,0,0,1,0,0,1,0,1,0,0,1,0,0,0,0,1,0
CLI-001068,3255.0,10,11,5,45.5,15,5.1,2,2,0,4,37.0,1,0,141.76,0.0,0,0.25,0,0,0,0,1,0,0,0,0,0,0,0,0,1,0,0,0,0,1,0,1,0,0,0,1,0,0,0,0,0,1,0,0,0,0,0,1,0,1,0,0,0,0,1,0,1,0
CLI-002857,6171.0,4,9,5,55.6,43,16.3,8,1,0,4,10.5,3,2,250.84,0.0,0,0.5,0,0,0,0,1,0,0,0,0,0,0,0,0,1,1,0,0,0,0,0,0,1,0,0,0,1,0,0,0,0,1,0,0,0,1,0,0,0,1,0,0,1,0,0,0,1,0
CLI-004482,21905.0,3,77,39,50.6,19,7.4,13,0,2,0,11.7,3,1,3339.16,0.02,0,0.5,0,0,0,0,0,0,1,0,1,0,0,0,0,0,1,0,0,0,0,0,0,0,1,0,0,0,1,0,0,1,0,0,0,0,0,1,0,0,1,0,0,0,0,1,1,0,0
CLI-001156,352343.0,13,248,165,66.5,57,13.9,9,0,0,0,5.4,5,0,11613.14,0.0,0,0.35,1,0,0,0,0,0,0,0,1,0,0,0,0,0,0,0,0,0,1,0,0,0,0,1,0,0,1,0,0,0,0,0,1,1,0,0,0,0,1,0,0,1,0,0,0,0,1
CLI-002243,4569.0,9,10,1,10.0,1,0.6,0,4,30,1,6.4,4,0,265.32,0.11,1,0.0,0,0,0,0,0,0,1,0,0,1,0,0,0,0,0,0,0,0,0,1,1,0,0,0,0,1,0,0,0,0,1,0,0,0,0,1,0,0,1,0,1,0,0,0,0,1,0
CLI-004074,4143.0,1,11,5,45.5,7,4.1,3,0,5,3,5.8,3,3,459.3,0.17,0,0.12,0,0,0,0,1,0,0,0,0,1,0,0,0,0,0,0,0,1,0,0,0,1,0,0,0,0,1,0,0,1,0,0,0,1,0,0,0,1,0,0,0,1,0,0,1,0,0
CLI-000178,449.0,11,5,0,0.0,0,0.0,0,0,64,3,12.7,2,0,78.31,0.19,1,0.0,1,0,0,0,0,0,0,0,0,1,0,0,0,0,0,0,1,0,0,0,1,0,0,0,0,1,0,0,0,1,0,0,0,0,0,0,1,0,1,0,1,0,0,0,0,1,0
CLI-003644,13811.0,2,59,29,49.2,29,9.6,9,0,3,1,14.0,3,2,1684.27,0.05,0,0.56,0,1,0,0,0,0,0,0,0,0,0,1,0,0,1,0,0,0,0,0,0,1,0,0,0,1,0,0,0,1,0,0,0,0,0,1,0,0,1,0,0,0,0,1,1,0,0
CLI-002233,21415.0,8,35,14,40.0,14,2.1,7,5,3,4,14.6,3,3,816.11,0.01,0,0.44,0,0,1,0,0,0,0,0,1,0,0,0,0,0,0,0,1,0,0,0,0,1,0,0,0,1,0,0,0,0,0,0,1,0,0,0,1,0,0,1,0,0,0,1,0,1,0
CLI-002734,13832.0,4,19,8,42.1,1,0.3,11,0,7,0,6.4,2,3,887.83,0.06,0,0.42,0,0,1,0,0,0,0,0,0,0,0,0,0,1,1,0,0,0,0,0,0,1,0,0,0,0,1,0,1,0,0,0,0,0,1,0,0,0,1,0,1,0,0,0,0,1,0
CLI-000358,4530.0,15,4,3,75.0,22,8.7,4,2,0,8,38.6,2,0,46.42,0.0,0,0.5,1,0,0,0,0,0,0,0,0,1,0,0,0,0,0,0,0,1,0,0,1,0,0,0,1,0,0,0,0,0,1,0,0,0,1,0,0,0,1,0,0,0,0,1,0,0,1
CLI-001083,110782.0,6,25,20,80.0,29,20.1,21,0,1,2,3.4,5,1,2412.49,0.01,0,0.52,1,0,0,0,0,0,0,1,0,0,0,0,0,0,0,0,1,0,0,0,0,1,0,0,0,0,0,1,0,0,0,0,1,1,0,0,0,1,0,0,0,0,0,1,0,1,0
CLI-004953,138139.0,15,113,73,64.6,23,11.7,11,3,1,5,6.6,2,0,5264.46,0.0,0,0.42,0,0,0,1,0,0,0,0,0,0,0,0,0,1,1,0,0,0,0,0,0,0,1,0,0,0,1,0,0,0,0,1,0,0,0,0,1,1,0,0,0,0,0,1,0,0,1
CLI-001295,267757.0,14,133,40,30.1,3,0.8,6,1,24,2,2.1,4,0,5936.96,0.06,0,0.23,0,0,0,0,0,1,0,0,1,0,0,0,0,0,1,0,0,0,0,0,0,0,1,0,0,0,1,0,0,1,0,0,0,0,1,0,0,1,0,0,0,0,0,1,0,0,1
CLI-003443,946.0,20,3,2,66.7,35,17.8,3,5,1,1,23.3,5,0,41.19,0.0,0,0.38,0,0,0,0,0,1,0,1,0,0,0,0,0,0,0,0,1,0,0,0,1,0,0,0,1,0,0,0,0,0,1,0,0,0,0,0,1,1,0,0,0,0,1,0,0,0,1
CLI-003505,10442.0,11,31,10,32.3,6,1.3,5,4,3,1,10.3,3,2,707.43,0.01,0,0.31,0,0,0,0,1,0,0,0,0,0,0,0,1,0,1,0,0,0,0,0,0,1,0,0,0,1,0,0,1,0,0,0,0,0,0,0,1,1,0,0,0,1,0,0,0,1,0
CLI-003991,17839.0,4,44,20,45.5,15,4.2,10,1,1,2,4.0,3,0,1977.7,0.01,0,0.38,0,0,1,0,0,0,0,0,1,0,0,0,0,0,0,1,0,0,0,0,0,0,1,0,0,0,1,0,0,0,0,0,1,0,0,1,0,1,0,0,0,1,0,0,0,1,0
CLI-004985,44413.0,16,18,8,44.4,14,7.3,6,2,4,5,18.1,3,0,531.0,0.01,0,0.38,0,0,0,0,0,1,0,0,0,0,1,0,0,0,0,0,0,0,1,0,0,1,0,0,0,1,0,0,1,0,0,0,0,0,1,0,0,0,1,0,0,0,0,1,0,0,1
CLI-000852,357311.0,11,99,65,65.7,37,16.6,12,5,0,3,9.0,2,0,5187.44,0.0,0,0.46,1,0,0,0,0,0,0,0,0,0,0,0,0,1,1,0,0,0,0,0,0,0,1,0,0,0,1,0,0,0,1,0,0,0,0,1,0,1,0,0,0,0,0,1,0,1,0
CLI-001880,142558.0,23,54,16,29.6,1,0.2,1,5,15,2,5.4,4,0,2850.02,0.02,0,0.04,0,0,0,0,0,0,1,0,0,0,0,1,0,0,0,0,0,0,1,0,0,1,0,0,0,0,1,0,0,0,1,0,0,0,0,1,0,0,1,0,0,1,0,0,0,0,1
CLI-003390,2743.0,22,11,1,9.1,1,0.3,2,4,5,5,10.2,3,0,223.03,0.01,0,0.12,0,0,0,0,0,1,0,0,0,0,0,0,0,1,0,1,0,0,0,0,0,1,0,0,0,1,0,0,0,1,0,0,0,0,0,0,1,0,0,1,0,0,0,1,0,0,1
CLI-001373,59161.0,28,32,28,50.0,77,44.3,17,3,1,0,4.9,4,0,1898.61,0.0,0,0.65,0,0,0,0,0,0,1,1,0,0,0,0,0,0,1,0,0,0,0,0,0,1,0,0,0,0,1,0,0,0,0,1,0,0,0,0,1,1,0,0,0,0,1,0,0,0,1
CLI-003969,1071.0,12,10,4,40.0,1,0.2,1,3,12,7,37.3,2,0,130.59,0.03,0,0.12,0,0,0,0,0,0,1,0,0,0,0,1,0,0,1,0,0,0,0,0,1,0,0,0,1,0,0,0,0,1,0,0,0,0,0,0,1,1,0,0,1,0,0,0,0,1,0
CLI-003721,129094.0,22,66,59,89.4,82,37.4,13,7,3,8,10.1,1,0,3577.98,0.0,0,0.5,1,0,0,0,0,0,0,0,1,0,0,0,0,0,1,0,0,0,0,0,0,0,1,0,0,0,1,0,0,0,0,1,0,0,0,1,0,0,1,0,0,0,0,1,0,0,1
CLI-002004,219183.0,10,105,56,53.3,25,16.6,21,0,0,0,2.3,5,1,7861.64,0.0,0,0.52,0,0,0,1,0,0,0,0,0,0,0,1,0,0,1,0,0,0,0,0,0,0,1,0,0,0,0,1,0,1,0,0,0,0,0,1,0,0,0,1,0,0,0,1,0,1,0
CLI-003577,11280.0,11,127,0,0.0,0,0.0,0,0,67,3,10.5,4,1,1528.52,0.2,1,0.0,0,0,0,0,0,0,1,0,0,0,1,0,0,0,1,0,0,0,0,0,0,0,1,0,1,0,0,0,0,0,0,1,0,1,0,0,0,0,1,0,0,0,0,1,0,1,0
CLI-001626,11078.0,11,38,16,42.1,9,3.1,2,3,1,0,9.2,5,0,409.4,0.0,0,0.25,0,0,0,1,0,0,0,0,0,0,0,1,0,0,0,0,0,0,0,1,0,1,0,0,1,0,0,0,0,0,1,0,0,0,1,0,0,0,0,1,0,0,1,0,0,1,0
CLI-003898,9256.0,16,15,11,50.0,45,28.8,8,7,5,2,5.5,4,0,664.01,0.01,0,0.31,0,1,0,0,0,0,0,0,0,1,0,0,0,0,1,0,0,0,0,0,0,1,0,0,0,0,1,0,0,0,0,0,1,1,0,0,0,0,1,0,0,0,1,0,0,0,1
CLI-003822,4725.0,1,5,2,40.0,1,0.6,5,1,13,3,5.6,3,3,240.07,0.43,0,0.19,0,1,0,0,0,0,0,0,1,0,0,0,0,0,0,1,0,0,0,0,1,0,0,0,0,0,1,0,0,0,0,0,1,1,0,0,0,0,0,1,0,0,0,1,1,0,0
CLI-004195,582861.0,14,258,201,77.9,71,38.4,32,2,3,0,1.9,3,0,22929.24,0.01,0,0.8,0,0,0,1,0,0,0,0,0,0,1,0,0,0,1,0,0,0,0,0,0,0,0,1,0,0,0,1,0,0,1,0,0,0,1,0,0,1,0,0,0,0,0,1,0,0,1
CLI-003689,7412.0,9,18,16,88.9,64,5.65,9,4,0,7,18.9,3,0,564.95,0.0,0,0.56,0,0,0,0,0,1,0,0,0,0,0,1,0,0,1,0,0,0,0,0,0,1,0,0,0,1,0,0,1,0,0,0,0,1,0,0,0,1,0,0,0,0,0,1,0,1,0
CLI-000074,12724.0,10,55,48,87.3,66,5.65,5,2,1,2,19.0,5,0,862.07,0.0,0,0.62,0,0,0,0,0,0,1,0,0,0,1,0,0,0,0,0,1,0,0,0,0,1,0,0,1,0,0,0,0,0,0,1,0,0,1,0,0,1,0,0,0,0,0,1,0,1,0
CLI-004844,45972.0,11,58,12,20.7,1,0.1,5,4,11,7,11.2,3,0,2335.99,0.03,0,0.19,0,0,0,1,0,0,0,0,0,0,1,0,0,0,1,0,0,0,0,0,0,1,0,0,0,0,1,0,0,0,1,0,0,0,0,1,0,0,1,0,0,0,0,1,0,1,0
CLI-001986,13328.0,8,18,14,77.8,57,41.9,9,0,0,4,12.6,5,0,478.04,0.0,0,0.56,0,0,0,0,0,0,1,1,0,0,0,0,0,0,1,0,0,0,0,0,0,1,0,0,0,1,0,0,0,1,0,0,0,1,0,0,0,0,1,0,0,1,0,0,0,1,0
CLI-003913,4745.0,1,11,3,27.3,2,5.65,8,1,13,2,3.1,4,2,526.0,0.43,0,0.31,0,0,1,0,0,0,0,0,0,1,0,0,0,0,1,0,0,0,0,0,0,1,0,0,0,0,1,0,0,1,0,0,0,0,1,0,0,1,0,0,0,1,0,0,1,0,0
CLI-000466,18227.0,5,13,6,46.2,22,4.5,14,3,3,3,4.6,3,4,966.43,0.02,0,0.35,1,0,0,0,0,0,0,0,1,0,0,0,0,0,1,0,0,0,0,0,0,1,0,0,0,0,0,1,0,1,0,0,0,0,1,0,0,0,1,0,0,0,0,1,0,1,0
CLI-004386,38438.0,4,65,50,76.9,38,5.65,7,0,0,7,21.9,3,3,1674.12,0.0,0,0.44,1,0,0,0,0,0,0,0,0,0,1,0,0,0,0,0,0,0,0,1,0,0,1,0,0,1,0,0,0,0,0,1,0,0,0,1,0,1,0,0,1,0,0,0,0,1,0
CLI-000609,300.0,3,3,1,50.0,8,3.2,5,2,0,0,9.2,3,2,64.27,0.0,0,0.31,0,0,0,0,0,0,1,0,1,0,0,0,0,0,1,0,0,0,0,0,1,0,0,0,0,1,0,0,0,0,1,0,0,0,0,0,1,0,1,0,0,0,0,1,1,0,0
CLI-004974,363761.0,20,209,150,71.8,29,14.5,8,3,1,3,10.5,4,0,9438.53,0.0,0,0.31,0,0,0,0,1,0,0,0,0,0,1,0,0,0,1,0,0,0,0,0,0,0,1,0,0,0,1,0,0,1,0,0,0,0,0,1,0,0,0,1,0,0,1,0,0,0,1
CLI-003431,3270.0,5,9,1,11.1,1,0.3,0,0,6,2,10.0,4,0,234.58,0.04,0,0.0,0,0,0,0,0,0,1,0,0,0,0,1,0,0,0,0,0,0,1,0,1,0,0,0,0,1,0,0,0,0,0,1,0,0,1,0,0,1,0,0,1,0,0,0,0,1,0
CLI-002160,1903.0,17,9,5,55.6,18,7.9,7,5,2,5,16.5,3,0,232.08,0.0,0,0.44,1,0,0,0,0,0,0,0,1,0,0,0,0,0,0,0,0,0,0,1,1,0,0,0,0,1,0,0,0,0,1,0,0,1,0,0,0,0,0,1,0,0,0,1,0,0,1
CLI-000454,63983.0,11,63,56,88.9,66,32.0,29,0,0,6,7.8,1,0,5201.84,0.0,0,0.72,0,0,1,0,0,0,0,0,0,1,0,0,0,0,1,0,0,0,0,0,0,0,1,0,0,0,0,1,0,1,0,0,0,0,1,0,0,1,0,0,1,0,0,0,0,1,0
CLI-004045,11505.0,11,37,4,10.8,1,0.1,3,3,15,4,7.6,2,1,779.5,0.05,0,0.19,1,0,0,0,0,0,0,0,0,1,0,0,0,0,0,0,0,0,1,0,0,1,0,0,0,1,0,0,0,1,0,0,0,0,0,1,0,1,0,0,0,0,0,1,0,1,0
CLI-000909,6539.0,6,28,5,17.9,1,0.1,5,1,30,7,14.3,2,3,724.95,0.17,1,0.31,0,0,0,0,1,0,0,0,0,1,0,0,0,0,1,0,0,0,0,0,0,1,0,0,0,1,0,0,0,0,0,1,0,1,0,0,0,0,1,0,1,0,0,0,0,1,0
CLI-003818,39960.0,1,204,124,60.8,27,15.1,9,0,2,1,2.4,4,2,8121.88,0.07,0,0.35,1,0,0,0,0,0,0,0,0,1,0,0,0,0,1,0,0,0,0,0,0,0,1,0,0,0,1,0,1,0,0,0,0,0,1,0,0,1,0,0,0,0,0,1,1,0,0
CLI-000177,67525.0,8,54,41,75.9,56,32.9,12,0,1,5,11.8,4,0,2940.98,0.0,0,0.46,0,0,0,0,1,0,0,0,0,1,0,0,0,0,1,0,0,0,0,0,0,1,0,0,0,0,1,0,0,1,0,0,0,1,0,0,0,1,0,0,0,1,0,0,0,1,0
CLI-003420,1732.0,11,8,1,12.5,1,0.3,2,3,5,8,32.9,3,0,84.47,0.02,0,0.25,0,1,0,0,0,0,0,0,0,0,0,0,0,1,0,0,0,0,1,0,1,0,0,0,1,0,0,0,0,0,0,0,1,0,0,1,0,0,1,0,1,0,0,0,0,1,0
CLI-001250,8318.0,26,40,0,0.0,0,0.0,0,0,71,0,9.4,3,0,1014.38,0.09,1,0.0,0,0,0,0,0,0,1,0,0,0,0,0,0,1,1,0,0,0,0,0,0,0,1,0,0,1,0,0,0,0,1,0,0,0,1,0,0,0,1,0,1,0,0,0,0,0,1
CLI-004910,15649.0,11,53,29,54.7,23,15.5,7,5,0,6,16.4,3,2,1060.2,0.0,0,0.44,0,0,1,0,0,0,0,0,1,0,0,0,0,0,1,0,0,0,0,0,0,1,0,0,0,1,0,0,0,0,0,0,1,0,0,0,1,0,0,1,0,1,0,0,0,1,0
CLI-000646,161053.0,20,32,7,21.9,6,3.0,14,10,3,0,0.5,5,0,2805.8,0.0,0,0.35,0,0,0,1,0,0,0,0,0,0,0,0,0,1,1,0,0,0,0,0,0,1,0,0,0,0,0,1,0,0,1,0,0,0,0,1,0,0,0,1,0,0,0,1,0,0,1
CLI-004605,3897.0,1,22,0,0.0,0,0.0,0,0,30,5,35.8,3,1,226.29,1.0,1,0.0,1,0,0,0,0,0,0,0,0,0,0,0,1,0,0,1,0,0,0,0,0,1,0,0,1,0,0,0,0,1,0,0,0,1,0,0,0,0,0,1,0,0,0,1,1,0,0
CLI-001979,4899.0,11,40,31,77.5,81,43.4,17,0,1,2,0.5,4,1,1493.45,0.0,0,0.65,0,1,0,0,0,0,0,0,0,0,0,0,1,0,0,0,0,0,0,1,0,0,1,0,0,0,1,0,0,0,0,1,0,0,0,0,1,0,1,0,0,1,0,0,0,1,0
CLI-001534,2137.0,10,9,7,77.8,69,62.0,12,3,1,6,7.8,2,0,372.31,0.0,0,0.46,0,1,0,0,0,0,0,0,1,0,0,0,0,0,1,0,0,0,0,0,1,0,0,0,0,0,1,0,0,0,1,0,0,0,0,1,0,1,0,0,1,0,0,0,0,1,0
CLI-003277,11280.0,31,40,30,75.0,52,12.1,5,10,0,3,11.4,3,0,982.58,0.0,0,0.31,1,0,0,0,0,0,0,0,0,0,0,1,0,0,1,0,0,0,0,0,0,1,0,0,0,1,0,0,0,1,0,0,0,0,0,1,0,1,0,0,0,0,0,1,0,0,1
CLI-003022,60624.0,19,53,34,64.2,8,0.4,2,3,5,0,9.8,5,0,724.82,0.01,0,0.25,0,1,0,0,0,0,0,0,0,0,0,1,0,0,1,0,0,0,0,0,0,1,0,0,1,0,0,0,0,0,0,1,0,0,0,1,0,0,0,1,0,0,0,1,0,0,1
CLI-003015,21492.0,15,10,4,40.0,20,3.3,3,4,2,0,11.1,3,1,315.78,0.0,0,0.19,0,0,0,0,1,0,0,0,0,1,0,0,0,0,0,0,0,1,0,0,0,1,0,0,0,1,0,0,0,0,0,0,1,0,0,1,0,0,0,1,0,1,0,0,0,0,1
CLI-000584,167241.0,5,414,162,39.1,5,2.4,6,0,3,0,8.4,4,1,11330.72,0.02,0,0.38,1,0,0,0,0,0,0,1,0,0,0,0,0,0,1,0,0,0,0,0,0,0,0,1,0,1,0,0,1,0,0,0,0,1,0,0,0,0,1,0,0,0,0,1,0,1,0
CLI-003843,83007.0,11,40,12,30.0,12,2.8,16,3,1,2,8.5,3,0,2249.52,0.0,0,0.62,0,0,0,1,0,0,0,0,0,0,0,0,1,0,1,0,0,0,0,0,0,1,0,0,0,0,1,0,1,0,0,0,0,0,1,0,0,0,0,1,0,0,0,1,0,1,0
CLI-000019,17556.0,9,21,8,38.1,17,9.0,9,2,0,2,6.7,3,1,856.39,0.0,0,0.35,0,0,0,0,0,1,0,0,0,0,0,1,0,0,1,0,0,0,0,0,0,1,0,0,0,0,1,0,0,0,1,0,0,0,0,1,0,0,1,0,0,0,0,1,0,1,0
CLI-002168,2374.0,13,4,3,75.0,56,25.2,4,0,0,0,15.6,3,0,48.25,0.0,0,0.5,0,1,0,0,0,0,0,1,0,0,0,0,0,0,1,0,0,0,0,0,1,0,0,0,1,0,0,0,0,0,0,1,0,0,1,0,0,1,0,0,0,1,0,0,0,0,1
CLI-004276,579600.0,7,512,268,52.3,11,5.0,10,2,0,2,5.1,2,0,39268.26,0.0,0,0.25,0,0,0,1,0,0,0,0,0,0,0,0,0,1,1,0,0,0,0,0,0,0,0,1,0,0,0,1,0,1,0,0,0,1,0,0,0,1,0,0,0,0,0,1,0,1,0
CLI-002675,197629.0,10,147,49,33.3,13,2.2,4,4,1,1,11.5,3,1,4382.02,0.0,0,0.25,0,0,0,0,0,0,1,1,0,0,0,0,0,0,1,0,0,0,0,0,0,0,1,0,0,1,0,0,1,0,0,0,0,1,0,0,0,0,0,1,0,1,0,0,0,1,0
CLI-003352,22685.0,24,13,8,61.5,10,3.7,6,9,7,8,13.1,1,0,553.29,0.01,0,0.23,0,0,0,0,0,1,0,0,0,1,0,0,0,0,0,0,1,0,0,0,0,1,0,0,0,0,1,0,0,1,0,0,0,0,1,0,0,1,0,0,0,0,0,1,0,0,1
CLI-002569,14615.0,1,80,43,53.8,17,11.6,8,2,0,0,5.0,5,3,1620.32,0.0,0,0.5,0,1,0,0,0,0,0,0,0,0,1,0,0,0,0,0,0,1,0,0,0,0,1,0,0,1,0,0,0,0,1,0,0,0,1,0,0,0,0,1,0,1,0,0,1,0,0
CLI-001305,1123.0,1,9,3,33.3,12,0.6,4,0,6,3,29.2,3,3,97.82,0.2,0,0.5,0,0,1,0,0,0,0,1,0,0,0,0,0,0,0,0,0,0,1,0,1,0,0,0,1,0,0,0,0,0,0,1,0,0,0,1,0,1,0,0,0,0,0,1,1,0,0
CLI-001957,1433.0,1,5,4,80.0,55,5.65,10,1,0,0,3.1,5,3,124.8,0.0,0,0.62,0,0,0,0,1,0,0,0,0,1,0,0,0,0,0,0,1,0,0,0,1,0,0,0,0,1,0,0,0,0,0,1,0,1,0,0,0,0,0,1,0,1,0,0,1,0,0
CLI-001005,33348.0,17,20,10,50.0,17,10.6,6,3,1,2,10.5,4,0,572.8,0.0,0,0.38,1,0,0,0,0,0,0,0,0,0,0,1,0,0,1,0,0,0,0,0,0,1,0,0,0,1,0,0,0,0,1,0,0,1,0,0,0,0,1,0,0,0,1,0,0,0,1
CLI-001356,418.0,10,1,1,100.0,77,53.5,5,4,0,0,0.5,5,0,24.29,0.0,0,0.31,0,0,0,0,0,1,0,1,0,0,0,0,0,0,1,0,0,0,0,0,1,0,0,0,0,1,0,0,0,0,0,1,0,0,1,0,0,0,0,1,0,0,1,0,0,1,0
CLI-003442,424.0,4,1,1,100.0,67,5.65,13,1,1,3,6.1,3,0,51.75,0.01,0,0.5,1,0,0,0,0,0,0,0,0,1,0,0,0,0,1,0,0,0,0,0,1,0,0,0,0,0,1,0,0,0,1,0,0,0,0,1,0,0,1,0,0,1,0,0,0,1,0
CLI-000246,3363.0,16,10,5,50.0,19,12.8,2,3,1,2,10.5,3,0,132.31,0.0,0,0.25,0,1,0,0,0,0,0,0,0,0,1,0,0,0,0,0,0,1,0,0,1,0,0,0,1,0,0,0,0,0,1,0,0,0,0,1,0,1,0,0,0,0,0,1,0,0,1
CLI-003635,7259.0,6,56,33,58.9,33,15.6,2,3,0,2,20.2,3,1,553.25,0.0,0,0.25,1,0,0,0,0,0,0,0,0,1,0,0,0,0,0,0,1,0,0,0,0,1,0,0,1,0,0,0,0,1,0,0,0,0,0,1,0,1,0,0,0,0,0,1,0,1,0
CLI-004126,4652.0,3,11,10,90.9,77,35.8,5,1,1,3,16.5,2,1,298.58,0.01,0,0.31,0,0,0,1,0,0,0,0,1,0,0,0,0,0,1,0,0,0,0,0,1,0,0,0,0,1,0,0,1,0,0,0,0,0,1,0,0,0,1,0,1,0,0,0,1,0,0
CLI-001400,137315.0,5,18,11,61.1,31,9.8,11,0,2,5,4.3,2,1,1468.92,0.01,0,0.28,0,0,1,0,0,0,0,0,0,0,0,1,0,0,0,0,0,0,0,1,0,1,0,0,0,0,0,1,0,0,0,0,1,0,0,0,1,0,1,0,0,0,0,1,0,1,0
CLI-004698,1175.0,19,4,3,75.0,30,8.5,1,3,1,2,19.1,5,0,46.24,0.0,0,0.12,0,0,1,0,0,0,0,0,0,1,0,0,0,0,1,0,0,0,0,0,1,0,0,0,1,0,0,0,0,0,0,0,1,1,0,0,0,0,0,1,0,0,1,0,0,0,1
CLI-002707,21660.0,19,169,42,24.9,1,0.3,7,5,0,3,6.1,4,0,3301.84,0.0,0,0.44,0,0,0,1,0,0,0,0,1,0,0,0,0,0,1,0,0,0,0,0,0,0,1,0,0,1,0,0,0,0,0,0,1,0,0,0,1,0,0,1,0,0,0,1,0,0,1
CLI-000551,14167.0,10,40,31,77.5,80,54.9,4,0,0,0,17.8,3,0,539.91,0.0,0,0.5,0,0,0,0,0,0,1,1,0,0,0,0,0,0,1,0,0,0,0,0,0,1,0,0,1,0,0,0,0,0,0,0,1,0,0,0,1,1,0,0,0,0,0,1,0,1,0
CLI-001033,39248.0,17,38,16,42.1,1,0.2,4,6,30,1,10.8,2,0,1063.63,0.06,1,0.25,0,0,0,1,0,0,0,0,0,1,0,0,0,0,0,0,0,0,1,0,0,1,0,0,0,1,0,0,0,0,0,1,0,1,0,0,0,0,0,1,0,0,0,1,0,0,1
CLI-001336,6065.0,21,21,7,33.3,24,15.4,5,8,2,2,14.2,3,0,493.11,0.0,0,0.31,0,0,1,0,0,0,0,0,0,1,0,0,0,0,1,0,0,0,0,0,0,1,0,0,0,1,0,0,0,0,0,0,1,0,0,1,0,0,0,1,0,1,0,0,0,0,1
CLI-004736,28866.0,8,17,11,64.7,29,13.0,11,0,0,0,3.3,5,0,765.0,0.0,0,0.42,0,0,1,0,0,0,0,0,0,1,0,0,0,0,0,1,0,0,0,0,0,1,0,0,0,0,1,0,0,0,0,0,1,1,0,0,0,0,0,1,0,0,0,1,0,1,0
CLI-003268,63676.0,11,64,51,79.7,76,52.2,12,3,0,1,16.6,3,1,1991.12,0.0,0,0.75,0,0,0,1,0,0,0,0,0,0,0,1,0,0,1,0,0,0,0,0,0,0,1,0,0,1,0,0,0,0,0,0,1,0,0,1,0,0,0,1,0,0,0,1,0,1,0
CLI-000398,92582.0,11,51,31,60.8,34,18.3,16,3,0,0,0.8,5,1,4704.38,0.0,0,0.4,0,0,0,0,0,1,0,0,0,0,1,0,0,0,1,0,0,0,0,0,0,0,1,0,0,0,0,1,0,0,0,1,0,1,0,0,0,0,0,1,0,0,0,1,0,1,0
CLI-002166,19246.0,1,34,15,44.1,17,5.0,9,0,0,2,1.0,4,2,1466.95,0.0,0,0.35,0,0,0,0,0,0,1,0,0,0,0,1,0,0,0,1,0,0,0,0,0,1,0,0,0,0,1,0,0,0,0,1,0,0,0,0,1,0,1,0,0,1,0,0,1,0,0
CLI-004506,6403.0,1,47,9,19.1,4,1.3,3,0,3,3,17.3,3,1,867.56,0.1,0,0.19,0,0,0,0,1,0,0,0,0,1,0,0,0,0,1,0,0,0,0,0,0,1,0,0,0,1,0,0,0,0,0,0,1,1,0,0,0,1,0,0,0,0,0,1,1,0,0
CLI-001823,7105.0,12,10,6,60.0,13,5.0,18,1,0,0,1.3,5,1,666.47,0.0,0,0.45,0,0,0,1,0,0,0,0,0,0,0,0,0,1,0,1,0,0,0,0,0,1,0,0,0,0,0,1,0,1,0,0,0,0,1,0,0,0,0,1,0,0,0,1,0,1,0
CLI-002373,24403.0,13,30,14,46.7,17,11.1,3,2,5,1,17.2,4,1,419.16,0.01,0,0.38,0,0,0,0,0,0,1,0,0,0,1,0,0,0,0,0,0,1,0,0,0,1,0,0,1,0,0,0,0,1,0,0,0,0,1,0,0,0,0,1,0,0,0,1,0,0,1
CLI-000392,518.0,12,2,2,50.0,88,60.8,10,2,1,5,9.7,1,0,78.99,0.0,0,0.38,0,0,0,0,0,1,0,0,0,0,0,1,0,0,0,0,0,0,1,0,1,0,0,0,0,0,1,0,0,1,0,0,0,0,0,0,1,1,0,0,0,0,0,1,0,1,0
CLI-002105,8138.0,17,22,10,45.5,16,8.9,4,6,0,0,11.2,2,0,583.78,0.0,0,0.25,0,0,0,0,0,0,1,0,1,0,0,0,0,0,0,0,1,0,0,0,0,1,0,0,0,1,0,0,0,0,0,0,1,0,0,1,0,0,0,1,1,0,0,0,0,0,1
CLI-001165,1373745.0,20,503,285,56.7,39,30.9,8,3,5,0,10.5,3,0,22639.17,0.01,0,0.31,0,0,0,1,0,0,0,0,0,0,1,0,0,0,1,0,0,0,0,0,0,0,0,1,0,0,1,0,0,0,0,0,1,0,1,0,0,0,1,0,0,0,0,1,0,0,1
CLI-004316,15707.0,3,186,50,26.9,3,0.2,1,2,22,2,24.4,4,0,1915.54,0.24,0,0.12,0,1,0,0,0,0,0,0,0,0,1,0,0,0,1,0,0,0,0,0,0,0,1,0,1,0,0,0,1,0,0,0,0,1,0,0,0,0,1,0,0,1,0,0,1,0,0
CLI-001646,2746.0,17,42,13,31.0,1,0.6,4,3,22,1,10.5,5,0,478.34,0.04,0,0.5,0,0,0,0,1,0,0,1,0,0,0,0,0,0,0,0,0,0,1,0,0,1,0,0,1,0,0,0,0,0,0,1,0,0,0,0,1,0,1,0,0,0,0,1,0,0,1
CLI-001928,1531.0,1,6,4,66.7,10,3.4,3,0,2,1,10.0,5,4,71.83,0.07,0,0.38,0,0,0,0,0,0,1,0,0,1,0,0,0,0,1,0,0,0,0,0,1,0,0,0,1,0,0,0,0,0,0,1,0,0,0,0,1,0,1,0,0,1,0,0,1,0,0
CLI-004977,9247.0,7,53,0,0.0,0,0.0,0,0,39,0,14.3,5,1,593.51,0.19,1,0.0,0,0,1,0,0,0,0,0,0,0,0,0,0,1,0,0,0,0,1,0,0,1,0,0,1,0,0,0,0,0,0,1,0,0,0,1,0,1,0,0,1,0,0,0,0,1,0
CLI-004060,8648.0,5,9,4,44.4,13,6.0,10,2,0,0,3.3,4,1,376.65,0.0,0,0.38,0,0,0,1,0,0,0,0,0,0,0,0,1,0,1,0,0,0,0,0,0,1,0,0,0,0,1,0,0,1,0,0,0,0,0,0,1,1,0,0,0,0,0,1,0,1,0
CLI-004179,62614.0,23,24,18,50.0,70,65.6,17,4,1,0,1.9,4,0,2181.68,0.0,0,0.42,1,0,0,0,0,0,0,0,0,0,1,0,0,0,1,0,0,0,0,0,0,1,0,0,0,0,0,1,1,0,0,0,0,0,1,0,0,0,1,0,0,0,0,1,0,0,1
CLI-003482,67746.0,4,157,73,46.5,14,6.5,13,1,0,0,5.6,5,0,7510.64,0.0,0,0.5,0,0,0,0,1,0,0,1,0,0,0,0,0,0,1,0,0,0,0,0,0,0,1,0,0,0,1,0,1,0,0,0,0,0,0,0,1,0,0,1,0,0,0,1,0,1,0
CLI-000373,26217.0,14,11,6,54.5,23,9.6,12,1,1,0,2.2,4,0,570.92,0.0,0,0.46,0,0,0,0,0,1,0,0,1,0,0,0,0,0,1,0,0,0,0,0,0,1,0,0,0,0,1,0,0,0,0,1,0,0,0,1,0,1,0,0,0,1,0,0,0,0,1
CLI-003948,7973.0,1,51,40,78.4,67,29.7,9,0,0,1,13.4,3,4,1215.33,0.0,0,0.56,0,0,1,0,0,0,0,0,0,0,0,0,0,1,1,0,0,0,0,0,0,1,0,0,0,1,0,0,0,0,1,0,0,0,0,0,1,1,0,0,0,0,0,1,1,0,0
CLI-004818,1347.0,13,1,1,100.0,45,23.2,6,1,1,2,6.2,4,0,30.41,0.0,0,0.38,0,1,0,0,0,0,0,0,0,1,0,0,0,0,0,0,0,1,0,0,1,0,0,0,0,1,0,0,0,0,0,1,0,0,1,0,0,0,1,0,0,0,0,1,0,0,1
CLI-001440,689914.0,4,428,256,59.8,6,1.0,16,0,25,6,6.8,4,2,38243.55,0.21,0,0.4,0,0,0,0,0,0,1,0,0,1,0,0,0,0,0,0,0,0,1,0,0,0,0,1,0,0,0,1,1,0,0,0,0,0,0,1,0,0,0,1,0,0,0,1,0,1,0
CLI-001594,9351.0,2,47,35,74.5,27,11.2,3,1,1,2,26.9,2,2,600.17,0.02,0,0.38,0,0,0,0,0,1,0,0,0,0,0,0,1,0,1,0,0,0,0,0,0,1,0,0,1,0,0,0,0,0,0,0,1,1,0,0,0,1,0,0,0,0,0,1,1,0,0
CLI-000612,365.0,1,2,1,50.0,20,2.5,1,0,4,3,37.0,3,0,26.19,0.13,0,0.12,1,0,0,0,0,0,0,1,0,0,0,0,0,0,1,0,0,0,0,0,1,0,0,0,1,0,0,0,0,0,0,1,0,0,0,0,1,1,0,0,0,0,0,1,1,0,0
CLI-004979,4445.0,6,8,6,75.0,27,10.9,6,2,0,1,14.6,3,2,208.5,0.0,0,0.38,1,0,0,0,0,0,0,0,1,0,0,0,0,0,1,0,0,0,0,0,1,0,0,0,0,1,0,0,0,0,0,1,0,1,0,0,0,0,1,0,0,1,0,0,0,1,0
CLI-001099,53703.0,4,52,16,30.8,7,3.3,5,1,4,0,5.2,3,1,1336.57,0.03,0,0.31,0,0,0,1,0,0,0,0,0,1,0,0,0,0,1,0,0,0,0,0,0,1,0,0,0,1,0,0,1,0,0,0,0,1,0,0,0,0,1,0,0,1,0,0,0,1,0
CLI-004976,77914.0,16,40,20,50.0,19,5.65,8,1,1,6,13.8,3,0,879.79,0.0,0,0.5,1,0,0,0,0,0,0,0,1,0,0,0,0,0,1,0,0,0,0,0,0,1,0,0,0,1,0,0,0,0,0,0,1,1,0,0,0,0,1,0,0,0,0,1,0,0,1
CLI-004963,29316.0,17,26,7,26.9,6,1.4,6,7,2,2,0.5,4,0,1324.11,0.0,0,0.23,1,0,0,0,0,0,0,0,0,1,0,0,0,0,0,0,1,0,0,0,0,1,0,0,0,0,1,0,1,0,0,0,0,0,0,0,1,0,1,0,0,0,1,0,0,0,1
CLI-003106,15737.0,15,10,5,50.0,19,12.3,7,2,3,4,16.9,3,0,242.93,0.01,0,0.44,0,1,0,0,0,0,0,0,0,0,0,0,1,0,1,0,0,0,0,0,1,0,0,0,0,1,0,0,0,1,0,0,0,0,0,0,1,1,0,0,0,0,0,1,0,0,1
CLI-002908,61700.0,17,169,31,18.3,3,1.4,3,3,5,3,14.6,3,0,4180.19,0.01,0,0.19,0,0,0,1,0,0,0,0,0,1,0,0,0,0,0,0,1,0,0,0,0,0,1,0,0,1,0,0,0,1,0,0,0,1,0,0,0,1,0,0,0,0,0,1,0,0,1
CLI-001727,72035.0,10,52,33,63.5,28,4.1,5,2,7,2,19.3,3,0,1203.39,0.02,0,0.31,0,0,0,0,0,1,0,0,0,0,0,1,0,0,1,0,0,0,0,0,0,1,0,0,0,1,0,0,0,0,1,0,0,0,1,0,0,0,1,0,0,0,0,1,0,1,0
CLI-003328,106493.0,6,185,149,80.5,49,22.9,12,0,2,3,8.8,3,1,9276.36,0.01,0,0.46,0,1,0,0,0,0,0,0,0,0,0,0,1,0,1,0,0,0,0,0,0,0,1,0,0,0,1,0,0,1,0,0,0,0,0,1,0,0,0,1,0,0,0,1,0,1,0
CLI-003695,300.0,5,1,1,100.0,55,33.5,4,0,2,4,22.7,3,2,12.0,0.01,0,0.5,0,0,0,0,1,0,0,0,0,1,0,0,0,0,1,0,0,0,0,0,1,0,0,0,1,0,0,0,1,0,0,0,0,0,0,1,0,1,0,0,0,1,0,0,0,1,0
CLI-004835,4093.0,19,6,2,33.3,7,3.0,6,2,1,0,9.5,5,0,155.99,0.0,0,0.38,1,0,0,0,0,0,0,0,1,0,0,0,0,0,1,0,0,0,0,0,1,0,0,0,0,1,0,0,0,0,0,0,1,0,0,1,0,1,0,0,0,1,0,0,0,0,1
CLI-003285,300.0,9,1,1,100.0,109,62.6,5,5,0,1,30.2,4,0,14.59,0.0,0,0.62,1,0,0,0,0,0,0,0,0,0,1,0,0,0,1,0,0,0,0,0,1,0,0,0,1,0,0,0,0,0,0,0,1,0,0,0,1,1,0,0,0,0,1,0,0,1,0
CLI-004820,16131.0,9,11,3,27.3,7,2.7,1,0,2,0,4.7,5,0,468.37,0.01,0,0.04,0,0,0,0,0,1,0,1,0,0,0,0,0,0,1,0,0,0,0,0,0,1,0,0,0,0,1,0,0,1,0,0,0,0,0,1,0,0,1,0,0,0,0,1,0,1,0
CLI-003447,3092.0,17,4,3,75.0,21,10.6,3,2,3,4,28.4,2,0,53.86,0.01,0,0.38,0,0,0,0,0,1,0,0,0,1,0,0,0,0,1,0,0,0,0,0,1,0,0,0,1,0,0,0,1,0,0,0,0,0,1,0,0,0,0,1,0,0,0,1,0,0,1
CLI-000101,82092.0,13,49,8,16.3,1,0.3,14,4,9,0,0.5,4,1,3850.49,0.02,0,0.35,1,0,0,0,0,0,0,0,0,1,0,0,0,0,1,0,0,0,0,0,0,0,1,0,0,0,0,1,0,1,0,0,0,0,1,0,0,0,1,0,1,0,0,0,0,0,1
CLI-003462,26597.0,12,86,24,50.0,1,0.2,4,2,6,5,5.9,2,0,3603.94,0.02,0,0.15,0,0,1,0,0,0,0,0,0,0,0,0,0,1,1,0,0,0,0,0,0,0,1,0,0,0,1,0,0,0,0,1,0,0,1,0,0,1,0,0,1,0,0,0,0,1,0
CLI-003292,1940.0,5,11,8,72.7,35,4.3,3,0,1,7,28.8,3,0,139.2,0.01,0,0.38,0,1,0,0,0,0,0,0,0,0,0,0,0,1,0,0,0,0,1,0,1,0,0,0,1,0,0,0,0,0,0,0,1,0,0,1,0,0,0,1,0,0,0,1,0,1,0
CLI-004609,2913.0,1,10,6,60.0,39,22.7,9,0,1,8,24.5,3,0,236.85,0.03,0,0.56,1,0,0,0,0,0,0,1,0,0,0,0,0,0,1,0,0,0,0,0,1,0,0,0,0,1,0,0,0,1,0,0,0,0,1,0,0,0,0,1,0,0,0,1,1,0,0
CLI-001291,113690.0,20,45,18,40.0,5,0.2,17,4,3,0,3.7,3,0,4332.7,0.0,0,0.42,0,0,0,0,1,0,0,0,0,0,0,1,0,0,0,0,1,0,0,0,0,1,0,0,0,0,0,1,0,0,1,0,0,0,0,1,0,0,0,1,0,0,0,1,0,0,1
CLI-003961,143413.0,8,416,0,0.0,0,0.0,0,0,78,0,4.9,5,0,9204.93,0.32,1,0.0,0,0,1,0,0,0,0,0,0,1,0,0,0,0,0,0,0,0,1,0,0,0,0,1,0,1,0,0,0,1,0,0,0,0,0,0,1,0,0,1,1,0,0,0,0,1,0
CLI-002412,37150.0,19,38,7,18.4,1,0.3,0,5,2,2,14.6,4,0,888.32,0.0,0,0.0,0,0,1,0,0,0,0,0,0,1,0,0,0,0,0,0,0,0,0,1,0,1,0,0,0,1,0,0,0,0,0,1,0,0,0,1,0,1,0,0,1,0,0,0,0,0,1
CLI-003215,15712.0,7,31,8,25.8,1,0.2,1,2,17,4,15.3,3,0,736.96,0.08,0,0.06,0,0,0,0,1,0,0,0,0,0,0,0,0,1,1,0,0,0,0,0,0,1,0,0,0,1,0,0,1,0,0,0,0,0,0,0,1,1,0,0,0,1,0,0,0,1,0
CLI-001061,13202.0,5,23,19,82.6,46,9.4,10,1,2,4,10.5,2,0,575.0,0.01,0,0.62,0,0,0,1,0,0,0,0,0,0,0,1,0,0,1,0,0,0,0,0,0,1,0,0,0,1,0,0,0,0,0,1,0,0,0,1,0,0,1,0,1,0,0,0,0,1,0
CLI-004851,38163.0,14,22,15,68.2,36,5.65,8,4,1,5,10.8,3,0,581.76,0.0,0,0.5,0,0,0,0,1,0,0,0,0,1,0,0,0,0,0,0,0,1,0,0,0,1,0,0,0,1,0,0,0,0,0,0,1,0,0,0,1,1,0,0,0,0,0,1,0,0,1
CLI-003821,857.0,1,4,1,25.0,6,1.6,9,0,1,5,9.8,4,0,87.12,0.03,0,0.56,0,0,0,0,0,0,1,0,0,1,0,0,0,0,1,0,0,0,0,0,1,0,0,0,0,1,0,0,0,1,0,0,0,0,0,1,0,1,0,0,0,0,0,1,1,0,0
CLI-002469,76534.0,5,48,17,35.4,1,0.2,6,1,0,1,2.4,3,0,2222.23,0.0,0,0.23,0,0,0,0,0,1,0,0,0,0,0,1,0,0,1,0,0,0,0,0,0,1,0,0,0,0,1,0,1,0,0,0,0,1,0,0,0,0,0,1,0,0,0,1,0,1,0
CLI-002203,2540.0,2,10,5,50.0,8,4.0,4,0,1,0,11.0,4,0,93.85,0.02,0,0.5,0,0,0,1,0,0,0,0,0,0,1,0,0,0,0,0,0,0,0,1,1,0,0,0,1,0,0,0,1,0,0,0,0,0,1,0,0,1,0,0,0,0,0,1,1,0,0
CLI-003824,679961.0,17,153,57,37.3,19,6.8,21,7,0,3,4.3,4,0,14296.91,0.0,0,0.52,1,0,0,0,0,0,0,0,1,0,0,0,0,0,0,0,0,0,0,1,0,0,1,0,0,0,0,1,1,0,0,0,0,0,1,0,0,0,1,0,0,0,0,1,0,0,1
CLI-002339,33731.0,24,58,23,39.7,23,14.6,4,9,1,0,17.9,3,0,839.5,0.0,0,0.5,0,0,0,1,0,0,0,0,0,1,0,0,0,0,1,0,0,0,0,0,0,1,0,0,1,0,0,0,0,0,0,0,1,0,0,1,0,0,1,0,0,0,0,1,0,0,1
CLI-001997,629336.0,12,364,334,91.8,111,109.5,27,4,0,0,0.9,5,0,25582.76,0.0,0,0.68,0,0,1,0,0,0,0,0,0,0,0,1,0,0,1,0,0,0,0,0,0,0,0,1,0,0,0,1,0,1,0,0,0,0,1,0,0,1,0,0,0,0,0,1,0,1,0
CLI-001791,84959.0,18,44,27,61.4,30,10.5,7,5,2,0,2.6,5,0,3237.78,0.0,0,0.18,0,0,0,0,0,0,1,1,0,0,0,0,0,0,0,0,1,0,0,0,0,1,0,0,0,0,0,1,0,1,0,0,0,0,1,0,0,0,0,1,0,0,0,1,0,0,1
CLI-000265,463639.0,23,888,465,50.0,16,8.6,5,5,3,2,11.0,4,0,23558.91,0.0,0,0.31,0,0,0,0,0,0,1,0,0,0,0,0,1,0,0,1,0,0,0,0,0,0,0,1,0,1,0,0,1,0,0,0,0,0,0,0,1,0,1,0,0,0,1,0,0,0,1
CLI-002722,3788.0,27,7,2,28.6,2,0.4,1,5,4,2,32.5,1,0,85.55,0.0,0,0.12,1,0,0,0,0,0,0,0,0,0,0,0,0,1,1,0,0,0,0,0,1,0,0,0,1,0,0,0,0,0,1,0,0,0,1,0,0,1,0,0,1,0,0,0,0,0,1
CLI-003869,300.0,16,2,1,50.0,25,13.6,3,4,3,2,22.8,4,0,18.63,0.01,0,0.38,0,0,0,1,0,0,0,0,0,0,0,0,0,1,1,0,0,0,0,0,1,0,0,0,1,0,0,0,0,0,1,0,0,0,0,0,1,0,0,1,0,0,0,1,0,0,1
CLI-001195,35101.0,6,129,87,67.4,35,22.5,9,1,2,3,14.3,3,1,3292.76,0.01,0,0.56,0,1,0,0,0,0,0,0,0,0,1,0,0,0,0,0,0,0,0,1,0,0,1,0,0,1,0,0,1,0,0,0,0,0,0,0,1,1,0,0,0,0,0,1,0,1,0
CLI-003156,33827.0,15,20,18,90.0,55,33.0,12,3,1,1,6.4,4,0,581.02,0.0,0,0.75,0,0,0,1,0,0,0,0,0,0,0,1,0,0,1,0,0,0,0,0,0,1,0,0,0,1,0,0,0,0,0,1,0,0,1,0,0,0,0,1,0,0,0,1,0,0,1
CLI-000320,9869.0,19,4,1,25.0,5,0.5,6,5,4,1,10.5,5,0,191.04,0.01,0,0.23,0,0,1,0,0,0,0,0,0,1,0,0,0,0,0,0,0,0,0,1,1,0,0,0,0,0,1,0,0,0,0,1,0,0,0,1,0,1,0,0,0,0,1,0,0,0,1
CLI-003957,48069.0,21,10,0,0.0,0,5.65,0,0,88,3,6.0,4,0,874.94,0.14,1,0.0,0,0,1,0,0,0,0,0,0,1,0,0,0,0,1,0,0,0,0,0,1,0,0,0,0,0,0,1,0,0,1,0,0,0,1,0,0,1,0,0,0,0,0,1,0,0,1
CLI-003912,300.0,2,1,1,100.0,22,12.3,4,0,0,1,11.4,3,1,17.5,0.0,0,0.25,0,0,0,1,0,0,0,0,0,1,0,0,0,0,0,0,0,0,1,0,1,0,0,0,0,1,0,0,1,0,0,0,0,0,0,0,1,1,0,0,0,0,0,1,1,0,0
CLI-004339,359330.0,5,90,53,58.9,26,6.4,23,1,1,0,0.7,4,1,7183.72,0.01,0,0.57,0,0,0,0,0,1,0,0,1,0,0,0,0,0,1,0,0,0,0,0,0,0,1,0,0,0,0,1,0,1,0,0,0,0,0,1,0,0,1,0,0,1,0,0,0,1,0
CLI-002746,148938.0,12,80,60,75.0,51,34.4,18,6,1,0,0.5,5,0,6486.83,0.0,0,0.45,0,0,0,0,0,0,1,1,0,0,0,0,0,0,1,0,0,0,0,0,0,0,1,0,0,0,0,1,0,1,0,0,0,0,1,0,0,0,0,1,0,0,1,0,0,1,0
CLI-000414,41009.0,21,59,25,42.4,15,7.2,8,5,3,0,8.0,4,1,2941.85,0.0,0,0.31,0,0,0,1,0,0,0,0,0,0,0,0,1,0,0,0,0,0,1,0,0,1,0,0,0,0,1,0,0,1,0,0,0,1,0,0,0,0,1,0,0,0,1,0,0,0,1
CLI-003561,17862.0,5,36,23,63.9,36,19.5,0,0,3,7,31.6,3,2,418.91,0.02,0,0.0,0,0,1,0,0,0,0,0,0,1,0,0,0,0,0,0,0,0,0,1,0,1,0,0,1,0,0,0,0,0,0,1,0,0,1,0,0,0,1,0,1,0,0,0,0,1,0
CLI-003665,1345.0,1,8,4,50.0,42,5.65,5,0,2,0,29.2,4,1,96.45,0.07,0,0.62,1,0,0,0,0,0,0,0,0,0,1,0,0,0,1,0,0,0,0,0,1,0,0,0,1,0,0,0,0,0,0,0,1,0,0,1,0,0,0,1,0,1,0,0,1,0,0
CLI-003066,87523.0,13,97,30,30.9,9,0.4,18,5,0,0,0.5,5,0,7115.69,0.0,0,0.45,0,1,0,0,0,0,0,0,0,0,0,0,0,1,1,0,0,0,0,0,0,0,1,0,0,0,0,1,0,0,1,0,0,0,0,1,0,0,1,0,0,0,0,1,0,0,1
CLI-001820,6790.0,16,16,6,37.5,5,1.3,2,4,4,6,18.9,3,0,435.81,0.01,0,0.12,0,0,0,0,0,0,1,0,0,1,0,0,0,0,1,0,0,0,0,0,0,1,0,0,0,1,0,0,0,0,0,1,0,0,1,0,0,0,1,0,1,0,0,0,0,0,1
CLI-004040,5572.0,1,21,7,33.3,8,4.3,1,0,1,5,15.3,3,3,452.98,0.03,0,0.06,0,0,0,1,0,0,0,0,0,1,0,0,0,0,0,0,0,0,1,0,0,1,0,0,0,1,0,0,1,0,0,0,0,0,0,0,1,1,0,0,0,0,0,1,1,0,0
CLI-001074,1338.0,7,9,1,11.1,3,0.6,2,4,5,3,14.1,3,0,163.12,0.02,0,0.12,1,0,0,0,0,0,0,0,0,0,0,1,0,0,1,0,0,0,0,0,1,0,0,0,0,1,0,0,0,0,1,0,0,0,1,0,0,0,0,1,0,0,0,1,0,1,0
CLI-004448,2645.0,7,4,2,50.0,20,8.7,4,1,0,3,10.5,4,2,55.61,0.0,0,0.5,0,1,0,0,0,0,0,0,1,0,0,0,0,0,1,0,0,0,0,0,1,0,0,0,1,0,0,0,0,1,0,0,0,0,0,0,1,0,0,1,0,0,0,1,0,1,0
CLI-002404,2000000.0,4,897,652,72.7,48,24.0,8,1,1,0,5.2,5,3,48773.13,0.01,0,0.31,0,0,0,1,0,0,0,0,0,0,0,0,0,1,0,0,0,0,0,1,0,0,0,1,0,0,1,0,1,0,0,0,0,0,0,1,0,0,1,0,0,0,0,1,0,1,0
CLI-002918,13251.0,8,8,2,25.0,1,5.65,5,2,25,2,5.9,4,1,351.29,0.1,0,0.19,1,0,0,0,0,0,0,0,0,1,0,0,0,0,0,0,0,0,1,0,0,1,0,0,0,0,1,0,0,0,1,0,0,0,0,1,0,1,0,0,0,0,0,1,0,1,0
CLI-001185,43173.0,18,52,33,63.5,17,7.3,5,5,0,5,19.2,3,0,1169.99,0.0,0,0.31,0,1,0,0,0,0,0,0,0,1,0,0,0,0,1,0,0,0,0,0,0,1,0,0,0,1,0,0,0,0,0,0,1,0,1,0,0,0,1,0,0,1,0,0,0,0,1
CLI-004383,781.0,3,9,2,22.2,4,0.8,3,0,13,6,17.8,3,3,190.58,0.14,0,0.19,0,1,0,0,0,0,0,0,0,0,0,0,0,1,1,0,0,0,0,0,0,1,0,0,0,1,0,0,0,1,0,0,0,0,1,0,0,0,1,0,0,0,0,1,1,0,0
CLI-001435,16659.0,10,6,3,50.0,5,0.7,7,3,2,0,4.7,5,0,282.17,0.01,0,0.27,0,0,0,0,1,0,0,0,1,0,0,0,0,0,1,0,0,0,0,0,0,1,0,0,0,0,1,0,0,0,0,0,1,1,0,0,0,1,0,0,0,0,0,1,0,1,0
CLI-000829,11982.0,13,19,4,21.1,1,0.4,2,2,1,1,6.3,2,0,664.18,0.0,0,0.08,0,0,0,0,1,0,0,1,0,0,0,0,0,0,1,0,0,0,0,0,0,1,0,0,0,0,1,0,0,1,0,0,0,0,1,0,0,0,0,1,1,0,0,0,0,0,1
CLI-001856,8206.0,12,24,9,37.5,20,14.7,5,3,1,0,10.4,3,1,555.93,0.0,0,0.31,0,0,0,1,0,0,0,0,1,0,0,0,0,0,0,0,0,0,0,1,0,1,0,0,0,1,0,0,0,0,0,1,0,0,0,0,1,0,0,1,0,0,0,1,0,1,0
CLI-000818,436344.0,1,817,229,28.0,11,2.4,16,0,4,1,6.5,3,2,66515.81,0.13,0,0.4,0,0,0,0,1,0,0,0,1,0,0,0,0,0,0,0,0,0,0,1,0,0,0,1,0,0,0,1,0,0,1,0,0,0,1,0,0,0,1,0,0,0,0,1,1,0,0
CLI-004208,1253182.0,17,208,0,0.0,0,0.0,0,0,63,4,10.5,4,0,17566.33,0.12,1,0.0,1,0,0,0,0,0,0,1,0,0,0,0,0,0,0,0,1,0,0,0,0,0,1,0,0,0,0,1,1,0,0,0,0,0,0,1,0,0,0,1,0,0,0,1,0,0,1
CLI-004109,5757.0,27,11,5,45.5,19,8.2,2,10,1,0,14.6,3,0,143.28,0.0,0,0.25,0,1,0,0,0,0,0,1,0,0,0,0,0,0,1,0,0,0,0,0,1,0,0,0,1,0,0,0,0,1,0,0,0,1,0,0,0,0,1,0,0,0,0,1,0,0,1
CLI-000199,28659.0,12,24,5,20.8,1,0.4,5,6,21,0,0.5,4,1,944.61,0.06,0,0.19,0,0,0,0,0,0,1,0,0,1,0,0,0,0,1,0,0,0,0,0,0,1,0,0,0,0,1,0,1,0,0,0,0,0,0,1,0,0,1,0,1,0,0,0,0,1,0
CLI-000040,116032.0,11,95,53,55.8,36,13.7,5,3,1,3,4.7,2,0,5442.41,0.0,0,0.19,0,0,0,1,0,0,0,0,0,1,0,0,0,0,0,1,0,0,0,0,0,0,1,0,0,0,1,0,0,1,0,0,0,0,0,0,1,1,0,0,0,0,0,1,0,1,0
CLI-000264,262498.0,21,115,78,67.8,39,16.7,23,6,0,0,1.3,3,0,8651.89,0.0,0,0.57,0,0,0,0,1,0,0,0,0,0,1,0,0,0,0,0,1,0,0,0,0,0,1,0,0,0,0,1,0,1,0,0,0,0,0,1,0,1,0,0,0,0,0,1,0,0,1
CLI-001882,255578.0,21,223,146,65.5,24,8.6,10,2,0,4,3.0,3,0,10389.34,0.0,0,0.38,1,0,0,0,0,0,0,1,0,0,0,0,0,0,0,0,0,0,1,0,0,0,0,1,0,0,1,0,0,0,0,1,0,0,1,0,0,0,0,1,0,0,0,1,0,0,1
CLI-001712,8860.0,14,10,6,60.0,16,3.9,9,3,1,2,4.9,4,0,372.59,0.0,0,0.35,0,1,0,0,0,0,0,0,0,1,0,0,0,0,1,0,0,0,0,0,1,0,0,0,0,0,1,0,1,0,0,0,0,0,0,0,1,1,0,0,0,0,1,0,0,0,1
CLI-002353,49760.0,20,56,43,76.8,77,48.3,22,6,1,0,1.8,4,0,5056.94,0.0,0,0.55,0,0,0,0,0,0,1,0,0,1,0,0,0,0,1,0,0,0,0,0,0,1,0,0,0,0,0,1,0,0,1,0,0,0,1,0,0,1,0,0,0,0,1,0,0,0,1
CLI-002873,300.0,3,1,1,100.0,24,8.9,2,2,2,2,26.7,2,1,11.94,0.02,0,0.25,0,0,1,0,0,0,0,0,1,0,0,0,0,0,1,0,0,0,0,0,1,0,0,0,1,0,0,0,0,0,0,1,0,1,0,0,0,0,0,1,1,0,0,0,1,0,0
CLI-001003,112980.0,25,133,80,60.2,19,4.0,12,6,1,1,5.0,4,0,6262.75,0.0,0,0.46,0,0,1,0,0,0,0,0,0,0,0,0,1,0,0,0,0,0,1,0,0,0,1,0,0,0,1,0,1,0,0,0,0,0,0,1,0,0,1,0,0,0,0,1,0,0,1
CLI-003392,1257.0,10,7,4,57.1,35,15.1,4,4,0,1,15.1,4,0,80.71,0.0,0,0.5,0,0,0,0,0,1,0,0,1,0,0,0,0,0,0,0,0,0,1,0,1,0,0,0,1,0,0,0,0,0,1,0,0,0,0,1,0,1,0,0,0,0,0,1,0,1,0
CLI-004067,2256.0,1,21,11,52.4,17,9.5,5,0,2,2,15.9,3,0,343.85,0.07,0,0.31,0,1,0,0,0,0,0,0,0,1,0,0,0,0,1,0,0,0,0,0,0,1,0,0,0,1,0,0,0,0,1,0,0,1,0,0,0,1,0,0,0,0,0,1,1,0,0
CLI-003234,1773.0,12,9,6,66.7,1,0.1,2,2,12,0,6.8,3,0,102.95,0.03,0,0.25,0,0,1,0,0,0,0,0,0,0,0,0,1,0,0,0,0,0,1,0,1,0,0,0,1,0,0,0,0,0,0,1,0,0,0,1,0,0,1,0,0,0,0,1,0,1,0
CLI-002624,106759.0,6,50,32,64.0,26,14.8,15,1,4,8,1.2,1,0,3616.5,0.02,0,0.38,0,1,0,0,0,0,0,0,0,0,0,1,0,0,0,0,0,0,0,1,0,1,0,0,0,0,0,1,0,1,0,0,0,0,1,0,0,0,0,1,1,0,0,0,0,1,0
CLI-000228,784565.0,10,766,306,39.9,1,0.1,17,1,3,0,5.4,5,1,63785.75,0.01,0,0.42,0,0,0,0,0,0,1,0,0,0,0,0,1,0,1,0,0,0,0,0,0,0,0,1,0,0,0,1,0,1,0,0,0,0,0,1,0,1,0,0,0,1,0,0,0,1,0
CLI-003719,98919.0,19,172,123,71.5,68,36.3,10,5,4,3,12.2,4,1,4308.32,0.01,0,0.62,0,1,0,0,0,0,0,0,0,0,0,1,0,0,1,0,0,0,0,0,0,0,1,0,0,1,0,0,1,0,0,0,0,0,1,0,0,0,1,0,0,0,0,1,0,0,1
CLI-001158,15100.0,11,15,6,40.0,16,8.0,8,2,2,4,12.7,3,1,328.83,0.01,0,0.5,0,0,0,0,0,0,1,0,1,0,0,0,0,0,1,0,0,0,0,0,0,1,0,0,0,1,0,0,0,0,0,1,0,0,0,1,0,0,0,1,0,1,0,0,0,1,0
CLI-003768,959432.0,11,814,422,51.8,36,26.2,10,3,1,1,7.6,4,0,29250.97,0.0,0,0.38,1,0,0,0,0,0,0,0,0,0,1,0,0,0,0,0,0,0,0,1,0,0,0,1,0,0,1,0,1,0,0,0,0,0,0,0,1,0,0,1,0,0,0,1,0,1,0
CLI-000064,873.0,10,3,2,66.7,33,15.0,9,1,2,0,10.5,3,0,62.66,0.01,0,0.56,0,0,1,0,0,0,0,0,0,1,0,0,0,0,1,0,0,0,0,0,1,0,0,0,0,1,0,0,1,0,0,0,0,0,1,0,0,0,1,0,0,0,0,1,0,1,0
CLI-002091,159200.0,10,131,65,49.6,13,5.4,10,2,4,5,2.2,1,0,11420.38,0.01,0,0.25,0,0,0,0,0,1,0,0,0,1,0,0,0,0,0,1,0,0,0,0,0,0,1,0,0,0,0,1,1,0,0,0,0,0,0,0,1,0,0,1,1,0,0,0,0,1,0
CLI-003915,102087.0,23,30,26,86.7,62,27.8,24,5,0,3,4.8,4,0,2829.45,0.0,0,0.6,1,0,0,0,0,0,0,0,0,1,0,0,0,0,1,0,0,0,0,0,0,0,1,0,0,0,0,1,1,0,0,0,0,0,0,1,0,0,0,1,0,0,1,0,0,0,1
CLI-001610,528.0,17,1,1,100.0,34,14.2,7,10,1,3,11.0,3,0,23.83,0.0,0,0.44,0,0,0,0,0,1,0,0,0,1,0,0,0,0,0,0,0,0,1,0,1,0,0,0,0,1,0,0,0,1,0,0,0,0,0,0,1,0,1,0,0,1,0,0,0,0,1
CLI-003283,146290.0,14,200,141,70.5,34,18.8,17,4,0,2,3.4,3,0,16218.35,0.0,0,0.42,0,0,0,0,0,1,0,1,0,0,0,0,0,0,1,0,0,0,0,0,0,0,1,0,0,0,0,1,0,0,1,0,0,0,0,1,0,0,1,0,0,1,0,0,0,0,1
CLI-001584,44406.0,7,31,0,0.0,0,0.0,0,0,48,8,7.6,2,0,1547.26,0.23,1,0.0,0,0,1,0,0,0,0,1,0,0,0,0,0,0,0,1,0,0,0,0,0,1,0,0,0,0,1,0,1,0,0,0,0,0,0,0,1,1,0,0,1,0,0,0,0,1,0
CLI-003404,4854.0,11,32,23,71.9,45,26.6,2,2,0,4,32.4,3,4,370.0,0.0,0,0.25,0,0,1,0,0,0,0,0,0,1,0,0,0,0,0,0,0,1,0,0,0,1,0,0,1,0,0,0,1,0,0,0,0,0,0,1,0,0,1,0,0,1,0,0,0,1,0
CLI-002963,2865.0,9,5,2,40.0,11,4.7,2,1,1,8,16.2,3,1,139.77,0.0,0,0.12,0,0,0,0,0,1,0,1,0,0,0,0,0,0,1,0,0,0,0,0,1,0,0,0,0,1,0,0,0,0,1,0,0,1,0,0,0,1,0,0,1,0,0,0,0,1,0
CLI-000114,1881.0,5,8,6,75.0,49,5.65,4,0,0,9,41.6,1,0,99.76,0.0,0,0.5,1,0,0,0,0,0,0,1,0,0,0,0,0,0,1,0,0,0,0,0,1,0,0,0,1,0,0,0,1,0,0,0,0,0,1,0,0,0,1,0,1,0,0,0,0,1,0
CLI-000201,2524.0,2,31,22,71.0,33,29.4,7,0,0,3,17.0,3,0,775.0,0.0,0,0.44,0,1,0,0,0,0,0,0,1,0,0,0,0,0,0,0,1,0,0,0,0,1,0,0,0,1,0,0,0,0,0,0,1,0,0,0,1,0,0,1,0,1,0,0,1,0,0
CLI-001103,18834.0,2,59,33,55.9,26,26.1,7,2,0,14,15.0,3,1,1435.55,0.0,0,0.44,0,0,1,0,0,0,0,0,0,1,0,0,0,0,1,0,0,0,0,0,0,1,0,0,0,1,0,0,0,0,0,1,0,0,0,0,1,1,0,0,1,0,0,0,1,0,0
CLI-003085,2363.0,1,24,4,16.7,1,0.4,4,0,5,3,13.5,4,2,480.27,0.17,0,0.25,0,0,0,0,0,1,0,0,0,0,1,0,0,0,1,0,0,0,0,0,0,1,0,0,0,1,0,0,1,0,0,0,0,0,0,1,0,1,0,0,1,0,0,0,1,0,0
CLI-001458,142750.0,3,588,67,11.4,1,0.1,1,0,2,0,5.0,5,1,12434.69,0.02,0,0.06,0,0,0,1,0,0,0,0,0,0,0,1,0,0,1,0,0,0,0,0,0,0,0,1,0,1,0,0,0,0,0,1,0,1,0,0,0,0,0,1,1,0,0,0,1,0,0
CLI-000404,5944.0,1,52,15,28.8,3,1.2,0,0,0,6,27.0,4,2,517.81,0.0,0,0.0,0,0,0,0,0,1,0,0,0,1,0,0,0,0,1,0,0,0,0,0,0,1,0,0,1,0,0,0,0,1,0,0,0,0,0,1,0,0,0,1,0,0,0,1,1,0,0
CLI-003865,1273.0,11,11,1,9.1,1,0.2,1,2,1,1,17.4,4,0,129.37,0.0,0,0.12,0,1,0,0,0,0,0,0,1,0,0,0,0,0,1,0,0,0,0,0,1,0,0,0,1,0,0,0,0,0,0,1,0,1,0,0,0,0,0,1,1,0,0,0,0,1,0
CLI-000850,3138.0,11,5,2,40.0,1,0.3,6,3,9,3,0.8,3,1,201.38,0.03,0,0.23,0,1,0,0,0,0,0,0,0,1,0,0,0,0,1,0,0,0,0,0,1,0,0,0,0,0,1,0,0,0,0,0,1,0,0,0,1,0,1,0,0,1,0,0,0,1,0
CLI-002437,59059.0,9,35,19,50.0,26,18.5,14,2,1,9,3.7,2,0,3131.43,0.0,0,0.35,0,0,0,0,1,0,0,1,0,0,0,0,0,0,0,0,0,0,0,1,0,1,0,0,0,0,0,1,1,0,0,0,0,1,0,0,0,0,0,1,1,0,0,0,0,1,0
CLI-002138,94840.0,12,91,44,50.0,11,7.1,5,2,0,4,19.5,2,0,2313.17,0.0,0,0.31,0,0,0,0,0,0,1,0,0,0,0,0,0,1,1,0,0,0,0,0,0,0,1,0,0,1,0,0,0,0,0,1,0,0,1,0,0,1,0,0,0,0,0,1,0,1,0
CLI-002217,136193.0,36,55,0,0.0,0,0.0,0,0,73,0,4.9,3,0,3019.79,0.07,1,0.0,0,1,0,0,0,0,0,0,0,0,1,0,0,0,1,0,0,0,0,0,0,0,1,0,0,0,1,0,0,0,0,1,0,0,0,1,0,0,1,0,1,0,0,0,0,0,1
CLI-000519,4406.0,1,51,7,13.7,1,0.2,4,2,0,0,5.6,5,4,1074.54,0.0,0,0.25,0,0,1,0,0,0,0,0,0,0,0,1,0,0,0,0,0,0,1,0,0,1,0,0,0,1,0,0,0,0,0,1,0,0,0,1,0,0,1,0,0,0,0,1,1,0,0
CLI-004359,1123.0,24,4,1,25.0,3,0.9,0,7,10,4,28.2,3,0,50.73,0.01,0,0.0,0,0,0,0,0,1,0,0,1,0,0,0,0,0,1,0,0,0,0,0,1,0,0,0,1,0,0,0,0,0,0,0,1,0,0,1,0,0,1,0,0,0,0,1,0,0,1
CLI-004413,23835.0,13,42,0,0.0,0,0.0,0,0,48,3,9.3,3,0,1162.7,0.12,1,0.0,0,0,0,0,1,0,0,0,0,0,0,1,0,0,0,0,0,1,0,0,0,1,0,0,0,1,0,0,0,0,1,0,0,1,0,0,0,1,0,0,1,0,0,0,0,0,1
CLI-001320,538639.0,2,783,533,68.1,22,15.1,16,0,0,1,2.2,3,2,54739.74,0.0,0,0.4,0,0,0,0,0,1,0,0,0,0,0,0,1,0,1,0,0,0,0,0,0,0,0,1,0,0,0,1,0,0,1,0,0,0,1,0,0,0,0,1,0,0,0,1,1,0,0
CLI-000923,11086.0,13,10,8,80.0,56,10.4,15,2,0,5,9.6,3,0,450.64,0.0,0,0.58,0,0,0,0,1,0,0,0,0,1,0,0,0,0,0,0,0,0,1,0,1,0,0,0,0,0,1,0,0,0,0,1,0,0,0,0,1,0,0,1,0,0,0,1,0,0,1
CLI-001486,516860.0,1,334,229,68.6,30,5.65,17,0,2,1,3.5,3,2,30015.12,0.07,0,0.42,0,0,0,0,0,0,1,0,0,0,1,0,0,0,0,0,1,0,0,0,0,0,0,1,0,0,0,1,0,0,0,0,1,0,0,0,1,1,0,0,0,1,0,0,1,0,0
CLI-001622,1490.0,14,6,2,33.3,15,1.9,3,3,1,0,6.9,5,0,69.88,0.0,0,0.38,0,0,0,0,1,0,0,0,1,0,0,0,0,0,0,0,0,0,1,0,1,0,0,0,1,0,0,0,0,0,0,0,1,1,0,0,0,0,0,1,0,0,0,1,0,0,1
CLI-001211,30286.0,1,127,81,63.8,13,7.7,17,0,5,0,1.4,5,4,5276.38,0.17,0,0.65,0,1,0,0,0,0,0,0,0,0,0,1,0,0,0,1,0,0,0,0,0,0,1,0,0,0,1,0,0,0,0,1,0,0,0,0,1,1,0,0,0,0,0,1,1,0,0
CLI-002192,10042.0,10,51,30,58.8,27,5.65,2,2,1,4,10.5,2,0,612.29,0.0,0,0.25,0,0,0,0,0,1,0,0,1,0,0,0,0,0,1,0,0,0,0,0,0,1,0,0,1,0,0,0,0,0,0,0,1,0,0,0,1,0,1,0,0,0,0,1,0,1,0
CLI-002489,306521.0,23,814,285,50.0,1,0.5,3,6,30,1,14.7,3,0,20767.02,0.04,1,0.19,0,0,0,0,0,1,0,0,1,0,0,0,0,0,1,0,0,0,0,0,0,0,0,1,0,1,0,0,1,0,0,0,0,0,0,0,1,0,1,0,0,1,0,0,0,0,1
CLI-001422,33831.0,17,59,37,62.7,32,22.0,4,1,1,0,10.5,5,0,1793.81,0.0,0,0.25,0,0,0,0,0,0,1,0,1,0,0,0,0,0,1,0,0,0,0,0,0,1,0,0,0,1,0,0,0,1,0,0,0,0,1,0,0,0,0,1,0,0,0,1,0,0,1
CLI-004803,401.0,8,4,3,75.0,27,13.1,4,1,1,0,17.6,3,1,37.59,0.0,0,0.5,0,0,0,0,1,0,0,0,1,0,0,0,0,0,1,0,0,0,0,0,1,0,0,0,1,0,0,0,0,0,0,0,1,0,1,0,0,1,0,0,0,0,0,1,0,1,0
CLI-002566,2325.0,1,21,9,42.9,19,3.5,1,0,1,6,10.5,3,2,236.33,0.03,0,0.12,0,0,0,1,0,0,0,0,1,0,0,0,0,0,0,0,0,0,0,1,0,1,0,0,1,0,0,0,0,0,0,0,1,0,0,0,1,1,0,0,0,0,0,1,1,0,0
CLI-001949,10524.0,10,29,14,48.3,12,5.65,3,5,4,10,14.2,3,1,754.95,0.01,0,0.19,0,0,0,1,0,0,0,0,0,0,0,1,0,0,1,0,0,0,0,0,0,1,0,0,0,1,0,0,0,1,0,0,0,1,0,0,0,0,0,1,1,0,0,0,0,1,0
CLI-001369,9721.0,18,8,8,100.0,119,85.2,13,3,3,4,12.1,2,0,382.43,0.01,0,0.5,0,0,1,0,0,0,0,0,0,1,0,0,0,0,1,0,0,0,0,0,1,0,0,0,0,0,1,0,0,0,0,0,1,0,1,0,0,1,0,0,0,0,0,1,0,0,1
CLI-000176,21079.0,5,34,19,55.9,23,6.2,18,0,3,4,5.9,2,0,2570.59,0.02,0,0.45,0,0,0,1,0,0,0,0,0,0,0,1,0,0,0,0,0,0,0,1,0,0,1,0,0,0,0,1,0,0,0,1,0,1,0,0,0,1,0,0,1,0,0,0,0,1,0
CLI-003219,33071.0,14,56,45,80.4,74,55.3,5,1,0,2,24.8,4,0,695.36,0.0,0,0.62,0,0,0,0,1,0,0,1,0,0,0,0,0,0,1,0,0,0,0,0,0,1,0,0,1,0,0,0,0,0,0,0,1,1,0,0,0,1,0,0,0,1,0,0,0,0,1
CLI-000990,297369.0,4,855,451,52.7,16,1.7,8,1,2,0,9.4,2,1,36264.48,0.02,0,0.31,0,0,1,0,0,0,0,0,0,0,0,1,0,0,1,0,0,0,0,0,0,0,0,1,0,0,1,0,0,0,0,0,1,0,0,0,1,1,0,0,1,0,0,0,0,1,0
CLI-000211,15573.0,16,58,35,60.3,48,5.65,7,1,2,5,18.0,3,0,1582.6,0.0,0,0.44,0,0,0,0,0,1,0,1,0,0,0,0,0,0,1,0,0,0,0,0,0,1,0,0,0,1,0,0,1,0,0,0,0,1,0,0,0,1,0,0,0,0,0,1,0,0,1
CLI-004117,8106.0,2,29,16,55.2,11,5.9,6,0,1,4,3.0,3,2,1647.66,0.02,0,0.15,0,0,0,0,0,0,1,0,0,0,0,0,1,0,1,0,0,0,0,0,0,1,0,0,0,0,0,1,0,0,0,0,1,0,0,1,0,0,1,0,0,0,0,1,1,0,0
CLI-002995,3322.0,4,2,2,100.0,60,27.0,6,1,3,0,6.9,3,3,50.02,0.02,0,0.38,0,0,0,0,1,0,0,0,0,1,0,0,0,0,1,0,0,0,0,0,1,0,0,0,0,1,0,0,0,0,1,0,0,0,1,0,0,1,0,0,0,0,0,1,0,1,0
CLI-003360,88590.0,10,220,150,68.2,32,18.8,11,2,0,4,8.6,3,0,12004.06,0.0,0,0.42,0,0,0,0,1,0,0,0,1,0,0,0,0,0,1,0,0,0,0,0,0,0,0,1,0,0,1,0,0,1,0,0,0,0,0,0,1,0,1,0,0,0,0,1,0,1,0
CLI-000083,6508.0,1,49,29,59.2,37,12.7,6,0,1,9,15.3,2,2,1133.76,0.03,0,0.38,0,0,0,0,1,0,0,0,0,0,0,0,0,1,1,0,0,0,0,0,0,1,0,0,0,1,0,0,0,0,1,0,0,0,0,1,0,1,0,0,0,0,0,1,1,0,0
CLI-004912,118866.0,1,161,147,91.3,74,62.1,17,0,1,0,4.5,5,0,8526.99,0.03,0,0.65,0,0,0,0,0,1,0,0,0,0,0,1,0,0,1,0,0,0,0,0,0,0,1,0,0,0,1,0,0,0,0,1,0,0,0,1,0,1,0,0,0,0,0,1,1,0,0
CLI-002819,15778.0,12,32,25,78.1,38,20.0,4,4,0,7,36.7,2,0,370.02,0.0,0,0.5,0,0,0,0,0,0,1,0,0,1,0,0,0,0,1,0,0,0,0,0,0,1,0,0,1,0,0,0,0,1,0,0,0,1,0,0,0,0,1,0,0,0,0,1,0,1,0
CLI-003087,378128.0,13,438,139,31.7,11,4.1,11,2,0,1,1.9,5,0,18445.29,0.0,0,0.42,0,1,0,0,0,0,0,0,0,0,0,0,1,0,0,0,0,0,0,1,0,0,0,1,0,0,1,0,0,0,1,0,0,0,0,1,0,1,0,0,0,0,0,1,0,0,1
CLI-004024,890.0,8,5,3,60.0,40,24.1,4,1,0,1,14.0,5,1,49.35,0.0,0,0.5,1,0,0,0,0,0,0,0,0,0,0,1,0,0,1,0,0,0,0,0,1,0,0,0,1,0,0,0,0,0,0,1,0,0,0,0,1,0,0,1,0,0,0,1,0,1,0
CLI-003466,4202.0,25,10,1,10.0,1,0.3,0,7,24,1,21.2,4,0,131.41,0.03,0,0.0,0,0,0,0,1,0,0,0,0,1,0,0,0,0,1,0,0,0,0,0,1,0,0,0,1,0,0,0,0,0,0,1,0,0,0,0,1,0,1,0,1,0,0,0,0,0,1
CLI-002628,4563.0,4,6,0,0.0,0,0.0,0,0,57,4,10.5,3,0,252.95,0.48,1,0.0,0,0,1,0,0,0,0,0,0,0,0,0,0,1,0,0,0,0,1,0,1,0,0,0,0,0,1,0,0,1,0,0,0,0,0,1,0,0,1,0,1,0,0,0,0,1,0
CLI-004896,1818.0,11,9,5,55.6,8,2.4,3,1,1,1,20.8,4,0,116.68,0.0,0,0.38,1,0,0,0,0,0,0,0,0,0,0,1,0,0,1,0,0,0,0,0,1,0,0,0,1,0,0,0,0,0,1,0,0,0,0,0,1,1,0,0,0,1,0,0,0,1,0
CLI-001800,23024.0,5,48,17,35.4,10,0.5,10,0,0,0,4.8,4,0,2005.6,0.0,0,0.38,0,0,0,0,1,0,0,1,0,0,0,0,0,0,0,0,0,0,0,1,0,1,0,0,0,0,1,0,0,0,0,0,1,0,0,1,0,0,1,0,0,0,0,1,0,1,0
CLI-002078,1121.0,14,2,1,50.0,18,10.0,5,1,5,3,25.9,3,0,27.91,0.01,0,0.62,0,0,0,0,0,1,0,0,1,0,0,0,0,0,1,0,0,0,0,0,1,0,0,0,1,0,0,0,0,0,0,1,0,1,0,0,0,1,0,0,0,0,0,1,0,0,1
CLI-004206,81315.0,19,218,87,39.9,30,11.8,10,5,1,0,7.0,4,0,9810.0,0.0,0,0.38,0,0,0,1,0,0,0,0,0,1,0,0,0,0,0,0,0,1,0,0,0,0,1,0,0,0,1,0,0,0,1,0,0,0,1,0,0,0,0,1,0,0,1,0,0,0,1
CLI-002827,1876.0,10,3,2,66.7,29,11.4,3,2,2,0,25.9,4,0,38.78,0.01,0,0.38,1,0,0,0,0,0,0,1,0,0,0,0,0,0,1,0,0,0,0,0,1,0,0,0,1,0,0,0,0,0,1,0,0,0,0,0,1,0,1,0,0,1,0,0,0,1,0
CLI-002049,5588.0,8,26,20,76.9,47,30.6,11,3,1,3,12.1,4,0,567.86,0.0,0,0.69,0,0,0,1,0,0,0,0,1,0,0,0,0,0,1,0,0,0,0,0,0,1,0,0,0,1,0,0,1,0,0,0,0,0,0,0,1,1,0,0,0,0,1,0,0,1,0
CLI-003885,1083.0,3,5,3,50.0,26,15.1,5,0,0,2,14.2,4,2,120.07,0.0,0,0.31,1,0,0,0,0,0,0,0,0,0,0,0,1,0,0,0,0,1,0,0,1,0,0,0,0,1,0,0,0,0,1,0,0,0,1,0,0,0,1,0,0,1,0,0,1,0,0
CLI-000241,319965.0,21,264,126,47.7,26,2.3,13,3,4,3,8.5,3,0,11880.0,0.01,0,0.5,0,0,0,1,0,0,0,0,0,0,0,1,0,0,1,0,0,0,0,0,0,0,0,1,0,0,1,0,1,0,0,0,0,1,0,0,0,0,0,1,0,0,0,1,0,0,1
CLI-003615,5221.0,11,5,4,80.0,65,41.7,4,1,1,3,7.5,4,0,235.83,0.0,0,0.15,0,0,0,0,0,1,0,0,1,0,0,0,0,0,0,0,0,1,0,0,1,0,0,0,0,0,1,0,0,0,0,1,0,1,0,0,0,1,0,0,0,0,0,1,0,1,0
CLI-002154,800202.0,13,831,151,18.2,1,5.65,3,3,4,5,3.8,3,1,39034.24,0.01,0,0.12,0,0,1,0,0,0,0,0,0,0,1,0,0,0,1,0,0,0,0,0,0,0,0,1,0,0,1,0,0,0,0,1,0,1,0,0,0,0,1,0,0,0,0,1,0,0,1
CLI-003063,275186.0,15,898,298,33.2,1,0.4,2,3,30,12,10.5,2,0,37288.12,0.07,1,0.08,0,1,0,0,0,0,0,0,1,0,0,0,0,0,1,0,0,0,0,0,0,0,0,1,0,0,1,0,0,0,1,0,0,1,0,0,0,0,0,1,1,0,0,0,0,0,1
CLI-001497,69021.0,3,172,50,29.1,1,0.4,1,1,12,4,32.6,2,1,2338.11,0.13,0,0.12,0,0,0,0,0,0,1,0,0,1,0,0,0,0,1,0,0,0,0,0,0,0,1,0,1,0,0,0,1,0,0,0,0,0,0,1,0,1,0,0,1,0,0,0,1,0,0
CLI-002449,11829.0,3,42,2,4.8,1,0.1,5,0,30,8,16.8,3,0,961.74,0.33,1,0.31,1,0,0,0,0,0,0,0,0,1,0,0,0,0,1,0,0,0,0,0,0,1,0,0,0,1,0,0,0,0,0,0,1,0,0,0,1,0,1,0,1,0,0,0,1,0,0
CLI-002361,4610.0,12,26,17,50.0,27,13.0,10,1,0,2,14.4,3,1,702.77,0.0,0,0.62,0,1,0,0,0,0,0,0,1,0,0,0,0,0,1,0,0,0,0,0,0,1,0,0,0,1,0,0,0,0,0,0,1,0,1,0,0,0,1,0,0,1,0,0,0,1,0
CLI-002402,12757.0,13,35,8,22.9,1,0.2,3,2,9,0,10.5,5,1,740.81,0.02,0,0.19,0,0,0,1,0,0,0,0,0,0,0,0,0,1,0,0,0,0,0,1,0,1,0,0,0,1,0,0,1,0,0,0,0,1,0,0,0,0,0,1,1,0,0,0,0,0,1
CLI-001219,28344.0,7,22,5,22.7,2,0.1,7,1,30,2,6.0,4,0,864.15,0.14,1,0.27,0,0,0,0,0,1,0,0,0,0,0,0,0,1,1,0,0,0,0,0,0,1,0,0,0,0,1,0,1,0,0,0,0,1,0,0,0,0,0,1,1,0,0,0,0,1,0
CLI-001993,35373.0,21,45,4,8.9,1,0.2,3,6,8,0,6.5,3,0,1135.2,0.01,0,0.19,0,0,0,0,1,0,0,0,0,1,0,0,0,0,0,1,0,0,0,0,0,1,0,0,0,1,0,0,0,0,0,0,1,1,0,0,0,1,0,0,0,0,0,1,0,0,1
CLI-002141,1721.0,20,3,3,100.0,86,51.3,5,5,0,0,16.1,4,0,39.61,0.0,0,0.62,0,0,1,0,0,0,0,0,0,1,0,0,0,0,1,0,0,0,0,0,1,0,0,0,1,0,0,0,1,0,0,0,0,0,1,0,0,0,1,0,0,0,0,1,0,0,1
CLI-001951,2018.0,7,10,3,30.0,2,1.3,6,1,4,8,16.7,1,0,223.78,0.02,0,0.38,1,0,0,0,0,0,0,0,0,1,0,0,0,0,0,0,0,0,0,1,1,0,0,0,0,1,0,0,1,0,0,0,0,0,0,0,1,1,0,0,1,0,0,0,0,1,0
CLI-002061,1514.0,6,6,4,66.7,33,7.4,5,0,2,0,7.8,5,0,150.0,0.01,0,0.31,0,1,0,0,0,0,0,0,0,0,0,1,0,0,0,0,1,0,0,0,1,0,0,0,0,1,0,0,0,0,0,0,1,0,1,0,0,0,0,1,0,1,0,0,0,1,0
CLI-002846,300.0,9,2,1,50.0,4,1.5,3,0,0,0,19.8,4,0,18.73,0.0,0,0.38,0,0,0,0,0,0,1,0,0,0,0,0,0,1,1,0,0,0,0,0,1,0,0,0,1,0,0,0,0,0,0,0,1,0,0,0,1,0,1,0,0,0,0,1,0,1,0
CLI-000932,13823.0,1,38,22,57.9,48,11.1,16,0,1,3,6.7,3,1,1873.04,0.03,0,0.62,0,1,0,0,0,0,0,0,0,1,0,0,0,0,1,0,0,0,0,0,0,1,0,0,0,0,1,0,0,1,0,0,0,0,0,0,1,1,0,0,0,1,0,0,1,0,0
CLI-001384,31332.0,27,33,28,84.8,79,64.6,12,6,2,4,15.0,4,0,979.74,0.0,0,0.75,0,0,0,1,0,0,0,0,0,0,0,1,0,0,0,0,0,0,1,0,0,1,0,0,0,1,0,0,1,0,0,0,0,0,0,1,0,0,0,1,0,0,1,0,0,0,1
CLI-001056,31227.0,1,133,12,9.0,1,0.1,4,1,8,5,6.8,3,2,4760.24,0.27,0,0.15,0,1,0,0,0,0,0,0,0,0,0,0,0,1,1,0,0,0,0,0,0,0,1,0,0,0,1,0,0,1,0,0,0,1,0,0,0,1,0,0,1,0,0,0,1,0,0
CLI-002520,464852.0,10,48,46,95.8,107,93.8,33,2,2,3,2.6,2,2,4724.11,0.01,0,0.82,1,0,0,0,0,0,0,0,0,0,0,0,0,1,1,0,0,0,0,0,0,0,1,0,0,0,0,1,0,0,1,0,0,1,0,0,0,0,1,0,0,0,0,1,0,1,0
CLI-003945,754.0,4,6,2,33.3,19,17.6,3,2,1,1,17.3,4,1,76.65,0.01,0,0.38,0,0,0,0,1,0,0,0,0,0,0,0,1,0,0,0,0,0,1,0,1,0,0,0,1,0,0,0,0,0,1,0,0,0,0,1,0,0,0,1,0,0,0,1,0,1,0
CLI-000776,7023.0,22,6,2,33.3,10,3.5,7,2,0,0,9.1,5,0,147.67,0.0,0,0.44,0,0,1,0,0,0,0,0,0,0,0,0,0,1,0,0,0,1,0,0,0,1,0,0,0,1,0,0,0,0,0,1,0,0,0,1,0,1,0,0,0,1,0,0,0,0,1
CLI-001952,59340.0,19,52,22,42.3,24,10.9,9,1,0,1,8.6,4,0,2495.39,0.0,0,0.35,1,0,0,0,0,0,0,0,0,0,0,0,1,0,1,0,0,0,0,0,0,1,0,0,0,0,1,0,0,0,0,0,1,0,1,0,0,1,0,0,0,0,0,1,0,0,1
CLI-003182,23307.0,12,9,8,88.9,85,83.4,11,3,2,0,10.9,5,0,281.42,0.01,0,0.69,0,0,0,0,1,0,0,0,0,0,0,0,0,1,1,0,0,0,0,0,0,1,0,0,0,1,0,0,1,0,0,0,0,0,0,0,1,0,0,1,0,0,1,0,0,1,0
CLI-001070,67935.0,1,198,18,9.1,1,0.1,9,0,7,4,3.9,3,1,11835.33,0.23,0,0.22,0,1,0,0,0,0,0,0,0,1,0,0,0,0,0,0,0,0,1,0,0,0,0,1,0,0,0,1,0,0,0,1,0,0,0,0,1,1,0,0,1,0,0,0,1,0,0
CLI-000777,23770.0,13,5,2,40.0,16,0.8,4,1,0,5,10.1,3,0,241.57,0.0,0,0.15,0,1,0,0,0,0,0,0,0,0,0,0,1,0,1,0,0,0,0,0,1,0,0,0,0,0,1,0,0,1,0,0,0,0,0,1,0,1,0,0,0,0,0,1,0,0,1
CLI-002256,7880.0,17,10,8,80.0,56,5.65,4,4,0,1,18.3,3,0,128.13,0.0,0,0.5,1,0,0,0,0,0,0,1,0,0,0,0,0,0,1,0,0,0,0,0,1,0,0,0,1,0,0,0,0,0,0,0,1,0,0,0,1,0,0,1,0,0,0,1,0,0,1
CLI-004286,7416.0,5,50,26,52.0,17,2.9,5,0,3,3,15.6,3,0,904.34,0.02,0,0.31,0,0,0,0,0,1,0,0,0,0,0,0,0,1,0,0,1,0,0,0,0,0,1,0,0,1,0,0,0,1,0,0,0,0,0,0,1,1,0,0,0,0,0,1,0,1,0
CLI-002098,26892.0,10,30,20,66.7,42,11.1,5,3,0,1,9.5,4,1,910.97,0.0,0,0.31,1,0,0,0,0,0,0,1,0,0,0,0,0,0,1,0,0,0,0,0,0,1,0,0,0,1,0,0,1,0,0,0,0,0,1,0,0,0,1,0,0,0,1,0,0,1,0
CLI-003909,257034.0,11,127,73,57.5,16,6.6,13,2,4,5,3.2,3,0,10808.83,0.01,0,0.32,0,0,0,0,0,0,1,0,0,1,0,0,0,0,0,0,1,0,0,0,0,0,0,1,0,0,0,1,0,0,0,1,0,0,0,1,0,1,0,0,0,1,0,0,0,1,0
CLI-002971,22355.0,9,17,9,52.9,25,12.8,16,0,0,1,1.7,3,0,1360.0,0.0,0,0.4,0,0,1,0,0,0,0,1,0,0,0,0,0,0,1,0,0,0,0,0,0,1,0,0,0,0,0,1,0,1,0,0,0,0,0,0,1,0,0,1,0,0,0,1,0,1,0
CLI-002031,24994.0,1,33,21,63.6,22,13.1,19,1,0,1,0.6,3,3,2344.68,0.0,0,0.48,0,0,0,0,1,0,0,0,0,0,1,0,0,0,1,0,0,0,0,0,0,1,0,0,0,0,0,1,0,0,0,0,1,1,0,0,0,0,0,1,0,0,0,1,1,0,0
CLI-001000,5277.0,14,3,2,66.7,24,11.2,8,7,1,4,12.5,4,0,93.26,0.0,0,0.5,0,0,0,1,0,0,0,0,0,0,0,0,0,1,1,0,0,0,0,0,1,0,0,0,0,1,0,0,0,0,1,0,0,0,0,0,1,0,0,1,0,0,0,1,0,0,1
CLI-002737,675648.0,14,572,302,52.8,4,0.4,11,4,2,5,3.8,2,0,51497.59,0.0,0,0.28,0,0,0,0,0,0,1,0,0,1,0,0,0,0,0,1,0,0,0,0,0,0,0,1,0,0,0,1,0,0,0,1,0,0,1,0,0,0,0,1,1,0,0,0,0,0,1
CLI-000731,15133.0,6,22,6,27.3,5,3.3,5,3,9,9,5.9,2,2,922.75,0.05,0,0.19,0,0,0,0,0,1,0,0,0,0,0,1,0,0,1,0,0,0,0,0,0,1,0,0,0,0,1,0,0,0,0,1,0,1,0,0,0,0,1,0,1,0,0,0,0,1,0
CLI-001948,126777.0,12,66,0,0.0,0,0.0,0,0,39,1,4.8,4,0,3155.23,0.11,1,0.0,0,0,0,0,1,0,0,0,0,1,0,0,0,0,1,0,0,0,0,0,0,0,1,0,0,0,1,0,0,0,0,1,0,0,0,0,1,0,1,0,0,0,0,1,0,1,0
CLI-004849,5121.0,16,36,6,16.7,1,0.1,1,4,12,9,7.2,1,0,1249.04,0.02,0,0.04,0,0,0,0,0,1,0,0,0,1,0,0,0,0,0,0,0,0,0,1,0,1,0,0,0,0,1,0,1,0,0,0,0,0,1,0,0,0,1,0,0,0,0,1,0,0,1
CLI-002010,5795.0,17,9,5,55.6,34,9.2,5,4,0,2,6.0,4,0,243.7,0.0,0,0.31,0,0,0,0,0,0,1,0,0,1,0,0,0,0,1,0,0,0,0,0,1,0,0,0,0,1,0,0,0,0,0,1,0,1,0,0,0,0,1,0,0,0,1,0,0,0,1
CLI-004114,17379.0,10,35,26,74.3,60,56.1,10,5,1,4,7.7,4,0,1630.31,0.0,0,0.38,1,0,0,0,0,0,0,0,0,0,0,0,0,1,0,0,0,1,0,0,0,1,0,0,0,0,1,0,0,0,1,0,0,0,0,1,0,1,0,0,0,0,0,1,0,1,0
CLI-000202,38841.0,22,34,18,52.9,18,10.1,9,4,2,2,7.7,4,0,1691.7,0.0,0,0.35,0,0,0,0,1,0,0,1,0,0,0,0,0,0,1,0,0,0,0,0,0,1,0,0,0,0,1,0,0,0,0,0,1,0,0,1,0,0,0,1,0,0,0,1,0,0,1
CLI-004046,1809.0,8,6,3,50.0,26,7.6,7,1,1,2,12.3,3,2,122.55,0.0,0,0.44,1,0,0,0,0,0,0,0,0,1,0,0,0,0,0,0,0,0,1,0,1,0,0,0,0,1,0,0,0,0,1,0,0,0,1,0,0,0,1,0,0,1,0,0,0,1,0
CLI-003622,5015.0,11,6,3,50.0,8,2.8,3,1,4,3,27.1,2,1,76.45,0.01,0,0.38,0,0,0,0,1,0,0,0,0,0,0,1,0,0,0,0,0,0,0,1,1,0,0,0,1,0,0,0,0,0,0,1,0,0,0,1,0,0,1,0,0,0,0,1,0,1,0
CLI-002081,3163.0,22,35,0,0.0,0,0.0,0,0,44,4,27.9,2,0,385.75,0.07,1,0.0,0,0,1,0,0,0,0,0,1,0,0,0,0,0,0,0,0,0,0,1,0,1,0,0,1,0,0,0,1,0,0,0,0,0,1,0,0,0,0,1,0,0,0,1,0,0,1
CLI-004133,13532.0,23,48,19,39.6,22,20.0,8,3,2,6,11.9,3,0,1178.71,0.0,0,0.5,0,0,0,0,0,0,1,0,0,1,0,0,0,0,0,1,0,0,0,0,0,1,0,0,0,1,0,0,1,0,0,0,0,1,0,0,0,1,0,0,0,1,0,0,0,0,1
CLI-004063,28504.0,8,37,5,13.5,2,1.1,1,2,2,0,10.5,3,0,1241.45,0.01,0,0.04,0,0,1,0,0,0,0,0,1,0,0,0,0,0,1,0,0,0,0,0,0,0,1,0,0,0,1,0,0,0,0,0,1,0,1,0,0,1,0,0,0,0,0,1,0,1,0
CLI-000997,193413.0,4,166,62,37.3,1,0.2,1,0,4,2,10.5,3,3,6207.09,0.03,0,0.04,1,0,0,0,0,0,0,0,0,1,0,0,0,0,0,0,0,0,1,0,0,0,1,0,0,0,1,0,0,0,0,0,1,0,1,0,0,0,1,0,0,0,0,1,0,1,0
CLI-001598,230429.0,13,44,24,54.5,28,13.9,13,3,0,0,1.9,5,1,2341.76,0.0,0,0.5,0,0,0,1,0,0,0,0,0,0,0,1,0,0,0,0,1,0,0,0,0,1,0,0,0,0,1,0,0,0,0,0,1,0,1,0,0,0,1,0,0,0,0,1,0,0,1
CLI-001259,1688.0,3,3,2,50.0,16,3.8,12,1,1,4,7.5,4,0,135.0,0.01,0,0.46,0,0,0,0,0,1,0,0,0,1,0,0,0,0,1,0,0,0,0,0,1,0,0,0,0,0,1,0,0,0,0,0,1,1,0,0,0,0,1,0,0,1,0,0,1,0,0
CLI-001785,9151.0,25,11,6,54.5,20,2.7,5,4,4,6,17.1,2,0,272.19,0.01,0,0.31,0,0,1,0,0,0,0,0,0,1,0,0,0,0,1,0,0,0,0,0,0,1,0,0,0,1,0,0,0,0,1,0,0,0,0,0,1,0,0,1,0,0,0,1,0,0,1
CLI-000870,8936.0,1,4,3,75.0,56,15.0,10,0,0,0,6.3,4,2,217.94,0.0,0,0.38,0,1,0,0,0,0,0,1,0,0,0,0,0,0,1,0,0,0,0,0,1,0,0,0,0,0,1,0,0,1,0,0,0,0,0,1,0,0,0,1,0,1,0,0,1,0,0
CLI-003197,3851.0,9,11,9,81.8,68,16.5,5,3,0,0,10.9,5,0,123.59,0.0,0,0.62,0,1,0,0,0,0,0,1,0,0,0,0,0,0,1,0,0,0,0,0,1,0,0,0,1,0,0,0,0,0,0,1,0,0,0,0,1,0,0,1,0,0,0,1,0,1,0
CLI-001509,29393.0,12,37,19,51.4,9,4.4,6,2,3,0,10.5,3,0,1706.93,0.01,0,0.23,1,0,0,0,0,0,0,0,0,1,0,0,0,0,1,0,0,0,0,0,0,1,0,0,0,0,1,0,1,0,0,0,0,0,0,0,1,1,0,0,0,1,0,0,0,1,0
CLI-002683,14275.0,11,53,0,0.0,0,0.0,0,0,40,0,3.8,5,0,1339.11,0.12,1,0.0,0,0,0,1,0,0,0,0,0,1,0,0,0,0,1,0,0,0,0,0,0,1,0,0,0,1,0,0,0,0,0,1,0,0,1,0,0,0,0,1,1,0,0,0,0,1,0
CLI-000622,19209.0,21,20,9,45.0,24,3.5,7,5,1,1,0.8,5,0,509.25,0.0,0,0.44,0,0,0,0,1,0,0,0,0,0,0,0,1,0,1,0,0,0,0,0,0,1,0,0,0,1,0,0,0,0,1,0,0,1,0,0,0,1,0,0,0,0,0,1,0,0,1
CLI-003181,5194.0,6,44,24,54.5,14,4.5,4,2,3,0,10.5,3,0,791.78,0.02,0,0.25,1,0,0,0,0,0,0,1,0,0,0,0,0,0,1,0,0,0,0,0,0,1,0,0,0,1,0,0,0,1,0,0,0,0,1,0,0,0,0,1,0,0,0,1,0,1,0
CLI-004614,21329.0,1,105,54,51.4,25,14.8,9,1,0,5,10.5,3,6,4335.25,0.0,0,0.35,0,0,0,0,1,0,0,1,0,0,0,0,0,0,0,0,0,0,0,1,0,0,1,0,0,0,1,0,0,0,1,0,0,1,0,0,0,0,0,1,0,0,0,1,1,0,0
CLI-002163,628343.0,22,401,214,53.4,48,24.3,9,7,0,2,3.4,3,0,21285.32,0.0,0,0.35,1,0,0,0,0,0,0,0,0,0,1,0,0,0,1,0,0,0,0,0,0,0,0,1,0,0,1,0,0,0,0,0,1,1,0,0,0,0,1,0,0,0,0,1,0,0,1
CLI-003184,7082.0,7,11,8,72.7,46,5.9,7,3,1,7,17.0,4,0,261.72,0.0,0,0.44,1,0,0,0,0,0,0,0,0,1,0,0,0,0,0,0,0,0,1,0,1,0,0,0,0,1,0,0,0,0,0,1,0,0,1,0,0,0,0,1,0,0,0,1,0,1,0
CLI-003454,3564.0,2,19,16,84.2,67,41.4,3,0,1,4,30.8,2,0,217.29,0.02,0,0.38,0,0,0,0,0,0,1,1,0,0,0,0,0,0,0,0,1,0,0,0,0,1,0,0,1,0,0,0,0,0,1,0,0,0,1,0,0,0,1,0,0,0,0,1,1,0,0
CLI-002128,38155.0,10,8,5,62.5,18,7.0,5,2,1,0,5.3,3,1,434.87,0.0,0,0.19,0,0,0,0,1,0,0,1,0,0,0,0,0,0,1,0,0,0,0,0,1,0,0,0,0,0,1,0,0,1,0,0,0,1,0,0,0,1,0,0,0,1,0,0,0,1,0
CLI-004416,86345.0,1,160,94,58.8,22,1.1,9,1,1,0,10.5,4,4,6194.08,0.03,0,0.35,0,0,1,0,0,0,0,1,0,0,0,0,0,0,1,0,0,0,0,0,0,0,1,0,0,0,1,0,1,0,0,0,0,0,0,1,0,0,1,0,0,0,0,1,1,0,0
CLI-001883,8835.0,22,13,6,46.2,28,15.9,14,2,1,1,6.9,2,0,538.72,0.0,0,0.54,0,0,0,1,0,0,0,1,0,0,0,0,0,0,0,0,0,1,0,0,0,1,0,0,0,0,1,0,0,0,0,0,1,0,1,0,0,1,0,0,0,0,0,1,0,0,1
CLI-002035,4352.0,1,38,10,26.3,1,0.3,2,0,30,4,31.8,3,0,408.24,1.0,1,0.25,0,0,0,1,0,0,0,0,0,0,0,1,0,0,1,0,0,0,0,0,0,1,0,0,1,0,0,0,0,0,1,0,0,0,0,1,0,0,0,1,0,0,0,1,1,0,0
CLI-002767,2990.0,1,57,19,33.3,5,2.2,1,0,0,1,16.1,4,4,520.99,0.0,0,0.12,0,0,0,1,0,0,0,0,0,0,0,1,0,0,1,0,0,0,0,0,0,1,0,0,1,0,0,0,0,1,0,0,0,1,0,0,0,1,0,0,0,1,0,0,1,0,0
CLI-002403,10542.0,15,42,9,21.4,1,0.2,0,2,10,3,14.0,4,0,988.96,0.02,0,0.0,1,0,0,0,0,0,0,0,0,0,1,0,0,0,1,0,0,0,0,0,0,1,0,0,0,1,0,0,0,0,0,1,0,0,1,0,0,0,1,0,0,0,0,1,0,0,1
CLI-002960,11029.0,15,25,10,40.0,12,5.3,2,0,0,1,12.2,3,0,584.77,0.0,0,0.12,0,0,0,0,0,0,1,0,0,0,0,1,0,0,1,0,0,0,0,0,0,1,0,0,0,1,0,0,0,0,1,0,0,0,1,0,0,0,0,1,0,1,0,0,0,0,1
CLI-001116,2606.0,5,11,3,27.3,2,5.65,5,0,14,6,11.4,4,1,288.95,0.09,0,0.31,0,0,0,1,0,0,0,0,1,0,0,0,0,0,0,0,0,0,1,0,1,0,0,0,0,1,0,0,0,1,0,0,0,0,1,0,0,1,0,0,0,1,0,0,0,1,0
CLI-000972,832.0,7,14,8,57.1,35,23.1,4,0,1,0,12.1,5,0,169.04,0.0,0,0.5,0,0,0,0,0,1,0,0,0,0,1,0,0,0,0,0,0,0,0,1,0,1,0,0,1,0,0,0,0,0,1,0,0,0,0,1,0,0,1,0,0,1,0,0,0,1,0
CLI-000308,2142.0,15,8,0,0.0,0,0.0,0,0,77,11,44.9,2,0,70.59,0.17,1,0.0,0,0,0,0,0,1,0,0,0,0,1,0,0,0,1,0,0,0,0,0,1,0,0,0,1,0,0,0,0,0,0,0,1,0,0,1,0,0,0,1,0,0,0,1,0,0,1
CLI-002386,2420.0,18,7,6,85.7,68,12.3,4,3,3,0,12.3,5,0,92.23,0.01,0,0.5,0,0,1,0,0,0,0,0,0,0,0,0,1,0,1,0,0,0,0,0,1,0,0,0,1,0,0,0,0,1,0,0,0,0,0,1,0,1,0,0,0,0,1,0,0,0,1
CLI-002572,50163.0,22,40,22,55.0,50,16.6,8,4,2,0,12.3,3,0,1092.4,0.0,0,0.5,0,0,0,0,0,1,0,0,0,0,0,1,0,0,1,0,0,0,0,0,0,1,0,0,0,1,0,0,0,1,0,0,0,0,1,0,0,0,1,0,0,1,0,0,0,0,1
CLI-001043,3205.0,25,5,2,40.0,13,6.5,3,7,5,7,10.5,3,0,57.48,0.01,0,0.38,0,0,0,0,0,1,0,0,0,1,0,0,0,0,1,0,0,0,0,0,1,0,0,0,1,0,0,0,0,0,0,1,0,1,0,0,0,0,1,0,1,0,0,0,0,0,1
CLI-004922,1130.0,18,6,2,33.3,16,7.3,12,5,5,9,8.9,2,0,275.73,0.01,0,0.46,0,0,0,0,0,1,0,0,0,1,0,0,0,0,0,0,0,1,0,0,1,0,0,0,0,0,1,0,1,0,0,0,0,0,0,0,1,1,0,0,0,0,0,1,0,0,1
CLI-001683,1223.0,15,2,1,50.0,1,0.5,0,4,21,8,14.8,4,0,48.1,0.05,0,0.0,0,0,0,1,0,0,0,0,0,0,0,0,0,1,1,0,0,0,0,0,1,0,0,0,0,1,0,0,0,0,0,1,0,0,0,0,1,0,0,1,1,0,0,0,0,0,1
CLI-003848,6106.0,10,29,13,50.0,10,3.4,2,2,2,1,11.1,5,2,744.59,0.01,0,0.12,0,0,0,1,0,0,0,0,0,0,0,0,0,1,0,0,1,0,0,0,0,1,0,0,0,1,0,0,0,0,1,0,0,0,1,0,0,1,0,0,0,0,0,1,0,1,0
CLI-000977,3203.0,1,26,17,65.4,45,32.5,5,0,0,2,26.9,4,0,278.99,0.0,0,0.62,0,0,0,0,0,0,1,0,0,1,0,0,0,0,1,0,0,0,0,0,0,1,0,0,1,0,0,0,0,0,0,1,0,0,0,1,0,0,1,0,0,0,0,1,1,0,0
CLI-004088,1335.0,5,4,2,50.0,26,5.65,4,0,1,1,10.5,4,1,95.8,0.01,0,0.25,0,0,1,0,0,0,0,0,0,0,0,0,1,0,1,0,0,0,0,0,1,0,0,0,0,1,0,0,0,0,1,0,0,1,0,0,0,1,0,0,0,0,0,1,0,1,0
CLI-002811,230626.0,9,64,9,14.1,1,0.1,3,2,10,3,5.4,3,1,4934.23,0.04,0,0.08,0,0,0,1,0,0,0,0,1,0,0,0,0,0,1,0,0,0,0,0,0,0,1,0,0,0,0,1,0,0,0,0,1,0,1,0,0,0,0,1,0,0,0,1,0,1,0
CLI-004606,652.0,23,1,1,100.0,52,24.9,4,7,0,6,10.7,4,0,39.77,0.0,0,0.15,0,0,0,0,0,0,1,0,0,0,0,1,0,0,0,0,0,0,0,1,1,0,0,0,0,0,1,0,0,0,0,0,1,0,1,0,0,0,0,1,0,0,1,0,0,0,1
CLI-001684,32851.0,1,96,62,64.6,25,19.9,8,0,1,6,7.5,3,1,3081.7,0.03,0,0.31,1,0,0,0,0,0,0,0,1,0,0,0,0,0,1,0,0,0,0,0,0,0,1,0,0,0,1,0,0,1,0,0,0,0,1,0,0,0,1,0,0,0,0,1,1,0,0
CLI-003252,1317443.0,13,259,101,39.0,1,0.4,14,1,30,0,0.5,3,0,20082.97,0.08,1,0.35,0,0,0,0,0,1,0,1,0,0,0,0,0,0,0,0,1,0,0,0,0,0,0,1,0,0,0,1,1,0,0,0,0,0,1,0,0,1,0,0,0,0,0,1,0,0,1
CLI-000526,1035.0,5,2,1,50.0,21,3.7,4,3,1,0,8.3,5,0,26.3,0.01,0,0.5,0,1,0,0,0,0,0,0,0,1,0,0,0,0,1,0,0,0,0,0,1,0,0,0,1,0,0,0,0,1,0,0,0,0,0,1,0,0,0,1,0,0,0,1,0,1,0
CLI-003137,12744.0,16,51,16,31.4,14,4.7,5,2,0,5,11.3,2,0,1412.86,0.0,0,0.31,0,0,1,0,0,0,0,1,0,0,0,0,0,0,0,0,0,1,0,0,0,1,0,0,0,1,0,0,0,0,0,1,0,1,0,0,0,1,0,0,1,0,0,0,0,0,1
CLI-001263,991.0,1,8,6,75.0,39,26.8,4,0,2,0,21.5,5,1,80.6,0.07,0,0.5,0,0,1,0,0,0,0,0,0,0,1,0,0,0,0,1,0,0,0,0,1,0,0,0,1,0,0,0,0,0,0,0,1,0,0,1,0,0,1,0,0,0,0,1,1,0,0
CLI-001166,133499.0,17,171,119,69.6,36,5.65,15,2,2,0,8.1,5,0,8140.19,0.0,0,0.58,0,0,1,0,0,0,0,0,0,0,0,0,0,1,1,0,0,0,0,0,0,0,1,0,0,0,1,0,0,0,0,1,0,0,0,0,1,0,1,0,0,1,0,0,0,0,1
CLI-003240,1078.0,6,8,3,37.5,19,4.2,3,2,5,2,25.8,3,0,93.94,0.03,0,0.38,0,0,0,0,1,0,0,0,0,1,0,0,0,0,0,1,0,0,0,0,1,0,0,0,1,0,0,0,0,0,0,1,0,0,0,0,1,0,0,1,0,0,0,1,0,1,0
CLI-001119,33465.0,15,22,0,0.0,0,0.0,0,0,60,0,8.9,5,0,551.5,0.13,1,0.0,0,1,0,0,0,0,0,0,0,1,0,0,0,0,1,0,0,0,0,0,0,1,0,0,0,1,0,0,0,0,0,1,0,0,1,0,0,0,0,1,1,0,0,0,0,0,1
CLI-004034,1506.0,13,7,4,57.1,13,1.4,4,5,2,2,7.3,5,0,175.0,0.01,0,0.25,0,0,1,0,0,0,0,0,1,0,0,0,0,0,1,0,0,0,0,0,1,0,0,0,0,1,0,0,0,0,0,0,1,0,1,0,0,1,0,0,0,0,0,1,0,0,1
CLI-000073,1455.0,16,10,3,30.0,3,0.6,2,2,6,0,6.9,5,0,104.37,0.01,0,0.25,0,1,0,0,0,0,0,0,0,0,0,0,0,1,1,0,0,0,0,0,1,0,0,0,1,0,0,0,0,0,0,0,1,0,0,0,1,0,1,0,0,0,1,0,0,0,1
CLI-001035,12986.0,4,16,7,43.8,22,12.3,5,0,1,1,12.3,3,0,406.06,0.01,0,0.31,0,0,0,0,0,1,0,0,0,0,0,0,1,0,0,1,0,0,0,0,0,1,0,0,0,1,0,0,0,0,0,1,0,0,0,1,0,0,1,0,0,1,0,0,0,1,0
CLI-000268,64463.0,7,261,30,11.5,1,0.3,1,2,9,0,7.9,4,0,9826.75,0.04,0,0.04,0,0,0,0,0,0,1,0,0,1,0,0,0,0,0,0,0,0,1,0,0,0,0,1,0,0,1,0,0,0,0,0,1,0,0,1,0,0,0,1,0,0,0,1,0,1,0
CLI-000103,3334.0,18,6,4,66.7,21,4.5,3,4,8,2,9.2,4,0,127.07,0.01,0,0.19,0,1,0,0,0,0,0,0,0,1,0,0,0,0,1,0,0,0,0,0,1,0,0,0,0,1,0,0,0,0,0,1,0,1,0,0,0,0,1,0,0,0,0,1,0,0,1
CLI-003690,9725.0,23,23,9,39.1,20,12.8,3,8,1,3,31.9,2,0,275.81,0.0,0,0.38,0,0,0,0,0,1,0,0,0,1,0,0,0,0,1,0,0,0,0,0,0,1,0,0,1,0,0,0,1,0,0,0,0,1,0,0,0,0,1,0,0,0,0,1,0,0,1
CLI-000148,30058.0,1,55,44,80.0,73,35.3,5,0,1,3,25.2,3,4,678.82,0.03,0,0.62,0,0,0,0,0,1,0,0,0,0,0,1,0,0,0,0,0,0,1,0,0,1,0,0,1,0,0,0,0,0,1,0,0,1,0,0,0,0,0,1,0,1,0,0,1,0,0
CLI-004186,667.0,18,6,0,0.0,0,0.0,0,2,56,0,15.1,5,0,73.94,0.1,1,0.0,0,0,0,1,0,0,0,0,0,1,0,0,0,0,1,0,0,0,0,0,1,0,0,0,1,0,0,0,1,0,0,0,0,0,0,1,0,0,1,0,1,0,0,0,0,0,1
CLI-001429,48878.0,1,177,105,59.3,48,24.8,23,0,5,5,4.2,3,6,14160.0,0.17,0,0.57,0,0,1,0,0,0,0,0,0,1,0,0,0,0,1,0,0,0,0,0,0,0,1,0,0,0,0,1,0,0,0,0,1,0,1,0,0,1,0,0,0,0,0,1,1,0,0
CLI-000318,3109.0,17,2,1,50.0,39,17.3,14,2,0,3,12.7,4,0,114.91,0.0,0,0.54,0,0,0,1,0,0,0,0,1,0,0,0,0,0,0,1,0,0,0,0,1,0,0,0,0,0,1,0,0,0,0,0,1,0,0,1,0,0,1,0,0,1,0,0,0,0,1
CLI-002522,14765.0,32,27,13,48.1,4,5.65,1,6,7,1,10.5,5,1,409.23,0.01,0,0.12,0,0,0,0,1,0,0,0,0,0,0,1,0,0,1,0,0,0,0,0,0,1,0,0,1,0,0,0,1,0,0,0,0,0,0,1,0,0,0,1,0,0,0,1,0,0,1
CLI-003472,2776.0,1,40,18,45.0,27,12.1,5,0,0,0,6.0,4,2,846.25,0.0,0,0.31,1,0,0,0,0,0,0,0,0,1,0,0,0,0,0,1,0,0,0,0,0,1,0,0,0,1,0,0,1,0,0,0,0,0,0,1,0,0,1,0,0,0,0,1,1,0,0
CLI-000953,2589.0,7,14,6,42.9,9,3.1,3,3,1,2,10.5,3,2,175.38,0.0,0,0.38,0,0,0,0,0,1,0,0,1,0,0,0,0,0,0,0,1,0,0,0,0,1,0,0,1,0,0,0,1,0,0,0,0,0,1,0,0,1,0,0,0,0,0,1,0,1,0
CLI-001433,2000000.0,21,845,779,92.2,93,90.2,29,5,2,5,3.7,2,0,89402.85,0.0,0,0.72,0,1,0,0,0,0,0,0,0,0,1,0,0,0,1,0,0,0,0,0,0,0,0,1,0,0,0,1,0,0,0,1,0,0,0,1,0,1,0,0,1,0,0,0,0,0,1
CLI-002157,32944.0,14,20,9,45.0,20,3.0,8,2,1,8,7.4,3,0,913.07,0.0,0,0.31,0,0,0,0,0,0,1,0,0,1,0,0,0,0,0,0,1,0,0,0,0,1,0,0,0,0,1,0,0,0,0,1,0,0,1,0,0,0,0,1,1,0,0,0,0,0,1
CLI-003396,24840.0,6,52,0,0.0,0,0.0,0,0,60,0,0.5,5,0,2524.44,0.33,1,0.0,0,0,0,0,1,0,0,1,0,0,0,0,0,0,1,0,0,0,0,0,0,1,0,0,0,0,0,1,0,0,1,0,0,1,0,0,0,0,1,0,0,0,0,1,0,1,0
CLI-002726,261472.0,13,132,77,58.3,30,5.65,19,1,0,0,0.5,3,1,11809.92,0.0,0,0.48,1,0,0,0,0,0,0,0,0,1,0,0,0,0,0,0,0,0,0,1,0,0,1,0,0,0,0,1,0,0,0,0,1,0,0,0,1,0,0,1,0,0,0,1,0,0,1
CLI-000807,21017.0,6,28,11,39.3,4,0.8,11,1,0,6,5.3,2,1,985.78,0.0,0,0.42,0,0,0,1,0,0,0,0,0,1,0,0,0,0,1,0,0,0,0,0,0,1,0,0,0,0,1,0,0,0,1,0,0,0,1,0,0,0,1,0,1,0,0,0,0,1,0
CLI-000513,320.0,6,5,0,0.0,0,0.0,0,0,41,0,20.9,5,0,55.78,0.23,1,0.0,1,0,0,0,0,0,0,0,0,0,0,1,0,0,0,0,0,0,1,0,1,0,0,0,1,0,0,0,0,0,0,0,1,0,1,0,0,1,0,0,1,0,0,0,0,1,0
CLI-001205,2153.0,15,16,10,62.5,14,4.6,8,5,5,1,11.7,4,0,375.12,0.01,0,0.5,0,0,0,1,0,0,0,1,0,0,0,0,0,0,0,0,0,1,0,0,0,1,0,0,0,1,0,0,0,1,0,0,0,0,0,0,1,1,0,0,0,0,0,1,0,0,1
CLI-002645,3577.0,20,11,1,9.1,1,0.2,1,3,0,3,33.7,2,0,155.81,0.0,0,0.12,0,0,0,0,0,1,0,0,0,1,0,0,0,0,0,0,0,0,0,1,1,0,0,0,1,0,0,0,0,1,0,0,0,0,0,0,1,0,0,1,0,0,0,1,0,0,1
CLI-001326,3635.0,9,9,4,44.4,14,0.7,6,3,1,0,3.2,4,0,369.42,0.0,0,0.23,0,0,0,0,1,0,0,0,0,0,1,0,0,0,0,1,0,0,0,0,0,1,0,0,0,0,1,0,0,0,1,0,0,1,0,0,0,1,0,0,0,0,1,0,0,1,0
CLI-002677,60533.0,14,46,0,0.0,0,0.0,0,0,39,4,6.6,3,0,4101.17,0.09,1,0.0,1,0,0,0,0,0,0,0,1,0,0,0,0,0,1,0,0,0,0,0,0,1,0,0,0,0,0,1,0,1,0,0,0,0,1,0,0,1,0,0,0,0,0,1,0,0,1
CLI-002835,415941.0,17,505,181,35.8,10,0.5,4,4,3,1,5.8,3,0,24154.52,0.01,0,0.15,0,1,0,0,0,0,0,0,0,0,0,0,1,0,0,1,0,0,0,0,0,0,0,1,0,0,1,0,0,0,0,0,1,0,0,0,1,0,0,1,0,1,0,0,0,0,1
CLI-003941,102925.0,18,48,30,62.5,20,12.9,13,2,0,4,3.6,2,1,4048.98,0.0,0,0.32,1,0,0,0,0,0,0,1,0,0,0,0,0,0,1,0,0,0,0,0,0,1,0,0,0,0,0,1,1,0,0,0,0,0,1,0,0,0,0,1,1,0,0,0,0,0,1
CLI-004455,1112.0,1,9,7,77.8,31,13.9,3,0,0,2,10.5,3,3,84.79,0.0,0,0.38,1,0,0,0,0,0,0,0,0,0,1,0,0,0,0,0,0,1,0,0,1,0,0,0,1,0,0,0,0,1,0,0,0,1,0,0,0,0,1,0,0,0,0,1,1,0,0
CLI-002191,5886.0,10,16,7,43.8,9,2.7,3,1,4,3,15.6,3,1,398.76,0.01,0,0.19,0,0,1,0,0,0,0,0,0,1,0,0,0,0,0,0,0,0,1,0,0,1,0,0,0,1,0,0,0,0,1,0,0,0,1,0,0,0,0,1,0,1,0,0,0,1,0
CLI-002742,851113.0,6,453,333,73.5,62,45.5,17,1,0,5,1.7,3,0,35791.12,0.0,0,0.42,1,0,0,0,0,0,0,0,0,1,0,0,0,0,0,0,0,0,1,0,0,0,0,1,0,0,0,1,0,1,0,0,0,0,0,0,1,0,1,0,0,0,0,1,0,1,0
CLI-002806,30426.0,3,46,13,50.0,5,3.1,1,1,1,0,10.5,4,3,1952.88,0.01,0,0.04,0,0,0,0,0,1,0,0,0,1,0,0,0,0,1,0,0,0,0,0,0,1,0,0,0,0,1,0,0,0,0,1,0,0,0,0,1,0,1,0,0,0,0,1,1,0,0
CLI-002874,6628.0,1,49,38,50.0,67,44.1,7,0,0,5,21.0,4,0,621.72,0.0,0,0.88,0,0,0,0,0,0,1,0,0,0,0,1,0,0,1,0,0,0,0,0,0,1,0,0,1,0,0,0,0,1,0,0,0,0,1,0,0,0,1,0,0,1,0,0,1,0,0
CLI-000802,774.0,11,10,2,50.0,4,0.8,6,3,7,1,8.3,5,0,235.96,0.02,0,0.38,0,1,0,0,0,0,0,0,0,0,0,1,0,0,0,0,0,0,0,1,1,0,0,0,0,1,0,0,0,0,1,0,0,0,0,0,1,0,0,1,1,0,0,0,0,1,0
CLI-000558,22565.0,16,35,11,31.4,1,5.65,3,4,21,1,15.2,2,0,1058.41,0.04,0,0.19,0,0,0,1,0,0,0,1,0,0,0,0,0,0,1,0,0,0,0,0,0,1,0,0,0,1,0,0,0,1,0,0,0,0,1,0,0,1,0,0,0,0,0,1,0,0,1
CLI-003321,392159.0,2,134,42,31.3,1,0.1,5,0,30,2,4.1,5,2,11121.92,0.5,1,0.12,0,0,0,1,0,0,0,0,0,0,1,0,0,0,1,0,0,0,0,0,0,0,1,0,0,0,0,1,1,0,0,0,0,0,1,0,0,0,0,1,0,0,0,1,1,0,0
CLI-003119,2845.0,5,11,9,81.8,52,44.6,3,1,1,1,10.5,4,3,111.92,0.01,0,0.38,0,0,0,1,0,0,0,1,0,0,0,0,0,0,0,1,0,0,0,0,1,0,0,0,1,0,0,0,0,0,0,0,1,0,0,0,1,1,0,0,0,0,0,1,0,1,0
CLI-000561,421.0,1,5,3,60.0,21,5.9,3,1,1,0,10.5,5,1,57.04,0.03,0,0.38,0,1,0,0,0,0,0,0,0,1,0,0,0,0,1,0,0,0,0,0,1,0,0,0,1,0,0,0,0,0,0,0,1,0,0,0,1,0,0,1,0,0,0,1,1,0,0
CLI-002011,29303.0,16,43,25,50.0,1,0.1,14,4,1,3,4.8,4,0,2748.86,0.0,0,0.35,0,0,0,0,0,1,0,0,0,1,0,0,0,0,0,0,1,0,0,0,0,1,0,0,0,0,0,1,0,1,0,0,0,0,1,0,0,1,0,0,0,0,0,1,0,0,1
CLI-001492,24667.0,3,35,9,25.7,4,1.7,3,2,2,1,19.3,3,1,493.15,0.02,0,0.38,0,0,0,0,1,0,0,0,0,0,1,0,0,0,1,0,0,0,0,0,0,1,0,0,1,0,0,0,0,0,1,0,0,0,0,1,0,1,0,0,0,0,0,1,1,0,0
CLI-003746,9045.0,19,8,5,62.5,32,13.4,1,5,2,1,23.4,3,0,108.14,0.0,0,0.12,0,0,0,0,0,0,1,0,0,0,0,1,0,0,1,0,0,0,0,0,1,0,0,0,1,0,0,0,0,1,0,0,0,0,1,0,0,0,1,0,0,0,0,1,0,0,1
CLI-004185,39537.0,5,207,72,34.8,6,2.2,3,0,4,1,7.9,3,2,4821.58,0.03,0,0.19,1,0,0,0,0,0,0,0,0,1,0,0,0,0,0,0,0,1,0,0,0,0,1,0,0,1,0,0,0,1,0,0,0,0,0,0,1,0,1,0,0,1,0,0,0,1,0
CLI-001040,18371.0,1,40,9,22.5,1,0.1,1,1,8,3,6.8,2,4,1600.27,0.27,0,0.04,0,0,0,0,0,1,0,0,0,1,0,0,0,0,0,0,1,0,0,0,0,1,0,0,0,0,1,0,0,1,0,0,0,1,0,0,0,0,0,1,1,0,0,0,1,0,0
CLI-003143,9387.0,13,20,0,50.0,0,0.0,0,0,30,2,10.5,3,0,953.98,0.08,1,0.0,0,0,0,0,1,0,0,0,0,1,0,0,0,0,1,0,0,0,0,0,0,1,0,0,0,0,1,0,0,0,0,1,0,1,0,0,0,0,1,0,0,0,0,1,0,0,1
CLI-003203,263126.0,1,467,255,54.6,30,14.4,6,0,6,2,5.2,4,3,16888.71,0.2,0,0.23,0,1,0,0,0,0,0,0,0,1,0,0,0,0,1,0,0,0,0,0,0,0,0,1,0,0,1,0,0,0,0,0,1,0,0,1,0,0,0,1,0,0,0,1,1,0,0
CLI-004892,90000.0,12,180,131,72.8,63,48.3,7,9,1,2,15.2,3,0,4221.41,0.0,0,0.44,0,1,0,0,0,0,0,0,0,0,1,0,0,0,0,0,1,0,0,0,0,0,1,0,0,1,0,0,0,1,0,0,0,1,0,0,0,0,1,0,0,1,0,0,0,1,0
CLI-003923,20381.0,13,20,2,10.0,1,0.4,3,4,18,3,12.6,4,0,443.83,0.05,0,0.19,1,0,0,0,0,0,0,0,0,0,0,1,0,0,0,1,0,0,0,0,0,1,0,0,0,1,0,0,0,0,1,0,0,0,0,0,1,0,0,1,1,0,0,0,0,0,1
CLI-001340,40194.0,1,80,11,13.8,1,0.1,2,2,30,5,10.6,2,4,2883.33,1.0,1,0.08,0,0,1,0,0,0,0,0,0,0,1,0,0,0,1,0,0,0,0,0,0,0,1,0,0,0,1,0,0,0,1,0,0,0,0,0,1,0,1,0,0,0,0,1,1,0,0
CLI-003663,414.0,21,2,1,50.0,4,1.9,1,4,9,3,10.5,3,0,24.05,0.01,0,0.12,0,0,0,0,0,0,1,0,0,0,0,1,0,0,0,0,1,0,0,0,1,0,0,0,1,0,0,0,0,0,0,0,1,0,1,0,0,0,0,1,0,0,0,1,0,0,1
CLI-002699,2762.0,19,2,1,50.0,26,6.2,2,1,1,6,35.8,2,0,28.07,0.0,0,0.25,0,0,0,1,0,0,0,0,0,0,1,0,0,0,0,0,1,0,0,0,1,0,0,0,1,0,0,0,0,1,0,0,0,1,0,0,0,0,1,0,0,0,0,1,0,0,1
CLI-003840,8116.0,4,11,6,54.5,23,20.9,3,0,0,5,10.5,3,0,149.96,0.0,0,0.38,0,0,0,0,0,1,0,0,0,0,0,1,0,0,1,0,0,0,0,0,1,0,0,0,1,0,0,0,0,0,1,0,0,0,1,0,0,0,1,0,0,1,0,0,0,1,0
CLI-000346,65661.0,2,53,38,71.7,36,16.2,3,2,3,1,0.5,3,3,2502.32,0.05,0,0.12,0,1,0,0,0,0,0,1,0,0,0,0,0,0,1,0,0,0,0,0,0,1,0,0,0,0,1,0,0,0,0,1,0,0,0,1,0,0,0,1,0,0,0,1,1,0,0
CLI-002713,15025.0,1,57,18,31.6,7,3.0,9,0,5,2,4.6,3,2,2617.56,0.17,0,0.35,0,0,0,1,0,0,0,1,0,0,0,0,0,0,1,0,0,0,0,0,0,1,0,0,0,0,1,0,1,0,0,0,0,0,1,0,0,0,0,1,0,0,0,1,1,0,0
CLI-000325,25617.0,3,44,21,50.0,13,2.6,12,0,6,0,0.5,5,1,1837.69,0.07,0,0.46,0,1,0,0,0,0,0,0,0,0,0,0,1,0,1,0,0,0,0,0,0,1,0,0,0,0,1,0,0,0,1,0,0,0,1,0,0,0,1,0,0,1,0,0,1,0,0
CLI-000985,300.0,11,1,1,100.0,1,0.1,1,1,3,2,32.7,3,0,10.0,0.01,0,0.12,0,0,0,0,0,0,1,0,0,0,1,0,0,0,0,0,0,1,0,0,1,0,0,0,1,0,0,0,0,1,0,0,0,1,0,0,0,0,0,1,0,0,0,1,0,1,0
CLI-003128,10118.0,1,53,33,62.3,27,18.6,3,0,0,1,10.5,3,1,685.53,0.0,0,0.38,1,0,0,0,0,0,0,0,1,0,0,0,0,0,1,0,0,0,0,0,0,1,0,0,1,0,0,0,1,0,0,0,0,0,1,0,0,0,0,1,0,1,0,0,1,0,0
CLI-004677,2537.0,1,6,4,66.7,31,18.8,9,0,0,1,14.6,3,1,147.33,0.0,0,0.56,0,0,1,0,0,0,0,0,1,0,0,0,0,0,1,0,0,0,0,0,1,0,0,0,0,1,0,0,0,0,1,0,0,1,0,0,0,0,1,0,0,0,0,1,1,0,0
CLI-002975,359.0,10,6,4,66.7,31,17.3,3,4,0,0,19.8,3,0,62.62,0.0,0,0.38,0,0,0,0,0,0,1,0,1,0,0,0,0,0,0,0,0,1,0,0,1,0,0,0,1,0,0,0,0,1,0,0,0,0,0,1,0,0,0,1,0,0,1,0,0,1,0
CLI-004193,5115.0,5,9,7,77.8,23,13.5,7,1,2,1,11.7,4,4,222.79,0.01,0,0.44,0,0,0,1,0,0,0,0,0,1,0,0,0,0,0,0,0,0,0,1,1,0,0,0,0,1,0,0,1,0,0,0,0,0,1,0,0,0,1,0,0,0,0,1,0,1,0
CLI-002101,4494.0,21,4,1,25.0,1,0.1,5,7,4,3,12.8,3,0,101.5,0.01,0,0.31,0,0,0,0,0,1,0,0,0,0,1,0,0,0,1,0,0,0,0,0,1,0,0,0,0,1,0,0,0,1,0,0,0,0,0,1,0,0,1,0,0,0,0,1,0,0,1
CLI-000017,80871.0,1,76,44,57.9,18,7.5,10,0,6,0,7.3,3,1,3944.93,0.2,0,0.38,0,0,0,0,0,1,0,0,0,1,0,0,0,0,0,0,0,1,0,0,0,0,1,0,0,0,1,0,1,0,0,0,0,1,0,0,0,1,0,0,0,0,0,1,1,0,0
CLI-003996,3070.0,3,9,2,22.2,1,0.3,11,0,12,3,4.2,3,2,624.02,0.13,0,0.28,0,0,0,0,0,0,1,0,0,0,1,0,0,0,0,0,1,0,0,0,1,0,0,0,0,0,0,1,0,1,0,0,0,0,0,1,0,0,0,1,0,0,0,1,1,0,0
CLI-003863,35468.0,7,56,16,28.6,1,0.3,4,2,18,7,10.5,3,0,2544.34,0.09,0,0.15,0,0,0,0,0,1,0,0,0,0,1,0,0,0,1,0,0,0,0,0,0,1,0,0,0,0,1,0,0,0,0,1,0,0,0,1,0,0,1,0,1,0,0,0,0,1,0
CLI-002443,118383.0,7,87,52,59.8,27,7.9,16,2,1,9,9.7,1,1,3915.0,0.0,0,0.62,0,0,0,0,1,0,0,0,0,1,0,0,0,0,0,0,0,0,0,1,0,0,1,0,0,0,1,0,1,0,0,0,0,0,0,0,1,0,0,1,1,0,0,0,0,1,0
CLI-001901,5575.0,17,7,2,28.6,1,0.1,7,5,8,0,10.2,4,0,165.83,0.02,0,0.44,0,1,0,0,0,0,0,0,0,0,0,1,0,0,1,0,0,0,0,0,1,0,0,0,0,1,0,0,0,0,0,0,1,0,0,0,1,1,0,0,0,0,1,0,0,0,1
CLI-003041,5631.0,15,6,2,33.3,8,4.1,6,6,0,0,3.2,3,0,286.15,0.0,0,0.23,0,0,0,0,1,0,0,1,0,0,0,0,0,0,1,0,0,0,0,0,1,0,0,0,0,0,1,0,0,0,0,1,0,0,0,1,0,0,1,0,0,0,0,1,0,0,1
CLI-001934,24280.0,6,38,0,0.0,0,0.0,0,0,89,0,0.8,5,0,1558.43,0.49,1,0.0,0,0,1,0,0,0,0,0,0,0,1,0,0,0,1,0,0,0,0,0,0,1,0,0,0,0,1,0,0,0,1,0,0,1,0,0,0,0,0,1,0,0,0,1,0,1,0
CLI-000635,469262.0,22,531,0,0.0,0,5.65,0,0,45,0,0.5,4,0,27250.96,0.07,1,0.0,0,0,0,0,0,0,1,0,0,0,0,0,0,1,0,0,0,0,0,1,0,0,0,1,0,0,1,0,0,0,1,0,0,0,0,1,0,0,1,0,1,0,0,0,0,0,1
CLI-000585,7621.0,22,20,8,40.0,2,0.9,4,4,17,4,14.8,3,0,516.32,0.03,0,0.25,0,0,1,0,0,0,0,0,0,1,0,0,0,0,0,0,0,0,0,1,0,1,0,0,0,1,0,0,0,0,0,1,0,1,0,0,0,0,0,1,0,0,0,1,0,0,1
CLI-003021,704.0,4,11,3,27.3,10,3.1,1,0,1,1,18.0,3,3,122.67,0.01,0,0.12,0,1,0,0,0,0,0,0,0,0,0,0,0,1,0,0,0,1,0,0,1,0,0,0,1,0,0,0,0,1,0,0,0,1,0,0,0,0,0,1,0,1,0,0,0,1,0
CLI-001566,300.0,1,6,1,16.7,3,1.0,3,2,13,0,17.6,5,4,68.0,0.43,0,0.38,0,0,0,0,1,0,0,1,0,0,0,0,0,0,0,0,0,1,0,0,1,0,0,0,1,0,0,0,1,0,0,0,0,0,0,1,0,1,0,0,1,0,0,0,1,0,0
CLI-004875,106485.0,17,23,9,39.1,13,8.5,11,4,0,3,7.7,4,0,1082.16,0.0,0,0.42,0,0,0,0,0,1,0,0,0,0,0,0,1,0,0,0,1,0,0,0,0,1,0,0,0,0,1,0,0,0,1,0,0,1,0,0,0,1,0,0,0,0,1,0,0,0,1
CLI-003052,3705.0,1,11,6,54.5,28,8.2,4,0,0,4,14.7,2,3,265.77,0.0,0,0.25,0,0,0,0,0,0,1,1,0,0,0,0,0,0,1,0,0,0,0,0,0,1,0,0,0,1,0,0,0,0,0,1,0,0,0,1,0,0,1,0,0,0,0,1,1,0,0
CLI-004859,20107.0,13,24,21,87.5,67,51.3,10,4,1,0,10.5,5,0,700.59,0.0,0,0.62,0,1,0,0,0,0,0,0,0,1,0,0,0,0,0,0,0,0,0,1,0,1,0,0,0,1,0,0,0,1,0,0,0,0,0,0,1,0,0,1,0,0,0,1,0,0,1
CLI-003278,358430.0,10,191,108,56.5,30,5.7,12,0,0,1,2.1,3,0,16189.26,0.0,0,0.3,0,0,0,0,1,0,0,0,0,1,0,0,0,0,0,0,1,0,0,0,0,0,1,0,0,0,0,1,0,0,0,0,1,0,0,0,1,1,0,0,0,0,0,1,0,1,0
CLI-003532,390.0,11,2,1,50.0,45,14.1,2,3,0,6,38.3,3,0,22.63,0.0,0,0.25,0,0,0,0,0,1,0,0,0,0,0,0,0,1,0,0,1,0,0,0,1,0,0,0,1,0,0,0,0,0,0,0,1,0,1,0,0,0,0,1,1,0,0,0,0,1,0
CLI-002159,7269.0,22,7,6,85.7,91,36.1,5,3,1,0,1.2,5,0,110.81,0.0,0,0.62,0,0,0,0,0,1,0,0,0,0,1,0,0,0,1,0,0,0,0,0,1,0,0,0,1,0,0,0,1,0,0,0,0,0,0,1,0,0,0,1,0,0,0,1,0,0,1
CLI-002120,1339611.0,8,804,0,0.0,0,0.0,0,0,39,5,7.1,2,1,32673.43,0.16,1,0.0,0,0,0,1,0,0,0,1,0,0,0,0,0,0,0,1,0,0,0,0,0,0,0,1,0,0,1,0,0,0,1,0,0,1,0,0,0,0,0,1,1,0,0,0,0,1,0
CLI-001157,19162.0,11,62,28,45.2,5,1.2,6,1,6,0,5.1,5,0,1460.49,0.02,0,0.38,0,0,1,0,0,0,0,0,0,0,0,1,0,0,0,0,0,1,0,0,0,0,1,0,0,1,0,0,1,0,0,0,0,1,0,0,0,1,0,0,0,0,0,1,0,1,0
CLI-003127,2729.0,11,9,4,44.4,9,5.2,4,5,3,1,4.8,5,0,237.73,0.01,0,0.25,0,0,1,0,0,0,0,1,0,0,0,0,0,0,1,0,0,0,0,0,1,0,0,0,0,1,0,0,0,1,0,0,0,0,0,0,1,1,0,0,0,0,0,1,0,1,0
CLI-003901,443476.0,11,306,82,26.8,1,0.2,11,2,8,9,3.2,1,1,22534.37,0.02,0,0.28,0,0,1,0,0,0,0,0,0,1,0,0,0,0,1,0,0,0,0,0,0,0,0,1,0,0,0,1,0,0,0,1,0,1,0,0,0,0,0,1,0,0,0,1,0,1,0
CLI-001510,16252.0,16,44,15,34.1,7,2.9,16,3,11,0,6.4,3,0,1801.75,0.02,0,0.62,0,0,0,0,0,1,0,0,0,1,0,0,0,0,1,0,0,0,0,0,0,1,0,0,0,0,1,0,0,0,1,0,0,0,0,1,0,1,0,0,0,1,0,0,0,0,1
CLI-004141,433.0,12,7,2,28.6,6,3.0,3,5,15,0,10.5,3,0,88.01,0.04,0,0.38,0,0,1,0,0,0,0,1,0,0,0,0,0,0,0,1,0,0,0,0,1,0,0,0,1,0,0,0,0,0,1,0,0,0,1,0,0,0,0,1,0,0,0,1,0,1,0
CLI-003741,1465.0,12,6,1,50.0,1,0.1,1,1,19,3,8.6,4,0,148.88,0.05,0,0.06,0,0,1,0,0,0,0,0,0,1,0,0,0,0,0,0,0,1,0,0,0,1,0,0,0,1,0,0,0,0,0,0,1,0,1,0,0,0,0,1,1,0,0,0,0,1,0
CLI-002228,5062.0,8,43,14,32.6,4,1.0,1,3,5,1,25.7,3,0,440.91,0.02,0,0.12,0,1,0,0,0,0,0,0,0,0,0,0,0,1,1,0,0,0,0,0,0,1,0,0,1,0,0,0,0,0,0,1,0,0,0,1,0,0,1,0,0,0,0,1,0,1,0
CLI-004883,1285.0,5,13,4,30.8,1,0.3,3,1,17,5,10.6,2,1,223.85,0.11,0,0.19,0,0,0,0,0,0,1,0,1,0,0,0,0,0,1,0,0,0,0,0,0,1,0,0,0,1,0,0,1,0,0,0,0,0,1,0,0,0,1,0,0,0,0,1,0,1,0
CLI-000143,814.0,19,3,2,66.7,44,26.4,4,6,0,1,15.8,4,0,33.08,0.0,0,0.5,1,0,0,0,0,0,0,0,0,0,0,0,0,1,1,0,0,0,0,0,1,0,0,0,1,0,0,0,0,0,1,0,0,0,1,0,0,0,1,0,0,0,0,1,0,0,1
CLI-004887,5951.0,1,8,5,62.5,31,12.1,2,0,0,1,15.1,5,2,113.39,0.0,0,0.25,0,0,0,0,1,0,0,1,0,0,0,0,0,0,1,0,0,0,0,0,1,0,0,0,1,0,0,0,0,0,0,0,1,1,0,0,0,1,0,0,0,1,0,0,1,0,0
CLI-002020,15100.0,1,56,25,44.6,17,7.8,5,0,3,1,12.7,3,3,1227.63,0.1,0,0.31,0,0,0,0,0,1,0,1,0,0,0,0,0,0,1,0,0,0,0,0,0,1,0,0,0,1,0,0,0,0,0,0,1,0,1,0,0,0,1,0,0,0,0,1,1,0,0
CLI-002786,11476.0,23,48,8,16.7,1,0.3,2,3,30,4,23.1,4,0,538.27,0.04,1,0.25,0,0,0,1,0,0,0,0,0,1,0,0,0,0,1,0,0,0,0,0,0,1,0,0,1,0,0,0,0,0,0,1,0,0,0,1,0,0,1,0,0,0,0,1,0,0,1
CLI-004984,36091.0,11,14,7,50.0,19,5.0,6,1,0,0,4.0,4,0,772.16,0.0,0,0.23,0,0,1,0,0,0,0,0,0,0,0,0,1,0,0,0,0,1,0,0,0,1,0,0,0,0,1,0,0,1,0,0,0,0,0,0,1,0,0,1,0,0,0,1,0,1,0
CLI-002622,5384.0,1,48,18,50.0,10,2.1,4,0,8,3,11.9,5,2,1094.41,0.27,0,0.25,0,0,0,1,0,0,0,0,0,0,0,1,0,0,0,0,1,0,0,0,0,1,0,0,0,1,0,0,0,0,0,1,0,0,0,1,0,1,0,0,0,1,0,0,1,0,0
CLI-000363,3565.0,11,10,6,60.0,46,29.7,6,3,0,0,7.7,5,0,255.76,0.0,0,0.38,0,0,0,0,0,1,0,0,0,0,0,0,0,1,1,0,0,0,0,0,1,0,0,0,0,1,0,0,0,0,0,0,1,1,0,0,0,1,0,0,0,0,1,0,0,1,0
CLI-000482,210237.0,1,203,80,39.4,5,1.6,12,1,27,10,5.6,2,0,9495.82,0.9,0,0.46,1,0,0,0,0,0,0,0,0,0,0,1,0,0,1,0,0,0,0,0,0,0,1,0,0,0,1,0,0,0,1,0,0,0,0,1,0,0,1,0,0,0,0,1,1,0,0
CLI-002299,300.0,12,2,2,100.0,59,35.6,5,0,0,2,30.5,2,0,21.33,0.0,0,0.62,0,0,1,0,0,0,0,0,0,0,0,0,0,1,1,0,0,0,0,0,1,0,0,0,1,0,0,0,0,0,1,0,0,0,1,0,0,1,0,0,1,0,0,0,0,1,0
CLI-004730,1753.0,16,9,3,33.3,9,0.4,1,3,2,5,32.8,2,0,97.17,0.0,0,0.12,0,0,0,1,0,0,0,0,0,1,0,0,0,0,0,0,0,1,0,0,1,0,0,0,1,0,0,0,0,0,0,1,0,1,0,0,0,0,0,1,0,0,0,1,0,0,1
CLI-000571,2997.0,3,9,6,66.7,19,4.2,2,0,2,0,9.6,5,1,117.9,0.02,0,0.25,0,0,0,0,0,0,1,0,0,0,1,0,0,0,0,0,1,0,0,0,1,0,0,0,1,0,0,0,0,0,1,0,0,0,1,0,0,0,0,1,0,0,0,1,1,0,0
CLI-000827,37750.0,19,143,69,48.3,28,21.9,6,4,0,4,13.6,4,0,3836.41,0.0,0,0.38,0,0,0,0,1,0,0,0,0,0,0,0,0,1,0,0,1,0,0,0,0,0,1,0,0,1,0,0,0,0,0,0,1,0,0,1,0,1,0,0,0,0,1,0,0,0,1
CLI-003160,28058.0,16,55,0,0.0,0,0.0,0,0,47,0,5.5,5,0,2138.58,0.1,1,0.0,0,0,0,0,1,0,0,0,0,1,0,0,0,0,0,0,0,0,0,1,0,1,0,0,0,0,1,0,0,1,0,0,0,0,0,0,1,1,0,0,0,0,0,1,0,0,1
CLI-000623,85173.0,12,112,13,50.0,1,5.65,2,5,5,7,18.6,2,0,3245.93,0.01,0,0.12,0,0,0,0,0,0,1,1,0,0,0,0,0,0,0,0,0,1,0,0,0,0,1,0,0,1,0,0,0,0,1,0,0,0,0,0,1,0,0,1,0,0,0,1,0,1,0
CLI-002447,689.0,12,3,0,0.0,0,0.0,0,0,34,0,14.2,4,1,40.0,0.09,1,0.0,0,0,1,0,0,0,0,0,1,0,0,0,0,0,1,0,0,0,0,0,1,0,0,0,1,0,0,0,0,0,0,0,1,0,0,1,0,0,0,1,0,0,0,1,0,1,0
CLI-000944,5922.0,18,8,5,62.5,18,6.2,1,7,1,3,10.5,4,0,267.47,0.0,0,0.06,0,1,0,0,0,0,0,0,0,0,1,0,0,0,1,0,0,0,0,0,1,0,0,0,0,1,0,0,0,1,0,0,0,0,1,0,0,1,0,0,0,0,0,1,0,0,1
CLI-002097,6989.0,3,24,9,37.5,21,16.1,14,0,0,1,6.6,3,2,1065.44,0.0,0,0.54,0,0,0,0,0,1,0,0,0,1,0,0,0,0,1,0,0,0,0,0,0,1,0,0,0,0,1,0,0,0,0,1,0,1,0,0,0,0,0,1,0,1,0,0,1,0,0
CLI-004699,2084.0,20,6,2,33.3,5,0.9,2,7,2,2,23.5,3,0,63.54,0.0,0,0.25,0,1,0,0,0,0,0,0,0,1,0,0,0,0,1,0,0,0,0,0,1,0,0,0,1,0,0,0,0,1,0,0,0,1,0,0,0,0,0,1,0,0,0,1,0,0,1
CLI-004230,1165.0,1,16,2,12.5,1,0.1,0,1,30,1,17.1,3,2,142.03,1.0,1,0.0,0,0,0,1,0,0,0,0,0,0,0,0,0,1,1,0,0,0,0,0,0,1,0,0,1,0,0,0,0,0,0,1,0,0,0,0,1,0,0,1,0,0,0,1,1,0,0
CLI-002301,1041.0,5,2,2,100.0,53,5.65,5,0,0,3,13.5,4,1,50.79,0.0,0,0.31,0,0,0,1,0,0,0,0,1,0,0,0,0,0,1,0,0,0,0,0,1,0,0,0,0,1,0,0,0,0,0,0,1,0,1,0,0,0,1,0,0,0,0,1,0,1,0
CLI-004885,22212.0,4,91,40,44.0,18,5.6,3,0,0,8,40.3,1,0,1041.82,0.0,0,0.38,0,0,0,0,0,1,0,0,0,1,0,0,0,0,1,0,0,0,0,0,0,0,1,0,1,0,0,0,0,0,0,1,0,0,0,1,0,0,0,1,1,0,0,0,0,1,0
CLI-002777,2791.0,14,4,2,50.0,12,6.9,12,0,1,0,1.2,5,0,170.18,0.0,0,0.46,0,0,0,0,1,0,0,0,1,0,0,0,0,0,0,0,0,1,0,0,1,0,0,0,0,0,1,0,0,0,0,1,0,0,1,0,0,0,0,1,0,0,0,1,0,0,1
CLI-000509,9656.0,7,44,21,47.7,3,1.3,6,1,2,6,16.8,1,0,1070.54,0.01,0,0.38,0,0,0,0,1,0,0,0,0,0,0,0,1,0,1,0,0,0,0,0,0,1,0,0,0,1,0,0,1,0,0,0,0,0,0,1,0,0,1,0,1,0,0,0,0,1,0
CLI-002721,109614.0,16,58,21,36.2,9,2.4,10,0,4,0,6.0,5,0,2621.1,0.01,0,0.38,0,0,0,0,0,1,0,0,0,0,1,0,0,0,1,0,0,0,0,0,0,1,0,0,0,0,1,0,0,1,0,0,0,1,0,0,0,0,1,0,0,0,0,1,0,0,1
CLI-001415,411.0,3,2,1,50.0,10,2.5,4,0,0,3,10.5,2,2,45.51,0.0,0,0.25,0,0,0,0,0,1,0,0,0,0,0,1,0,0,0,0,0,1,0,0,1,0,0,0,0,1,0,0,0,0,1,0,0,0,0,1,0,0,1,0,0,0,0,1,1,0,0
CLI-001335,19037.0,1,52,38,50.0,71,14.2,10,1,1,2,10.5,3,3,1221.86,0.03,0,0.62,0,0,0,0,0,1,0,1,0,0,0,0,0,0,0,0,0,0,0,1,0,1,0,0,0,1,0,0,0,0,1,0,0,0,0,1,0,0,0,1,0,1,0,0,1,0,0
CLI-000700,6658.0,10,8,6,75.0,54,42.7,10,1,0,0,1.3,5,2,386.62,0.0,0,0.38,0,0,1,0,0,0,0,0,0,0,1,0,0,0,0,0,1,0,0,0,0,1,0,0,0,0,1,0,1,0,0,0,0,1,0,0,0,0,1,0,0,0,0,1,0,1,0
CLI-001754,27509.0,11,62,46,74.2,35,17.2,7,4,1,2,7.5,4,1,1524.91,0.0,0,0.44,0,0,0,1,0,0,0,0,0,0,0,1,0,0,1,0,0,0,0,0,0,0,1,0,0,1,0,0,1,0,0,0,0,0,1,0,0,0,0,1,0,0,1,0,0,1,0
CLI-004477,9868.0,5,15,4,26.7,6,5.65,5,2,0,1,3.7,5,0,376.08,0.0,0,0.31,0,0,1,0,0,0,0,0,0,0,1,0,0,0,0,0,0,0,1,0,0,1,0,0,0,1,0,0,0,0,0,1,0,0,0,0,1,0,0,1,0,1,0,0,0,1,0
CLI-000966,23518.0,28,8,4,50.0,25,7.6,3,10,1,2,9.4,4,0,239.0,0.0,0,0.19,0,1,0,0,0,0,0,0,0,0,0,1,0,0,1,0,0,0,0,0,1,0,0,0,0,1,0,0,0,0,0,1,0,0,0,1,0,0,1,0,0,0,0,1,0,0,1
CLI-003897,234245.0,22,306,60,19.6,2,1.2,4,8,30,5,5.5,3,0,23805.4,0.05,1,0.1,0,0,0,0,0,0,1,0,0,0,1,0,0,0,0,1,0,0,0,0,0,0,0,1,0,0,0,1,0,0,0,1,0,0,0,0,1,0,0,1,0,0,0,1,0,0,1
CLI-002797,2336.0,1,11,3,27.3,3,1.3,7,1,3,2,11.0,5,3,275.0,0.1,0,0.44,1,0,0,0,0,0,0,1,0,0,0,0,0,0,1,0,0,0,0,0,1,0,0,0,0,1,0,0,0,0,0,1,0,0,1,0,0,1,0,0,0,0,0,1,1,0,0
CLI-001175,153830.0,13,171,88,51.5,33,10.3,18,4,2,6,2.3,4,1,12506.49,0.01,0,0.45,0,1,0,0,0,0,0,1,0,0,0,0,0,0,0,0,0,0,0,1,0,0,1,0,0,0,0,1,0,0,0,1,0,0,0,1,0,1,0,0,0,0,0,1,0,0,1
CLI-004115,2193.0,12,7,5,71.4,35,17.1,2,3,0,9,10.5,1,1,83.59,0.0,0,0.25,0,0,0,1,0,0,0,0,0,0,0,1,0,0,1,0,0,0,0,0,1,0,0,0,1,0,0,0,0,0,0,1,0,0,1,0,0,1,0,0,1,0,0,0,0,1,0
CLI-000352,55900.0,8,128,116,90.6,83,31.3,9,0,0,1,12.8,3,0,3098.68,0.0,0,0.56,0,0,0,0,0,0,1,0,0,0,0,1,0,0,1,0,0,0,0,0,0,0,1,0,0,1,0,0,0,0,1,0,0,1,0,0,0,0,0,1,0,1,0,0,0,1,0
CLI-003797,1106.0,8,13,1,7.7,1,0.2,3,1,0,3,22.4,4,1,122.63,0.0,0,0.38,0,1,0,0,0,0,0,0,0,0,1,0,0,0,0,0,0,0,1,0,0,1,0,0,1,0,0,0,0,0,0,0,1,0,0,1,0,1,0,0,0,0,0,1,0,1,0
CLI-002146,38544.0,11,37,8,21.6,2,0.8,6,3,20,7,13.8,3,0,783.41,0.06,0,0.38,0,0,0,0,0,1,0,0,0,0,0,0,0,1,0,0,1,0,0,0,0,1,0,0,0,1,0,0,0,0,0,1,0,1,0,0,0,0,1,0,1,0,0,0,0,1,0
CLI-004661,20325.0,6,28,15,53.6,23,12.6,10,2,1,0,7.0,4,3,751.1,0.01,0,0.62,1,0,0,0,0,0,0,0,0,1,0,0,0,0,0,0,0,1,0,0,0,1,0,0,0,1,0,0,1,0,0,0,0,0,1,0,0,0,0,1,0,0,0,1,0,1,0
CLI-004938,3894.0,10,16,7,43.8,15,2.5,8,4,2,2,12.2,2,0,395.77,0.01,0,0.5,0,0,0,0,1,0,0,0,0,0,0,0,0,1,0,0,0,1,0,0,0,1,0,0,0,1,0,0,0,0,1,0,0,1,0,0,0,0,0,1,1,0,0,0,0,1,0
CLI-001750,10679.0,1,29,21,72.4,31,28.6,15,0,2,1,8.5,4,2,1302.31,0.07,0,0.58,1,0,0,0,0,0,0,0,0,1,0,0,0,0,0,0,0,1,0,0,0,1,0,0,0,0,1,0,0,0,0,1,0,0,0,0,1,0,0,1,0,0,0,1,1,0,0
CLI-004226,579527.0,14,339,317,93.5,135,5.65,23,1,0,4,6.2,4,0,19631.69,0.0,0,0.88,0,0,0,0,0,0,1,0,0,0,0,1,0,0,1,0,0,0,0,0,0,0,0,1,0,0,1,0,0,1,0,0,0,0,1,0,0,0,0,1,0,1,0,0,0,0,1
CLI-001123,5106.0,28,9,4,44.4,42,15.8,7,5,1,0,4.3,5,0,259.46,0.0,0,0.44,1,0,0,0,0,0,0,0,0,0,0,1,0,0,0,0,1,0,0,0,1,0,0,0,0,1,0,0,0,0,1,0,0,1,0,0,0,0,1,0,0,0,1,0,0,0,1
CLI-003799,28142.0,18,61,0,0.0,0,0.0,0,0,103,1,3.2,3,0,2859.97,0.19,1,0.0,0,0,0,0,1,0,0,0,0,0,0,0,1,0,0,1,0,0,0,0,0,0,1,0,0,0,1,0,0,0,0,1,0,0,0,0,1,0,0,1,0,0,0,1,0,0,1
CLI-003193,7318.0,3,21,14,66.7,54,29.2,6,0,2,3,17.8,2,2,557.74,0.02,0,0.38,1,0,0,0,0,0,0,0,0,1,0,0,0,0,0,0,0,1,0,0,0,1,0,0,0,1,0,0,0,1,0,0,0,0,1,0,0,1,0,0,0,0,0,1,1,0,0
CLI-002672,21698.0,17,41,16,39.0,9,1.5,8,2,5,3,10.8,3,0,1025.0,0.01,0,0.5,1,0,0,0,0,0,0,0,0,1,0,0,0,0,1,0,0,0,0,0,0,1,0,0,0,1,0,0,0,0,0,0,1,1,0,0,0,0,0,1,0,0,0,1,0,0,1
CLI-001810,912.0,3,3,3,100.0,55,27.4,9,1,1,0,12.4,4,1,74.13,0.01,0,0.56,0,0,0,1,0,0,0,0,0,0,0,0,0,1,0,1,0,0,0,0,1,0,0,0,0,1,0,0,0,0,0,0,1,1,0,0,0,1,0,0,0,0,0,1,1,0,0
CLI-000712,15624.0,1,46,20,43.5,13,2.6,1,0,0,2,8.4,3,0,2070.0,0.0,0,0.04,0,0,0,0,0,0,1,0,0,0,0,1,0,0,1,0,0,0,0,0,0,1,0,0,0,0,1,0,0,0,0,1,0,1,0,0,0,1,0,0,0,1,0,0,1,0,0
CLI-003547,19225.0,22,52,28,53.8,37,17.8,7,6,2,0,7.8,3,0,1233.97,0.0,0,0.44,0,0,1,0,0,0,0,0,0,1,0,0,0,0,0,0,0,0,1,0,0,1,0,0,0,1,0,0,1,0,0,0,0,1,0,0,0,0,1,0,0,0,1,0,0,0,1
CLI-001002,8830.0,1,61,41,67.2,29,22.6,5,0,1,0,12.1,5,0,673.01,0.03,0,0.62,0,1,0,0,0,0,0,0,0,0,0,1,0,0,1,0,0,0,0,0,0,0,1,0,1,0,0,0,0,0,0,1,0,0,0,1,0,0,1,0,0,0,0,1,1,0,0
CLI-000662,2275.0,10,6,3,50.0,12,5.9,8,3,1,2,12.0,5,4,138.73,0.0,0,0.5,0,0,0,0,1,0,0,1,0,0,0,0,0,0,0,1,0,0,0,0,1,0,0,0,0,1,0,0,0,0,0,0,1,0,0,1,0,0,1,0,0,0,1,0,0,1,0
CLI-004245,9079.0,31,6,5,83.3,65,57.5,11,6,1,7,13.3,3,0,178.58,0.0,0,0.69,0,0,0,0,0,0,1,0,0,0,0,1,0,0,1,0,0,0,0,0,1,0,0,0,0,1,0,0,0,0,0,1,0,0,0,0,1,0,0,1,1,0,0,0,0,0,1
CLI-001050,14841.0,14,27,11,40.7,7,0.6,1,6,21,4,16.9,1,0,696.13,0.05,0,0.06,1,0,0,0,0,0,0,0,0,1,0,0,0,0,1,0,0,0,0,0,0,1,0,0,0,1,0,0,1,0,0,0,0,0,0,0,1,0,0,1,0,0,0,1,0,0,1
CLI-003237,24119.0,2,58,52,89.7,81,5.65,10,0,0,0,6.3,4,1,2941.34,0.0,0,0.38,0,1,0,0,0,0,0,1,0,0,0,0,0,0,1,0,0,0,0,0,0,1,0,0,0,0,1,0,0,0,0,0,1,0,0,1,0,1,0,0,0,1,0,0,1,0,0
CLI-004380,736164.0,18,170,124,72.9,16,12.6,13,2,1,1,3.2,5,0,7481.34,0.0,0,0.5,0,1,0,0,0,0,0,0,0,0,0,0,0,1,1,0,0,0,0,0,0,0,1,0,0,0,1,0,1,0,0,0,0,0,0,1,0,0,0,1,0,0,0,1,0,0,1
CLI-002429,11708.0,14,8,2,25.0,5,0.5,6,3,2,0,11.3,5,0,178.48,0.0,0,0.38,0,1,0,0,0,0,0,0,0,0,0,0,0,1,0,0,1,0,0,0,1,0,0,0,0,1,0,0,1,0,0,0,0,1,0,0,0,0,0,1,0,0,0,1,0,0,1
CLI-004750,3327.0,1,27,0,0.0,0,5.65,0,0,30,7,27.6,2,0,338.06,1.0,1,0.0,0,0,1,0,0,0,0,0,0,0,0,0,0,1,1,0,0,0,0,0,0,1,0,0,1,0,0,0,1,0,0,0,0,0,0,1,0,1,0,0,0,0,0,1,1,0,0
CLI-002834,64545.0,14,49,19,38.8,16,3.6,6,4,6,8,19.1,1,0,1485.17,0.01,0,0.38,0,0,0,1,0,0,0,0,0,0,1,0,0,0,1,0,0,0,0,0,0,1,0,0,0,1,0,0,1,0,0,0,0,0,1,0,0,0,1,0,1,0,0,0,0,0,1
CLI-003491,544.0,12,2,1,50.0,42,23.7,4,3,2,5,27.2,4,1,25.53,0.01,0,0.5,0,0,0,1,0,0,0,0,0,0,0,1,0,0,0,0,0,1,0,0,1,0,0,0,1,0,0,0,0,1,0,0,0,1,0,0,0,0,0,1,0,0,0,1,0,1,0
CLI-004873,1320.0,7,11,0,0.0,0,0.0,0,0,138,0,12.5,3,1,229.96,0.66,1,0.0,0,0,0,0,0,0,1,0,0,0,0,1,0,0,1,0,0,0,0,0,1,0,0,0,0,1,0,0,1,0,0,0,0,0,0,1,0,0,1,0,0,0,0,1,0,1,0
CLI-003700,530.0,1,3,2,66.7,53,45.2,5,0,0,2,10.5,4,1,34.04,0.0,0,0.62,0,0,0,0,0,1,0,0,1,0,0,0,0,0,1,0,0,0,0,0,1,0,0,0,1,0,0,0,1,0,0,0,0,0,0,0,1,0,1,0,0,0,0,1,1,0,0
CLI-002183,241386.0,1,53,40,75.5,61,27.6,13,0,2,0,5.7,4,0,3546.67,0.07,0,0.5,0,0,0,0,0,0,1,0,1,0,0,0,0,0,1,0,0,0,0,0,0,1,0,0,0,0,1,0,0,0,0,0,1,1,0,0,0,0,1,0,0,1,0,0,1,0,0
CLI-000586,3746.0,1,8,6,75.0,43,32.9,6,0,1,2,31.3,3,2,95.18,0.03,0,0.75,0,1,0,0,0,0,0,0,0,1,0,0,0,0,0,0,1,0,0,0,1,0,0,0,1,0,0,0,0,0,0,1,0,0,1,0,0,1,0,0,0,1,0,0,1,0,0
CLI-002275,562.0,8,3,1,33.3,11,7.7,5,2,2,1,14.9,5,3,31.18,0.01,0,0.62,0,0,0,0,0,1,0,0,0,0,0,1,0,0,1,0,0,0,0,0,1,0,0,0,1,0,0,0,0,0,1,0,0,0,0,1,0,0,1,0,0,0,0,1,0,1,0
CLI-003098,26155.0,1,18,7,38.9,23,8.9,12,0,3,4,3.5,4,1,1275.87,0.1,0,0.3,0,0,0,0,1,0,0,0,1,0,0,0,0,0,1,0,0,0,0,0,0,1,0,0,0,0,0,1,0,0,0,0,1,1,0,0,0,0,0,1,0,1,0,0,1,0,0
CLI-000817,8855.0,1,55,17,30.9,1,0.2,5,0,1,2,10.1,3,2,1079.9,0.03,0,0.31,0,0,0,1,0,0,0,0,0,0,0,0,1,0,1,0,0,0,0,0,0,1,0,0,0,1,0,0,1,0,0,0,0,1,0,0,0,0,0,1,0,1,0,0,1,0,0
CLI-000290,23775.0,9,144,65,45.1,18,1.0,5,1,1,2,10.6,4,0,3221.59,0.0,0,0.31,0,0,0,1,0,0,0,0,0,0,0,1,0,0,0,0,0,0,0,1,0,0,1,0,0,1,0,0,1,0,0,0,0,0,0,1,0,1,0,0,0,0,0,1,0,1,0
CLI-002187,300.0,8,1,1,100.0,60,9.6,3,2,2,0,18.7,3,0,10.84,0.01,0,0.38,0,0,1,0,0,0,0,0,0,1,0,0,0,0,1,0,0,0,0,0,1,0,0,0,1,0,0,0,0,0,0,0,1,1,0,0,0,1,0,0,0,1,0,0,0,1,0
CLI-001789,1482.0,1,8,1,12.5,1,0.2,1,1,30,1,9.1,2,3,164.26,1.0,1,0.06,0,0,0,0,0,0,1,0,1,0,0,0,0,0,1,0,0,0,0,0,1,0,0,0,0,1,0,0,0,0,0,0,1,1,0,0,0,0,0,1,1,0,0,0,1,0,0
CLI-003229,2137.0,13,5,2,40.0,1,0.3,8,4,3,5,8.4,3,0,173.74,0.01,0,0.31,0,1,0,0,0,0,0,0,0,1,0,0,0,0,1,0,0,0,0,0,1,0,0,0,0,0,1,0,0,0,0,1,0,0,1,0,0,0,1,0,0,0,0,1,0,0,1
CLI-002869,2941.0,17,2,2,100.0,43,8.5,16,3,1,1,6.1,3,0,94.38,0.0,0,0.62,0,0,0,1,0,0,0,0,0,1,0,0,0,0,1,0,0,0,0,0,1,0,0,0,0,0,1,0,0,0,0,1,0,0,1,0,0,0,0,1,0,0,0,1,0,0,1
CLI-004790,11401.0,5,41,20,48.8,29,25.9,6,2,0,5,13.0,3,1,926.92,0.0,0,0.38,0,0,1,0,0,0,0,0,0,0,0,0,1,0,0,0,0,1,0,0,0,1,0,0,0,1,0,0,1,0,0,0,0,1,0,0,0,0,0,1,0,0,0,1,0,1,0
CLI-003750,740.0,15,11,3,27.3,1,5.65,1,2,23,3,29.1,2,0,128.94,0.05,0,0.12,1,0,0,0,0,0,0,0,0,1,0,0,0,0,1,0,0,0,0,0,1,0,0,0,1,0,0,0,0,0,0,1,0,0,0,0,1,1,0,0,0,0,0,1,0,0,1
CLI-001184,2266.0,12,9,3,33.3,1,0.5,1,2,12,4,19.6,3,1,110.56,0.03,0,0.12,0,0,0,0,1,0,0,0,1,0,0,0,0,0,1,0,0,0,0,0,1,0,0,0,1,0,0,0,0,1,0,0,0,0,0,1,0,0,0,1,0,1,0,0,0,1,0
CLI-000655,671502.0,13,414,318,76.8,62,45.3,17,1,0,1,3.8,4,0,34121.03,0.0,0,0.42,0,0,0,0,0,1,0,0,0,1,0,0,0,0,0,0,0,1,0,0,0,0,0,1,0,0,0,1,1,0,0,0,0,0,0,1,0,1,0,0,0,0,0,1,0,0,1
CLI-002580,5957.0,11,16,5,31.2,12,6.8,1,0,1,2,23.4,2,0,382.33,0.0,0,0.06,0,0,0,0,0,1,0,0,0,1,0,0,0,0,1,0,0,0,0,0,0,1,0,0,0,1,0,0,0,0,0,0,1,0,0,1,0,0,1,0,1,0,0,0,0,1,0
CLI-000808,273426.0,10,534,364,68.2,53,22.9,15,1,0,0,3.5,5,0,22229.74,0.0,0,0.58,0,0,0,1,0,0,0,0,0,1,0,0,0,0,1,0,0,0,0,0,0,0,0,1,0,0,1,0,1,0,0,0,0,0,0,0,1,0,1,0,0,0,0,1,0,1,0
CLI-001630,132730.0,27,98,0,50.0,0,0.0,0,0,76,4,20.4,2,0,2697.77,0.09,1,0.0,0,0,0,0,0,0,1,0,0,1,0,0,0,0,1,0,0,0,0,0,0,0,1,0,0,1,0,0,0,0,1,0,0,0,1,0,0,1,0,0,0,0,0,1,0,0,1
CLI-001380,362.0,12,1,1,100.0,69,13.7,5,1,1,3,10.5,4,1,12.98,0.0,0,0.62,0,1,0,0,0,0,0,0,0,0,0,0,1,0,1,0,0,0,0,0,1,0,0,0,1,0,0,0,0,1,0,0,0,1,0,0,0,0,1,0,0,0,0,1,0,1,0
CLI-002084,196941.0,12,204,144,70.6,59,27.6,16,4,0,1,4.1,5,0,8895.24,0.0,0,0.62,0,0,0,1,0,0,0,0,0,1,0,0,0,0,1,0,0,0,0,0,0,0,1,0,0,0,1,0,0,1,0,0,0,0,1,0,0,1,0,0,0,0,0,1,0,1,0
CLI-001140,16875.0,12,36,18,50.0,11,4.6,6,3,0,0,10.5,4,0,894.74,0.0,0,0.38,0,0,1,0,0,0,0,0,0,1,0,0,0,0,0,0,0,0,1,0,0,1,0,0,0,1,0,0,0,0,0,0,1,0,1,0,0,0,0,1,0,0,1,0,0,1,0
CLI-004400,1364.0,22,10,3,30.0,10,6.6,4,6,2,2,20.3,4,0,118.83,0.0,0,0.5,0,0,0,0,1,0,0,0,0,1,0,0,0,0,0,0,0,0,0,1,1,0,0,0,1,0,0,0,0,0,0,0,1,1,0,0,0,1,0,0,0,0,1,0,0,0,1
CLI-000664,2494.0,22,8,3,37.5,4,1.3,2,4,15,0,15.1,3,0,92.17,0.02,0,0.25,1,0,0,0,0,0,0,1,0,0,0,0,0,0,0,1,0,0,0,0,1,0,0,0,1,0,0,0,0,0,0,1,0,0,1,0,0,0,1,0,0,0,0,1,0,0,1
CLI-001940,84156.0,14,421,294,69.8,42,33.1,6,3,3,0,7.8,4,0,11403.25,0.01,0,0.38,0,0,0,1,0,0,0,0,0,0,0,0,0,1,1,0,0,0,0,0,0,0,0,1,0,1,0,0,0,0,0,1,0,0,0,0,1,0,1,0,0,0,1,0,0,0,1
CLI-000933,10143.0,5,7,0,0.0,0,0.0,0,0,56,3,5.1,3,2,458.12,0.37,1,0.0,0,1,0,0,0,0,0,0,0,0,1,0,0,0,1,0,0,0,0,0,1,0,0,0,0,0,0,1,0,0,0,0,1,0,1,0,0,0,1,0,0,0,0,1,0,1,0
CLI-000795,54904.0,12,39,0,0.0,0,0.0,0,0,74,0,6.9,4,1,1969.29,0.21,1,0.0,0,1,0,0,0,0,0,0,0,0,0,0,0,1,1,0,0,0,0,0,0,1,0,0,0,0,1,0,0,0,0,1,0,0,1,0,0,0,0,1,0,0,0,1,0,1,0
CLI-003020,9039.0,19,13,4,30.8,7,3.7,2,2,1,1,10.5,5,0,324.22,0.0,0,0.12,0,0,0,1,0,0,0,0,0,1,0,0,0,0,0,0,0,0,1,0,0,1,0,0,0,1,0,0,1,0,0,0,0,1,0,0,0,0,0,1,0,0,0,1,0,0,1
CLI-004935,397885.0,2,783,550,70.2,49,52.8,9,2,1,1,2.5,4,0,35235.0,0.02,0,0.35,0,0,0,0,1,0,0,0,1,0,0,0,0,0,0,0,0,0,0,1,0,0,0,1,0,0,1,0,0,0,0,1,0,0,0,0,1,0,1,0,0,0,0,1,1,0,0
CLI-004697,6308.0,1,20,2,10.0,1,0.1,0,0,0,1,14.6,3,5,349.69,0.0,0,0.0,1,0,0,0,0,0,0,0,0,0,1,0,0,0,1,0,0,0,0,0,0,1,0,0,0,1,0,0,0,1,0,0,0,0,0,0,1,0,1,0,1,0,0,0,1,0,0
CLI-000488,1008.0,4,2,2,100.0,89,83.9,5,0,0,4,35.4,3,1,29.28,0.0,0,0.62,0,0,1,0,0,0,0,0,0,0,1,0,0,0,1,0,0,0,0,0,1,0,0,0,1,0,0,0,1,0,0,0,0,0,1,0,0,1,0,0,0,0,0,1,0,1,0
CLI-000865,8630.0,16,8,3,37.5,1,5.65,9,6,9,0,1.7,4,0,657.81,0.02,0,0.22,0,0,0,0,1,0,0,0,0,0,0,1,0,0,0,0,0,1,0,0,0,1,0,0,0,0,0,1,1,0,0,0,0,0,1,0,0,0,1,0,0,0,1,0,0,0,1
CLI-000300,67866.0,9,8,2,25.0,12,8.5,16,1,0,1,2.7,3,1,689.7,0.0,0,0.4,0,0,1,0,0,0,0,1,0,0,0,0,0,0,0,0,0,0,0,1,1,0,0,0,0,0,0,1,0,0,1,0,0,0,0,1,0,0,1,0,0,1,0,0,0,1,0
CLI-001385,46207.0,11,76,22,28.9,7,0.9,11,0,2,1,4.7,3,1,3314.74,0.01,0,0.42,0,0,0,1,0,0,0,0,0,1,0,0,0,0,1,0,0,0,0,0,0,0,1,0,0,0,1,0,0,0,1,0,0,0,0,1,0,1,0,0,0,1,0,0,0,1,0
CLI-003867,48950.0,1,207,51,24.6,6,1.5,10,0,10,0,2.9,4,2,14923.89,0.33,0,0.25,0,0,0,1,0,0,0,0,0,0,0,0,0,1,0,0,0,0,0,1,0,0,1,0,0,0,0,1,0,0,1,0,0,1,0,0,0,1,0,0,0,0,0,1,1,0,0
CLI-000611,2904.0,14,10,6,60.0,20,6.3,7,2,0,3,14.0,4,0,295.16,0.0,0,0.44,0,0,0,1,0,0,0,0,0,0,0,1,0,0,0,0,0,1,0,0,1,0,0,0,0,1,0,0,1,0,0,0,0,0,0,0,1,0,0,1,0,0,0,1,0,0,1
CLI-002173,6944.0,18,41,38,92.7,96,43.4,6,1,1,1,10.5,2,0,445.72,0.0,0,0.75,0,1,0,0,0,0,0,0,0,0,0,0,1,0,1,0,0,0,0,0,0,1,0,0,1,0,0,0,0,1,0,0,0,0,1,0,0,0,1,0,1,0,0,0,0,0,1
CLI-004778,94129.0,7,239,74,31.0,15,8.3,5,1,1,4,10.5,3,1,8830.08,0.0,0,0.19,0,0,0,0,1,0,0,0,1,0,0,0,0,0,1,0,0,0,0,0,0,0,0,1,0,0,1,0,0,0,0,1,0,0,0,1,0,0,1,0,0,0,0,1,0,1,0
CLI-003767,10550.0,9,20,9,45.0,4,1.4,8,2,12,0,2.7,5,1,1072.19,0.04,0,0.31,0,0,1,0,0,0,0,0,0,0,0,1,0,0,1,0,0,0,0,0,0,1,0,0,0,0,1,0,1,0,0,0,0,0,0,0,1,1,0,0,0,1,0,0,0,1,0
CLI-003029,28454.0,14,82,53,64.6,22,6.5,9,3,1,5,9.6,3,0,3470.05,0.0,0,0.35,0,0,1,0,0,0,0,0,1,0,0,0,0,0,0,1,0,0,0,0,0,0,1,0,0,0,1,0,0,0,0,1,0,0,1,0,0,0,1,0,0,0,0,1,0,0,1
CLI-000012,300.0,4,1,1,100.0,83,5.65,4,2,1,4,27.2,4,1,12.35,0.01,0,0.5,0,0,1,0,0,0,0,0,0,0,1,0,0,0,0,1,0,0,0,0,1,0,0,0,1,0,0,0,0,1,0,0,0,0,0,1,0,1,0,0,0,0,0,1,0,1,0
CLI-002378,1114.0,10,13,4,30.8,1,0.3,2,2,15,0,10.5,4,2,271.81,0.05,0,0.12,0,0,1,0,0,0,0,0,0,0,1,0,0,0,1,0,0,0,0,0,0,1,0,0,0,1,0,0,0,0,0,0,1,1,0,0,0,1,0,0,0,0,0,1,0,1,0
CLI-004952,23966.0,11,23,17,73.9,67,67.7,9,1,1,2,10.5,3,0,551.45,0.0,0,0.56,0,0,0,1,0,0,0,0,0,1,0,0,0,0,1,0,0,0,0,0,0,1,0,0,0,1,0,0,0,0,1,0,0,0,1,0,0,1,0,0,0,0,0,1,0,1,0
CLI-003838,2635.0,25,7,2,28.6,1,0.3,5,5,30,1,13.5,3,0,178.54,0.04,1,0.31,0,0,0,0,1,0,0,0,0,0,0,0,0,1,1,0,0,0,0,0,1,0,0,0,0,1,0,0,0,1,0,0,0,0,0,0,1,1,0,0,0,1,0,0,0,0,1
CLI-001520,125363.0,17,186,30,16.1,3,0.7,8,1,25,7,11.5,2,0,8046.42,0.05,0,0.31,0,1,0,0,0,0,0,0,0,1,0,0,0,0,1,0,0,0,0,0,0,0,1,0,0,0,1,0,0,0,0,1,0,0,0,1,0,1,0,0,1,0,0,0,0,0,1
CLI-004986,30122.0,8,16,8,50.0,12,7.8,6,1,2,4,6.0,3,2,781.58,0.01,0,0.23,0,0,0,0,1,0,0,0,1,0,0,0,0,0,0,1,0,0,0,0,0,1,0,0,0,0,1,0,1,0,0,0,0,0,0,1,0,0,1,0,0,0,0,1,0,1,0
CLI-003016,8645.0,11,9,1,11.1,1,0.3,1,3,6,1,17.1,2,0,257.14,0.02,0,0.06,0,1,0,0,0,0,0,0,0,0,0,0,1,0,1,0,0,0,0,0,1,0,0,0,0,1,0,0,0,0,1,0,0,0,1,0,0,0,0,1,1,0,0,0,0,1,0
CLI-001221,12912.0,11,18,9,50.0,6,1.3,2,5,2,1,10.1,4,1,342.3,0.01,0,0.12,0,0,0,0,1,0,0,0,0,0,0,1,0,0,0,0,0,1,0,0,0,1,0,0,0,1,0,0,0,0,1,0,0,0,1,0,0,0,1,0,0,0,1,0,0,1,0
CLI-004176,42148.0,23,34,18,52.9,33,19.6,10,4,0,0,9.6,5,0,917.86,0.0,0,0.62,0,0,0,0,0,0,1,0,0,1,0,0,0,0,0,0,0,1,0,0,0,1,0,0,0,1,0,0,0,0,0,0,1,0,0,0,1,0,0,1,0,0,1,0,0,0,1
CLI-001286,13352.0,31,19,7,36.8,6,1.7,5,8,8,5,7.7,3,0,1017.66,0.01,0,0.19,0,1,0,0,0,0,0,0,0,1,0,0,0,0,1,0,0,0,0,0,0,1,0,0,0,0,1,0,0,1,0,0,0,0,1,0,0,1,0,0,0,0,0,1,0,0,1
CLI-001478,8950.0,11,55,39,70.9,91,58.8,4,5,1,4,27.2,3,0,642.03,0.0,0,0.5,0,0,1,0,0,0,0,0,0,0,0,0,0,1,0,1,0,0,0,0,0,1,0,0,1,0,0,0,0,0,0,1,0,0,0,0,1,1,0,0,0,0,0,1,0,1,0
CLI-002515,4960.0,15,18,14,77.8,38,11.3,9,5,0,0,4.7,4,0,504.02,0.0,0,0.56,0,0,0,0,0,0,1,0,0,1,0,0,0,0,0,0,0,0,1,0,0,1,0,0,0,1,0,0,0,0,1,0,0,1,0,0,0,1,0,0,0,0,0,1,0,0,1
CLI-001973,49920.0,1,19,10,52.6,27,8.6,16,0,1,4,1.9,3,3,1520.0,0.03,0,0.4,1,0,0,0,0,0,0,0,1,0,0,0,0,0,1,0,0,0,0,0,0,1,0,0,0,0,0,1,0,0,0,1,0,0,0,1,0,1,0,0,0,0,0,1,1,0,0
CLI-004999,7649.0,8,41,18,43.9,28,14.8,6,3,7,0,2.9,3,1,1865.51,0.03,0,0.23,1,0,0,0,0,0,0,0,0,0,1,0,0,0,0,0,1,0,0,0,0,1,0,0,0,0,1,0,0,1,0,0,0,1,0,0,0,0,0,1,0,0,0,1,0,1,0
CLI-001606,370.0,8,5,4,80.0,75,31.0,6,2,0,4,15.9,2,1,112.68,0.0,0,0.38,0,0,0,1,0,0,0,0,0,0,0,1,0,0,0,0,0,0,0,1,1,0,0,0,0,1,0,0,0,0,0,0,1,1,0,0,0,0,0,1,1,0,0,0,0,1,0
CLI-003607,1688.0,14,6,0,0.0,0,0.0,0,0,64,1,26.5,3,0,73.51,0.15,1,0.0,0,0,0,0,1,0,0,0,0,0,0,0,0,1,0,0,1,0,0,0,0,1,0,0,1,0,0,0,0,1,0,0,0,0,0,1,0,0,1,0,0,0,0,1,0,0,1
CLI-003564,14155.0,12,58,20,34.5,1,0.1,2,3,0,5,10.5,3,0,595.24,0.0,0,0.25,0,0,0,0,0,1,0,0,0,0,0,1,0,0,0,0,0,1,0,0,0,1,0,0,1,0,0,0,0,0,0,1,0,0,0,1,0,0,1,0,0,0,0,1,0,1,0
CLI-002754,35940.0,1,52,38,73.1,34,16.4,10,1,1,0,2.5,4,5,3652.42,0.03,0,0.25,0,0,0,0,0,1,0,0,0,1,0,0,0,0,1,0,0,0,0,0,0,1,0,0,0,0,0,1,0,0,0,0,1,1,0,0,0,0,0,1,0,0,0,1,1,0,0
CLI-000750,15248.0,5,103,50,48.5,8,2.6,11,1,7,6,10.9,2,0,4648.77,0.05,0,0.42,0,0,0,1,0,0,0,0,0,0,1,0,0,0,1,0,0,0,0,0,0,0,1,0,0,0,1,0,0,0,0,0,1,0,0,1,0,0,1,0,0,0,0,1,0,1,0
CLI-001573,4132.0,11,10,9,50.0,114,61.1,4,3,1,4,27.5,3,1,119.98,0.0,0,0.5,0,0,0,1,0,0,0,0,0,0,0,0,0,1,1,0,0,0,0,0,1,0,0,0,1,0,0,0,0,1,0,0,0,0,0,1,0,0,0,1,0,0,0,1,0,1,0
CLI-004648,151559.0,19,169,125,74.0,79,83.3,14,5,2,3,7.5,3,0,7393.14,0.0,0,0.54,0,0,0,0,0,0,1,0,0,0,1,0,0,0,0,0,0,0,1,0,0,0,1,0,0,0,1,0,0,0,0,0,1,0,0,1,0,0,0,1,0,1,0,0,0,0,1
CLI-001744,8872.0,4,18,9,50.0,9,2.0,5,1,1,7,7.5,3,2,772.86,0.01,0,0.19,0,0,0,0,0,0,1,1,0,0,0,0,0,0,1,0,0,0,0,0,0,1,0,0,0,0,1,0,0,1,0,0,0,1,0,0,0,0,0,1,1,0,0,0,0,1,0
CLI-004216,40011.0,8,21,9,42.9,15,6.6,5,0,1,0,10.5,5,0,554.48,0.0,0,0.31,0,0,1,0,0,0,0,1,0,0,0,0,0,0,1,0,0,0,0,0,0,1,0,0,0,1,0,0,0,0,1,0,0,1,0,0,0,0,1,0,0,1,0,0,0,1,0
CLI-001506,94038.0,14,106,83,78.3,74,48.1,9,2,1,1,3.3,3,0,5734.01,0.0,0,0.35,0,0,0,0,0,0,1,0,1,0,0,0,0,0,0,0,0,0,0,1,0,0,1,0,0,0,1,0,0,0,0,0,1,0,1,0,0,1,0,0,0,0,0,1,0,0,1
CLI-004576,267191.0,21,101,15,14.9,1,0.3,3,1,4,0,5.5,4,0,4863.32,0.01,0,0.12,0,0,0,0,1,0,0,0,0,0,1,0,0,0,0,0,1,0,0,0,0,0,1,0,0,0,1,0,0,0,0,1,0,0,1,0,0,0,0,1,0,0,0,1,0,0,1
CLI-002659,1632.0,10,10,5,50.0,17,0.8,2,2,0,0,17.4,4,2,132.69,0.0,0,0.25,0,0,0,0,0,0,1,0,1,0,0,0,0,0,1,0,0,0,0,0,1,0,0,0,1,0,0,0,0,0,0,0,1,1,0,0,0,0,1,0,0,0,0,1,0,1,0
CLI-003742,41727.0,10,86,31,36.0,1,0.1,10,3,16,6,11.1,3,0,3870.0,0.05,0,0.38,0,0,0,0,0,0,1,0,1,0,0,0,0,0,0,1,0,0,0,0,0,0,1,0,0,0,1,0,0,0,0,0,1,1,0,0,0,1,0,0,0,0,0,1,0,1,0
CLI-002747,3381.0,21,7,6,85.7,66,10.0,7,3,1,0,16.5,3,0,206.15,0.0,0,0.44,0,1,0,0,0,0,0,1,0,0,0,0,0,0,1,0,0,0,0,0,1,0,0,0,0,1,0,0,0,0,1,0,0,0,0,1,0,0,0,1,0,1,0,0,0,0,1
CLI-001134,2292.0,9,6,3,50.0,17,4.6,7,3,1,1,7.4,5,0,155.28,0.0,0,0.44,0,0,1,0,0,0,0,0,1,0,0,0,0,0,1,0,0,0,0,0,1,0,0,0,0,1,0,0,0,0,0,1,0,0,0,1,0,1,0,0,0,0,0,1,0,1,0
CLI-001201,2035.0,17,5,4,80.0,73,47.9,4,4,1,1,15.2,3,0,57.72,0.0,0,0.5,0,0,0,1,0,0,0,0,0,0,0,0,0,1,0,1,0,0,0,0,1,0,0,0,1,0,0,0,0,1,0,0,0,0,1,0,0,0,0,1,0,0,0,1,0,0,1
CLI-001366,300.0,14,1,1,100.0,70,28.5,4,3,0,0,11.8,5,0,10.96,0.0,0,0.5,0,0,0,0,1,0,0,0,0,1,0,0,0,0,0,0,0,0,1,0,1,0,0,0,1,0,0,0,1,0,0,0,0,0,0,1,0,0,1,0,0,0,1,0,0,0,1
CLI-000005,301.0,3,1,1,100.0,11,5.65,4,0,2,2,10.9,5,2,19.31,0.02,0,0.25,0,0,0,0,0,0,1,0,0,0,1,0,0,0,1,0,0,0,0,0,1,0,0,0,0,1,0,0,0,0,0,1,0,0,0,0,1,0,1,0,0,0,0,1,1,0,0
CLI-003854,6328.0,17,5,2,40.0,14,5.3,3,9,0,0,10.4,5,0,67.1,0.0,0,0.38,0,0,0,0,1,0,0,0,0,0,0,0,0,1,0,0,0,0,0,1,1,0,0,0,1,0,0,0,1,0,0,0,0,0,0,0,1,1,0,0,0,0,1,0,0,0,1
CLI-000105,34453.0,8,88,76,86.4,95,76.8,35,0,0,1,2.2,5,3,5252.03,0.0,0,0.88,0,0,0,0,1,0,0,0,0,0,0,0,1,0,1,0,0,0,0,0,0,0,1,0,0,0,0,1,0,0,1,0,0,0,0,0,1,0,1,0,0,0,0,1,0,1,0
CLI-002474,826675.0,8,814,0,0.0,0,0.0,0,0,63,0,1.5,2,2,30549.69,0.26,1,0.0,0,1,0,0,0,0,0,0,0,0,1,0,0,0,0,0,0,1,0,0,0,0,0,1,0,0,1,0,1,0,0,0,0,0,0,0,1,0,1,0,0,0,0,1,0,1,0
CLI-000492,1216.0,4,3,2,66.7,43,16.1,6,1,0,0,20.0,5,5,32.95,0.0,0,0.75,0,0,0,0,0,1,0,0,0,0,0,0,0,1,1,0,0,0,0,0,1,0,0,0,1,0,0,0,0,0,0,1,0,0,0,0,1,0,1,0,0,1,0,0,0,1,0
CLI-001260,4368.0,7,2,2,100.0,78,49.9,9,1,5,3,17.4,3,0,57.9,0.02,0,0.56,0,0,0,0,1,0,0,0,0,0,0,0,0,1,1,0,0,0,0,0,1,0,0,0,0,1,0,0,1,0,0,0,0,0,0,0,1,1,0,0,0,0,0,1,0,1,0
CLI-002022,8062.0,12,17,7,41.2,2,1.3,3,6,13,5,15.4,3,0,446.9,0.04,0,0.19,0,0,0,1,0,0,0,0,0,0,0,0,0,1,1,0,0,0,0,0,0,1,0,0,0,1,0,0,0,1,0,0,0,0,0,0,1,0,1,0,1,0,0,0,0,1,0
CLI-001969,16420.0,16,41,23,56.1,28,15.9,7,2,0,0,10.5,3,0,1053.9,0.0,0,0.44,0,1,0,0,0,0,0,0,0,0,0,1,0,0,1,0,0,0,0,0,0,1,0,0,0,1,0,0,0,0,0,0,1,1,0,0,0,0,0,1,0,0,0,1,0,0,1
CLI-001643,4799.0,18,6,5,83.3,73,36.6,13,4,2,0,0.5,5,0,278.71,0.0,0,0.5,0,1,0,0,0,0,0,0,0,1,0,0,0,0,0,0,0,0,0,1,0,1,0,0,0,0,1,0,0,0,0,0,1,0,0,1,0,0,1,0,0,0,0,1,0,0,1
CLI-001571,6275.0,4,30,22,73.3,50,17.7,6,0,0,2,8.9,5,1,695.68,0.0,0,0.38,0,0,0,1,0,0,0,0,1,0,0,0,0,0,1,0,0,0,0,0,0,1,0,0,0,1,0,0,0,1,0,0,0,1,0,0,0,1,0,0,0,1,0,0,0,1,0
CLI-000255,155688.0,10,63,0,0.0,0,0.0,0,0,34,1,6.4,3,1,3218.02,0.11,1,0.0,0,0,0,0,1,0,0,0,0,0,0,1,0,0,1,0,0,0,0,0,0,0,1,0,0,0,1,0,1,0,0,0,0,0,1,0,0,1,0,0,0,0,0,1,0,1,0
CLI-003075,52040.0,6,104,51,49.0,21,13.0,8,2,0,2,4.8,3,1,3966.47,0.0,0,0.31,0,1,0,0,0,0,0,0,0,0,0,0,0,1,0,0,0,1,0,0,0,0,1,0,0,0,1,0,0,0,0,0,1,0,1,0,0,1,0,0,0,0,0,1,0,1,0
CLI-002670,1258.0,17,4,2,50.0,17,5.1,1,1,2,1,28.9,3,0,51.13,0.0,0,0.12,0,0,0,0,1,0,0,1,0,0,0,0,0,0,0,0,0,0,1,0,1,0,0,0,1,0,0,0,0,1,0,0,0,1,0,0,0,1,0,0,0,0,0,1,0,0,1
CLI-004675,13969.0,14,39,20,51.3,29,2.9,2,4,1,2,21.0,3,0,532.36,0.0,0,0.25,0,0,0,0,0,1,0,0,0,0,0,0,0,1,1,0,0,0,0,0,0,1,0,0,1,0,0,0,0,0,0,0,1,1,0,0,0,1,0,0,0,0,0,1,0,0,1
CLI-002757,6967.0,24,9,5,55.6,41,20.8,10,7,0,0,6.4,3,0,249.9,0.0,0,0.62,0,0,0,0,1,0,0,0,0,0,1,0,0,0,1,0,0,0,0,0,1,0,0,0,0,1,0,0,1,0,0,0,0,0,0,0,1,1,0,0,0,0,1,0,0,0,1
CLI-000150,56935.0,11,168,79,47.0,12,5.3,5,3,1,4,11.1,3,0,6312.13,0.0,0,0.19,0,0,0,1,0,0,0,0,0,0,1,0,0,0,0,0,0,0,1,0,0,0,1,0,0,0,1,0,0,1,0,0,0,0,0,0,1,0,0,1,0,0,0,1,0,1,0
CLI-004290,1767.0,6,4,1,25.0,3,0.9,2,4,4,0,15.9,3,1,55.24,0.02,0,0.25,0,0,0,0,0,0,1,0,0,0,1,0,0,0,1,0,0,0,0,0,1,0,0,0,1,0,0,0,0,0,0,0,1,1,0,0,0,0,0,1,0,0,0,1,0,1,0
CLI-004008,300.0,6,1,1,100.0,41,11.2,1,2,0,0,15.8,5,0,12.45,0.0,0,0.12,0,0,1,0,0,0,0,0,0,0,0,0,1,0,0,0,1,0,0,0,1,0,0,0,1,0,0,0,1,0,0,0,0,0,0,1,0,1,0,0,0,0,1,0,0,1,0
CLI-001388,67553.0,2,44,36,81.8,45,31.7,11,0,1,2,0.5,3,4,1872.3,0.02,0,0.42,0,0,0,0,0,1,0,0,0,0,0,0,0,1,0,0,1,0,0,0,0,1,0,0,0,0,1,0,0,0,0,0,1,0,1,0,0,1,0,0,0,1,0,0,1,0,0
CLI-000903,300.0,8,1,1,100.0,26,9.8,4,1,0,1,10.5,4,0,11.67,0.0,0,0.5,0,0,0,1,0,0,0,0,0,1,0,0,0,0,0,0,0,0,0,1,1,0,0,0,1,0,0,0,0,1,0,0,0,1,0,0,0,0,0,1,0,0,0,1,0,1,0
CLI-000250,90543.0,9,145,54,37.2,8,3.1,18,2,3,10,6.1,1,2,11041.86,0.01,0,0.45,0,1,0,0,0,0,0,1,0,0,0,0,0,0,1,0,0,0,0,0,0,0,1,0,0,0,0,1,0,0,0,1,0,0,0,0,1,0,0,1,0,0,0,1,0,1,0
CLI-003671,7102.0,20,32,14,43.8,3,0.3,3,3,13,0,20.4,4,0,393.68,0.02,0,0.38,0,0,0,0,1,0,0,1,0,0,0,0,0,0,1,0,0,0,0,0,0,1,0,0,1,0,0,0,0,0,0,0,1,0,0,0,1,0,0,1,0,0,0,1,0,0,1
CLI-004093,7188.0,6,18,9,50.0,1,0.4,6,2,11,2,9.2,2,2,796.94,0.06,0,0.23,0,0,0,0,0,1,0,0,0,0,0,0,0,1,1,0,0,0,0,0,0,1,0,0,0,0,1,0,0,0,0,1,0,0,0,0,1,0,1,0,0,0,0,1,0,1,0
CLI-003599,300.0,3,3,1,33.3,1,0.1,0,2,11,4,19.2,3,3,29.93,0.12,0,0.0,1,0,0,0,0,0,0,0,0,0,1,0,0,0,1,0,0,0,0,0,1,0,0,0,1,0,0,0,0,1,0,0,0,0,0,0,1,0,0,1,0,0,0,1,1,0,0
CLI-001396,56716.0,20,128,67,52.3,30,20.4,9,6,0,3,12.6,4,0,3458.3,0.0,0,0.56,0,0,0,0,0,1,0,1,0,0,0,0,0,0,0,0,0,0,0,1,0,0,1,0,0,1,0,0,0,1,0,0,0,0,0,1,0,0,0,1,0,0,1,0,0,0,1
CLI-000994,300.0,1,7,2,28.6,2,0.3,1,0,0,7,38.2,2,2,71.43,0.0,0,0.12,1,0,0,0,0,0,0,1,0,0,0,0,0,0,1,0,0,0,0,0,1,0,0,0,1,0,0,0,0,0,0,1,0,0,1,0,0,0,1,0,0,0,0,1,1,0,0
CLI-002946,4439.0,16,9,7,50.0,61,43.2,1,7,2,3,32.0,4,0,98.43,0.0,0,0.12,0,0,0,1,0,0,0,0,0,1,0,0,0,0,1,0,0,0,0,0,1,0,0,0,1,0,0,0,1,0,0,0,0,1,0,0,0,1,0,0,0,0,1,0,0,0,1
CLI-002878,359630.0,6,53,32,60.4,21,1.0,16,0,1,4,10.5,3,3,5221.11,0.01,0,0.4,0,0,0,0,0,1,0,0,0,0,1,0,0,0,0,0,0,0,0,1,0,1,0,0,0,0,0,1,0,1,0,0,0,0,0,1,0,1,0,0,0,0,0,1,0,1,0
CLI-002306,4385.0,14,23,15,65.2,33,5.65,3,0,1,2,18.5,4,0,254.64,0.0,0,0.38,0,0,1,0,0,0,0,0,0,0,1,0,0,0,0,0,0,0,1,0,0,1,0,0,1,0,0,0,1,0,0,0,0,1,0,0,0,1,0,0,0,0,0,1,0,0,1
CLI-003601,1565.0,8,8,4,50.0,17,7.3,3,1,2,0,13.2,5,2,106.03,0.01,0,0.38,0,0,0,1,0,0,0,0,0,1,0,0,0,0,0,0,0,0,0,1,1,0,0,0,1,0,0,0,0,0,0,0,1,0,1,0,0,1,0,0,0,1,0,0,0,1,0
CLI-002368,4706.0,21,5,3,60.0,19,6.4,5,11,4,0,7.9,4,0,124.77,0.01,0,0.31,0,0,0,0,0,0,1,0,0,0,0,1,0,0,1,0,0,0,0,0,1,0,0,0,0,1,0,0,1,0,0,0,0,0,0,1,0,0,1,0,0,0,0,1,0,0,1
CLI-004091,73497.0,15,195,142,72.8,43,25.7,3,0,2,0,19.0,4,0,2716.08,0.0,0,0.38,0,1,0,0,0,0,0,0,0,1,0,0,0,0,1,0,0,0,0,0,0,0,1,0,1,0,0,0,0,1,0,0,0,0,1,0,0,0,1,0,0,1,0,0,0,0,1
CLI-000506,10277.0,11,34,10,29.4,15,10.7,2,1,1,0,11.5,4,1,404.28,0.0,0,0.25,1,0,0,0,0,0,0,0,0,1,0,0,0,0,0,0,0,0,0,1,0,1,0,0,1,0,0,0,0,0,0,1,0,1,0,0,0,0,1,0,0,1,0,0,0,1,0
CLI-003388,5376.0,15,7,3,42.9,19,1.0,6,4,0,3,15.8,4,0,177.18,0.0,0,0.38,0,0,0,0,0,1,0,0,0,0,1,0,0,0,1,0,0,0,0,0,1,0,0,0,0,1,0,0,0,0,0,0,1,0,0,0,1,0,1,0,0,0,1,0,0,0,1
CLI-002200,204564.0,6,242,51,21.1,7,3.6,17,1,1,2,6.5,2,0,16631.2,0.01,0,0.42,0,1,0,0,0,0,0,1,0,0,0,0,0,0,1,0,0,0,0,0,0,0,0,1,0,0,0,1,0,1,0,0,0,0,1,0,0,0,1,0,0,0,0,1,0,1,0
CLI-000208,3421.0,21,10,3,30.0,1,0.1,4,3,3,2,10.2,4,0,260.72,0.0,0,0.25,0,0,0,0,0,0,1,0,0,0,0,1,0,0,1,0,0,0,0,0,1,0,0,0,0,1,0,0,0,0,0,0,1,0,0,1,0,1,0,0,0,0,1,0,0,0,1
CLI-001441,3993.0,5,8,4,50.0,25,8.5,17,3,0,0,0.6,3,1,347.8,0.0,0,0.65,0,0,0,1,0,0,0,0,0,1,0,0,0,0,1,0,0,0,0,0,1,0,0,0,0,0,1,0,0,0,0,0,1,1,0,0,0,0,0,1,0,0,0,1,0,1,0
CLI-000625,11500.0,1,38,16,42.1,17,2.4,8,0,1,2,13.9,3,1,1001.74,0.03,0,0.5,0,0,0,0,0,0,1,0,0,0,0,0,1,0,0,1,0,0,0,0,0,1,0,0,0,1,0,0,0,0,0,0,1,0,0,0,1,1,0,0,0,0,0,1,1,0,0
CLI-003514,43999.0,8,27,14,51.9,23,7.0,8,0,1,5,6.2,5,3,1166.46,0.0,0,0.31,0,0,0,0,1,0,0,1,0,0,0,0,0,0,1,0,0,0,0,0,0,1,0,0,0,0,1,0,1,0,0,0,0,0,0,1,0,0,1,0,0,1,0,0,0,1,0
CLI-002958,152851.0,23,205,25,50.0,1,0.4,6,5,30,0,5.8,3,0,9320.18,0.04,1,0.23,1,0,0,0,0,0,0,0,0,0,0,0,0,1,1,0,0,0,0,0,0,0,1,0,0,0,1,0,0,0,1,0,0,1,0,0,0,0,1,0,0,0,0,1,0,0,1
CLI-002688,12908.0,8,35,26,74.3,67,30.5,12,2,1,0,1.8,4,4,1431.05,0.0,0,0.46,0,0,0,0,1,0,0,0,0,0,1,0,0,0,1,0,0,0,0,0,0,1,0,0,0,0,1,0,0,0,0,0,1,1,0,0,0,1,0,0,0,0,0,1,0,1,0
CLI-002379,10903.0,13,28,24,85.7,65,41.6,9,3,0,2,9.4,3,0,699.79,0.0,0,0.56,0,0,0,0,0,0,1,0,0,0,1,0,0,0,1,0,0,0,0,0,0,1,0,0,0,1,0,0,0,0,0,0,1,0,1,0,0,0,0,1,0,1,0,0,0,0,1
CLI-004042,16418.0,11,8,2,25.0,1,0.1,8,0,1,1,4.1,4,0,426.01,0.0,0,0.31,0,0,0,0,0,1,0,0,0,1,0,0,0,0,0,0,0,0,1,0,1,0,0,0,0,0,1,0,1,0,0,0,0,0,1,0,0,0,1,0,0,0,0,1,0,1,0
CLI-003627,19044.0,8,31,24,77.4,37,21.1,10,3,0,1,10.4,3,2,893.26,0.0,0,0.62,0,0,0,0,0,1,0,0,0,1,0,0,0,0,0,0,0,1,0,0,0,1,0,0,0,1,0,0,0,0,0,0,1,1,0,0,0,0,1,0,0,0,0,1,0,1,0
CLI-000480,7914.0,14,16,8,50.0,16,5.65,2,0,2,8,20.9,1,0,357.44,0.0,0,0.12,0,0,0,0,0,0,1,0,0,1,0,0,0,0,1,0,0,0,0,0,0,1,0,0,0,1,0,0,1,0,0,0,0,1,0,0,0,0,1,0,1,0,0,0,0,0,1
CLI-001493,3403.0,10,11,3,27.3,4,1.3,2,3,14,1,16.4,3,0,133.89,0.05,0,0.25,0,1,0,0,0,0,0,0,0,1,0,0,0,0,0,1,0,0,0,0,1,0,0,0,1,0,0,0,0,0,1,0,0,0,1,0,0,1,0,0,0,0,0,1,0,1,0
CLI-002115,1423.0,9,8,5,62.5,27,1.4,3,1,1,0,23.2,4,0,108.43,0.0,0,0.38,0,0,0,0,0,0,1,0,0,1,0,0,0,0,1,0,0,0,0,0,0,1,0,0,1,0,0,0,0,1,0,0,0,0,1,0,0,0,0,1,0,0,0,1,0,1,0
CLI-000234,3011.0,7,1,1,100.0,53,37.4,14,1,2,1,10.5,4,0,41.26,0.01,0,0.54,1,0,0,0,0,0,0,0,0,1,0,0,0,0,1,0,0,0,0,0,1,0,0,0,0,0,1,0,0,0,1,0,0,1,0,0,0,0,1,0,0,0,0,1,0,1,0
CLI-001870,682.0,6,11,6,54.5,22,2.0,3,0,2,5,37.4,1,1,118.85,0.01,0,0.38,0,1,0,0,0,0,0,0,0,0,0,0,0,1,1,0,0,0,0,0,1,0,0,0,1,0,0,0,0,0,1,0,0,0,0,1,0,0,1,0,1,0,0,0,0,1,0
CLI-000697,2656.0,9,10,6,60.0,47,28.4,14,1,0,4,10.1,4,0,462.65,0.0,0,0.54,0,0,0,1,0,0,0,1,0,0,0,0,0,0,1,0,0,0,0,0,0,1,0,0,0,0,1,0,0,1,0,0,0,1,0,0,0,0,0,1,0,1,0,0,0,1,0
CLI-000575,1195.0,5,6,3,50.0,20,4.2,5,1,4,2,11.4,3,2,132.43,0.03,0,0.31,0,0,0,0,0,1,0,1,0,0,0,0,0,0,0,0,0,0,0,1,1,0,0,0,0,1,0,0,0,0,0,1,0,1,0,0,0,1,0,0,0,0,0,1,0,1,0
CLI-000798,4170.0,1,35,17,48.6,19,8.9,5,0,2,1,10.5,5,0,726.45,0.07,0,0.31,0,0,0,0,0,0,1,0,0,0,0,0,0,1,0,0,0,0,1,0,0,1,0,0,0,1,0,0,0,0,1,0,0,0,0,1,0,0,1,0,0,0,0,1,1,0,0
CLI-003585,1342.0,1,23,8,34.8,1,0.1,1,0,30,3,16.4,2,2,409.12,1.0,1,0.06,0,0,0,0,1,0,0,1,0,0,0,0,0,0,0,0,0,0,0,1,0,1,0,0,0,1,0,0,1,0,0,0,0,0,1,0,0,1,0,0,1,0,0,0,1,0,0
CLI-002625,685.0,15,10,4,40.0,16,1.3,2,3,1,1,18.4,4,0,83.56,0.0,0,0.25,0,0,0,0,0,0,1,1,0,0,0,0,0,0,0,0,0,1,0,0,0,1,0,0,1,0,0,0,0,0,0,1,0,0,1,0,0,1,0,0,0,0,1,0,0,0,1
CLI-003966,2873.0,11,7,0,0.0,0,0.0,0,0,58,4,22.1,1,1,175.0,0.18,1,0.0,0,0,0,0,0,1,0,0,0,1,0,0,0,0,1,0,0,0,0,0,0,1,0,0,0,1,0,0,1,0,0,0,0,0,0,1,0,0,1,0,0,0,0,1,0,1,0
CLI-002316,8308.0,12,53,13,24.5,7,5.0,8,1,7,2,16.2,2,1,1266.42,0.02,0,0.5,0,0,0,1,0,0,0,1,0,0,0,0,0,0,1,0,0,0,0,0,0,1,0,0,0,1,0,0,1,0,0,0,0,0,0,0,1,0,0,1,0,0,0,1,0,1,0
CLI-002367,1751.0,8,5,4,80.0,33,12.6,8,0,1,4,16.5,2,0,125.64,0.0,0,0.5,0,0,0,0,0,1,0,0,0,0,0,0,1,0,1,0,0,0,0,0,1,0,0,0,0,1,0,0,0,0,0,0,1,0,1,0,0,1,0,0,0,0,0,1,0,1,0
CLI-004401,12981.0,7,18,13,72.2,67,23.7,6,1,1,1,5.4,3,0,465.59,0.0,0,0.38,1,0,0,0,0,0,0,0,0,0,0,1,0,0,0,1,0,0,0,0,0,1,0,0,0,1,0,0,1,0,0,0,0,0,0,0,1,0,1,0,0,1,0,0,0,1,0
CLI-000296,6100.0,16,11,3,27.3,7,0.4,1,3,3,2,18.9,3,0,130.51,0.01,0,0.12,0,0,0,1,0,0,0,0,0,1,0,0,0,0,1,0,0,0,0,0,1,0,0,0,1,0,0,0,0,1,0,0,0,1,0,0,0,1,0,0,0,1,0,0,0,0,1
CLI-003265,164305.0,16,200,119,59.5,27,4.7,7,3,0,0,1.8,5,0,5565.88,0.0,0,0.44,0,0,0,0,0,1,0,0,1,0,0,0,0,0,1,0,0,0,0,0,0,0,1,0,0,1,0,0,0,0,0,1,0,0,0,0,1,1,0,0,0,0,1,0,0,0,1
CLI-001304,3248.0,16,7,4,57.1,33,19.3,4,3,2,2,19.3,5,0,79.23,0.0,0,0.5,0,0,0,1,0,0,0,0,0,1,0,0,0,0,1,0,0,0,0,0,1,0,0,0,1,0,0,0,0,1,0,0,0,0,0,0,1,1,0,0,0,0,1,0,0,0,1
CLI-004665,22237.0,9,29,9,31.0,8,1.0,11,5,1,10,4.0,3,1,2465.35,0.0,0,0.28,0,1,0,0,0,0,0,0,0,1,0,0,0,0,0,0,0,1,0,0,0,1,0,0,0,0,0,1,0,0,0,1,0,1,0,0,0,1,0,0,1,0,0,0,0,1,0
CLI-004824,32615.0,22,50,19,38.0,19,8.1,2,3,1,5,34.6,3,0,710.25,0.0,0,0.25,0,1,0,0,0,0,0,1,0,0,0,0,0,0,0,0,1,0,0,0,0,1,0,0,1,0,0,0,1,0,0,0,0,0,0,1,0,0,0,1,0,0,0,1,0,0,1
CLI-001872,124360.0,12,386,165,42.7,6,1.6,9,3,9,5,6.6,2,1,12638.26,0.02,0,0.35,0,1,0,0,0,0,0,0,0,0,0,0,1,0,1,0,0,0,0,0,0,0,0,1,0,0,1,0,0,1,0,0,0,0,0,1,0,0,0,1,0,0,0,1,0,1,0
CLI-002895,1477756.0,9,806,413,50.0,37,12.5,1,2,1,0,5.5,4,0,54610.36,0.0,0,0.02,0,0,1,0,0,0,0,0,0,0,1,0,0,0,0,0,0,0,0,1,0,0,0,1,0,0,0,1,0,0,0,0,1,0,0,0,1,0,1,0,0,1,0,0,0,1,0
CLI-001049,16880.0,8,7,4,57.1,18,4.9,11,2,0,1,7.8,1,3,298.33,0.0,0,0.42,0,0,0,0,1,0,0,0,0,0,0,0,0,1,1,0,0,0,0,0,1,0,0,0,0,0,1,0,0,1,0,0,0,0,1,0,0,1,0,0,1,0,0,0,0,1,0
CLI-004271,32377.0,3,29,8,27.6,1,0.3,8,1,23,0,2.2,5,0,1361.52,0.26,0,0.31,0,0,1,0,0,0,0,0,0,0,0,0,1,0,1,0,0,0,0,0,0,1,0,0,0,0,1,0,0,0,0,0,1,0,0,1,0,0,0,1,0,0,0,1,1,0,0
CLI-001604,100016.0,9,56,30,53.6,17,9.7,8,2,1,4,12.7,3,1,1434.95,0.0,0,0.5,0,0,0,0,0,1,0,0,0,0,0,0,1,0,1,0,0,0,0,0,0,1,0,0,0,1,0,0,0,0,0,0,1,1,0,0,0,0,1,0,0,1,0,0,0,1,0
CLI-000213,3623.0,10,6,4,66.7,20,6.5,11,3,1,5,12.6,2,0,276.13,0.0,0,0.42,0,0,1,0,0,0,0,0,0,0,0,0,0,1,0,0,0,0,1,0,0,1,0,0,0,0,1,0,1,0,0,0,0,0,1,0,0,0,0,1,1,0,0,0,0,1,0
CLI-001287,2104.0,11,6,4,66.7,48,24.6,7,0,3,1,14.8,3,0,171.03,0.01,0,0.44,0,0,1,0,0,0,0,0,0,0,0,0,0,1,1,0,0,0,0,0,1,0,0,0,0,1,0,0,1,0,0,0,0,1,0,0,0,0,0,1,0,1,0,0,0,1,0
CLI-002152,109139.0,11,142,44,31.0,9,2.0,9,0,1,0,5.4,4,0,6337.93,0.0,0,0.35,0,0,0,0,1,0,0,1,0,0,0,0,0,0,0,1,0,0,0,0,0,0,1,0,0,0,1,0,0,0,0,1,0,1,0,0,0,1,0,0,0,1,0,0,0,1,0
CLI-000754,8986.0,12,29,18,62.1,44,24.4,3,2,1,1,18.6,4,0,421.49,0.0,0,0.38,0,1,0,0,0,0,0,0,0,0,0,0,0,1,0,0,0,1,0,0,0,1,0,0,1,0,0,0,0,0,1,0,0,0,0,1,0,0,0,1,0,0,0,1,0,1,0
CLI-002126,1870.0,2,3,1,33.3,1,0.1,0,1,11,2,10.7,3,0,78.64,0.18,0,0.0,0,0,1,0,0,0,0,0,0,0,0,1,0,0,1,0,0,0,0,0,1,0,0,0,0,1,0,0,0,0,0,1,0,0,1,0,0,0,1,0,0,1,0,0,1,0,0
CLI-002329,309033.0,8,412,259,62.9,33,20.3,21,2,1,5,3.8,3,0,31405.82,0.0,0,0.52,0,0,0,0,0,1,0,0,0,0,1,0,0,0,0,1,0,0,0,0,0,0,0,1,0,0,0,1,1,0,0,0,0,0,0,0,1,0,1,0,0,0,0,1,0,1,0
CLI-000013,11350.0,2,44,6,13.6,1,0.2,3,0,14,3,14.9,3,1,1064.77,0.23,0,0.19,0,0,0,0,0,0,1,0,0,0,0,0,1,0,1,0,0,0,0,0,0,1,0,0,0,1,0,0,1,0,0,0,0,0,0,1,0,0,1,0,1,0,0,0,1,0,0
CLI-000032,31266.0,1,102,14,50.0,1,0.1,2,0,18,2,8.8,3,1,2242.92,0.6,0,0.12,0,0,0,1,0,0,0,0,1,0,0,0,0,0,0,0,0,0,1,0,0,0,1,0,0,1,0,0,0,0,0,0,1,0,0,0,1,0,0,1,1,0,0,0,1,0,0
CLI-001978,19828.0,14,32,9,28.1,1,0.1,9,5,10,5,5.0,2,1,1209.05,0.02,0,0.35,0,0,1,0,0,0,0,0,0,0,0,0,1,0,1,0,0,0,0,0,0,1,0,0,0,0,1,0,0,0,1,0,0,1,0,0,0,0,0,1,0,0,0,1,0,0,1
CLI-003967,3922.0,4,13,6,46.2,23,7.5,6,1,1,3,14.4,5,4,341.6,0.01,0,0.38,0,0,0,0,0,1,0,1,0,0,0,0,0,0,1,0,0,0,0,0,0,1,0,0,0,1,0,0,0,0,0,0,1,1,0,0,0,0,0,1,0,1,0,0,0,1,0
CLI-000444,1741.0,12,7,3,42.9,10,3.0,3,1,3,2,30.2,2,0,70.79,0.01,0,0.38,1,0,0,0,0,0,0,0,0,1,0,0,0,0,0,0,1,0,0,0,1,0,0,0,1,0,0,0,0,1,0,0,0,0,0,1,0,0,1,0,0,0,0,1,0,1,0
CLI-000665,67782.0,1,89,0,0.0,0,0.0,0,0,30,0,4.1,3,2,3757.29,1.0,1,0.0,0,0,0,0,1,0,0,0,0,1,0,0,0,0,1,0,0,0,0,0,0,0,1,0,0,0,1,0,0,0,1,0,0,0,1,0,0,0,0,1,0,0,0,1,1,0,0
CLI-004587,3166.0,11,8,5,62.5,27,7.6,4,2,1,1,10.1,3,0,200.0,0.0,0,0.25,0,1,0,0,0,0,0,0,0,0,0,0,0,1,1,0,0,0,0,0,1,0,0,0,0,1,0,0,0,0,1,0,0,0,0,1,0,1,0,0,0,1,0,0,0,1,0
CLI-004496,34735.0,1,26,23,88.5,68,56.9,16,0,1,2,1.9,3,3,1114.72,0.03,0,0.62,0,0,0,0,0,1,0,0,0,0,0,0,1,0,1,0,0,0,0,0,0,1,0,0,0,0,1,0,1,0,0,0,0,0,0,0,1,0,0,1,0,0,0,1,1,0,0
CLI-000079,476670.0,6,405,325,80.2,33,10.7,8,2,1,4,5.9,2,0,32400.0,0.01,0,0.2,1,0,0,0,0,0,0,0,1,0,0,0,0,0,1,0,0,0,0,0,0,0,0,1,0,0,0,1,0,0,1,0,0,0,0,0,1,0,0,1,1,0,0,0,0,1,0
CLI-002509,8898.0,5,22,0,0.0,0,0.0,0,0,56,0,8.3,5,1,638.3,0.37,1,0.0,0,0,0,0,0,0,1,0,0,0,0,1,0,0,0,0,0,0,0,1,0,1,0,0,0,1,0,0,0,0,1,0,0,1,0,0,0,0,0,1,1,0,0,0,0,1,0
CLI-001925,7503.0,4,26,10,38.5,5,0.9,5,0,15,1,14.5,5,2,571.87,0.12,0,0.31,0,0,1,0,0,0,0,0,0,0,0,0,1,0,1,0,0,0,0,0,0,1,0,0,0,1,0,0,0,0,1,0,0,0,0,0,1,0,1,0,0,0,0,1,0,1,0
CLI-001545,310.0,4,4,2,50.0,12,5.7,4,0,2,1,20.5,5,5,34.41,0.02,0,0.5,0,0,0,0,0,0,1,0,0,0,0,0,0,1,1,0,0,0,0,0,1,0,0,0,1,0,0,0,0,0,0,0,1,0,0,1,0,0,1,0,0,0,0,1,0,1,0
CLI-002060,6942.0,12,26,13,50.0,40,22.0,3,2,1,2,23.2,3,1,338.62,0.0,0,0.38,1,0,0,0,0,0,0,0,0,1,0,0,0,0,1,0,0,0,0,0,0,1,0,0,1,0,0,0,0,0,1,0,0,0,1,0,0,1,0,0,0,0,0,1,0,1,0
CLI-002364,22440.0,5,37,29,78.4,58,5.65,8,1,3,10,10.5,3,4,977.34,0.02,0,0.5,1,0,0,0,0,0,0,0,0,0,1,0,0,0,0,0,0,0,1,0,0,1,0,0,0,1,0,0,0,0,0,1,0,1,0,0,0,1,0,0,1,0,0,0,0,1,0
CLI-001328,52781.0,19,48,37,77.1,51,27.5,8,6,0,0,4.8,5,0,2383.95,0.0,0,0.31,0,1,0,0,0,0,0,0,0,0,0,1,0,0,1,0,0,0,0,0,0,1,0,0,0,0,1,0,0,0,0,0,1,0,1,0,0,1,0,0,0,0,1,0,0,0,1
CLI-003956,264084.0,11,214,0,0.0,0,0.0,0,0,72,2,6.6,3,0,10388.83,0.22,1,0.0,0,0,0,0,0,1,0,0,0,1,0,0,0,0,1,0,0,0,0,0,0,0,1,0,0,0,1,0,0,0,0,0,1,0,0,1,0,1,0,0,0,0,0,1,0,1,0
CLI-002392,10274.0,1,41,27,65.9,21,13.7,3,0,0,2,22.0,5,1,447.49,0.0,0,0.38,0,0,0,0,0,1,0,0,0,0,0,0,1,0,1,0,0,0,0,0,0,1,0,0,1,0,0,0,0,0,0,1,0,0,0,0,1,0,1,0,0,0,0,1,1,0,0
CLI-000386,478798.0,3,468,128,27.4,1,0.1,1,0,30,7,4.9,2,1,29194.97,0.33,1,0.02,0,0,1,0,0,0,0,0,0,0,1,0,0,0,0,0,1,0,0,0,0,0,0,1,0,0,0,1,0,0,0,0,1,0,0,0,1,0,0,1,1,0,0,0,1,0,0
CLI-000295,4221.0,21,9,5,55.6,24,16.1,6,5,2,3,15.2,3,0,233.96,0.0,0,0.38,1,0,0,0,0,0,0,1,0,0,0,0,0,0,1,0,0,0,0,0,1,0,0,0,0,1,0,0,0,0,0,0,1,1,0,0,0,0,1,0,0,1,0,0,0,0,1
CLI-003707,51200.0,26,32,17,53.1,30,17.8,6,3,1,5,18.1,2,0,1007.09,0.0,0,0.38,0,0,1,0,0,0,0,0,0,1,0,0,0,0,1,0,0,0,0,0,0,1,0,0,0,1,0,0,0,0,1,0,0,0,0,1,0,0,0,1,0,0,0,1,0,0,1
CLI-003271,21472.0,12,50,40,80.0,58,29.3,6,4,2,3,32.7,3,0,623.47,0.01,0,0.75,0,0,1,0,0,0,0,0,0,1,0,0,0,0,0,0,0,1,0,0,0,1,0,0,1,0,0,0,0,0,1,0,0,0,0,0,1,1,0,0,0,0,0,1,0,1,0
CLI-000179,1126653.0,14,671,211,31.4,1,0.1,7,1,11,7,10.5,4,0,54958.69,0.03,0,0.18,0,0,0,0,1,0,0,0,1,0,0,0,0,0,0,1,0,0,0,0,0,0,0,1,0,0,0,1,0,1,0,0,0,1,0,0,0,0,1,0,1,0,0,0,0,0,1
CLI-002560,5000.0,13,10,6,60.0,37,25.7,5,1,0,0,10.5,5,0,254.06,0.0,0,0.31,0,0,0,0,1,0,0,0,0,1,0,0,0,0,1,0,0,0,0,0,1,0,0,0,0,1,0,0,0,0,0,0,1,0,0,1,0,0,1,0,0,1,0,0,0,0,1
CLI-003281,231570.0,6,174,24,13.8,1,0.1,6,2,8,7,4.4,2,2,12836.49,0.04,0,0.15,0,0,0,0,0,1,0,0,0,0,0,0,0,1,1,0,0,0,0,0,0,0,1,0,0,0,0,1,1,0,0,0,0,0,0,1,0,0,1,0,0,0,0,1,0,1,0
CLI-002088,197453.0,17,167,126,75.4,43,19.3,9,6,0,0,11.1,4,0,5016.59,0.0,0,0.56,0,0,0,0,0,1,0,1,0,0,0,0,0,0,0,0,1,0,0,0,0,0,1,0,0,1,0,0,0,1,0,0,0,0,0,0,1,1,0,0,0,0,0,1,0,0,1
CLI-003830,283751.0,15,66,0,0.0,0,0.0,0,0,144,2,3.3,3,0,6529.01,0.32,1,0.0,0,1,0,0,0,0,0,0,0,1,0,0,0,0,0,0,0,1,0,0,0,0,1,0,0,0,0,1,0,0,0,1,0,0,1,0,0,1,0,0,0,0,0,1,0,0,1
CLI-004398,761.0,1,7,5,71.4,51,11.2,2,0,1,1,20.0,3,2,66.27,0.03,0,0.25,0,0,0,0,0,0,1,0,0,0,1,0,0,0,0,1,0,0,0,0,1,0,0,0,1,0,0,0,0,0,0,1,0,0,1,0,0,0,1,0,0,1,0,0,1,0,0
CLI-003722,549.0,1,8,6,75.0,46,22.5,6,0,0,3,14.5,3,1,167.53,0.0,0,0.38,0,0,0,1,0,0,0,0,0,0,0,0,0,1,1,0,0,0,0,0,0,1,0,0,0,1,0,0,0,0,0,1,0,0,0,0,1,1,0,0,0,0,0,1,1,0,0
CLI-002357,14743.0,21,9,4,44.4,26,13.9,13,5,1,2,4.3,3,0,749.12,0.0,0,0.32,1,0,0,0,0,0,0,1,0,0,0,0,0,0,1,0,0,0,0,0,0,1,0,0,0,0,0,1,0,0,0,0,1,0,1,0,0,0,0,1,0,0,0,1,0,0,1
CLI-003616,62810.0,14,58,12,20.7,1,0.3,3,5,5,0,7.3,4,0,1367.82,0.01,0,0.19,1,0,0,0,0,0,0,0,0,1,0,0,0,0,0,0,0,1,0,0,0,1,0,0,0,1,0,0,0,0,0,1,0,0,0,1,0,0,1,0,1,0,0,0,0,0,1
CLI-003752,2619.0,13,20,4,20.0,6,1.1,4,1,2,5,15.1,2,1,399.21,0.01,0,0.25,0,0,0,0,1,0,0,0,0,0,1,0,0,0,0,1,0,0,0,0,0,1,0,0,0,1,0,0,0,0,0,1,0,1,0,0,0,0,0,1,1,0,0,0,0,0,1
CLI-000760,436.0,1,3,1,33.3,10,1.3,4,0,0,2,3.5,4,1,106.41,0.0,0,0.15,0,0,1,0,0,0,0,0,1,0,0,0,0,0,1,0,0,0,0,0,1,0,0,0,0,0,1,0,0,0,1,0,0,0,0,1,0,1,0,0,0,0,0,1,1,0,0
CLI-000920,1759.0,15,7,2,28.6,12,0.6,3,4,8,7,15.1,3,0,178.75,0.02,0,0.19,0,0,0,0,1,0,0,0,0,0,0,0,0,1,1,0,0,0,0,0,1,0,0,0,0,1,0,0,0,0,1,0,0,0,1,0,0,1,0,0,1,0,0,0,0,0,1
CLI-004116,18346.0,16,46,29,63.0,24,18.4,3,2,1,7,10.5,2,1,1177.51,0.0,0,0.19,0,0,0,0,0,0,1,0,0,1,0,0,0,0,1,0,0,0,0,0,0,1,0,0,0,1,0,0,0,0,1,0,0,0,0,0,1,1,0,0,1,0,0,0,0,0,1
CLI-004822,57327.0,15,33,14,42.4,13,5.4,9,3,5,2,9.1,3,0,1456.49,0.01,0,0.35,0,0,0,0,0,0,1,0,0,0,0,1,0,0,1,0,0,0,0,0,0,0,1,0,0,0,1,0,1,0,0,0,0,0,0,0,1,0,0,1,0,1,0,0,0,0,1
CLI-001918,300.0,11,1,1,100.0,51,19.4,5,2,2,2,28.0,3,0,10.15,0.01,0,0.62,1,0,0,0,0,0,0,0,0,0,0,1,0,0,0,1,0,0,0,0,1,0,0,0,1,0,0,0,0,0,0,0,1,1,0,0,0,1,0,0,0,0,0,1,0,1,0
CLI-002344,5392.0,8,7,1,14.3,4,0.7,2,1,10,2,11.8,4,1,187.89,0.04,0,0.12,0,0,0,1,0,0,0,0,0,1,0,0,0,0,0,0,0,0,0,1,1,0,0,0,0,1,0,0,0,0,0,0,1,1,0,0,0,0,1,0,1,0,0,0,0,1,0
CLI-001279,1066.0,17,3,1,33.3,1,0.1,1,2,11,2,32.4,3,0,37.16,0.02,0,0.12,0,0,1,0,0,0,0,1,0,0,0,0,0,0,1,0,0,0,0,0,1,0,0,0,1,0,0,0,1,0,0,0,0,0,0,0,1,0,1,0,0,1,0,0,0,0,1
CLI-004251,870277.0,16,183,34,18.6,5,0.2,8,3,2,11,2.6,1,0,16583.03,0.0,0,0.2,0,0,0,1,0,0,0,0,0,1,0,0,0,0,0,0,0,1,0,0,0,0,1,0,0,0,0,1,0,0,0,0,1,1,0,0,0,1,0,0,0,0,0,1,0,0,1
CLI-002118,160932.0,11,164,57,34.8,6,1.6,12,2,1,0,5.6,4,0,14018.45,0.0,0,0.3,0,1,0,0,0,0,0,0,0,1,0,0,0,0,1,0,0,0,0,0,0,0,1,0,0,0,0,1,0,1,0,0,0,1,0,0,0,1,0,0,0,1,0,0,0,1,0
CLI-001860,651351.0,6,487,155,31.8,1,0.1,8,0,30,1,2.0,3,1,38960.0,0.17,1,0.2,0,0,0,1,0,0,0,1,0,0,0,0,0,0,1,0,0,0,0,0,0,0,0,1,0,0,0,1,0,0,0,0,1,0,1,0,0,1,0,0,0,0,0,1,0,1,0
CLI-000867,1452.0,2,10,9,90.0,84,51.9,13,0,2,9,19.2,3,2,221.33,0.03,0,0.81,1,0,0,0,0,0,0,0,0,0,1,0,0,0,1,0,0,0,0,0,1,0,0,0,0,1,0,0,0,1,0,0,0,0,0,1,0,0,0,1,0,0,0,1,1,0,0
CLI-002272,16165.0,1,51,32,62.7,1,0.8,6,0,11,0,2.0,4,2,1971.33,0.37,0,0.23,0,1,0,0,0,0,0,0,1,0,0,0,0,0,1,0,0,0,0,0,0,1,0,0,0,0,1,0,0,1,0,0,0,0,1,0,0,0,0,1,0,0,0,1,1,0,0
CLI-000663,57596.0,15,206,73,35.4,17,14.1,4,4,0,0,7.7,5,0,5402.99,0.0,0,0.25,0,0,0,0,0,1,0,0,1,0,0,0,0,0,1,0,0,0,0,0,0,0,1,0,0,1,0,0,1,0,0,0,0,0,0,0,1,1,0,0,0,0,0,1,0,0,1
CLI-000591,60965.0,20,38,14,36.8,17,0.8,4,3,1,3,8.9,3,0,2009.38,0.0,0,0.15,0,0,0,0,0,0,1,1,0,0,0,0,0,0,0,1,0,0,0,0,0,1,0,0,0,0,1,0,0,0,0,1,0,0,0,1,0,0,1,0,0,1,0,0,0,0,1
CLI-000554,25826.0,14,43,27,62.8,20,7.7,7,0,0,1,8.1,3,0,984.22,0.0,0,0.44,0,0,0,0,1,0,0,0,0,0,0,0,0,1,1,0,0,0,0,0,0,1,0,0,0,1,0,0,1,0,0,0,0,0,1,0,0,0,1,0,0,0,0,1,0,0,1
CLI-004309,2291.0,11,11,6,54.5,13,5.6,3,2,2,0,11.6,5,0,116.43,0.01,0,0.38,0,0,1,0,0,0,0,0,1,0,0,0,0,0,1,0,0,0,0,0,1,0,0,0,1,0,0,0,0,0,1,0,0,0,0,0,1,0,0,1,0,1,0,0,0,1,0
CLI-000275,661.0,4,4,2,50.0,19,3.3,2,1,0,7,32.9,2,1,57.54,0.0,0,0.25,0,0,0,0,0,1,0,1,0,0,0,0,0,0,1,0,0,0,0,0,1,0,0,0,1,0,0,0,0,0,0,1,0,0,0,0,1,1,0,0,1,0,0,0,0,1,0
CLI-000991,34790.0,8,59,35,59.3,17,7.6,7,2,1,2,10.8,4,2,1697.06,0.0,0,0.44,0,0,0,0,0,1,0,0,0,0,0,0,1,0,0,0,1,0,0,0,0,1,0,0,0,1,0,0,1,0,0,0,0,0,0,0,1,1,0,0,0,0,0,1,0,1,0
CLI-000770,16263.0,24,96,9,9.4,1,0.3,0,8,4,8,10.5,2,0,2479.04,0.01,0,0.0,0,0,0,1,0,0,0,0,0,0,0,0,0,1,1,0,0,0,0,0,0,0,1,0,0,1,0,0,0,0,0,1,0,1,0,0,0,1,0,0,0,0,0,1,0,0,1
CLI-003911,20364.0,1,48,16,33.3,7,3.4,2,0,0,1,15.2,3,2,1241.69,0.0,0,0.12,0,0,0,0,1,0,0,0,1,0,0,0,0,0,0,0,0,0,1,0,0,0,1,0,0,1,0,0,0,1,0,0,0,0,0,1,0,1,0,0,0,1,0,0,1,0,0
CLI-003067,32264.0,1,43,13,30.2,6,4.0,25,0,1,2,1.4,2,0,4371.79,0.03,0,0.62,0,0,1,0,0,0,0,0,0,0,0,1,0,0,0,0,0,1,0,0,0,0,1,0,0,0,0,1,1,0,0,0,0,1,0,0,0,1,0,0,0,0,0,1,1,0,0
CLI-003550,15936.0,14,35,18,51.4,23,13.8,5,4,1,1,10.5,2,0,883.39,0.0,0,0.31,0,0,0,0,0,0,1,1,0,0,0,0,0,0,0,0,0,1,0,0,0,0,1,0,0,1,0,0,0,0,1,0,0,1,0,0,0,1,0,0,0,0,0,1,0,0,1
CLI-000240,65366.0,17,57,25,43.9,14,2.7,8,6,1,0,8.0,5,0,2657.17,0.0,0,0.31,0,0,0,1,0,0,0,1,0,0,0,0,0,0,1,0,0,0,0,0,0,1,0,0,0,0,1,0,0,0,0,0,1,1,0,0,0,0,0,1,0,0,0,1,0,0,1
CLI-003362,31926.0,13,50,16,50.0,1,5.65,6,2,30,2,14.8,1,0,1145.11,0.08,1,0.38,0,0,0,0,1,0,0,0,0,0,0,1,0,0,0,0,0,0,0,1,0,1,0,0,0,1,0,0,1,0,0,0,0,0,0,0,1,1,0,0,0,0,0,1,0,0,1
CLI-002005,10869.0,16,37,9,24.3,1,0.1,1,2,5,0,7.5,5,0,473.38,0.01,0,0.12,0,0,0,0,1,0,0,1,0,0,0,0,0,0,1,0,0,0,0,0,0,1,0,0,1,0,0,0,0,0,0,0,1,1,0,0,0,0,1,0,1,0,0,0,0,0,1
CLI-003494,3905.0,16,6,2,33.3,13,6.4,3,2,4,5,14.6,2,1,132.28,0.01,0,0.19,1,0,0,0,0,0,0,0,0,0,1,0,0,0,1,0,0,0,0,0,1,0,0,0,0,1,0,0,0,0,1,0,0,1,0,0,0,0,1,0,1,0,0,0,0,0,1
CLI-004224,489.0,8,2,1,50.0,9,0.9,5,2,1,10,8.3,2,1,74.47,0.0,0,0.19,0,1,0,0,0,0,0,0,0,1,0,0,0,0,1,0,0,0,0,0,1,0,0,0,0,0,1,0,0,1,0,0,0,0,0,1,0,1,0,0,0,0,0,1,0,1,0
CLI-000055,2510.0,9,6,3,50.0,7,0.6,4,1,21,5,9.8,1,1,235.49,0.08,0,0.15,0,1,0,0,0,0,0,0,0,0,1,0,0,0,1,0,0,0,0,0,1,0,0,0,0,0,1,0,0,0,1,0,0,0,1,0,0,1,0,0,1,0,0,0,0,1,0
CLI-000210,15223.0,14,12,6,50.0,23,5.65,6,2,3,6,5.2,3,0,687.56,0.01,0,0.23,0,0,1,0,0,0,0,0,0,0,0,0,0,1,1,0,0,0,0,0,0,1,0,0,0,0,1,0,0,0,0,1,0,0,0,1,0,1,0,0,0,0,0,1,0,0,1
CLI-000767,75177.0,12,31,14,45.2,15,5.3,6,3,1,0,7.4,4,1,1328.68,0.0,0,0.23,0,0,1,0,0,0,0,0,0,0,0,0,0,1,1,0,0,0,0,0,0,1,0,0,0,0,1,0,0,0,0,0,1,0,0,0,1,1,0,0,0,0,1,0,0,1,0
CLI-004070,4259.0,17,8,7,87.5,80,34.4,3,7,0,1,26.1,3,0,115.41,0.0,0,0.38,0,0,0,1,0,0,0,0,0,0,1,0,0,0,0,0,1,0,0,0,1,0,0,0,1,0,0,0,0,0,0,0,1,0,0,0,1,0,0,1,0,0,0,1,0,0,1
CLI-004560,399.0,8,4,3,75.0,51,32.7,4,1,0,0,13.6,5,1,54.05,0.0,0,0.5,0,1,0,0,0,0,0,0,0,0,0,0,0,1,0,1,0,0,0,0,1,0,0,0,1,0,0,0,1,0,0,0,0,0,1,0,0,0,1,0,0,0,0,1,0,1,0
CLI-003735,1467.0,11,5,1,20.0,1,0.1,1,2,23,4,24.0,3,0,54.23,0.07,0,0.12,0,0,1,0,0,0,0,0,0,0,0,0,1,0,1,0,0,0,0,0,1,0,0,0,1,0,0,0,0,1,0,0,0,1,0,0,0,0,1,0,1,0,0,0,0,1,0
CLI-004535,42317.0,1,45,22,48.9,21,6.7,6,0,1,2,11.2,4,4,1121.86,0.03,0,0.38,0,0,1,0,0,0,0,0,0,1,0,0,0,0,1,0,0,0,0,0,0,1,0,0,0,1,0,0,0,0,0,1,0,1,0,0,0,1,0,0,0,1,0,0,1,0,0
CLI-002533,60250.0,20,125,27,21.6,6,0.5,2,7,2,8,5.1,2,0,5248.28,0.0,0,0.08,0,1,0,0,0,0,0,0,1,0,0,0,0,0,0,0,0,0,1,0,0,0,0,1,0,0,1,0,0,0,0,0,1,1,0,0,0,1,0,0,0,0,0,1,0,0,1
CLI-003677,163373.0,1,120,75,62.5,37,26.6,24,0,0,2,2.6,4,2,9056.13,0.0,0,0.6,1,0,0,0,0,0,0,0,0,1,0,0,0,0,1,0,0,0,0,0,0,0,1,0,0,0,0,1,0,0,0,0,1,0,0,1,0,0,1,0,0,0,0,1,1,0,0
CLI-000797,20844.0,6,36,16,44.4,7,3.0,7,0,7,0,1.9,5,0,770.29,0.04,0,0.44,0,1,0,0,0,0,0,0,0,1,0,0,0,0,1,0,0,0,0,0,0,1,0,0,0,1,0,0,0,0,0,0,1,0,0,0,1,0,1,0,0,0,0,1,0,1,0
CLI-002161,14528.0,8,27,13,48.1,16,7.3,3,1,0,4,10.5,2,0,334.29,0.0,0,0.38,0,0,0,0,0,1,0,0,0,1,0,0,0,0,0,0,1,0,0,0,0,1,0,0,1,0,0,0,0,0,0,0,1,0,1,0,0,1,0,0,0,0,0,1,0,1,0
CLI-000021,17297.0,21,18,11,61.1,28,10.9,11,4,1,3,7.7,3,0,727.37,0.0,0,0.42,0,1,0,0,0,0,0,0,0,1,0,0,0,0,1,0,0,0,0,0,0,1,0,0,0,0,1,0,0,1,0,0,0,1,0,0,0,1,0,0,0,0,0,1,0,0,1
CLI-002774,300.0,10,1,1,100.0,43,23.8,4,1,4,0,15.0,4,0,11.59,0.01,0,0.5,0,0,0,0,0,1,0,0,0,0,0,0,1,0,1,0,0,0,0,0,1,0,0,0,1,0,0,0,1,0,0,0,0,1,0,0,0,0,0,1,0,1,0,0,0,1,0
CLI-004255,39049.0,13,152,72,47.4,14,6.8,3,5,0,1,10.5,3,0,3663.17,0.0,0,0.19,0,1,0,0,0,0,0,0,0,0,0,1,0,0,1,0,0,0,0,0,0,0,1,0,0,1,0,0,1,0,0,0,0,0,0,0,1,0,1,0,0,1,0,0,0,0,1
CLI-000536,237591.0,7,41,34,82.9,61,36.2,10,0,0,1,3.3,4,1,2414.54,0.0,0,0.38,0,0,0,0,1,0,0,0,0,1,0,0,0,0,0,0,0,0,0,1,0,1,0,0,0,0,1,0,0,0,0,1,0,0,0,0,1,0,1,0,0,0,0,1,0,1,0
CLI-004431,2438.0,8,9,7,77.8,43,38.3,5,0,1,7,18.0,3,2,228.73,0.0,0,0.31,0,1,0,0,0,0,0,0,0,0,0,0,1,0,1,0,0,0,0,0,0,1,0,0,0,1,0,0,0,0,0,1,0,0,0,1,0,1,0,0,0,0,0,1,0,1,0
CLI-004520,10436.0,1,4,3,75.0,77,63.8,16,0,1,1,6.4,5,1,171.98,0.03,0,0.62,0,0,0,1,0,0,0,0,0,0,0,0,1,0,1,0,0,0,0,0,1,0,0,0,0,0,1,0,1,0,0,0,0,0,0,1,0,0,1,0,0,0,0,1,1,0,0
CLI-003928,748497.0,12,180,91,50.6,29,5.65,11,4,1,0,1.2,5,0,7606.68,0.0,0,0.42,0,1,0,0,0,0,0,0,0,1,0,0,0,0,1,0,0,0,0,0,0,0,1,0,0,0,1,0,0,0,1,0,0,0,0,0,1,0,0,1,0,0,0,1,0,1,0
CLI-004025,81100.0,14,72,66,91.7,111,109.2,8,3,1,1,11.5,5,0,2104.31,0.0,0,0.5,0,0,1,0,0,0,0,0,1,0,0,0,0,0,1,0,0,0,0,0,0,0,1,0,0,1,0,0,0,0,0,0,1,0,1,0,0,0,1,0,0,0,1,0,0,0,1
CLI-004702,8793.0,9,9,1,11.1,1,0.1,1,3,16,0,0.7,5,0,233.12,0.06,0,0.06,0,0,0,1,0,0,0,0,0,0,0,0,1,0,1,0,0,0,0,0,1,0,0,0,0,1,0,0,0,0,0,1,0,0,0,0,1,0,0,1,1,0,0,0,0,1,0
CLI-004625,924.0,8,4,0,0.0,0,0.0,0,0,72,3,25.5,3,0,41.73,0.3,1,0.0,1,0,0,0,0,0,0,0,0,0,0,1,0,0,0,0,1,0,0,0,1,0,0,0,1,0,0,0,0,0,1,0,0,0,1,0,0,0,0,1,0,0,0,1,0,1,0
CLI-000711,889.0,15,15,5,33.3,5,0.3,2,7,1,4,32.7,3,0,180.66,0.0,0,0.25,0,0,0,0,1,0,0,0,0,0,0,0,1,0,1,0,0,0,0,0,0,1,0,0,1,0,0,0,0,1,0,0,0,1,0,0,0,0,1,0,0,0,0,1,0,0,1
CLI-002887,8015.0,7,25,14,56.0,15,7.4,7,0,1,0,0.6,5,2,574.95,0.0,0,0.44,0,1,0,0,0,0,0,0,0,0,0,1,0,0,1,0,0,0,0,0,0,1,0,0,0,1,0,0,0,1,0,0,0,1,0,0,0,1,0,0,0,0,0,1,0,1,0
CLI-004003,406.0,6,1,0,0.0,0,0.0,0,0,65,1,2.2,4,0,38.09,0.36,1,0.0,0,0,0,1,0,0,0,1,0,0,0,0,0,0,1,0,0,0,0,0,1,0,0,0,0,0,1,0,0,1,0,0,0,0,1,0,0,0,1,0,1,0,0,0,0,1,0
CLI-002328,665.0,13,4,2,50.0,30,14.9,5,3,0,0,8.1,3,1,90.15,0.0,0,0.31,0,0,0,0,0,1,0,0,0,0,0,0,1,0,1,0,0,0,0,0,1,0,0,0,0,1,0,0,1,0,0,0,0,1,0,0,0,1,0,0,0,0,1,0,0,0,1
CLI-001310,480.0,1,8,0,0.0,0,0.0,0,0,30,9,40.3,2,0,97.62,1.0,1,0.0,0,1,0,0,0,0,0,1,0,0,0,0,0,0,1,0,0,0,0,0,1,0,0,0,1,0,0,0,0,1,0,0,0,0,0,1,0,0,0,1,0,0,0,1,1,0,0
CLI-003839,1873.0,8,11,8,72.7,9,2.1,2,0,5,3,18.8,4,0,126.92,0.02,0,0.25,1,0,0,0,0,0,0,0,1,0,0,0,0,0,1,0,0,0,0,0,1,0,0,0,1,0,0,0,1,0,0,0,0,0,0,0,1,1,0,0,0,0,0,1,0,1,0
CLI-004058,24300.0,24,18,6,33.3,4,1.0,3,1,15,1,0.5,5,0,1481.69,0.02,0,0.08,0,1,0,0,0,0,0,0,0,0,0,0,0,1,1,0,0,0,0,0,0,1,0,0,0,0,0,1,0,0,1,0,0,0,0,0,1,0,1,0,0,1,0,0,0,0,1
CLI-000548,24608.0,12,110,60,54.5,18,13.6,7,1,2,5,10.5,3,0,2728.11,0.01,0,0.44,0,0,0,1,0,0,0,0,0,0,1,0,0,0,0,0,1,0,0,0,0,0,1,0,0,1,0,0,0,0,0,1,0,0,0,0,1,0,0,1,0,0,0,1,0,1,0
CLI-002663,17477.0,29,39,29,74.4,33,5.2,8,7,3,0,2.4,5,0,926.69,0.0,0,0.5,1,0,0,0,0,0,0,0,0,0,0,0,1,0,1,0,0,0,0,0,0,1,0,0,0,1,0,0,1,0,0,0,0,0,0,0,1,0,0,1,0,0,0,1,0,0,1
CLI-000549,18261.0,18,11,3,27.3,1,0.1,6,8,30,4,2.6,1,0,927.91,0.06,1,0.15,0,0,1,0,0,0,0,0,0,0,0,1,0,0,0,0,1,0,0,0,1,0,0,0,0,0,0,1,0,0,0,0,1,0,0,1,0,0,1,0,0,0,0,1,0,0,1
CLI-004765,5458.0,13,53,22,41.5,11,1.7,4,2,1,1,29.6,4,0,605.07,0.0,0,0.5,1,0,0,0,0,0,0,1,0,0,0,0,0,0,0,0,1,0,0,0,0,0,1,0,1,0,0,0,0,0,0,1,0,0,1,0,0,0,0,1,0,0,0,1,0,0,1
CLI-004517,399.0,7,6,2,33.3,1,0.1,2,2,2,2,23.8,4,0,60.78,0.01,0,0.25,0,0,1,0,0,0,0,0,0,1,0,0,0,0,0,0,1,0,0,0,1,0,0,0,1,0,0,0,0,1,0,0,0,0,0,0,1,0,1,0,0,1,0,0,0,1,0
CLI-002226,60641.0,14,39,12,30.8,8,3.9,2,2,1,8,13.8,3,0,1120.5,0.0,0,0.12,0,0,0,0,1,0,0,0,0,1,0,0,0,0,1,0,0,0,0,0,0,1,0,0,0,1,0,0,0,0,0,1,0,0,1,0,0,0,0,1,1,0,0,0,0,0,1
CLI-002582,357.0,20,1,1,100.0,16,5.65,2,2,3,2,28.6,4,0,12.82,0.0,0,0.25,0,0,0,0,0,0,1,0,0,1,0,0,0,0,1,0,0,0,0,0,1,0,0,0,1,0,0,0,0,0,1,0,0,0,0,1,0,0,0,1,0,1,0,0,0,0,1
CLI-002172,1003961.0,13,310,151,48.7,23,5.65,18,4,3,4,10.5,4,0,23100.8,0.01,0,0.45,1,0,0,0,0,0,0,0,0,0,0,1,0,0,0,1,0,0,0,0,0,0,0,1,0,0,0,1,0,1,0,0,0,0,1,0,0,0,1,0,0,0,0,1,0,0,1
CLI-003032,4174.0,14,6,5,83.3,79,57.8,11,2,0,0,11.5,5,0,154.26,0.0,0,0.69,0,1,0,0,0,0,0,0,0,0,0,0,1,0,0,0,1,0,0,0,0,1,0,0,0,1,0,0,0,0,0,0,1,0,0,1,0,0,0,1,0,0,0,1,0,0,1
CLI-003675,48614.0,10,57,39,68.4,46,16.8,7,1,0,3,18.8,1,2,1602.32,0.0,0,0.44,0,0,0,1,0,0,0,0,0,1,0,0,0,0,0,0,1,0,0,0,0,1,0,0,0,1,0,0,1,0,0,0,0,0,1,0,0,0,0,1,0,0,0,1,0,1,0
CLI-001020,1029.0,4,2,1,50.0,45,32.5,5,1,0,3,25.4,3,0,25.09,0.0,0,0.62,0,1,0,0,0,0,0,0,0,0,1,0,0,0,0,0,0,0,1,0,1,0,0,0,1,0,0,0,0,1,0,0,0,1,0,0,0,0,1,0,0,1,0,0,0,1,0
CLI-001981,27650.0,10,26,7,26.9,10,8.6,7,3,1,0,10.5,3,0,717.44,0.0,0,0.44,0,0,0,0,0,1,0,0,0,0,1,0,0,0,1,0,0,0,0,0,0,1,0,0,0,1,0,0,0,0,1,0,0,1,0,0,0,1,0,0,0,0,0,1,0,1,0
CLI-001729,8290.0,13,34,0,0.0,0,0.0,0,0,33,9,18.9,2,0,722.12,0.08,1,0.0,0,0,0,0,0,1,0,0,0,0,1,0,0,0,1,0,0,0,0,0,0,1,0,0,0,1,0,0,0,0,0,1,0,0,0,1,0,0,1,0,1,0,0,0,0,0,1
CLI-004490,15642.0,5,21,17,81.0,66,5.65,21,3,1,6,4.9,3,1,1734.17,0.01,0,0.52,0,0,0,1,0,0,0,0,0,1,0,0,0,0,0,0,0,0,1,0,0,1,0,0,0,0,0,1,1,0,0,0,0,1,0,0,0,0,0,1,0,1,0,0,0,1,0
CLI-001565,4496.0,14,47,11,23.4,1,0.2,0,1,6,0,20.1,4,0,609.26,0.01,0,0.0,0,0,0,0,0,0,1,0,0,0,0,1,0,0,0,0,0,0,0,1,0,1,0,0,1,0,0,0,1,0,0,0,0,1,0,0,0,1,0,0,1,0,0,0,0,0,1
CLI-004493,13091.0,10,17,13,76.5,42,20.4,7,5,1,8,15.7,3,0,514.98,0.0,0,0.44,0,0,0,1,0,0,0,1,0,0,0,0,0,0,1,0,0,0,0,0,0,1,0,0,0,1,0,0,0,0,0,1,0,0,0,1,0,0,1,0,1,0,0,0,0,1,0
CLI-004700,1186.0,3,9,0,0.0,0,0.0,0,0,84,3,11.1,3,0,206.57,0.93,1,0.0,1,0,0,0,0,0,0,1,0,0,0,0,0,0,1,0,0,0,0,0,1,0,0,0,0,1,0,0,0,0,0,1,0,1,0,0,0,0,1,0,1,0,0,0,1,0,0
CLI-000470,52533.0,8,143,32,22.4,1,0.1,5,1,10,2,5.4,5,1,6406.48,0.04,0,0.19,1,0,0,0,0,0,0,0,0,1,0,0,0,0,1,0,0,0,0,0,0,0,1,0,0,0,1,0,0,1,0,0,0,0,0,0,1,0,1,0,1,0,0,0,0,1,0
CLI-003641,300.0,16,1,1,100.0,77,26.3,4,3,0,0,12.6,5,0,11.53,0.0,0,0.5,0,0,0,0,1,0,0,0,0,1,0,0,0,0,1,0,0,0,0,0,1,0,0,0,1,0,0,0,1,0,0,0,0,0,0,1,0,0,1,0,0,0,1,0,0,0,1
CLI-001998,13609.0,26,8,1,12.5,1,5.65,3,2,5,0,10.5,3,0,319.17,0.01,0,0.12,0,0,0,0,0,0,1,0,0,0,0,1,0,0,0,0,1,0,0,0,1,0,0,0,0,0,1,0,0,1,0,0,0,1,0,0,0,0,1,0,0,0,0,1,0,0,1
CLI-002312,714.0,19,2,1,50.0,4,1.7,2,8,0,6,27.5,3,0,26.38,0.0,0,0.25,0,0,0,1,0,0,0,0,0,0,0,1,0,0,1,0,0,0,0,0,1,0,0,0,1,0,0,0,0,1,0,0,0,0,0,0,1,0,0,1,0,0,0,1,0,0,1
CLI-000322,2846.0,20,3,1,33.3,1,0.1,7,3,4,2,10.5,3,0,105.18,0.01,0,0.27,0,0,0,0,0,0,1,0,0,0,0,1,0,0,1,0,0,0,0,0,1,0,0,0,0,0,1,0,0,0,1,0,0,0,0,0,1,0,1,0,0,0,0,1,0,0,1
CLI-003487,4598.0,1,32,8,25.0,3,0.6,3,0,25,3,12.8,3,3,700.93,0.83,0,0.19,0,0,0,0,1,0,0,0,0,0,0,0,0,1,1,0,0,0,0,0,0,0,1,0,0,1,0,0,1,0,0,0,0,1,0,0,0,0,0,1,0,0,0,1,1,0,0
CLI-001836,328.0,1,9,0,0.0,0,0.0,0,0,30,6,35.0,2,0,80.0,1.0,1,0.0,1,0,0,0,0,0,0,0,0,0,0,0,1,0,1,0,0,0,0,0,0,1,0,0,1,0,0,0,0,0,0,1,0,0,0,0,1,1,0,0,1,0,0,0,1,0,0
CLI-002750,555.0,1,7,0,0.0,0,0.0,0,0,30,3,13.9,2,3,75.22,1.0,1,0.0,0,0,0,1,0,0,0,0,0,1,0,0,0,0,0,0,0,0,0,1,1,0,0,0,1,0,0,0,0,1,0,0,0,0,1,0,0,1,0,0,1,0,0,0,1,0,0
CLI-004998,64427.0,18,63,56,88.9,87,95.7,9,5,0,2,10.5,5,0,1671.69,0.0,0,0.56,0,0,0,0,0,1,0,1,0,0,0,0,0,0,1,0,0,0,0,0,0,0,1,0,0,1,0,0,1,0,0,0,0,1,0,0,0,1,0,0,0,0,0,1,0,0,1
CLI-000725,3415.0,6,15,3,20.0,1,0.1,4,1,20,5,13.3,4,3,320.35,0.11,0,0.25,0,0,0,0,0,0,1,0,0,0,0,1,0,0,0,0,0,0,0,1,0,1,0,0,0,1,0,0,0,0,0,0,1,0,0,1,0,0,0,1,0,0,0,1,0,1,0
CLI-000639,219503.0,17,202,180,89.1,65,50.3,13,5,1,5,0.5,4,0,15746.24,0.0,0,0.32,0,0,1,0,0,0,0,0,0,0,0,0,0,1,0,0,0,0,1,0,0,0,1,0,0,0,0,1,0,1,0,0,0,0,0,1,0,1,0,0,0,0,0,1,0,0,1
CLI-003646,7763.0,11,14,7,50.0,12,8.2,6,4,0,0,8.2,4,1,378.66,0.0,0,0.38,0,0,0,1,0,0,0,1,0,0,0,0,0,0,1,0,0,0,0,0,0,1,0,0,0,1,0,0,0,0,1,0,0,0,1,0,0,0,1,0,0,0,1,0,0,1,0
CLI-004825,1876938.0,13,653,595,91.1,49,43.8,24,4,0,0,10.5,3,0,52240.0,0.0,0,0.6,0,0,0,0,1,0,0,0,0,1,0,0,0,0,1,0,0,0,0,0,0,0,0,1,0,0,0,1,0,0,1,0,0,0,1,0,0,0,0,1,0,0,1,0,0,0,1
CLI-001060,35307.0,16,25,21,84.0,83,71.4,14,6,3,2,6.4,4,1,1388.95,0.01,0,0.54,0,0,1,0,0,0,0,0,0,0,0,1,0,0,0,0,0,1,0,0,0,1,0,0,0,0,1,0,0,0,1,0,0,0,1,0,0,0,1,0,0,0,0,1,0,0,1
CLI-004634,63032.0,8,55,4,7.3,1,0.1,1,0,23,0,1.7,5,1,4045.71,0.1,0,0.02,0,0,1,0,0,0,0,0,1,0,0,0,0,0,0,1,0,0,0,0,0,1,0,0,0,0,0,1,0,0,0,0,1,0,0,1,0,0,1,0,1,0,0,0,0,1,0
CLI-004748,53370.0,16,57,13,22.8,7,2.9,2,5,3,4,23.5,2,0,619.86,0.01,0,0.25,0,0,0,1,0,0,0,0,0,1,0,0,0,0,1,0,0,0,0,0,0,1,0,0,1,0,0,0,0,0,0,1,0,0,0,1,0,1,0,0,0,0,0,1,0,0,1
CLI-003706,5301.0,27,17,2,11.8,1,0.1,0,2,18,0,14.7,4,0,431.01,0.02,0,0.0,0,0,0,0,1,0,0,0,0,1,0,0,0,0,0,0,0,0,0,1,0,1,0,0,0,1,0,0,0,0,1,0,0,1,0,0,0,1,0,0,1,0,0,0,0,0,1
CLI-002521,7753.0,17,52,33,63.5,14,5.8,3,7,2,0,0.5,5,0,630.33,0.0,0,0.38,1,0,0,0,0,0,0,0,0,0,0,0,1,0,1,0,0,0,0,0,0,1,0,0,1,0,0,0,1,0,0,0,0,1,0,0,0,1,0,0,0,0,1,0,0,0,1
CLI-001467,34024.0,8,25,5,20.0,1,0.2,12,5,4,0,3.5,5,1,1975.85,0.02,0,0.3,0,0,0,0,0,1,0,1,0,0,0,0,0,0,1,0,0,0,0,0,0,1,0,0,0,0,0,1,1,0,0,0,0,0,1,0,0,0,0,1,0,0,0,1,0,1,0
CLI-002218,8756.0,4,50,0,0.0,0,0.0,0,0,84,2,15.8,3,0,970.76,0.7,1,0.0,0,0,1,0,0,0,0,0,1,0,0,0,0,0,0,0,0,0,0,1,0,1,0,0,0,1,0,0,0,0,0,1,0,0,0,1,0,1,0,0,0,0,0,1,0,1,0
CLI-004911,1055.0,20,1,1,100.0,1,0.1,3,4,4,0,10.5,4,0,21.44,0.01,0,0.19,0,0,0,0,1,0,0,0,1,0,0,0,0,0,1,0,0,0,0,0,1,0,0,0,0,1,0,0,1,0,0,0,0,1,0,0,0,1,0,0,0,0,1,0,0,0,1
CLI-000608,2272.0,8,8,5,62.5,25,9.4,10,3,1,4,3.8,4,0,307.82,0.0,0,0.38,0,0,0,0,0,1,0,0,0,0,0,0,0,1,0,0,0,1,0,0,1,0,0,0,0,0,1,0,1,0,0,0,0,0,0,1,0,0,1,0,0,0,1,0,0,1,0
CLI-000975,300.0,1,6,1,16.7,1,0.3,2,0,30,0,9.7,5,2,67.17,1.0,1,0.25,0,0,0,0,1,0,0,0,0,0,0,1,0,0,0,0,0,0,1,0,1,0,0,0,1,0,0,0,0,0,0,0,1,0,0,0,1,0,0,1,0,0,0,1,1,0,0
CLI-004898,1075537.0,23,837,298,35.6,1,0.3,2,2,1,0,2.4,5,0,37475.17,0.0,0,0.08,0,1,0,0,0,0,0,0,0,0,1,0,0,0,0,0,1,0,0,0,0,0,0,1,0,0,1,0,1,0,0,0,0,0,1,0,0,0,1,0,0,1,0,0,0,0,1
CLI-004553,11107.0,1,11,5,45.5,20,8.6,5,0,0,3,18.5,3,0,322.5,0.0,0,0.31,0,0,1,0,0,0,0,0,0,0,0,1,0,0,0,0,0,0,1,0,1,0,0,0,0,1,0,0,1,0,0,0,0,1,0,0,0,0,0,1,0,1,0,0,1,0,0
CLI-002562,300.0,1,5,0,0.0,0,0.0,0,0,30,3,36.8,2,1,42.7,1.0,1,0.0,0,1,0,0,0,0,0,0,0,0,0,1,0,0,1,0,0,0,0,0,1,0,0,0,1,0,0,0,1,0,0,0,0,0,1,0,0,0,1,0,0,0,0,1,1,0,0
CLI-000379,11716.0,10,34,18,50.0,14,10.6,1,1,0,2,27.7,3,1,432.95,0.0,0,0.12,0,1,0,0,0,0,0,0,0,0,0,0,0,1,1,0,0,0,0,0,0,1,0,0,1,0,0,0,0,0,1,0,0,0,0,0,1,0,0,1,0,0,0,1,0,1,0
CLI-000166,7546.0,1,20,4,20.0,1,0.1,2,0,0,3,18.0,1,2,460.1,0.0,0,0.12,0,1,0,0,0,0,0,0,0,0,0,1,0,0,1,0,0,0,0,0,0,1,0,0,0,1,0,0,1,0,0,0,0,0,0,0,1,0,1,0,1,0,0,0,1,0,0
CLI-001315,71144.0,8,167,122,73.1,15,2.2,8,2,10,0,6.9,5,0,3470.42,0.04,0,0.5,0,0,0,1,0,0,0,1,0,0,0,0,0,0,0,1,0,0,0,0,0,0,1,0,0,1,0,0,0,0,1,0,0,0,0,1,0,0,1,0,0,1,0,0,0,1,0
CLI-000448,2144.0,17,7,6,85.7,74,76.3,5,0,1,0,7.7,5,0,104.6,0.0,0,0.62,1,0,0,0,0,0,0,1,0,0,0,0,0,0,1,0,0,0,0,0,1,0,0,0,1,0,0,0,1,0,0,0,0,0,0,1,0,0,1,0,0,1,0,0,0,0,1
CLI-002964,976.0,23,2,1,50.0,4,1.5,5,8,9,2,13.9,3,0,54.1,0.01,0,0.31,1,0,0,0,0,0,0,0,1,0,0,0,0,0,0,0,0,0,0,1,1,0,0,0,0,1,0,0,0,0,0,0,1,0,0,0,1,0,1,0,0,0,0,1,0,0,1
CLI-000262,16589.0,2,137,70,51.1,4,5.65,5,1,1,0,8.4,3,3,2890.12,0.02,0,0.31,0,1,0,0,0,0,0,0,1,0,0,0,0,0,1,0,0,0,0,0,0,0,1,0,0,1,0,0,0,1,0,0,0,0,1,0,0,1,0,0,0,1,0,0,1,0,0
CLI-002929,69600.0,29,56,45,80.4,61,25.0,7,6,1,1,14.1,3,0,1571.81,0.0,0,0.44,0,0,0,0,1,0,0,0,0,0,0,1,0,0,1,0,0,0,0,0,0,1,0,0,0,1,0,0,0,0,0,1,0,0,1,0,0,0,1,0,0,0,0,1,0,0,1
CLI-003575,23855.0,1,57,40,70.2,40,22.4,14,0,5,1,7.7,4,2,2424.31,0.17,0,0.54,0,0,0,0,1,0,0,0,1,0,0,0,0,0,1,0,0,0,0,0,0,1,0,0,0,0,1,0,0,0,0,1,0,0,1,0,0,1,0,0,0,0,0,1,1,0,0
CLI-004710,5157.0,13,21,10,47.6,39,19.0,14,2,0,5,10.5,3,0,1048.07,0.0,0,0.54,0,0,1,0,0,0,0,0,0,0,1,0,0,0,0,0,0,0,1,0,0,1,0,0,0,0,1,0,0,1,0,0,0,0,0,0,1,1,0,0,1,0,0,0,0,0,1
CLI-003864,3682.0,17,11,6,54.5,18,8.6,2,7,1,2,28.6,4,1,149.68,0.0,0,0.25,0,0,0,0,0,1,0,0,1,0,0,0,0,0,1,0,0,0,0,0,1,0,0,0,1,0,0,0,0,0,0,0,1,0,1,0,0,0,0,1,0,0,1,0,0,0,1
CLI-003058,1403.0,24,10,4,40.0,7,0.8,2,3,11,1,25.2,4,0,100.61,0.02,0,0.25,1,0,0,0,0,0,0,0,0,1,0,0,0,0,0,0,0,1,0,0,1,0,0,0,1,0,0,0,0,1,0,0,0,0,1,0,0,0,1,0,0,1,0,0,0,0,1
CLI-001825,2171.0,16,11,9,81.8,76,9.2,3,5,1,1,10.5,4,0,132.37,0.0,0,0.38,0,0,1,0,0,0,0,0,0,0,0,0,1,0,0,0,0,1,0,0,1,0,0,0,1,0,0,0,1,0,0,0,0,0,1,0,0,1,0,0,0,0,1,0,0,0,1
CLI-001679,2704.0,3,8,2,25.0,1,0.1,2,0,10,0,4.9,4,1,173.53,0.11,0,0.12,0,1,0,0,0,0,0,0,0,0,1,0,0,0,1,0,0,0,0,0,1,0,0,0,0,1,0,0,0,0,1,0,0,1,0,0,0,0,1,0,0,0,0,1,1,0,0
CLI-003720,190684.0,9,377,336,89.1,80,53.3,16,2,0,1,10.5,3,0,16610.12,0.0,0,0.62,1,0,0,0,0,0,0,0,1,0,0,0,0,0,1,0,0,0,0,0,0,0,0,1,0,0,1,0,0,0,0,0,1,1,0,0,0,1,0,0,0,0,0,1,0,1,0
CLI-001713,78025.0,16,46,38,82.6,61,53.8,14,6,1,2,3.7,3,0,2378.8,0.0,0,0.54,1,0,0,0,0,0,0,0,0,0,0,1,0,0,1,0,0,0,0,0,0,1,0,0,0,0,1,0,0,0,0,0,1,1,0,0,0,0,0,1,0,1,0,0,0,0,1
CLI-003603,1180.0,10,2,1,50.0,9,0.4,5,3,0,0,7.3,4,2,53.3,0.0,0,0.31,0,0,0,0,0,1,0,0,1,0,0,0,0,0,0,0,1,0,0,0,1,0,0,0,0,1,0,0,0,0,0,1,0,0,1,0,0,0,0,1,0,0,1,0,0,1,0
CLI-002890,68243.0,1,179,108,60.3,36,9.5,7,0,1,4,17.2,3,2,3963.02,0.03,0,0.44,1,0,0,0,0,0,0,1,0,0,0,0,0,0,1,0,0,0,0,0,0,0,1,0,0,1,0,0,0,0,0,1,0,0,0,0,1,0,0,1,0,0,0,1,1,0,0
CLI-000871,1266.0,18,10,8,80.0,42,43.1,4,7,0,1,21.3,3,0,128.64,0.0,0,0.5,0,1,0,0,0,0,0,0,0,1,0,0,0,0,1,0,0,0,0,0,0,1,0,0,1,0,0,0,0,1,0,0,0,0,0,0,1,1,0,0,0,0,0,1,0,0,1
CLI-001974,30479.0,19,51,26,51.0,12,9.1,9,1,2,3,11.9,3,0,1093.23,0.0,0,0.56,0,0,0,0,0,0,1,0,0,0,0,1,0,0,1,0,0,0,0,0,0,0,1,0,0,1,0,0,0,0,0,0,1,0,0,0,1,0,1,0,0,1,0,0,0,0,1
CLI-003651,300.0,12,1,1,100.0,1,0.1,2,2,30,0,15.1,4,1,11.29,0.08,1,0.25,0,0,0,1,0,0,0,1,0,0,0,0,0,0,0,0,0,1,0,0,1,0,0,0,1,0,0,0,0,1,0,0,0,0,1,0,0,0,0,1,0,1,0,0,0,1,0
CLI-001922,3591.0,1,8,6,75.0,26,10.7,5,0,0,1,11.8,4,3,175.19,0.0,0,0.31,0,0,0,0,0,0,1,0,0,0,1,0,0,0,1,0,0,0,0,0,1,0,0,0,0,1,0,0,0,0,0,0,1,0,1,0,0,0,1,0,0,0,0,1,1,0,0
CLI-000225,1584.0,23,5,1,20.0,4,2.1,2,4,4,1,20.7,4,0,60.37,0.01,0,0.25,0,0,0,0,0,1,0,0,0,0,1,0,0,0,1,0,0,0,0,0,1,0,0,0,1,0,0,0,0,0,0,1,0,0,1,0,0,0,0,1,1,0,0,0,0,0,1
CLI-004355,1273.0,1,10,6,60.0,40,30.2,3,0,0,1,21.1,5,2,129.34,0.0,0,0.38,1,0,0,0,0,0,0,1,0,0,0,0,0,0,1,0,0,0,0,0,1,0,0,0,1,0,0,0,0,1,0,0,0,0,0,1,0,0,1,0,0,0,0,1,1,0,0
CLI-003347,300.0,20,1,1,100.0,1,0.1,0,3,2,4,17.9,3,0,9.22,0.0,0,0.0,1,0,0,0,0,0,0,0,0,0,0,0,0,1,0,1,0,0,0,0,1,0,0,0,1,0,0,0,0,0,1,0,0,0,1,0,0,0,0,1,0,1,0,0,0,0,1
CLI-002009,1673.0,5,7,2,28.6,1,0.4,0,1,9,1,19.5,4,1,88.69,0.06,0,0.0,0,0,0,0,0,0,1,0,0,0,0,1,0,0,1,0,0,0,0,0,1,0,0,0,1,0,0,0,1,0,0,0,0,0,0,1,0,0,0,1,0,0,0,1,0,1,0
CLI-000598,1013.0,10,7,5,71.4,48,20.5,2,0,1,7,42.3,2,0,88.2,0.0,0,0.25,0,0,0,0,0,1,0,0,0,1,0,0,0,0,0,0,0,0,0,1,1,0,0,0,1,0,0,0,0,0,1,0,0,0,0,0,1,0,1,0,0,0,0,1,0,1,0
CLI-000709,8558.0,10,18,9,50.0,1,0.1,6,1,5,1,9.1,5,1,496.98,0.02,0,0.38,0,0,0,1,0,0,0,0,0,0,0,0,1,0,1,0,0,0,0,0,0,1,0,0,0,1,0,0,1,0,0,0,0,0,0,0,1,0,0,1,0,1,0,0,0,1,0
CLI-003874,935.0,1,17,6,35.3,6,2.7,1,2,3,1,23.4,3,2,162.91,0.1,0,0.12,0,0,0,1,0,0,0,1,0,0,0,0,0,0,1,0,0,0,0,0,0,1,0,0,1,0,0,0,0,0,0,1,0,1,0,0,0,1,0,0,0,1,0,0,1,0,0
CLI-002501,8732.0,13,9,2,22.2,5,2.4,5,4,7,6,16.7,2,0,242.02,0.02,0,0.31,1,0,0,0,0,0,0,0,0,1,0,0,0,0,1,0,0,0,0,0,1,0,0,0,0,1,0,0,0,0,0,0,1,0,0,0,1,1,0,0,0,0,0,1,0,0,1
CLI-002209,13965.0,14,50,14,28.0,2,0.1,5,5,10,3,8.7,2,0,1216.46,0.02,0,0.31,0,1,0,0,0,0,0,0,0,1,0,0,0,0,0,0,1,0,0,0,0,1,0,0,0,1,0,0,1,0,0,0,0,1,0,0,0,0,1,0,1,0,0,0,0,0,1
CLI-004412,731.0,1,2,2,100.0,36,19.1,7,1,1,5,17.0,2,1,46.95,0.03,0,0.44,0,0,0,0,0,0,1,0,0,0,1,0,0,0,1,0,0,0,0,0,1,0,0,0,0,1,0,0,0,0,0,0,1,1,0,0,0,0,0,1,0,0,0,1,1,0,0
CLI-003882,7384.0,15,7,4,57.1,51,39.1,6,2,3,4,16.0,2,0,214.39,0.01,0,0.38,0,1,0,0,0,0,0,0,0,1,0,0,0,0,1,0,0,0,0,0,1,0,0,0,0,1,0,0,0,0,0,1,0,0,0,1,0,0,1,0,0,0,0,1,0,0,1
CLI-000483,36716.0,12,41,8,19.5,1,0.4,4,3,15,0,1.2,4,0,3444.27,0.04,0,0.1,0,0,0,0,1,0,0,0,0,0,0,1,0,0,1,0,0,0,0,0,0,1,0,0,0,0,0,1,1,0,0,0,0,0,1,0,0,0,1,0,0,0,0,1,0,1,0
CLI-000756,509172.0,11,811,45,5.5,1,0.2,1,4,11,1,6.1,2,1,44352.96,0.03,0,0.02,0,0,1,0,0,0,0,0,0,1,0,0,0,0,0,1,0,0,0,0,0,0,0,1,0,0,0,1,0,1,0,0,0,0,0,1,0,1,0,0,1,0,0,0,0,1,0
CLI-002266,371319.0,2,214,171,79.9,51,30.0,20,0,1,0,6.0,5,2,18867.81,0.02,0,0.5,0,0,1,0,0,0,0,0,0,1,0,0,0,0,1,0,0,0,0,0,0,0,0,1,0,0,0,1,0,1,0,0,0,0,0,1,0,0,1,0,0,1,0,0,1,0,0
CLI-003078,3776.0,6,55,25,45.5,15,4.4,2,0,2,1,24.2,4,0,511.63,0.01,0,0.25,0,0,1,0,0,0,0,0,0,0,0,1,0,0,1,0,0,0,0,0,0,1,0,0,1,0,0,0,0,1,0,0,0,0,0,0,1,1,0,0,0,0,0,1,0,1,0
CLI-004823,164689.0,8,130,78,60.0,2,0.7,12,0,30,0,5.4,5,1,5738.28,0.12,1,0.46,1,0,0,0,0,0,0,0,0,0,1,0,0,0,0,0,0,1,0,0,0,0,1,0,0,0,1,0,0,1,0,0,0,1,0,0,0,1,0,0,0,1,0,0,0,1,0
CLI-001198,1363.0,12,8,5,62.5,42,19.4,3,2,3,4,28.7,3,1,110.85,0.01,0,0.38,0,0,1,0,0,0,0,0,0,0,0,0,0,1,1,0,0,0,0,0,1,0,0,0,1,0,0,0,0,1,0,0,0,0,0,1,0,1,0,0,0,0,0,1,0,1,0
CLI-004880,148477.0,18,184,69,37.5,6,1.6,6,3,11,4,9.7,2,0,8622.35,0.02,0,0.23,0,0,0,0,0,1,0,0,0,0,0,1,0,0,0,0,0,1,0,0,0,0,1,0,0,0,1,0,1,0,0,0,0,1,0,0,0,0,0,1,1,0,0,0,0,0,1
CLI-003637,870.0,11,9,8,88.9,80,46.5,6,2,1,2,26.6,3,1,96.42,0.0,0,0.75,0,0,1,0,0,0,0,0,0,1,0,0,0,0,1,0,0,0,0,0,1,0,0,0,1,0,0,0,0,0,0,0,1,0,0,0,1,1,0,0,0,0,0,1,0,1,0
CLI-003204,3360.0,1,38,0,0.0,0,0.0,0,0,30,6,28.5,3,0,409.78,1.0,1,0.0,0,0,0,0,0,1,0,0,0,0,0,0,1,0,0,0,0,0,0,1,0,1,0,0,1,0,0,0,1,0,0,0,0,0,0,0,1,0,0,1,0,0,0,1,1,0,0
CLI-004629,16986.0,7,42,24,57.1,25,13.8,8,2,1,1,8.0,4,0,1479.64,0.0,0,0.31,0,1,0,0,0,0,0,0,1,0,0,0,0,0,0,0,0,0,0,1,0,1,0,0,0,0,1,0,0,1,0,0,0,0,0,0,1,0,0,1,0,1,0,0,0,1,0
CLI-003944,11118.0,16,11,7,63.6,27,5.65,7,5,0,2,12.5,5,0,301.29,0.0,0,0.44,0,0,0,0,1,0,0,0,0,1,0,0,0,0,1,0,0,0,0,0,1,0,0,0,0,1,0,0,0,0,1,0,0,0,1,0,0,0,1,0,0,0,1,0,0,0,1
CLI-004282,4434.0,14,13,7,53.8,33,13.4,11,2,1,3,6.4,4,0,450.62,0.0,0,0.42,0,0,0,1,0,0,0,1,0,0,0,0,0,0,0,1,0,0,0,0,0,1,0,0,0,0,1,0,0,0,0,0,1,0,0,1,0,0,1,0,0,0,0,1,0,0,1
CLI-004212,4213.0,1,44,14,31.8,6,2.5,6,0,5,6,10.5,2,1,1027.56,0.17,0,0.38,0,0,1,0,0,0,0,0,0,1,0,0,0,0,1,0,0,0,0,0,0,1,0,0,0,1,0,0,1,0,0,0,0,0,0,1,0,0,0,1,0,0,0,1,1,0,0
CLI-002997,1760.0,18,6,5,83.3,53,48.9,6,2,1,4,33.1,3,0,61.33,0.0,0,0.75,0,0,0,1,0,0,0,0,0,0,0,1,0,0,1,0,0,0,0,0,1,0,0,0,1,0,0,0,1,0,0,0,0,0,0,0,1,1,0,0,0,0,0,1,0,0,1
CLI-001838,334537.0,23,83,68,81.9,49,31.1,11,4,0,6,7.5,3,0,4162.98,0.0,0,0.42,1,0,0,0,0,0,0,0,0,0,0,0,0,1,0,0,0,0,0,1,0,0,1,0,0,0,1,0,0,0,0,1,0,0,0,0,1,0,1,0,0,0,0,1,0,0,1
CLI-003823,21310.0,8,217,145,66.8,44,25.0,8,1,0,2,13.1,4,0,5197.48,0.0,0,0.5,0,0,0,0,1,0,0,0,0,0,0,1,0,0,0,0,0,0,0,1,0,0,1,0,0,1,0,0,0,0,0,0,1,0,0,0,1,0,0,1,0,0,0,1,0,1,0
CLI-002268,2600.0,10,7,1,14.3,1,0.3,3,0,1,0,10.5,5,2,93.25,0.0,0,0.38,0,1,0,0,0,0,0,0,0,0,0,0,0,1,0,0,0,1,0,0,1,0,0,0,1,0,0,0,0,0,0,0,1,0,0,0,1,0,1,0,1,0,0,0,0,1,0
CLI-004269,144916.0,1,193,127,65.8,25,12.1,17,0,0,4,2.8,4,2,12623.32,0.0,0,0.42,1,0,0,0,0,0,0,0,0,0,1,0,0,0,0,0,0,1,0,0,0,0,0,1,0,0,0,1,1,0,0,0,0,0,0,0,1,0,0,1,0,1,0,0,1,0,0
CLI-004017,14425.0,16,7,1,14.3,1,0.2,5,2,22,5,15.6,3,0,199.9,0.05,0,0.31,0,0,0,1,0,0,0,0,0,0,0,1,0,0,0,0,0,0,1,0,1,0,0,0,0,1,0,0,0,0,1,0,0,0,0,0,1,0,1,0,0,0,0,1,0,0,1
CLI-003353,1204.0,1,8,5,62.5,17,11.2,4,2,0,0,13.0,5,1,81.54,0.0,0,0.5,0,0,0,0,1,0,0,0,0,0,0,1,0,0,1,0,0,0,0,0,1,0,0,0,1,0,0,0,0,0,0,0,1,0,0,0,1,1,0,0,0,1,0,0,1,0,0
CLI-003047,14978.0,4,38,16,42.1,10,4.3,6,1,1,11,23.0,3,1,1014.74,0.01,0,0.38,0,0,0,0,0,1,0,0,1,0,0,0,0,0,1,0,0,0,0,0,0,1,0,0,0,1,0,0,0,0,1,0,0,1,0,0,0,0,1,0,1,0,0,0,0,1,0
CLI-000096,300.0,1,1,1,100.0,34,20.6,1,2,2,7,26.0,3,1,11.03,0.07,0,0.12,0,0,0,1,0,0,0,0,0,1,0,0,0,0,0,0,0,1,0,0,1,0,0,0,1,0,0,0,0,1,0,0,0,0,0,1,0,0,0,1,1,0,0,0,1,0,0
CLI-001700,137886.0,11,194,90,46.4,24,15.9,8,0,1,1,5.0,3,1,8850.22,0.0,0,0.31,0,0,1,0,0,0,0,0,0,0,0,1,0,0,1,0,0,0,0,0,0,0,0,1,0,0,1,0,1,0,0,0,0,1,0,0,0,0,1,0,0,0,0,1,0,1,0
CLI-002623,44725.0,28,34,18,52.9,7,1.6,11,2,4,0,4.8,5,0,1947.95,0.0,0,0.42,0,0,1,0,0,0,0,0,0,0,0,0,1,0,1,0,0,0,0,0,0,0,1,0,0,0,1,0,0,1,0,0,0,1,0,0,0,1,0,0,0,0,0,1,0,0,1
CLI-000094,698.0,24,6,1,16.7,1,0.2,2,9,8,0,10.5,4,0,77.39,0.01,0,0.25,0,0,0,0,0,1,0,0,0,0,0,0,1,0,1,0,0,0,0,0,1,0,0,0,1,0,0,0,0,0,0,0,1,0,0,0,1,0,0,1,0,0,0,1,0,0,1
CLI-003157,179564.0,1,184,136,73.9,33,25.2,11,0,0,6,8.3,3,3,8422.32,0.0,0,0.42,0,1,0,0,0,0,0,0,0,1,0,0,0,0,0,0,0,1,0,0,0,0,1,0,0,0,1,0,0,0,1,0,0,0,0,0,1,0,1,0,0,0,0,1,1,0,0
CLI-004744,300.0,13,1,1,100.0,1,0.1,1,1,30,0,10.7,5,0,10.72,0.08,1,0.12,0,0,1,0,0,0,0,0,0,1,0,0,0,0,0,0,0,0,1,0,1,0,0,0,1,0,0,0,0,0,1,0,0,1,0,0,0,0,1,0,0,0,0,1,0,0,1
CLI-003012,16212.0,15,56,19,33.9,7,1.8,3,4,1,0,4.9,3,0,1235.64,0.0,0,0.19,1,0,0,0,0,0,0,0,1,0,0,0,0,0,0,1,0,0,0,0,0,1,0,0,0,1,0,0,0,0,0,1,0,0,0,1,0,0,1,0,0,1,0,0,0,0,1
CLI-000157,3164.0,13,8,5,62.5,38,31.1,3,1,1,3,25.8,4,0,107.18,0.0,0,0.38,0,0,0,0,0,1,0,0,0,1,0,0,0,0,0,0,0,0,1,0,1,0,0,0,1,0,0,0,1,0,0,0,0,0,0,0,1,0,0,1,0,0,0,1,0,0,1
CLI-000361,282275.0,7,192,177,92.2,112,121.8,17,1,1,0,0.5,5,0,8826.61,0.0,0,0.65,0,0,1,0,0,0,0,0,0,0,0,0,0,1,1,0,0,0,0,0,0,0,1,0,0,0,1,0,0,0,0,1,0,1,0,0,0,0,1,0,0,1,0,0,0,1,0
CLI-004680,1134.0,14,6,2,33.3,8,5.1,4,2,3,4,20.4,5,0,69.14,0.01,0,0.5,0,0,0,0,0,0,1,0,0,0,0,1,0,0,1,0,0,0,0,0,1,0,0,0,1,0,0,0,1,0,0,0,0,0,0,0,1,0,0,1,0,0,0,1,0,0,1
CLI-000274,743.0,16,8,6,75.0,18,3.6,3,4,1,6,24.2,4,0,82.36,0.0,0,0.38,0,0,0,0,0,0,1,0,1,0,0,0,0,0,1,0,0,0,0,0,1,0,0,0,1,0,0,0,0,0,1,0,0,0,0,1,0,1,0,0,0,0,1,0,0,0,1
CLI-000780,2478.0,15,9,6,66.7,35,16.5,3,3,1,1,17.2,5,0,111.91,0.0,0,0.38,0,0,0,0,1,0,0,0,0,1,0,0,0,0,1,0,0,0,0,0,1,0,0,0,1,0,0,0,0,0,0,0,1,0,0,0,1,0,1,0,0,0,0,1,0,0,1
CLI-004051,887.0,12,6,2,50.0,3,1.0,0,2,3,1,33.4,2,1,63.65,0.01,0,0.0,0,0,1,0,0,0,0,0,0,0,0,1,0,0,1,0,0,0,0,0,0,1,0,0,1,0,0,0,0,1,0,0,0,0,0,0,1,0,0,1,0,0,0,1,0,1,0
CLI-000868,381.0,1,5,1,20.0,1,0.1,0,0,3,11,28.3,3,3,42.19,0.1,0,0.0,0,0,0,0,1,0,0,0,0,0,0,0,0,1,1,0,0,0,0,0,1,0,0,0,1,0,0,0,0,1,0,0,0,1,0,0,0,0,1,0,1,0,0,0,1,0,0
CLI-004856,448.0,1,3,2,66.7,35,5.2,4,0,1,2,8.4,5,1,60.65,0.03,0,0.25,1,0,0,0,0,0,0,0,1,0,0,0,0,0,0,0,0,1,0,0,1,0,0,0,0,1,0,0,1,0,0,0,0,0,1,0,0,1,0,0,0,0,0,1,1,0,0
CLI-004452,11601.0,1,16,11,68.8,45,38.4,6,0,0,0,13.0,5,3,392.98,0.0,0,0.38,0,0,1,0,0,0,0,0,0,0,1,0,0,0,0,0,0,0,0,1,0,1,0,0,0,1,0,0,0,0,0,0,1,0,0,1,0,0,1,0,0,0,0,1,1,0,0
CLI-004113,8565.0,10,19,6,31.6,11,3.4,8,1,4,6,8.0,2,2,870.46,0.01,0,0.31,0,0,0,0,1,0,0,1,0,0,0,0,0,0,1,0,0,0,0,0,0,1,0,0,0,0,1,0,0,0,1,0,0,0,0,0,1,1,0,0,0,0,0,1,0,1,0
CLI-000782,56788.0,6,135,24,17.8,3,1.5,12,1,8,5,5.3,3,1,8656.72,0.04,0,0.3,0,0,1,0,0,0,0,1,0,0,0,0,0,0,1,0,0,0,0,0,0,0,0,1,0,0,0,1,1,0,0,0,0,0,0,0,1,0,0,1,1,0,0,0,0,1,0
CLI-002467,92366.0,26,136,113,83.1,46,10.7,7,7,2,1,11.2,4,0,4171.89,0.0,0,0.44,1,0,0,0,0,0,0,0,0,1,0,0,0,0,0,0,0,1,0,0,0,0,1,0,0,1,0,0,0,1,0,0,0,0,0,1,0,0,1,0,0,0,0,1,0,0,1
CLI-000921,48025.0,21,9,5,55.6,13,5.65,10,6,3,4,6.3,4,0,504.89,0.0,0,0.38,0,0,0,0,0,1,0,1,0,0,0,0,0,0,0,1,0,0,0,0,1,0,0,0,0,0,1,0,0,1,0,0,0,0,0,0,1,0,1,0,0,0,1,0,0,0,1
CLI-004768,198676.0,1,738,313,42.4,19,2.3,15,0,0,1,2.6,5,0,26920.81,0.0,0,0.58,0,0,1,0,0,0,0,0,0,0,0,0,1,0,1,0,0,0,0,0,0,0,0,1,0,0,1,0,0,0,0,0,1,0,0,1,0,0,1,0,0,0,0,1,1,0,0
CLI-004054,1145.0,17,8,5,62.5,44,24.8,2,4,1,0,13.8,5,0,99.7,0.0,0,0.25,0,0,0,0,0,1,0,0,1,0,0,0,0,0,0,0,0,1,0,0,1,0,0,0,1,0,0,0,0,1,0,0,0,0,1,0,0,0,0,1,0,0,1,0,0,0,1
CLI-000216,6994.0,1,39,21,53.8,16,10.7,4,0,1,6,16.0,2,0,852.96,0.03,0,0.25,0,0,0,1,0,0,0,0,0,0,1,0,0,0,0,1,0,0,0,0,0,1,0,0,0,1,0,0,1,0,0,0,0,0,0,1,0,0,0,1,1,0,0,0,1,0,0
CLI-001903,2642.0,5,5,3,60.0,21,9.1,9,1,1,12,9.4,1,0,230.16,0.01,0,0.35,0,0,1,0,0,0,0,0,0,0,0,0,0,1,1,0,0,0,0,0,1,0,0,0,0,0,1,0,1,0,0,0,0,0,0,0,1,1,0,0,1,0,0,0,0,1,0
CLI-001242,1602.0,24,3,1,33.3,6,2.2,2,3,5,2,24.3,3,0,36.0,0.01,0,0.25,0,0,0,0,0,1,0,0,0,0,1,0,0,0,1,0,0,0,0,0,1,0,0,0,1,0,0,0,0,1,0,0,0,0,0,1,0,0,0,1,0,1,0,0,0,0,1
CLI-002001,4737.0,2,52,28,53.8,27,12.8,7,1,1,6,17.2,3,3,1155.36,0.02,0,0.44,0,0,0,0,0,1,0,0,0,1,0,0,0,0,0,0,0,0,1,0,0,1,0,0,0,1,0,0,0,1,0,0,0,0,1,0,0,0,0,1,0,1,0,0,1,0,0
CLI-002765,1947.0,15,6,5,83.3,17,9.0,4,2,0,5,10.5,3,0,76.59,0.0,0,0.5,0,0,0,1,0,0,0,0,1,0,0,0,0,0,0,0,0,0,0,1,1,0,0,0,1,0,0,0,0,0,1,0,0,1,0,0,0,0,1,0,0,0,0,1,0,0,1
CLI-002592,1197.0,18,3,2,66.7,22,4.6,4,5,3,1,16.4,4,0,36.5,0.01,0,0.5,0,0,0,0,1,0,0,1,0,0,0,0,0,0,0,0,0,0,0,1,1,0,0,0,1,0,0,0,0,1,0,0,0,0,0,1,0,0,0,1,0,0,1,0,0,0,1
CLI-002802,78712.0,11,155,52,33.5,8,1.0,7,1,2,4,6.2,2,0,6856.45,0.01,0,0.27,0,0,0,0,1,0,0,0,0,1,0,0,0,0,1,0,0,0,0,0,0,0,1,0,0,0,1,0,0,0,0,1,0,1,0,0,0,0,0,1,1,0,0,0,0,1,0
CLI-003006,61211.0,1,159,108,67.9,32,25.2,14,0,2,1,3.1,3,3,7464.79,0.07,0,0.54,0,0,0,0,1,0,0,0,0,0,0,0,0,1,1,0,0,0,0,0,0,0,1,0,0,0,1,0,0,0,0,1,0,0,0,0,1,0,1,0,0,0,0,1,1,0,0
CLI-003781,1253.0,1,10,6,60.0,34,10.9,9,0,0,3,10.5,4,0,254.59,0.0,0,0.56,0,1,0,0,0,0,0,0,0,1,0,0,0,0,1,0,0,0,0,0,1,0,0,0,0,1,0,0,0,0,0,0,1,0,0,1,0,0,1,0,0,1,0,0,1,0,0
CLI-003211,28660.0,1,95,60,63.2,22,16.2,9,0,0,4,10.5,3,2,3883.46,0.0,0,0.35,1,0,0,0,0,0,0,0,0,0,1,0,0,0,1,0,0,0,0,0,0,0,1,0,0,0,1,0,0,0,0,0,1,1,0,0,0,0,1,0,0,0,0,1,1,0,0
CLI-003810,35149.0,10,48,10,20.8,1,0.2,13,1,3,3,4.0,4,3,3572.09,0.01,0,0.32,0,0,1,0,0,0,0,0,1,0,0,0,0,0,1,0,0,0,0,0,0,1,0,0,0,0,0,1,0,1,0,0,0,0,0,0,1,0,0,1,0,0,0,1,0,1,0
CLI-000940,20376.0,21,35,10,28.6,1,0.4,3,5,15,5,14.1,3,0,955.72,0.02,0,0.19,0,0,0,0,1,0,0,0,0,0,0,0,0,1,1,0,0,0,0,0,0,1,0,0,0,1,0,0,0,0,0,1,0,0,0,1,0,1,0,0,0,1,0,0,0,0,1
CLI-004250,5221.0,9,11,2,18.2,2,1.2,5,2,2,0,10.4,3,0,289.44,0.01,0,0.31,0,0,0,0,1,0,0,0,0,0,1,0,0,0,1,0,0,0,0,0,1,0,0,0,0,1,0,0,0,0,0,1,0,0,0,1,0,0,1,0,0,0,0,1,0,1,0
CLI-001805,23760.0,12,7,5,71.4,54,23.9,13,3,2,1,9.5,3,1,413.94,0.01,0,0.5,0,1,0,0,0,0,0,1,0,0,0,0,0,0,1,0,0,0,0,0,1,0,0,0,0,0,1,0,0,1,0,0,0,1,0,0,0,0,0,1,0,1,0,0,0,1,0
CLI-000109,43538.0,25,38,24,63.2,42,14.8,3,4,0,3,24.6,4,0,536.32,0.0,0,0.38,0,0,0,1,0,0,0,0,0,0,1,0,0,0,1,0,0,0,0,0,0,1,0,0,1,0,0,0,1,0,0,0,0,0,0,1,0,0,1,0,0,0,1,0,0,0,1
CLI-001416,4873.0,21,14,10,71.4,56,23.8,8,7,1,8,13.6,5,0,349.59,0.0,0,0.5,0,0,0,0,0,1,0,0,0,0,1,0,0,0,1,0,0,0,0,0,0,1,0,0,0,1,0,0,0,0,0,0,1,0,0,1,0,0,1,0,1,0,0,0,0,0,1
CLI-004829,38803.0,17,138,0,0.0,0,0.0,0,0,85,5,3.9,4,0,5915.11,0.17,1,0.0,0,0,0,1,0,0,0,0,1,0,0,0,0,0,1,0,0,0,0,0,0,0,1,0,0,0,1,0,0,1,0,0,0,0,1,0,0,1,0,0,1,0,0,0,0,0,1
CLI-002785,3622.0,25,6,5,83.3,49,40.5,3,6,0,7,34.0,2,0,100.38,0.0,0,0.38,0,0,0,1,0,0,0,0,0,0,0,0,1,0,0,0,0,1,0,0,1,0,0,0,1,0,0,0,1,0,0,0,0,0,0,0,1,1,0,0,1,0,0,0,0,0,1
CLI-000875,3181.0,15,26,15,50.0,34,11.9,3,5,1,2,10.5,3,0,352.63,0.0,0,0.38,0,1,0,0,0,0,0,0,0,1,0,0,0,0,1,0,0,0,0,0,0,1,0,0,1,0,0,0,0,0,0,1,0,1,0,0,0,1,0,0,0,0,1,0,0,0,1
CLI-000024,21712.0,15,130,94,72.3,32,23.4,4,5,1,2,14.0,4,0,2647.81,0.0,0,0.25,0,0,0,1,0,0,0,1,0,0,0,0,0,0,0,0,1,0,0,0,0,0,1,0,0,1,0,0,1,0,0,0,0,1,0,0,0,0,0,1,0,0,0,1,0,0,1
CLI-001405,10405.0,11,18,9,50.0,30,15.0,2,0,1,2,24.3,3,0,264.35,0.0,0,0.25,0,0,0,0,1,0,0,1,0,0,0,0,0,0,0,0,0,1,0,0,0,1,0,0,1,0,0,0,0,0,1,0,0,1,0,0,0,1,0,0,0,0,0,1,0,1,0
CLI-002860,300.0,1,1,1,100.0,98,21.2,3,0,1,1,18.2,5,1,11.33,0.03,0,0.38,0,1,0,0,0,0,0,0,0,1,0,0,0,0,0,0,0,1,0,0,1,0,0,0,1,0,0,0,0,0,0,0,1,1,0,0,0,0,0,1,0,0,0,1,1,0,0
CLI-001575,158761.0,1,110,52,47.3,20,4.3,15,0,1,2,6.8,3,0,8067.11,0.03,0,0.38,0,0,0,0,0,1,0,0,0,0,0,1,0,0,0,0,1,0,0,0,0,0,1,0,0,0,0,1,0,0,1,0,0,1,0,0,0,0,1,0,0,0,0,1,1,0,0
CLI-002376,2259.0,19,6,3,50.0,14,7.1,2,3,7,0,15.0,4,0,70.63,0.01,0,0.25,0,0,0,0,0,0,1,1,0,0,0,0,0,0,1,0,0,0,0,0,1,0,0,0,1,0,0,0,0,1,0,0,0,1,0,0,0,1,0,0,0,0,1,0,0,0,1
CLI-003409,25449.0,4,79,10,12.7,1,5.65,1,1,30,3,9.4,4,3,3103.52,0.25,1,0.04,0,0,0,1,0,0,0,0,1,0,0,0,0,0,1,0,0,0,0,0,0,0,1,0,0,0,1,0,0,0,0,0,1,0,0,1,0,0,0,1,0,0,0,1,0,1,0
CLI-002897,613.0,13,11,3,27.3,3,0.2,3,2,6,8,25.9,3,0,93.37,0.02,0,0.38,0,0,1,0,0,0,0,0,0,0,0,0,1,0,0,1,0,0,0,0,1,0,0,0,1,0,0,0,0,0,0,1,0,0,0,1,0,1,0,0,1,0,0,0,0,0,1
CLI-000051,4786.0,4,27,23,50.0,61,29.3,11,0,1,1,10.9,3,1,583.65,0.01,0,0.69,0,0,0,0,0,1,0,0,0,0,0,0,1,0,0,0,0,0,0,1,0,1,0,0,0,1,0,0,0,0,0,1,0,0,1,0,0,0,1,0,0,1,0,0,0,1,0
CLI-003819,7671.0,13,51,12,50.0,9,1.7,2,4,1,7,38.1,1,0,584.71,0.0,0,0.25,0,0,0,1,0,0,0,0,1,0,0,0,0,0,1,0,0,0,0,0,0,1,0,0,1,0,0,0,1,0,0,0,0,0,1,0,0,1,0,0,1,0,0,0,0,0,1
CLI-004987,24580.0,18,55,26,47.3,8,3.1,5,2,3,3,12.1,3,0,1577.67,0.01,0,0.31,0,0,0,0,1,0,0,0,1,0,0,0,0,0,0,0,0,0,0,1,0,1,0,0,0,1,0,0,0,0,1,0,0,1,0,0,0,1,0,0,0,0,0,1,0,0,1
CLI-004827,12522.0,4,31,29,93.5,70,59.6,11,0,1,3,15.5,4,0,803.71,0.01,0,0.69,0,0,0,0,1,0,0,0,0,1,0,0,0,0,0,0,0,1,0,0,0,1,0,0,0,1,0,0,0,0,0,0,1,1,0,0,0,1,0,0,0,0,0,1,0,1,0
CLI-003894,24404.0,10,12,10,83.3,55,32.2,12,3,1,4,8.4,2,0,620.02,0.0,0,0.46,0,0,1,0,0,0,0,1,0,0,0,0,0,0,0,0,0,0,0,1,0,1,0,0,0,0,1,0,0,1,0,0,0,0,0,1,0,1,0,0,0,0,0,1,0,1,0
CLI-001001,5472.0,1,42,22,52.4,32,16.7,10,0,0,1,10.5,4,5,1668.16,0.0,0,0.38,0,0,0,0,0,1,0,0,0,0,0,1,0,0,0,1,0,0,0,0,0,1,0,0,0,0,1,0,0,0,0,1,0,0,0,1,0,0,1,0,0,1,0,0,1,0,0
CLI-001457,5415.0,11,8,6,75.0,56,32.9,9,2,1,2,12.1,3,0,194.22,0.0,0,0.56,0,0,0,0,0,1,0,0,0,0,0,0,1,0,0,0,0,0,1,0,0,1,0,0,0,1,0,0,0,0,0,0,1,0,0,0,1,0,1,0,0,1,0,0,0,1,0
CLI-000010,303.0,21,1,1,100.0,73,64.5,8,2,0,1,10.8,4,0,26.36,0.0,0,0.5,0,0,0,0,0,0,1,0,0,1,0,0,0,0,1,0,0,0,0,0,1,0,0,0,0,1,0,0,0,0,1,0,0,1,0,0,0,0,0,1,0,1,0,0,0,0,1
CLI-000306,7076.0,1,36,9,25.0,1,0.2,0,0,23,3,21.9,3,3,410.91,0.77,0,0.0,0,0,0,1,0,0,0,0,1,0,0,0,0,0,0,0,0,0,0,1,0,1,0,0,1,0,0,0,0,0,0,0,1,0,0,1,0,1,0,0,0,0,0,1,1,0,0
CLI-002315,51972.0,14,33,29,87.9,90,66.3,12,4,0,2,9.7,3,0,1195.86,0.0,0,0.75,0,0,1,0,0,0,0,0,0,0,0,1,0,0,1,0,0,0,0,0,0,1,0,0,0,1,0,0,0,0,0,0,1,0,0,1,0,0,1,0,0,0,1,0,0,0,1
CLI-003297,1008560.0,15,334,135,40.4,7,4.5,3,7,5,3,5.4,5,0,14301.76,0.01,0,0.12,0,0,0,0,0,1,0,1,0,0,0,0,0,0,1,0,0,0,0,0,0,0,0,1,0,0,1,0,0,0,0,0,1,0,1,0,0,1,0,0,0,0,0,1,0,0,1
CLI-001345,10496.0,5,40,11,27.5,1,0.1,3,3,23,0,7.3,4,1,752.92,0.15,0,0.19,0,0,0,0,0,0,1,1,0,0,0,0,0,0,1,0,0,0,0,0,0,1,0,0,0,1,0,0,0,0,1,0,0,0,0,1,0,0,0,1,0,1,0,0,0,1,0
CLI-000461,42071.0,2,16,14,87.5,57,5.65,15,0,1,2,7.8,3,1,765.76,0.02,0,0.58,0,1,0,0,0,0,0,0,0,0,0,1,0,0,0,0,0,1,0,0,0,1,0,0,0,0,1,0,1,0,0,0,0,0,1,0,0,1,0,0,0,0,0,1,1,0,0
CLI-001897,381.0,10,10,3,30.0,9,4.0,2,1,3,9,50.6,2,1,92.85,0.01,0,0.25,0,0,1,0,0,0,0,0,0,1,0,0,0,0,1,0,0,0,0,0,1,0,0,0,1,0,0,0,0,1,0,0,0,0,1,0,0,0,1,0,1,0,0,0,0,1,0
CLI-001926,300.0,2,1,1,100.0,44,30.4,5,0,4,2,11.5,5,1,18.24,0.07,0,0.31,0,0,0,0,0,1,0,0,0,1,0,0,0,0,1,0,0,0,0,0,1,0,0,0,0,1,0,0,0,0,0,1,0,0,0,0,1,1,0,0,0,0,0,1,1,0,0
CLI-000819,4176.0,13,5,3,60.0,30,32.0,3,3,0,0,20.7,5,0,72.76,0.0,0,0.38,0,0,0,0,1,0,0,0,0,0,0,0,0,1,0,1,0,0,0,0,1,0,0,0,1,0,0,0,0,1,0,0,0,0,0,0,1,1,0,0,0,0,1,0,0,0,1
CLI-002323,25505.0,14,41,0,0.0,0,0.0,0,0,37,0,14.4,4,0,1072.54,0.09,1,0.0,0,0,0,1,0,0,0,0,0,1,0,0,0,0,1,0,0,0,0,0,0,1,0,0,0,1,0,0,0,0,1,0,0,1,0,0,0,1,0,0,0,0,0,1,0,0,1
CLI-000799,300.0,16,4,3,50.0,31,19.5,1,2,0,0,10.5,4,0,38.08,0.0,0,0.12,0,0,0,0,1,0,0,0,0,0,0,0,1,0,0,0,0,1,0,0,1,0,0,0,1,0,0,0,0,0,0,1,0,0,0,0,1,0,1,0,0,1,0,0,0,0,1
CLI-002269,23820.0,19,35,19,54.3,30,5.0,7,7,1,2,11.2,5,0,937.06,0.0,0,0.44,0,0,0,0,1,0,0,0,1,0,0,0,0,0,1,0,0,0,0,0,0,1,0,0,0,1,0,0,0,0,0,1,0,0,1,0,0,0,0,1,0,0,0,1,0,0,1
CLI-000629,27697.0,12,124,85,68.5,35,15.5,3,2,1,2,13.5,5,1,2814.7,0.0,0,0.19,1,0,0,0,0,0,0,0,0,1,0,0,0,0,0,0,0,0,1,0,0,0,1,0,0,1,0,0,0,0,1,0,0,0,1,0,0,0,0,1,0,1,0,0,0,1,0
CLI-002974,2768.0,12,8,5,62.5,39,20.0,5,5,0,0,27.0,4,0,99.28,0.0,0,0.62,0,0,0,0,0,0,1,0,1,0,0,0,0,0,0,0,1,0,0,0,1,0,0,0,1,0,0,0,0,0,1,0,0,1,0,0,0,0,1,0,0,0,1,0,0,1,0
CLI-002140,9164.0,13,58,20,34.5,9,3.4,5,3,6,13,50.0,1,2,745.06,0.02,0,0.62,0,0,0,1,0,0,0,0,1,0,0,0,0,0,1,0,0,0,0,0,0,1,0,0,1,0,0,0,0,1,0,0,0,0,1,0,0,0,1,0,1,0,0,0,0,0,1
CLI-001615,60601.0,30,47,15,31.9,7,4.6,7,8,1,9,9.0,3,0,2173.63,0.0,0,0.27,0,0,0,1,0,0,0,0,1,0,0,0,0,0,0,0,1,0,0,0,0,1,0,0,0,0,1,0,0,0,1,0,0,1,0,0,0,0,0,1,0,0,0,1,0,0,1
CLI-001214,780084.0,9,800,111,13.9,1,0.3,4,0,12,1,4.0,5,2,39638.4,0.04,0,0.15,0,0,0,0,0,0,1,0,0,0,1,0,0,0,0,0,0,1,0,0,0,0,0,1,0,0,1,0,1,0,0,0,0,1,0,0,0,0,0,1,0,0,0,1,0,1,0
CLI-000287,72109.0,10,74,24,32.4,6,0.3,10,2,1,6,10.3,3,3,3664.1,0.0,0,0.38,0,1,0,0,0,0,0,0,0,0,0,0,0,1,0,0,0,0,1,0,0,0,1,0,0,0,1,0,0,0,1,0,0,0,1,0,0,0,1,0,0,0,0,1,0,1,0
CLI-000539,23537.0,6,50,26,52.0,19,13.2,9,0,9,0,4.7,5,0,2392.01,0.05,0,0.35,0,0,1,0,0,0,0,0,0,0,0,0,0,1,1,0,0,0,0,0,0,1,0,0,0,0,1,0,0,1,0,0,0,0,0,0,1,0,0,1,0,1,0,0,0,1,0
CLI-003059,1161.0,12,4,2,50.0,11,5.8,4,2,3,2,16.7,5,0,44.24,0.01,0,0.5,1,0,0,0,0,0,0,1,0,0,0,0,0,0,0,0,1,0,0,0,1,0,0,0,1,0,0,0,0,0,1,0,0,0,0,1,0,0,1,0,0,1,0,0,0,1,0
CLI-001484,15743.0,11,19,11,57.9,29,7.5,11,4,0,2,6.1,4,0,959.93,0.0,0,0.42,0,0,0,1,0,0,0,0,0,1,0,0,0,0,0,0,0,0,0,1,0,1,0,0,0,0,1,0,0,1,0,0,0,0,0,0,1,1,0,0,0,0,1,0,0,1,0
CLI-004671,895.0,10,1,1,100.0,48,11.5,9,2,2,1,11.6,4,0,26.61,0.01,0,0.56,0,0,0,0,0,0,1,1,0,0,0,0,0,0,0,0,0,1,0,0,1,0,0,0,0,1,0,0,0,1,0,0,0,0,1,0,0,0,1,0,0,0,0,1,0,1,0
CLI-002577,15018.0,22,40,18,45.0,16,5.6,6,5,0,1,10.5,4,0,1144.63,0.0,0,0.38,0,0,0,0,1,0,0,0,0,0,0,0,0,1,0,0,0,1,0,0,0,1,0,0,0,1,0,0,0,0,1,0,0,0,0,0,1,0,0,1,0,0,1,0,0,0,1
CLI-004248,131991.0,13,146,43,29.5,9,4.6,14,3,1,0,1.2,5,0,11497.46,0.0,0,0.35,0,0,0,1,0,0,0,0,0,0,1,0,0,0,1,0,0,0,0,0,0,0,1,0,0,0,0,1,0,0,0,0,1,1,0,0,0,0,0,1,0,0,1,0,0,0,1
CLI-002207,2672.0,20,4,2,50.0,24,8.9,7,2,0,1,14.1,3,0,116.38,0.0,0,0.44,0,0,0,0,0,0,1,0,0,0,0,0,0,1,0,0,0,0,1,0,1,0,0,0,0,1,0,0,0,0,0,1,0,0,0,1,0,0,0,1,0,1,0,0,0,0,1
CLI-003523,20383.0,6,40,25,62.5,31,1.6,12,1,1,5,5.6,3,1,1462.18,0.01,0,0.46,0,0,0,0,0,0,1,1,0,0,0,0,0,0,1,0,0,0,0,0,0,1,0,0,0,0,1,0,0,0,0,0,1,0,1,0,0,0,0,1,0,0,0,1,0,1,0
CLI-001427,14868.0,14,26,11,42.3,1,0.4,2,2,24,1,18.2,5,0,329.66,0.06,0,0.25,0,0,0,0,1,0,0,1,0,0,0,0,0,0,0,0,1,0,0,0,0,1,0,0,1,0,0,0,0,0,1,0,0,0,0,0,1,0,0,1,0,0,0,1,0,0,1
CLI-000180,2225.0,13,7,1,50.0,5,1.7,2,3,2,9,50.5,1,0,87.53,0.01,0,0.25,1,0,0,0,0,0,0,0,0,0,0,0,0,1,1,0,0,0,0,0,1,0,0,0,1,0,0,0,0,0,1,0,0,1,0,0,0,0,0,1,0,0,0,1,0,0,1
CLI-003291,130536.0,8,215,54,25.1,5,1.8,3,1,7,4,16.9,3,1,5375.0,0.03,0,0.19,0,0,0,0,0,1,0,0,1,0,0,0,0,0,1,0,0,0,0,0,0,0,1,0,0,1,0,0,0,1,0,0,0,1,0,0,0,1,0,0,0,0,0,1,0,1,0
CLI-004767,3024.0,21,8,5,62.5,1,0.1,4,2,20,1,16.9,4,0,105.36,0.03,0,0.5,0,0,1,0,0,0,0,0,1,0,0,0,0,0,1,0,0,0,0,0,1,0,0,0,1,0,0,0,1,0,0,0,0,1,0,0,0,1,0,0,0,1,0,0,0,0,1
CLI-000572,1527.0,15,3,2,66.7,56,51.6,7,3,0,1,15.6,3,0,97.98,0.0,0,0.44,0,1,0,0,0,0,0,0,0,1,0,0,0,0,1,0,0,0,0,0,1,0,0,0,0,1,0,0,1,0,0,0,0,1,0,0,0,1,0,0,0,1,0,0,0,0,1
CLI-000982,25349.0,12,43,6,50.0,3,0.9,2,1,6,2,11.8,3,1,1188.98,0.02,0,0.12,0,0,0,1,0,0,0,0,0,1,0,0,0,0,0,0,1,0,0,0,0,1,0,0,0,1,0,0,0,1,0,0,0,1,0,0,0,0,0,1,1,0,0,0,0,1,0
CLI-004793,300.0,16,1,1,100.0,60,27.0,5,2,0,2,24.2,4,0,12.51,0.0,0,0.62,1,0,0,0,0,0,0,0,0,1,0,0,0,0,1,0,0,0,0,0,1,0,0,0,1,0,0,0,0,0,0,1,0,0,0,0,1,0,1,0,0,0,0,1,0,0,1
CLI-002476,11385.0,3,10,1,10.0,1,0.3,0,1,10,0,10.3,4,0,213.61,0.11,0,0.0,0,1,0,0,0,0,0,0,0,0,1,0,0,0,0,0,0,0,0,1,1,0,0,0,0,1,0,0,0,0,0,1,0,0,0,1,0,0,0,1,0,0,0,1,1,0,0
CLI-002354,57444.0,8,40,29,72.5,41,25.9,6,3,1,1,9.0,3,1,1094.58,0.0,0,0.38,0,0,0,0,1,0,0,0,0,0,0,0,1,0,0,0,0,0,1,0,0,1,0,0,0,1,0,0,0,1,0,0,0,0,0,1,0,0,1,0,0,0,0,1,0,1,0
CLI-000914,16725.0,15,41,16,39.0,13,4.2,4,3,3,0,7.4,4,0,849.86,0.01,0,0.25,0,0,0,0,0,0,1,0,0,1,0,0,0,0,1,0,0,0,0,0,0,1,0,0,0,1,0,0,0,0,0,0,1,1,0,0,0,1,0,0,0,0,0,1,0,0,1
CLI-000836,734.0,7,2,1,50.0,7,3.4,2,1,4,1,13.0,4,0,24.2,0.02,0,0.25,0,1,0,0,0,0,0,0,1,0,0,0,0,0,0,0,0,0,1,0,1,0,0,0,1,0,0,0,0,0,0,0,1,1,0,0,0,1,0,0,0,0,0,1,0,1,0
CLI-004146,4141.0,19,7,3,42.9,29,9.5,2,4,0,0,12.4,5,0,95.29,0.0,0,0.25,0,1,0,0,0,0,0,0,1,0,0,0,0,0,1,0,0,0,0,0,1,0,0,0,1,0,0,0,0,0,0,0,1,0,0,1,0,0,1,0,0,0,0,1,0,0,1
CLI-001062,22001.0,22,27,21,77.8,53,39.6,9,2,1,0,15.2,4,0,813.03,0.0,0,0.56,0,0,0,1,0,0,0,0,0,1,0,0,0,0,1,0,0,0,0,0,0,1,0,0,0,1,0,0,0,1,0,0,0,0,0,1,0,0,1,0,0,1,0,0,0,0,1
CLI-001597,1447.0,16,7,4,57.1,26,15.2,4,2,2,2,30.8,2,0,84.02,0.0,0,0.5,0,0,0,0,0,0,1,0,0,1,0,0,0,0,1,0,0,0,0,0,1,0,0,0,1,0,0,0,0,0,0,0,1,0,0,0,1,1,0,0,1,0,0,0,0,0,1
CLI-003071,16406.0,19,46,17,37.0,2,1.0,4,6,12,3,13.6,4,0,1176.87,0.02,0,0.25,0,0,0,0,1,0,0,0,0,0,0,1,0,0,1,0,0,0,0,0,0,1,0,0,0,1,0,0,0,1,0,0,0,0,1,0,0,0,0,1,0,0,0,1,0,0,1
CLI-004878,12010.0,11,16,3,18.8,2,0.8,6,1,6,3,11.9,3,0,457.71,0.02,0,0.38,0,0,0,1,0,0,0,0,0,0,0,1,0,0,0,0,0,0,1,0,0,1,0,0,0,1,0,0,0,0,1,0,0,0,0,0,1,1,0,0,1,0,0,0,0,1,0
CLI-003764,2888.0,17,9,8,88.9,95,46.1,5,1,1,0,12.3,5,0,113.62,0.0,0,0.62,0,0,0,0,0,1,0,0,1,0,0,0,0,0,1,0,0,0,0,0,1,0,0,0,1,0,0,0,0,0,0,1,0,0,0,0,1,0,1,0,0,1,0,0,0,0,1
CLI-003918,464128.0,14,665,528,79.4,57,31.6,19,3,1,1,4.6,4,0,28300.47,0.0,0,0.73,0,0,0,1,0,0,0,0,0,1,0,0,0,0,0,1,0,0,0,0,0,0,0,1,0,0,1,0,0,0,1,0,0,0,1,0,0,0,0,1,0,0,1,0,0,0,1
CLI-000436,3294.0,12,5,1,20.0,1,5.65,4,2,13,0,3.0,5,1,223.14,0.04,0,0.15,0,0,1,0,0,0,0,0,0,0,0,0,1,0,1,0,0,0,0,0,1,0,0,0,0,0,1,0,1,0,0,0,0,0,1,0,0,1,0,0,1,0,0,0,0,1,0
CLI-001524,6561.0,1,15,12,80.0,60,31.9,5,1,0,5,11.5,4,4,333.39,0.0,0,0.31,1,0,0,0,0,0,0,0,1,0,0,0,0,0,1,0,0,0,0,0,0,1,0,0,0,1,0,0,0,0,1,0,0,0,0,1,0,1,0,0,0,0,0,1,1,0,0
CLI-003826,2892.0,10,9,4,44.4,9,3.8,3,2,1,1,13.0,2,0,225.0,0.0,0,0.19,0,0,0,0,1,0,0,0,0,0,1,0,0,0,0,1,0,0,0,0,1,0,0,0,0,1,0,0,0,0,0,0,1,0,0,1,0,0,0,1,0,0,0,1,0,1,0
CLI-002149,41661.0,20,33,18,54.5,34,12.2,7,8,0,2,14.1,3,0,875.96,0.0,0,0.44,0,0,0,0,1,0,0,0,0,1,0,0,0,0,1,0,0,0,0,0,0,1,0,0,0,1,0,0,0,0,1,0,0,0,0,0,1,1,0,0,0,0,0,1,0,0,1
CLI-003031,2719.0,4,10,0,0.0,0,0.0,0,0,78,0,10.5,4,2,118.43,0.65,1,0.0,0,0,1,0,0,0,0,0,0,1,0,0,0,0,1,0,0,0,0,0,1,0,0,0,1,0,0,0,0,0,0,0,1,0,0,0,1,0,0,1,1,0,0,0,0,1,0
CLI-001372,1330.0,7,8,8,100.0,128,5.65,9,4,0,0,10.4,3,1,202.82,0.0,0,0.56,1,0,0,0,0,0,0,0,0,1,0,0,0,0,1,0,0,0,0,0,0,1,0,0,0,1,0,0,0,0,0,0,1,1,0,0,0,0,1,0,0,0,1,0,0,1,0
CLI-000984,171540.0,19,162,134,82.7,93,54.9,20,7,2,4,5.6,5,0,8716.45,0.0,0,0.77,0,0,1,0,0,0,0,1,0,0,0,0,0,0,1,0,0,0,0,0,0,0,1,0,0,0,1,0,1,0,0,0,0,0,0,0,1,0,1,0,0,0,0,1,0,0,1
CLI-001593,400743.0,16,173,29,16.8,1,0.1,14,5,26,4,7.8,3,0,8011.66,0.05,0,0.54,0,0,0,0,0,0,1,0,0,0,0,1,0,0,1,0,0,0,0,0,0,0,1,0,0,0,1,0,0,0,0,1,0,1,0,0,0,0,0,1,1,0,0,0,0,0,1
CLI-004525,46431.0,1,32,22,68.8,21,14.0,11,0,0,0,9.6,5,2,1530.35,0.0,0,0.42,1,0,0,0,0,0,0,0,0,0,0,1,0,0,1,0,0,0,0,0,0,1,0,0,0,0,1,0,1,0,0,0,0,0,0,1,0,0,0,1,0,1,0,0,1,0,0
CLI-002863,35541.0,15,203,66,32.5,1,0.3,6,4,0,6,15.7,2,0,3940.29,0.0,0,0.38,1,0,0,0,0,0,0,0,0,0,0,0,1,0,1,0,0,0,0,0,0,0,1,0,0,1,0,0,0,1,0,0,0,0,0,1,0,0,1,0,1,0,0,0,0,0,1
CLI-000118,302890.0,23,159,0,0.0,0,5.65,0,0,36,4,5.4,2,0,12737.16,0.05,1,0.0,1,0,0,0,0,0,0,0,0,0,0,0,1,0,1,0,0,0,0,0,0,0,1,0,0,0,0,1,1,0,0,0,0,0,0,1,0,1,0,0,1,0,0,0,0,0,1
CLI-003175,1476.0,6,8,2,25.0,2,0.4,0,1,8,2,17.0,2,0,138.43,0.04,0,0.0,0,1,0,0,0,0,0,1,0,0,0,0,0,0,1,0,0,0,0,0,0,1,0,0,0,1,0,0,1,0,0,0,0,0,1,0,0,0,0,1,1,0,0,0,0,1,0
CLI-000422,3564.0,17,7,2,28.6,5,1.5,1,3,3,2,8.5,4,0,149.87,0.01,0,0.06,0,0,0,0,1,0,0,0,0,0,1,0,0,0,0,0,0,1,0,0,1,0,0,0,0,1,0,0,0,0,0,1,0,0,0,1,0,0,0,1,0,0,0,1,0,0,1
CLI-001480,3982.0,15,48,31,64.6,61,39.0,9,1,0,2,18.6,3,0,1213.88,0.0,0,0.56,0,0,0,1,0,0,0,0,0,1,0,0,0,0,0,0,0,0,0,1,0,1,0,0,0,1,0,0,0,1,0,0,0,0,0,0,1,0,0,1,0,0,0,1,0,0,1
CLI-000033,27256.0,13,46,9,19.6,3,1.0,6,6,11,4,11.4,3,0,977.61,0.03,0,0.38,0,0,0,0,1,0,0,0,0,0,1,0,0,0,0,0,0,0,0,1,0,1,0,0,0,1,0,0,0,0,1,0,0,0,0,1,0,1,0,0,0,0,0,1,0,0,1
CLI-001171,1565.0,2,2,1,50.0,26,18.7,14,0,0,7,7.2,3,1,90.91,0.0,0,0.54,0,0,0,1,0,0,0,0,0,1,0,0,0,0,1,0,0,0,0,0,1,0,0,0,0,0,1,0,1,0,0,0,0,0,0,0,1,0,0,1,0,0,0,1,1,0,0
CLI-000053,58549.0,13,168,126,75.0,38,19.3,7,2,0,0,1.1,4,0,5492.41,0.0,0,0.27,0,0,0,0,0,1,0,1,0,0,0,0,0,0,0,0,1,0,0,0,0,0,1,0,0,0,1,0,0,0,0,1,0,0,0,0,1,1,0,0,0,0,0,1,0,0,1
CLI-003464,6123.0,8,10,7,70.0,18,4.2,7,2,3,3,11.0,4,0,311.14,0.01,0,0.44,1,0,0,0,0,0,0,0,1,0,0,0,0,0,1,0,0,0,0,0,1,0,0,0,0,1,0,0,0,0,0,1,0,0,0,1,0,0,0,1,0,1,0,0,0,1,0
CLI-003759,19676.0,19,52,41,78.8,46,24.3,7,2,0,5,14.5,3,0,1499.72,0.0,0,0.44,0,0,0,0,0,1,0,0,0,0,0,0,0,1,0,0,1,0,0,0,0,1,0,0,0,1,0,0,0,0,1,0,0,0,0,1,0,1,0,0,0,1,0,0,0,0,1
CLI-002144,14164.0,6,31,8,25.8,4,2.1,2,2,3,8,42.7,2,1,401.71,0.02,0,0.25,0,0,0,0,0,0,1,0,0,0,0,0,0,1,0,0,1,0,0,0,0,1,0,0,1,0,0,0,0,0,0,0,1,0,0,1,0,0,1,0,1,0,0,0,0,1,0
CLI-004893,42500.0,21,50,14,28.0,1,0.4,7,4,6,0,11.4,3,0,1102.76,0.01,0,0.44,0,0,0,1,0,0,0,0,0,0,0,1,0,0,1,0,0,0,0,0,0,1,0,0,0,1,0,0,0,0,0,0,1,1,0,0,0,1,0,0,0,0,0,1,0,0,1
CLI-001200,322.0,1,3,1,33.3,16,5.65,4,0,3,1,11.7,5,2,56.03,0.1,0,0.25,0,0,0,0,0,1,0,0,1,0,0,0,0,0,1,0,0,0,0,0,1,0,0,0,0,1,0,0,0,1,0,0,0,1,0,0,0,0,0,1,0,1,0,0,1,0,0
CLI-003124,820.0,11,3,2,66.7,15,4.0,4,4,0,8,35.6,3,0,37.04,0.0,0,0.5,0,0,0,0,1,0,0,0,0,0,0,1,0,0,0,0,1,0,0,0,1,0,0,0,1,0,0,0,0,0,1,0,0,0,0,1,0,0,0,1,0,0,0,1,0,1,0
CLI-000485,16025.0,10,30,21,70.0,75,39.1,10,2,0,0,6.0,3,0,1503.32,0.0,0,0.38,0,0,0,1,0,0,0,0,0,1,0,0,0,0,1,0,0,0,0,0,0,1,0,0,0,0,1,0,0,0,0,1,0,0,0,1,0,1,0,0,0,1,0,0,0,1,0
CLI-000901,8946.0,10,52,29,55.8,18,5.65,9,3,3,4,3.0,4,0,1818.38,0.01,0,0.35,1,0,0,0,0,0,0,1,0,0,0,0,0,0,1,0,0,0,0,0,0,0,1,0,0,0,1,0,0,1,0,0,0,0,0,0,1,0,1,0,0,0,0,1,0,1,0
CLI-003270,28557.0,4,86,44,51.2,15,7.4,6,0,0,0,2.2,3,0,3482.56,0.0,0,0.23,0,1,0,0,0,0,0,0,1,0,0,0,0,0,1,0,0,0,0,0,0,0,1,0,0,0,1,0,0,1,0,0,0,0,0,0,1,1,0,0,0,1,0,0,0,1,0
CLI-004627,16221.0,18,51,0,0.0,0,0.0,0,0,49,8,44.5,3,0,732.65,0.09,1,0.0,0,0,0,0,0,0,1,0,0,0,0,1,0,0,1,0,0,0,0,0,0,1,0,0,1,0,0,0,0,1,0,0,0,0,0,0,1,0,0,1,1,0,0,0,0,0,1
CLI-000524,478.0,11,2,1,50.0,19,9.0,4,2,0,1,19.5,4,0,26.47,0.0,0,0.5,0,0,0,0,1,0,0,0,0,0,0,1,0,0,1,0,0,0,0,0,1,0,0,0,1,0,0,0,0,0,1,0,0,0,0,1,0,1,0,0,0,0,0,1,0,1,0
CLI-002803,5705.0,14,9,4,44.4,11,3.2,3,2,0,0,16.9,5,0,108.71,0.0,0,0.38,0,0,1,0,0,0,0,0,1,0,0,0,0,0,0,0,0,1,0,0,1,0,0,0,1,0,0,0,1,0,0,0,0,0,1,0,0,0,1,0,0,1,0,0,0,0,1
CLI-004651,9112.0,5,44,22,50.0,20,3.7,3,0,3,0,9.7,4,1,1010.15,0.02,0,0.19,0,0,0,1,0,0,0,0,0,1,0,0,0,0,0,0,0,1,0,0,0,1,0,0,0,1,0,0,0,0,0,1,0,0,0,1,0,1,0,0,0,0,0,1,0,1,0
CLI-003851,1978.0,16,2,1,50.0,17,5.65,1,2,0,0,24.8,3,0,30.93,0.0,0,0.12,0,1,0,0,0,0,0,0,1,0,0,0,0,0,0,1,0,0,0,0,1,0,0,0,1,0,0,0,1,0,0,0,0,1,0,0,0,0,0,1,0,0,0,1,0,0,1
CLI-003318,1642.0,6,9,1,11.1,1,0.4,1,1,30,2,22.1,3,2,80.11,0.17,1,0.12,0,0,0,0,1,0,0,1,0,0,0,0,0,0,0,0,0,1,0,0,0,1,0,0,1,0,0,0,0,0,0,0,1,0,0,1,0,0,1,0,1,0,0,0,0,1,0
CLI-004623,3329.0,9,11,4,36.4,1,0.4,13,1,26,5,4.1,3,4,676.69,0.1,0,0.32,0,0,1,0,0,0,0,0,1,0,0,0,0,0,1,0,0,0,0,0,0,1,0,0,0,0,0,1,0,0,1,0,0,0,1,0,0,0,0,1,0,1,0,0,0,1,0
CLI-002018,61686.0,8,211,58,50.0,6,0.3,14,2,3,1,0.5,4,0,12537.74,0.01,0,0.35,0,0,1,0,0,0,0,1,0,0,0,0,0,0,0,0,0,1,0,0,0,0,1,0,0,0,0,1,0,0,0,0,1,0,1,0,0,1,0,0,0,0,0,1,0,1,0
CLI-004519,71775.0,1,175,89,50.9,16,5.65,3,0,1,1,4.2,5,5,7294.17,0.03,0,0.12,0,0,0,0,1,0,0,1,0,0,0,0,0,0,0,0,0,1,0,0,0,0,1,0,0,0,1,0,0,0,0,1,0,0,1,0,0,0,0,1,0,1,0,0,1,0,0
CLI-001625,185748.0,12,575,309,53.7,20,11.3,5,5,1,1,13.8,2,0,12584.54,0.0,0,0.31,0,0,0,0,1,0,0,0,1,0,0,0,0,0,1,0,0,0,0,0,0,0,0,1,0,1,0,0,1,0,0,0,0,0,0,0,1,1,0,0,1,0,0,0,0,1,0
CLI-003515,44839.0,1,55,38,69.1,36,33.6,7,0,1,2,10.5,4,4,1608.28,0.03,0,0.44,1,0,0,0,0,0,0,1,0,0,0,0,0,0,0,0,1,0,0,0,0,1,0,0,0,1,0,0,0,0,0,1,0,0,1,0,0,0,0,1,0,0,0,1,1,0,0
CLI-004876,3553.0,16,11,2,18.2,1,0.4,2,5,19,2,6.0,3,0,254.85,0.04,0,0.12,0,0,0,0,0,1,0,0,0,0,0,0,0,1,0,0,0,0,0,1,1,0,0,0,0,1,0,0,0,0,0,1,0,1,0,0,0,0,0,1,1,0,0,0,0,0,1
CLI-004799,1195.0,4,8,5,62.5,50,30.2,4,1,1,1,27.4,2,2,91.08,0.01,0,0.5,0,0,0,1,0,0,0,0,0,1,0,0,0,0,1,0,0,0,0,0,1,0,0,0,1,0,0,0,0,0,1,0,0,0,1,0,0,0,1,0,0,0,0,1,0,1,0
CLI-001164,284749.0,2,211,156,73.9,61,11.8,19,0,1,0,1.4,5,1,19291.93,0.02,0,0.48,0,0,0,0,0,1,0,1,0,0,0,0,0,0,1,0,0,0,0,0,0,0,1,0,0,0,0,1,0,0,0,0,1,0,0,0,1,0,0,1,0,0,0,1,1,0,0
CLI-004429,14903.0,3,18,12,66.7,8,2.2,10,1,2,3,4.9,3,3,790.19,0.02,0,0.38,0,0,0,0,1,0,0,1,0,0,0,0,0,0,1,0,0,0,0,0,0,1,0,0,0,0,1,0,0,0,1,0,0,0,0,1,0,0,0,1,0,0,0,1,1,0,0
CLI-001736,31946.0,7,167,92,55.1,34,24.0,3,1,1,6,14.4,3,0,4328.68,0.0,0,0.19,0,0,1,0,0,0,0,0,0,1,0,0,0,0,0,0,0,1,0,0,0,0,0,1,0,1,0,0,0,1,0,0,0,0,0,0,1,1,0,0,0,1,0,0,0,1,0
CLI-004378,2366.0,21,8,0,0.0,0,0.0,0,0,36,4,10.1,3,0,206.14,0.06,1,0.0,0,1,0,0,0,0,0,0,0,1,0,0,0,0,0,0,0,0,0,1,1,0,0,0,0,1,0,0,1,0,0,0,0,0,0,1,0,1,0,0,1,0,0,0,0,0,1
CLI-001196,75167.0,7,56,39,69.6,39,18.6,9,0,0,0,2.8,4,0,2696.08,0.0,0,0.35,0,0,0,0,1,0,0,0,0,0,1,0,0,0,1,0,0,0,0,0,0,1,0,0,0,0,1,0,1,0,0,0,0,0,0,0,1,0,0,1,0,1,0,0,0,1,0
CLI-001113,4731.0,15,3,1,33.3,8,3.6,5,3,7,3,14.8,3,0,87.41,0.02,0,0.31,0,0,0,0,0,1,0,1,0,0,0,0,0,0,0,0,0,1,0,0,1,0,0,0,0,1,0,0,0,0,0,0,1,0,0,1,0,0,1,0,0,0,0,1,0,0,1
CLI-004936,601.0,1,3,1,33.3,17,11.9,3,0,4,1,21.4,5,3,29.32,0.13,0,0.38,0,0,1,0,0,0,0,0,0,0,0,0,0,1,0,0,0,0,0,1,1,0,0,0,1,0,0,0,1,0,0,0,0,0,0,1,0,0,0,1,0,1,0,0,1,0,0
CLI-004536,47468.0,8,59,7,11.9,1,0.1,0,2,26,5,14.8,3,0,1564.54,0.11,0,0.0,0,0,0,0,1,0,0,0,0,0,1,0,0,0,1,0,0,0,0,0,0,1,0,0,0,1,0,0,0,0,1,0,0,0,1,0,0,0,1,0,0,0,0,1,0,1,0
CLI-002724,13187.0,10,52,0,0.0,0,0.0,0,0,69,2,5.1,4,2,2297.43,0.23,1,0.0,1,0,0,0,0,0,0,0,0,0,1,0,0,0,0,0,0,0,1,0,0,1,0,0,0,0,1,0,0,0,0,1,0,0,0,1,0,1,0,0,1,0,0,0,0,1,0
CLI-000257,4970.0,4,57,3,5.3,1,0.1,4,1,30,3,10.2,3,1,1010.12,0.25,1,0.25,0,0,0,0,0,0,1,0,0,1,0,0,0,0,1,0,0,0,0,0,0,1,0,0,0,1,0,0,1,0,0,0,0,0,0,1,0,0,1,0,1,0,0,0,0,1,0
CLI-004735,2407.0,18,11,5,45.5,5,2.2,3,2,0,0,17.8,4,0,122.33,0.0,0,0.38,0,0,0,0,0,0,1,0,1,0,0,0,0,0,1,0,0,0,0,0,1,0,0,0,1,0,0,0,0,0,0,0,1,0,1,0,0,1,0,0,0,0,0,1,0,0,1
CLI-003621,1148.0,7,4,0,0.0,0,0.0,0,0,54,2,27.0,4,2,46.65,0.26,1,0.0,0,0,0,1,0,0,0,1,0,0,0,0,0,0,1,0,0,0,0,0,1,0,0,0,1,0,0,0,0,0,0,1,0,0,0,0,1,0,1,0,0,0,0,1,0,1,0
CLI-002129,1082.0,28,5,3,60.0,25,15.7,4,9,2,4,22.3,4,0,59.98,0.0,0,0.5,1,0,0,0,0,0,0,0,0,0,0,0,0,1,0,0,1,0,0,0,1,0,0,0,1,0,0,0,0,0,0,1,0,0,0,1,0,0,0,1,0,0,0,1,0,0,1
CLI-004828,147613.0,17,790,290,36.7,1,0.3,14,3,16,3,2.9,3,0,45003.9,0.03,0,0.35,0,1,0,0,0,0,0,0,0,1,0,0,0,0,0,1,0,0,0,0,0,0,0,1,0,0,0,1,0,1,0,0,0,1,0,0,0,0,1,0,0,0,0,1,0,0,1
CLI-002294,31238.0,1,49,18,36.7,3,5.65,1,0,11,3,6.2,1,0,3463.2,0.37,0,0.02,1,0,0,0,0,0,0,0,0,0,0,0,1,0,0,0,0,0,1,0,0,0,1,0,0,0,0,1,0,0,0,1,0,0,0,0,1,0,1,0,1,0,0,0,1,0,0
CLI-003073,3818.0,21,6,4,66.7,36,15.3,11,5,1,2,16.4,2,0,141.09,0.0,0,0.69,1,0,0,0,0,0,0,0,0,0,0,0,1,0,0,0,0,1,0,0,0,1,0,0,0,1,0,0,0,0,1,0,0,1,0,0,0,0,0,1,0,0,0,1,0,0,1
CLI-001178,609166.0,14,218,69,31.7,2,1.0,20,7,12,2,2.4,3,0,19549.6,0.03,0,0.5,0,0,0,0,1,0,0,0,0,1,0,0,0,0,1,0,0,0,0,0,0,0,0,1,0,0,0,1,0,0,0,1,0,1,0,0,0,0,1,0,0,0,0,1,0,0,1
CLI-000460,30784.0,1,106,28,26.4,9,2.6,11,0,1,1,1.7,5,0,7508.24,0.03,0,0.28,0,0,1,0,0,0,0,1,0,0,0,0,0,0,1,0,0,0,0,0,0,0,1,0,0,0,0,1,0,1,0,0,0,0,1,0,0,0,0,1,0,1,0,0,1,0,0
CLI-000961,7451.0,13,25,7,28.0,1,0.1,5,2,6,6,14.7,2,0,605.76,0.02,0,0.31,0,1,0,0,0,0,0,0,0,1,0,0,0,0,1,0,0,0,0,0,0,1,0,0,0,1,0,0,0,0,0,0,1,0,0,1,0,0,1,0,0,0,0,1,0,0,1
CLI-000312,1419.0,19,8,2,25.0,1,0.3,2,5,5,2,24.7,3,0,91.09,0.01,0,0.25,1,0,0,0,0,0,0,0,0,0,1,0,0,0,0,0,0,0,0,1,1,0,0,0,1,0,0,0,0,0,1,0,0,0,1,0,0,0,0,1,0,0,0,1,0,0,1
CLI-000692,594.0,1,4,2,50.0,21,6.7,7,0,1,2,6.5,3,1,72.4,0.03,0,0.44,0,1,0,0,0,0,0,0,0,0,0,0,0,1,0,1,0,0,0,0,1,0,0,0,0,1,0,0,0,0,0,1,0,0,0,0,1,1,0,0,0,0,0,1,1,0,0
CLI-002023,3885.0,25,8,6,75.0,39,20.6,6,4,2,4,29.8,4,0,96.0,0.0,0,0.75,0,0,0,0,1,0,0,0,0,0,0,1,0,0,0,1,0,0,0,0,0,1,0,0,1,0,0,0,1,0,0,0,0,0,1,0,0,1,0,0,0,0,0,1,0,0,1
CLI-002205,1832.0,16,7,2,28.6,12,7.1,3,2,7,2,12.0,3,0,159.59,0.01,0,0.19,0,0,0,0,0,1,0,0,0,0,0,1,0,0,1,0,0,0,0,0,1,0,0,0,0,1,0,0,0,0,0,1,0,1,0,0,0,0,1,0,0,1,0,0,0,0,1
CLI-001494,73384.0,27,92,21,22.8,1,0.6,9,6,2,4,6.8,3,0,4140.0,0.0,0,0.35,0,0,0,1,0,0,0,0,0,1,0,0,0,0,0,0,0,1,0,0,0,0,1,0,0,0,1,0,0,0,1,0,0,1,0,0,0,0,0,1,0,0,0,1,0,0,1
CLI-002475,1565.0,10,4,2,50.0,22,5.5,11,2,1,0,3.5,5,0,190.89,0.0,0,0.42,0,0,0,0,0,0,1,0,0,0,0,1,0,0,0,1,0,0,0,0,1,0,0,0,0,0,1,0,1,0,0,0,0,0,1,0,0,0,0,1,0,0,0,1,0,1,0
CLI-003090,11719.0,3,49,22,44.9,20,7.6,7,1,2,2,10.5,3,1,2041.56,0.02,0,0.27,0,0,0,0,0,1,0,1,0,0,0,0,0,0,1,0,0,0,0,0,0,0,1,0,0,0,1,0,0,0,0,1,0,0,0,0,1,0,0,1,0,0,0,1,1,0,0
CLI-003993,1092.0,6,8,1,12.5,6,1.1,1,3,6,3,15.7,5,4,88.77,0.03,0,0.12,0,0,0,0,1,0,0,0,0,0,0,0,0,1,0,0,0,1,0,0,1,0,0,0,1,0,0,0,0,0,0,0,1,0,1,0,0,0,0,1,0,0,0,1,0,1,0
CLI-004454,21224.0,11,53,31,58.5,12,2.5,10,5,1,4,13.2,3,0,1437.95,0.0,0,0.62,0,0,0,0,0,1,0,0,1,0,0,0,0,0,1,0,0,0,0,0,0,1,0,0,0,1,0,0,0,0,1,0,0,0,0,1,0,0,1,0,0,1,0,0,0,1,0
CLI-004188,48977.0,6,107,81,75.7,80,35.2,9,1,0,9,10.3,3,2,4594.49,0.0,0,0.35,0,0,0,0,0,1,0,0,1,0,0,0,0,0,1,0,0,0,0,0,0,0,1,0,0,0,1,0,0,0,0,1,0,1,0,0,0,1,0,0,0,0,0,1,0,1,0
CLI-003888,6986.0,18,18,8,44.4,2,1.3,9,4,20,2,12.4,2,0,473.3,0.04,0,0.56,0,0,0,0,0,1,0,1,0,0,0,0,0,0,1,0,0,0,0,0,0,1,0,0,0,1,0,0,0,0,0,1,0,0,0,0,1,0,1,0,0,0,0,1,0,0,1
CLI-002937,4431.0,9,4,1,25.0,1,0.1,4,2,8,1,5.2,4,0,200.15,0.03,0,0.15,0,0,0,0,1,0,0,0,0,1,0,0,0,0,1,0,0,0,0,0,1,0,0,0,0,0,1,0,0,0,0,1,0,0,1,0,0,1,0,0,0,0,0,1,0,1,0
CLI-004718,37181.0,4,50,37,74.0,21,7.4,5,0,2,0,10.5,5,0,1333.62,0.02,0,0.31,0,0,0,0,0,1,0,0,0,1,0,0,0,0,1,0,0,0,0,0,0,1,0,0,0,1,0,0,0,0,0,0,1,0,0,0,1,1,0,0,0,1,0,0,0,1,0
CLI-003870,1284.0,9,4,2,50.0,25,14.1,3,2,1,3,28.2,4,0,52.18,0.0,0,0.38,0,1,0,0,0,0,0,0,0,1,0,0,0,0,1,0,0,0,0,0,1,0,0,0,1,0,0,0,0,0,1,0,0,1,0,0,0,0,0,1,0,1,0,0,0,1,0
CLI-001521,128638.0,11,486,351,72.2,36,24.3,5,1,1,0,11.8,5,0,6536.47,0.0,0,0.62,0,0,0,1,0,0,0,0,1,0,0,0,0,0,1,0,0,0,0,0,0,0,0,1,1,0,0,0,0,0,1,0,0,0,1,0,0,0,1,0,0,1,0,0,0,1,0
CLI-003540,19241.0,17,32,17,53.1,8,2.9,5,2,6,0,0.5,5,0,1564.33,0.01,0,0.19,0,0,0,0,1,0,0,0,0,1,0,0,0,0,0,0,0,0,0,1,0,0,1,0,0,0,1,0,1,0,0,0,0,0,1,0,0,0,1,0,0,0,0,1,0,0,1
CLI-002057,13164.0,16,49,35,71.4,30,5.8,7,2,2,1,13.3,3,0,1234.89,0.0,0,0.44,0,0,1,0,0,0,0,0,1,0,0,0,0,0,1,0,0,0,0,0,0,1,0,0,0,1,0,0,0,1,0,0,0,0,0,0,1,1,0,0,0,0,0,1,0,0,1
CLI-001592,1713.0,10,7,4,57.1,1,0.2,0,3,19,3,23.9,5,1,90.81,0.06,0,0.0,1,0,0,0,0,0,0,0,0,0,1,0,0,0,1,0,0,0,0,0,1,0,0,0,1,0,0,0,0,1,0,0,0,0,1,0,0,1,0,0,0,0,0,1,0,1,0
CLI-000668,543.0,12,9,2,22.2,1,0.5,2,2,11,5,35.0,2,0,82.74,0.03,0,0.25,0,1,0,0,0,0,0,0,0,1,0,0,0,0,0,0,0,0,1,0,1,0,0,0,1,0,0,0,0,1,0,0,0,1,0,0,0,1,0,0,1,0,0,0,0,1,0
CLI-000407,11812.0,23,6,2,33.3,1,0.1,0,7,3,4,15.3,3,0,134.62,0.0,0,0.0,0,1,0,0,0,0,0,0,0,0,0,1,0,0,0,0,1,0,0,0,1,0,0,0,0,1,0,0,0,0,0,0,1,1,0,0,0,0,0,1,0,0,0,1,0,0,1
CLI-000018,115025.0,12,71,60,84.5,110,37.9,10,0,0,4,14.6,3,0,2032.97,0.0,0,0.62,1,0,0,0,0,0,0,1,0,0,0,0,0,0,0,0,1,0,0,0,0,0,1,0,0,1,0,0,1,0,0,0,0,0,0,0,1,0,1,0,0,1,0,0,0,1,0
CLI-002132,1289.0,1,2,2,100.0,51,43.8,5,0,1,0,12.7,5,0,27.11,0.03,0,0.62,0,0,0,1,0,0,0,0,0,1,0,0,0,0,0,0,1,0,0,0,1,0,0,0,1,0,0,0,0,0,0,1,0,0,0,1,0,0,0,1,0,0,0,1,1,0,0
CLI-003162,1132.0,1,5,2,40.0,23,5.0,4,0,2,2,30.9,3,2,60.01,0.07,0,0.5,0,0,1,0,0,0,0,0,0,1,0,0,0,0,1,0,0,0,0,0,1,0,0,0,1,0,0,0,1,0,0,0,0,0,0,1,0,0,1,0,0,1,0,0,1,0,0
CLI-002697,1473.0,12,5,3,60.0,28,10.5,4,1,1,6,31.2,4,0,57.96,0.0,0,0.5,0,0,0,0,1,0,0,1,0,0,0,0,0,0,1,0,0,0,0,0,1,0,0,0,1,0,0,0,0,0,0,0,1,0,0,1,0,0,1,0,0,0,0,1,0,1,0
CLI-001255,8749.0,16,9,7,77.8,58,5.65,8,2,1,8,18.9,3,0,273.57,0.0,0,0.5,0,0,1,0,0,0,0,0,1,0,0,0,0,0,0,0,0,1,0,0,1,0,0,0,0,1,0,0,0,0,0,1,0,0,0,1,0,1,0,0,1,0,0,0,0,0,1
CLI-004592,14900.0,11,19,10,52.6,26,15.6,10,2,0,1,13.8,4,1,519.18,0.0,0,0.62,1,0,0,0,0,0,0,0,1,0,0,0,0,0,0,0,0,0,0,1,0,1,0,0,0,1,0,0,0,0,0,0,1,1,0,0,0,1,0,0,0,0,0,1,0,1,0
CLI-001333,45318.0,17,25,19,76.0,63,28.0,7,7,2,1,11.1,4,0,575.68,0.0,0,0.44,0,0,0,0,0,1,0,1,0,0,0,0,0,0,1,0,0,0,0,0,0,1,0,0,0,1,0,0,0,1,0,0,0,1,0,0,0,0,1,0,0,0,1,0,0,0,1
CLI-004403,17772.0,23,21,4,19.0,1,0.1,5,5,20,4,3.6,1,0,1444.86,0.03,0,0.12,0,0,0,0,1,0,0,1,0,0,0,0,0,0,0,1,0,0,0,0,0,1,0,0,0,0,0,1,0,0,0,1,0,0,0,1,0,1,0,0,0,0,0,1,0,0,1
CLI-001686,19321.0,12,32,18,56.2,27,11.4,7,0,0,0,4.5,5,1,1308.99,0.0,0,0.27,0,0,1,0,0,0,0,0,0,1,0,0,0,0,0,0,1,0,0,0,0,1,0,0,0,0,1,0,0,0,0,1,0,1,0,0,0,0,1,0,0,0,0,1,0,1,0
CLI-002821,1208.0,9,10,8,80.0,41,5.65,3,3,0,0,22.1,5,0,113.36,0.0,0,0.38,0,0,0,0,0,1,0,0,0,1,0,0,0,0,0,0,0,1,0,0,1,0,0,0,1,0,0,0,0,0,1,0,0,0,0,1,0,0,0,1,0,0,1,0,0,1,0
CLI-004763,314314.0,1,128,43,33.6,1,0.3,1,0,6,3,9.7,3,2,5721.05,0.2,0,0.04,0,0,0,0,0,1,0,0,0,1,0,0,0,0,0,0,0,0,1,0,0,0,0,1,0,0,1,0,0,0,1,0,0,0,1,0,0,1,0,0,0,1,0,0,1,0,0
CLI-001501,11289.0,13,37,13,35.1,21,5.3,9,4,2,0,10.5,4,1,983.35,0.01,0,0.56,0,0,0,0,0,0,1,1,0,0,0,0,0,0,0,1,0,0,0,0,0,0,1,0,0,1,0,0,1,0,0,0,0,0,0,0,1,1,0,0,0,0,0,1,0,0,1
CLI-001531,14019.0,28,10,4,40.0,23,10.5,8,8,1,0,6.2,3,0,534.27,0.0,0,0.31,0,0,1,0,0,0,0,0,0,0,1,0,0,0,1,0,0,0,0,0,1,0,0,0,0,0,1,0,0,1,0,0,0,1,0,0,0,1,0,0,0,0,1,0,0,0,1
CLI-002298,1489837.0,12,880,453,51.5,27,12.2,11,1,1,0,6.9,3,0,40374.98,0.0,0,0.42,1,0,0,0,0,0,0,0,0,1,0,0,0,0,0,1,0,0,0,0,0,0,0,1,0,0,1,0,0,1,0,0,0,0,1,0,0,1,0,0,0,1,0,0,0,1,0
CLI-001759,16760.0,5,48,13,27.1,1,0.3,6,2,9,0,0.6,5,0,1202.27,0.06,0,0.38,0,0,0,0,0,1,0,0,1,0,0,0,0,0,1,0,0,0,0,0,0,1,0,0,0,1,0,0,0,0,0,1,0,1,0,0,0,1,0,0,0,1,0,0,0,1,0
CLI-003402,151216.0,15,535,318,59.4,11,3.6,11,1,8,0,10.5,5,0,23051.29,0.02,0,0.42,0,0,0,1,0,0,0,0,0,0,0,1,0,0,0,0,0,1,0,0,0,0,0,1,0,0,1,0,0,0,0,0,1,0,1,0,0,0,1,0,0,0,0,1,0,0,1
CLI-002215,108922.0,2,96,21,21.9,8,1.3,25,1,5,6,3.4,1,4,7379.53,0.08,0,0.62,0,0,0,0,1,0,0,0,0,1,0,0,0,0,1,0,0,0,0,0,0,0,1,0,0,0,0,1,0,0,0,1,0,0,0,0,1,0,1,0,1,0,0,0,1,0,0
CLI-002405,504.0,1,7,0,0.0,0,0.0,0,0,30,4,24.9,3,2,87.74,1.0,1,0.0,0,1,0,0,0,0,0,0,0,1,0,0,0,0,1,0,0,0,0,0,1,0,0,0,1,0,0,0,0,0,0,0,1,0,0,0,1,0,1,0,1,0,0,0,1,0,0
CLI-001512,1911.0,3,2,2,100.0,61,5.65,4,0,4,8,10.5,1,2,26.79,0.04,0,0.5,0,0,0,0,0,0,1,0,0,1,0,0,0,0,0,0,1,0,0,0,1,0,0,0,1,0,0,0,0,0,0,0,1,0,0,1,0,0,1,0,0,0,0,1,1,0,0
CLI-003806,2925.0,1,45,14,31.1,10,6.6,3,0,11,0,17.8,5,0,509.62,0.37,0,0.38,0,0,0,1,0,0,0,0,1,0,0,0,0,0,1,0,0,0,0,0,0,1,0,0,1,0,0,0,0,0,0,0,1,0,0,0,1,0,1,0,0,0,0,1,1,0,0
CLI-004227,8946.0,10,56,14,25.0,1,0.1,1,3,24,0,0.5,5,0,545.46,0.08,0,0.12,0,0,0,0,1,0,0,0,1,0,0,0,0,0,1,0,0,0,0,0,0,1,0,0,1,0,0,0,0,0,1,0,0,1,0,0,0,0,1,0,0,0,0,1,0,1,0
CLI-001092,12268.0,7,18,1,5.6,1,0.5,0,1,7,5,14.4,2,0,393.72,0.03,0,0.0,0,1,0,0,0,0,0,1,0,0,0,0,0,0,0,0,0,0,1,0,0,1,0,0,0,1,0,0,0,0,1,0,0,0,0,1,0,0,1,0,0,0,0,1,0,1,0
CLI-000098,12989.0,17,10,4,50.0,16,5.2,16,4,0,4,4.5,4,0,480.0,0.0,0,0.62,0,0,0,0,0,0,1,1,0,0,0,0,0,0,1,0,0,0,0,0,1,0,0,0,0,0,1,0,0,1,0,0,0,0,1,0,0,0,1,0,0,0,0,1,0,0,1
CLI-004608,23285.0,6,35,19,54.3,19,11.2,5,2,1,0,7.0,5,3,979.2,0.01,0,0.31,0,0,0,0,0,1,0,0,0,0,0,0,0,1,0,0,0,0,1,0,0,1,0,0,0,1,0,0,0,0,0,1,0,0,1,0,0,1,0,0,0,1,0,0,0,1,0
CLI-003438,25878.0,1,44,27,61.4,33,24.7,12,0,2,4,10.5,2,2,1213.78,0.07,0,0.75,1,0,0,0,0,0,0,0,0,1,0,0,0,0,1,0,0,0,0,0,0,1,0,0,0,1,0,0,1,0,0,0,0,0,0,0,1,0,1,0,0,0,0,1,1,0,0
CLI-002388,15100.0,1,46,12,26.1,8,2.2,9,0,2,9,7.8,3,4,2301.78,0.07,0,0.22,0,0,0,0,1,0,0,0,1,0,0,0,0,0,1,0,0,0,0,0,0,1,0,0,0,0,0,1,0,0,0,0,1,1,0,0,0,0,1,0,0,0,0,1,1,0,0
CLI-002037,159092.0,1,141,118,83.7,47,13.3,12,0,0,0,2.1,5,1,7185.71,0.0,0,0.46,0,0,0,1,0,0,0,0,0,1,0,0,0,0,0,1,0,0,0,0,0,0,1,0,0,0,1,0,0,1,0,0,0,0,0,0,1,0,0,1,0,0,0,1,1,0,0
CLI-004728,2647.0,2,5,3,60.0,14,0.7,2,1,1,5,19.0,3,0,134.49,0.02,0,0.12,0,1,0,0,0,0,0,0,0,0,1,0,0,0,0,0,1,0,0,0,1,0,0,0,0,1,0,0,1,0,0,0,0,0,0,0,1,1,0,0,0,1,0,0,1,0,0
CLI-001797,73863.0,4,55,33,60.0,16,3.5,10,1,2,3,9.4,3,2,2814.91,0.02,0,0.38,0,0,0,1,0,0,0,0,0,0,0,0,0,1,1,0,0,0,0,0,0,0,1,0,0,0,1,0,0,0,0,0,1,0,1,0,0,1,0,0,0,1,0,0,0,1,0
CLI-001719,1525.0,22,5,1,20.0,1,0.1,0,4,30,1,18.6,3,0,62.0,0.05,1,0.0,0,0,0,1,0,0,0,1,0,0,0,0,0,0,1,0,0,0,0,0,1,0,0,0,1,0,0,0,0,0,0,0,1,0,0,1,0,1,0,0,0,0,0,1,0,0,1
CLI-000704,1484.0,1,6,0,0.0,0,0.0,0,0,30,7,14.1,3,0,120.66,1.0,1,0.0,0,0,1,0,0,0,0,0,0,0,1,0,0,0,0,0,1,0,0,0,1,0,0,0,0,1,0,0,0,0,0,0,1,0,1,0,0,0,1,0,1,0,0,0,1,0,0
CLI-003573,3454.0,3,39,7,17.9,1,0.2,1,0,30,7,7.4,2,1,1053.0,0.33,1,0.04,0,0,0,0,0,0,1,1,0,0,0,0,0,0,1,0,0,0,0,0,0,1,0,0,0,0,1,0,1,0,0,0,0,0,0,1,0,0,0,1,1,0,0,0,1,0,0
CLI-001223,6839.0,12,11,9,50.0,48,18.6,26,1,0,12,7.2,1,2,833.98,0.0,0,0.65,0,0,0,0,1,0,0,1,0,0,0,0,0,0,1,0,0,0,0,0,0,1,0,0,0,0,0,1,1,0,0,0,0,0,1,0,0,0,1,0,1,0,0,0,0,1,0
CLI-003546,3313.0,14,11,8,50.0,37,17.9,5,1,2,0,21.3,3,0,149.63,0.0,0,0.62,1,0,0,0,0,0,0,0,0,0,0,1,0,0,0,1,0,0,0,0,1,0,0,0,1,0,0,0,0,0,0,1,0,1,0,0,0,1,0,0,0,0,0,1,0,0,1
CLI-003054,40897.0,12,59,12,20.3,3,0.2,5,6,16,1,11.5,4,2,1662.46,0.04,0,0.31,1,0,0,0,0,0,0,0,0,0,0,0,1,0,1,0,0,0,0,0,0,1,0,0,0,1,0,0,0,1,0,0,0,1,0,0,0,0,1,0,1,0,0,0,0,1,0
CLI-000864,21942.0,13,52,41,78.8,42,32.6,16,2,0,1,6.2,4,1,2229.87,0.0,0,0.62,0,0,0,0,0,1,0,0,0,0,1,0,0,0,1,0,0,0,0,0,0,1,0,0,0,0,1,0,1,0,0,0,0,1,0,0,0,0,0,1,0,0,0,1,0,0,1
CLI-001487,840.0,15,3,1,33.3,1,0.1,1,5,8,7,29.5,2,0,34.14,0.02,0,0.12,0,0,0,0,0,1,0,0,0,1,0,0,0,0,0,0,1,0,0,0,1,0,0,0,1,0,0,0,1,0,0,0,0,1,0,0,0,1,0,0,0,0,0,1,0,0,1
CLI-003517,1643.0,19,3,2,66.7,14,9.0,1,4,0,4,24.6,4,0,34.55,0.0,0,0.12,0,0,0,0,0,1,0,0,0,0,1,0,0,0,0,0,0,0,0,1,1,0,0,0,1,0,0,0,0,0,0,0,1,1,0,0,0,0,0,1,0,0,0,1,0,0,1
CLI-001548,64486.0,9,200,67,33.5,1,0.5,6,2,3,0,6.3,3,1,7864.13,0.01,0,0.23,0,0,0,0,1,0,0,0,0,0,0,0,0,1,1,0,0,0,0,0,0,0,1,0,0,0,1,0,1,0,0,0,0,0,0,0,1,1,0,0,0,0,0,1,0,1,0
CLI-000837,6621.0,6,18,16,88.9,108,64.6,6,0,0,0,11.5,5,1,196.94,0.0,0,0.75,0,0,0,1,0,0,0,0,0,0,1,0,0,0,1,0,0,0,0,0,0,1,0,0,1,0,0,0,1,0,0,0,0,1,0,0,0,0,1,0,0,0,0,1,0,1,0
CLI-001999,9839.0,14,28,6,21.4,1,0.1,5,2,3,1,6.2,3,1,999.91,0.01,0,0.19,0,0,0,0,0,1,0,0,0,1,0,0,0,0,0,0,0,1,0,0,0,1,0,0,0,0,1,0,1,0,0,0,0,0,0,1,0,0,1,0,1,0,0,0,0,0,1
CLI-004532,2433.0,1,8,3,37.5,1,0.1,2,0,21,6,13.0,3,4,197.78,0.7,0,0.12,0,0,0,0,1,0,0,0,0,0,0,1,0,0,0,0,1,0,0,0,1,0,0,0,0,1,0,0,0,0,0,0,1,0,0,1,0,0,0,1,0,1,0,0,1,0,0
CLI-003279,5672.0,1,30,18,60.0,40,5.2,6,0,0,0,10.5,3,4,628.8,0.0,0,0.38,0,0,1,0,0,0,0,1,0,0,0,0,0,0,0,0,0,1,0,0,0,1,0,0,0,1,0,0,0,0,0,0,1,0,0,0,1,0,1,0,0,0,0,1,1,0,0
CLI-004524,332387.0,1,757,0,0.0,0,0.0,0,0,30,0,5.1,4,0,15590.37,1.0,1,0.0,1,0,0,0,0,0,0,0,0,0,0,0,0,1,1,0,0,0,0,0,0,0,0,1,0,1,0,0,0,1,0,0,0,0,1,0,0,1,0,0,1,0,0,0,1,0,0
CLI-001618,9215.0,6,55,34,61.8,43,18.7,5,0,0,6,30.6,3,0,561.9,0.0,0,0.62,0,0,0,0,1,0,0,0,0,1,0,0,0,0,0,0,0,0,0,1,0,1,0,0,1,0,0,0,1,0,0,0,0,0,0,1,0,1,0,0,0,0,0,1,0,1,0
CLI-000486,45085.0,22,10,4,40.0,8,5.3,1,2,0,2,3.8,3,0,478.1,0.0,0,0.04,0,0,1,0,0,0,0,1,0,0,0,0,0,0,1,0,0,0,0,0,0,1,0,0,0,0,1,0,0,0,1,0,0,0,0,0,1,0,0,1,0,1,0,0,0,0,1
CLI-000838,300.0,6,2,1,50.0,6,1.6,3,0,5,6,40.2,1,1,20.96,0.03,0,0.38,0,0,1,0,0,0,0,0,0,1,0,0,0,0,1,0,0,0,0,0,1,0,0,0,1,0,0,0,0,1,0,0,0,0,0,1,0,0,1,0,1,0,0,0,0,1,0
CLI-002390,1054.0,3,5,2,40.0,28,23.3,4,0,2,0,18.2,5,0,67.68,0.02,0,0.5,0,0,0,0,1,0,0,0,0,0,0,1,0,0,0,0,0,0,1,0,1,0,0,0,1,0,0,0,0,0,0,1,0,0,0,1,0,0,1,0,0,0,0,1,1,0,0
CLI-003999,19879.0,21,58,19,32.8,1,0.1,3,2,16,1,10.4,2,0,1275.94,0.03,0,0.19,0,0,0,0,0,1,0,1,0,0,0,0,0,0,1,0,0,0,0,0,0,1,0,0,0,1,0,0,0,0,0,0,1,1,0,0,0,0,0,1,1,0,0,0,0,0,1
CLI-000556,4212.0,8,23,9,39.1,7,5.65,2,1,4,2,11.5,4,0,467.0,0.02,0,0.12,0,0,0,1,0,0,0,0,1,0,0,0,0,0,1,0,0,0,0,0,0,1,0,0,0,1,0,0,0,1,0,0,0,1,0,0,0,0,0,1,0,0,0,1,0,1,0
CLI-002013,21284.0,8,49,0,0.0,0,0.0,0,0,52,5,19.1,2,0,1038.23,0.22,1,0.0,0,0,0,0,1,0,0,0,0,1,0,0,0,0,0,0,0,0,0,1,0,1,0,0,0,1,0,0,0,0,1,0,0,0,0,0,1,0,1,0,1,0,0,0,0,1,0
CLI-004755,684729.0,24,860,359,41.7,1,0.2,5,7,22,0,3.0,5,0,37956.17,0.03,0,0.19,0,0,0,0,0,1,0,0,0,0,1,0,0,0,1,0,0,0,0,0,0,0,0,1,0,0,1,0,0,1,0,0,0,1,0,0,0,0,1,0,0,0,0,1,0,0,1
CLI-001801,4321.0,4,4,2,50.0,21,8.9,1,2,1,2,17.8,3,0,56.66,0.01,0,0.12,0,0,0,0,0,0,1,0,0,1,0,0,0,0,0,1,0,0,0,0,1,0,0,0,1,0,0,0,1,0,0,0,0,0,1,0,0,0,1,0,0,0,0,1,0,1,0
CLI-003163,5697.0,1,6,5,83.3,85,18.7,11,0,1,0,10.5,4,4,169.44,0.03,0,0.69,0,0,0,1,0,0,0,0,0,1,0,0,0,0,1,0,0,0,0,0,1,0,0,0,0,1,0,0,1,0,0,0,0,0,0,0,1,0,0,1,0,0,0,1,1,0,0
CLI-004434,78523.0,13,107,48,44.9,9,5.65,4,1,0,5,6.5,4,0,4560.0,0.0,0,0.15,0,1,0,0,0,0,0,0,0,0,0,0,1,0,0,0,0,0,0,1,0,0,1,0,0,0,1,0,1,0,0,0,0,0,0,0,1,0,1,0,0,0,0,1,0,0,1
CLI-004435,109754.0,11,102,80,78.4,53,46.6,12,0,1,0,3.2,5,0,5576.93,0.0,0,0.46,0,0,0,0,0,1,0,0,0,0,0,1,0,0,1,0,0,0,0,0,0,0,1,0,0,0,1,0,0,1,0,0,0,0,0,0,1,1,0,0,0,0,0,1,0,1,0
CLI-001990,275464.0,7,193,164,85.0,85,43.2,26,1,0,5,7.8,2,1,15269.61,0.0,0,0.65,0,1,0,0,0,0,0,0,0,1,0,0,0,0,0,0,0,1,0,0,0,0,1,0,0,0,0,1,1,0,0,0,0,0,0,1,0,0,0,1,0,0,0,1,0,1,0
CLI-002236,300.0,11,1,1,100.0,42,10.5,4,0,1,4,24.2,4,0,12.28,0.0,0,0.5,0,0,0,1,0,0,0,0,0,0,0,1,0,0,1,0,0,0,0,0,1,0,0,0,1,0,0,0,0,0,0,1,0,0,1,0,0,1,0,0,0,1,0,0,0,1,0
CLI-004084,515.0,2,11,3,27.3,1,5.65,2,1,14,0,12.1,5,2,132.0,0.23,0,0.25,1,0,0,0,0,0,0,0,0,0,1,0,0,0,0,0,0,0,0,1,1,0,0,0,1,0,0,0,0,0,0,0,1,0,1,0,0,0,1,0,0,0,0,1,1,0,0
CLI-002395,1527.0,23,3,0,0.0,0,0.0,0,0,58,3,25.4,4,0,39.62,0.08,1,0.0,0,0,0,0,0,0,1,0,0,1,0,0,0,0,0,0,0,0,0,1,1,0,0,0,1,0,0,0,0,0,1,0,0,0,0,0,1,0,1,0,0,0,0,1,0,0,1
CLI-000559,79216.0,6,104,22,21.2,2,1.0,8,0,7,5,7.6,2,1,4830.22,0.04,0,0.31,0,1,0,0,0,0,0,0,0,0,0,0,0,1,0,0,0,0,1,0,0,0,1,0,0,0,1,0,0,0,0,1,0,0,0,1,0,0,0,1,0,0,0,1,0,1,0
CLI-004266,446.0,7,3,2,66.7,36,17.1,5,1,0,7,33.9,4,1,38.81,0.0,0,0.62,0,0,1,0,0,0,0,0,0,1,0,0,0,0,1,0,0,0,0,0,1,0,0,0,1,0,0,0,0,0,0,1,0,1,0,0,0,0,1,0,1,0,0,0,0,1,0
CLI-004175,5723.0,7,19,13,68.4,66,52.5,16,0,1,0,5.5,4,1,872.4,0.0,0,0.62,0,0,1,0,0,0,0,0,0,0,0,0,0,1,1,0,0,0,0,0,0,1,0,0,0,0,1,0,1,0,0,0,0,0,1,0,0,0,1,0,0,0,0,1,0,1,0
CLI-002616,475211.0,1,191,156,50.0,48,5.65,21,1,0,4,5.2,2,1,16557.89,0.0,0,0.52,0,1,0,0,0,0,0,0,0,1,0,0,0,0,0,0,0,1,0,0,0,0,1,0,0,0,0,1,0,0,0,0,1,1,0,0,0,1,0,0,0,0,0,1,1,0,0
CLI-002421,11816.0,9,13,8,61.5,29,5.65,9,2,1,5,7.1,5,0,600.43,0.0,0,0.35,0,0,0,0,1,0,0,0,0,0,0,1,0,0,0,1,0,0,0,0,0,1,0,0,0,0,1,0,1,0,0,0,0,0,0,0,1,0,0,1,0,0,0,1,0,1,0
CLI-002151,51891.0,26,27,10,37.0,13,0.9,8,4,1,3,13.0,2,0,735.83,0.0,0,0.5,0,0,0,0,0,1,0,0,0,0,0,0,0,1,0,0,0,0,0,1,0,1,0,0,0,1,0,0,1,0,0,0,0,0,0,0,1,0,1,0,0,0,0,1,0,0,1
CLI-002751,9059.0,7,23,14,60.9,23,13.7,13,3,1,2,5.9,4,1,1004.3,0.0,0,0.5,0,1,0,0,0,0,0,0,0,1,0,0,0,0,1,0,0,0,0,0,0,1,0,0,0,0,1,0,0,1,0,0,0,0,1,0,0,1,0,0,0,0,0,1,0,1,0
CLI-000008,12570.0,2,49,34,69.4,60,31.2,13,0,3,6,10.7,2,2,1916.2,0.05,0,0.5,0,0,0,0,1,0,0,0,0,1,0,0,0,0,1,0,0,0,0,0,0,0,1,0,0,0,1,0,1,0,0,0,0,0,1,0,0,1,0,0,0,0,0,1,1,0,0
CLI-002837,7668.0,2,34,21,61.8,36,21.7,3,1,1,5,34.9,3,5,425.03,0.02,0,0.38,0,0,0,0,0,1,0,1,0,0,0,0,0,0,1,0,0,0,0,0,0,1,0,0,1,0,0,0,0,0,0,0,1,0,0,1,0,1,0,0,0,0,0,1,1,0,0
CLI-004169,31071.0,18,23,12,52.2,15,0.8,2,2,0,0,15.4,5,0,315.76,0.0,0,0.25,0,0,0,1,0,0,0,0,0,1,0,0,0,0,0,0,0,0,1,0,0,1,0,0,1,0,0,0,0,1,0,0,0,1,0,0,0,1,0,0,0,0,0,1,0,0,1
CLI-004043,13670.0,16,31,17,54.8,6,0.7,3,3,5,0,2.3,5,1,757.78,0.01,0,0.19,0,0,1,0,0,0,0,0,1,0,0,0,0,0,1,0,0,0,0,0,0,1,0,0,0,1,0,0,0,0,0,0,1,1,0,0,0,0,0,1,0,0,1,0,0,0,1
CLI-003591,968282.0,12,817,30,3.7,1,0.3,5,3,1,0,0.5,3,1,69460.69,0.0,0,0.12,0,1,0,0,0,0,0,1,0,0,0,0,0,0,1,0,0,0,0,0,0,0,0,1,0,0,0,1,0,0,0,0,1,0,1,0,0,0,1,0,1,0,0,0,0,1,0
CLI-000090,5423.0,1,11,7,63.6,6,0.4,8,0,2,3,22.0,3,1,275.54,0.07,0,0.5,0,1,0,0,0,0,0,0,0,1,0,0,0,0,0,0,1,0,0,0,0,1,0,0,0,1,0,0,0,0,0,1,0,0,0,0,1,0,0,1,0,1,0,0,1,0,0
CLI-001693,838.0,4,2,2,100.0,69,64.3,6,1,1,0,13.2,5,1,24.33,0.01,0,0.75,0,0,1,0,0,0,0,0,0,0,0,1,0,0,0,1,0,0,0,0,1,0,0,0,1,0,0,0,0,0,0,0,1,0,1,0,0,0,1,0,0,0,0,1,0,1,0
CLI-004914,89602.0,1,139,85,61.2,30,11.7,4,0,0,0,9.1,5,0,1883.97,0.0,0,0.5,0,0,0,0,0,1,0,0,0,0,0,0,0,1,1,0,0,0,0,0,0,0,1,0,1,0,0,0,1,0,0,0,0,1,0,0,0,0,0,1,0,1,0,0,1,0,0
CLI-003955,238705.0,16,91,54,59.3,37,25.3,16,2,2,0,5.5,4,0,8821.31,0.0,0,0.4,0,1,0,0,0,0,0,0,0,0,0,0,0,1,0,0,1,0,0,0,0,0,1,0,0,0,0,1,0,0,0,1,0,0,1,0,0,1,0,0,0,0,0,1,0,0,1
CLI-000695,1232.0,7,8,3,37.5,8,2.2,6,2,0,0,3.5,5,2,166.9,0.0,0,0.38,0,0,0,0,0,0,1,0,0,1,0,0,0,0,0,0,0,0,0,1,0,1,0,0,0,1,0,0,1,0,0,0,0,0,0,1,0,0,1,0,0,0,0,1,0,1,0
CLI-002210,157738.0,3,151,70,46.4,20,5.3,10,0,0,6,5.8,1,1,6011.36,0.0,0,0.38,0,0,0,0,0,0,1,1,0,0,0,0,0,0,0,0,0,0,0,1,0,0,1,0,0,0,1,0,0,0,1,0,0,0,0,0,1,0,0,1,0,0,0,1,1,0,0
CLI-003309,29558.0,30,60,13,21.7,1,0.3,4,2,21,2,10.5,2,0,1441.85,0.02,0,0.25,0,0,0,0,0,0,1,0,0,1,0,0,0,0,0,0,0,0,1,0,0,0,1,0,0,1,0,0,1,0,0,0,0,1,0,0,0,0,1,0,0,0,0,1,0,0,1
CLI-004311,169327.0,13,329,259,78.7,69,33.7,23,2,0,1,1.2,4,0,29499.5,0.0,0,0.57,0,0,1,0,0,0,0,0,0,0,0,0,0,1,1,0,0,0,0,0,0,0,0,1,0,0,0,1,0,0,0,0,1,0,0,1,0,0,1,0,0,0,0,1,0,0,1
CLI-003247,1005.0,1,14,8,57.1,24,14.2,5,0,0,2,27.4,3,1,153.16,0.0,0,0.62,0,0,0,0,0,0,1,0,0,1,0,0,0,0,0,1,0,0,0,0,0,1,0,0,1,0,0,0,0,1,0,0,0,0,0,0,1,1,0,0,0,0,0,1,1,0,0
CLI-004161,9355.0,12,35,8,22.9,3,0.6,3,3,15,3,6.0,3,0,1267.55,0.04,0,0.12,1,0,0,0,0,0,0,0,0,1,0,0,0,0,1,0,0,0,0,0,0,1,0,0,0,0,1,0,0,0,1,0,0,0,0,1,0,1,0,0,0,0,0,1,0,1,0
CLI-000111,4343.0,16,30,0,0.0,0,0.0,0,0,98,0,22.6,3,0,378.32,0.2,1,0.0,1,0,0,0,0,0,0,0,0,0,1,0,0,0,1,0,0,0,0,0,0,1,0,0,1,0,0,0,0,0,0,0,1,0,0,0,1,0,1,0,0,0,0,1,0,0,1
CLI-004168,216030.0,8,86,71,82.6,50,32.3,24,1,0,2,6.7,2,1,8498.41,0.0,0,0.6,0,0,0,0,1,0,0,0,1,0,0,0,0,0,0,0,0,0,1,0,0,0,1,0,0,0,0,1,0,0,0,0,1,0,0,1,0,1,0,0,1,0,0,0,0,1,0
CLI-002984,191346.0,11,370,231,62.4,19,5.8,8,2,1,6,18.5,2,0,10606.74,0.0,0,0.5,0,0,0,0,1,0,0,0,0,1,0,0,0,0,1,0,0,0,0,0,0,0,0,1,0,1,0,0,0,0,0,0,1,0,1,0,0,1,0,0,0,0,0,1,0,1,0
CLI-003096,27482.0,4,37,12,32.4,1,0.3,3,2,14,2,13.1,3,0,698.22,0.12,0,0.19,0,0,0,0,0,1,0,0,1,0,0,0,0,0,1,0,0,0,0,0,0,1,0,0,0,1,0,0,0,0,1,0,0,1,0,0,0,0,0,1,0,0,0,1,0,1,0
CLI-000003,100581.0,6,111,80,72.1,53,15.5,12,2,0,0,8.4,4,1,5110.81,0.0,0,0.46,0,1,0,0,0,0,0,1,0,0,0,0,0,0,1,0,0,0,0,0,0,0,1,0,0,0,1,0,1,0,0,0,0,0,1,0,0,0,0,1,0,1,0,0,0,1,0
CLI-002032,881.0,5,10,3,30.0,8,5.5,5,1,8,2,18.6,3,2,89.53,0.05,0,0.62,0,0,0,0,0,1,0,1,0,0,0,0,0,0,1,0,0,0,0,0,1,0,0,0,1,0,0,0,0,0,0,1,0,0,1,0,0,0,1,0,0,1,0,0,0,1,0
CLI-003787,726549.0,6,164,76,46.3,15,4.0,21,1,1,2,3.9,3,1,15017.55,0.01,0,0.52,0,0,0,0,0,0,1,0,0,0,0,0,0,1,0,0,0,1,0,0,0,0,1,0,0,0,0,1,1,0,0,0,0,0,0,1,0,0,0,1,0,0,0,1,0,1,0
CLI-000587,3717.0,10,21,14,66.7,37,24.6,3,4,1,2,30.2,3,0,283.28,0.0,0,0.38,1,0,0,0,0,0,0,0,1,0,0,0,0,0,1,0,0,0,0,0,0,1,0,0,1,0,0,0,0,1,0,0,0,0,1,0,0,0,0,1,0,0,0,1,0,1,0
CLI-003960,667.0,1,3,1,33.3,11,3.7,2,0,0,0,11.9,5,6,36.96,0.0,0,0.25,0,0,1,0,0,0,0,0,1,0,0,0,0,0,1,0,0,0,0,0,1,0,0,0,1,0,0,0,0,0,0,1,0,0,1,0,0,1,0,0,0,0,0,1,1,0,0
CLI-003005,1373.0,21,2,1,50.0,11,2.2,2,5,2,2,30.1,2,0,26.58,0.0,0,0.25,0,0,0,0,1,0,0,0,0,0,0,0,0,1,0,0,0,0,0,1,1,0,0,0,1,0,0,0,0,0,0,1,0,1,0,0,0,0,0,1,0,0,0,1,0,0,1
CLI-001008,250729.0,17,49,14,28.6,5,1.6,19,1,0,0,6.2,4,0,4131.99,0.0,0,0.48,1,0,0,0,0,0,0,0,0,0,0,1,0,0,1,0,0,0,0,0,0,0,1,0,0,0,0,1,0,0,1,0,0,0,0,1,0,0,1,0,0,0,0,1,0,0,1
CLI-001535,14131.0,5,20,16,80.0,61,50.9,10,1,1,3,9.8,3,0,783.29,0.01,0,0.38,0,0,1,0,0,0,0,0,0,0,1,0,0,0,0,0,0,0,0,1,0,1,0,0,0,0,1,0,0,1,0,0,0,0,1,0,0,1,0,0,0,0,0,1,0,1,0
CLI-002495,4844.0,16,7,5,71.4,29,22.3,6,2,0,2,11.2,3,0,179.0,0.0,0,0.38,1,0,0,0,0,0,0,0,0,0,0,0,0,1,0,0,0,0,1,0,0,1,0,0,0,1,0,0,0,0,1,0,0,0,0,0,1,1,0,0,0,0,0,1,0,0,1
CLI-000066,411063.0,28,360,158,43.9,18,3.8,15,7,1,8,7.4,1,0,14744.01,0.0,0,0.58,0,1,0,0,0,0,0,0,0,0,0,0,1,0,0,0,0,0,1,0,0,0,0,1,0,0,1,0,0,0,1,0,0,0,1,0,0,0,0,1,0,0,0,1,0,0,1
CLI-000763,6321.0,7,32,15,46.9,1,0.3,5,3,14,3,7.5,3,2,770.88,0.07,0,0.31,0,0,0,0,0,0,1,0,0,0,1,0,0,0,1,0,0,0,0,0,0,1,0,0,0,1,0,0,0,0,1,0,0,0,0,1,0,0,1,0,0,0,0,1,0,1,0
CLI-000533,291087.0,4,747,516,69.1,38,18.5,7,0,2,0,5.9,5,0,19721.35,0.02,0,0.44,0,0,0,0,0,1,0,0,1,0,0,0,0,0,0,0,0,0,0,1,0,0,0,1,0,1,0,0,0,0,1,0,0,1,0,0,0,0,0,1,0,0,0,1,0,1,0
CLI-000557,5251.0,7,15,1,6.7,1,0.1,2,0,3,0,4.4,3,1,640.35,0.01,0,0.08,0,0,0,0,0,1,0,0,0,0,0,0,1,0,1,0,0,0,0,0,0,1,0,0,0,0,1,0,0,0,0,1,0,1,0,0,0,0,0,1,1,0,0,0,0,1,0
CLI-003576,78274.0,8,44,13,29.5,1,0.6,9,1,2,1,10.5,5,1,3535.4,0.01,0,0.22,0,0,1,0,0,0,0,0,0,1,0,0,0,0,1,0,0,0,0,0,0,0,1,0,0,0,0,1,0,0,1,0,0,0,0,0,1,0,1,0,0,0,0,1,0,1,0
CLI-002604,3301.0,8,5,4,80.0,69,30.4,3,2,2,1,21.5,4,1,70.63,0.01,0,0.38,0,0,0,1,0,0,0,0,0,0,1,0,0,0,1,0,0,0,0,0,1,0,0,0,1,0,0,0,1,0,0,0,0,1,0,0,0,0,1,0,0,1,0,0,0,1,0
CLI-001117,1409.0,1,10,4,40.0,13,9.1,6,0,1,3,8.5,3,1,343.74,0.03,0,0.23,1,0,0,0,0,0,0,0,0,0,0,0,1,0,0,0,0,1,0,0,0,1,0,0,0,0,1,0,0,0,1,0,0,1,0,0,0,1,0,0,0,1,0,0,1,0,0
CLI-003672,85505.0,14,52,28,53.8,21,5.5,12,6,2,4,8.2,3,0,2543.28,0.0,0,0.46,1,0,0,0,0,0,0,1,0,0,0,0,0,0,1,0,0,0,0,0,0,1,0,0,0,0,1,0,0,0,0,1,0,0,1,0,0,0,1,0,0,0,0,1,0,0,1
CLI-002471,176048.0,6,198,108,54.5,28,6.9,13,0,0,4,4.5,3,1,8945.54,0.0,0,0.5,0,0,0,1,0,0,0,0,0,0,0,0,1,0,1,0,0,0,0,0,0,0,1,0,0,0,1,0,1,0,0,0,0,1,0,0,0,0,0,1,0,1,0,0,0,1,0
CLI-000510,6678.0,1,55,27,49.1,10,1.8,4,0,4,3,11.9,4,2,1018.03,0.13,0,0.25,0,1,0,0,0,0,0,0,1,0,0,0,0,0,0,1,0,0,0,0,0,1,0,0,0,1,0,0,0,0,0,0,1,0,0,1,0,1,0,0,0,0,0,1,1,0,0
CLI-004663,2682.0,7,11,2,18.2,4,1.7,2,1,2,5,36.7,3,0,142.21,0.01,0,0.25,0,0,0,0,1,0,0,1,0,0,0,0,0,0,0,0,0,1,0,0,1,0,0,0,1,0,0,0,0,0,0,0,1,0,0,1,0,1,0,0,0,0,0,1,0,1,0
CLI-004670,300.0,20,1,1,100.0,10,5.65,3,1,6,6,27.0,3,0,10.86,0.01,0,0.38,0,0,0,0,0,0,1,1,0,0,0,0,0,0,1,0,0,0,0,0,1,0,0,0,1,0,0,0,0,0,1,0,0,0,0,0,1,0,1,0,0,0,0,1,0,0,1
CLI-004752,20715.0,9,12,10,83.3,57,47.9,18,0,0,2,5.3,4,0,616.14,0.0,0,0.69,0,0,1,0,0,0,0,1,0,0,0,0,0,0,1,0,0,0,0,0,0,1,0,0,0,0,1,0,0,0,0,0,1,0,1,0,0,0,0,1,0,1,0,0,0,1,0
CLI-004470,300.0,3,1,1,100.0,77,52.4,4,2,0,6,36.2,2,0,10.92,0.0,0,0.5,0,0,0,0,0,0,1,0,0,0,0,0,0,1,1,0,0,0,0,0,1,0,0,0,1,0,0,0,0,1,0,0,0,0,1,0,0,1,0,0,1,0,0,0,1,0,0
CLI-003544,3567.0,16,9,8,88.9,79,38.4,4,4,0,5,10.5,5,0,135.95,0.0,0,0.5,0,0,0,0,0,0,1,0,0,0,0,1,0,0,1,0,0,0,0,0,1,0,0,0,1,0,0,0,1,0,0,0,0,0,0,1,0,0,0,1,0,0,0,1,0,0,1
CLI-001936,112716.0,1,137,75,54.7,19,15.4,16,0,3,2,4.3,3,3,9818.47,0.1,0,0.4,0,1,0,0,0,0,0,0,0,1,0,0,0,0,1,0,0,0,0,0,0,0,1,0,0,0,0,1,0,0,1,0,0,0,1,0,0,1,0,0,0,0,0,1,1,0,0
CLI-002303,4880.0,19,26,16,61.5,44,11.4,9,3,1,7,17.6,2,0,595.18,0.0,0,0.56,0,0,0,1,0,0,0,0,0,1,0,0,0,0,1,0,0,0,0,0,0,1,0,0,0,1,0,0,0,1,0,0,0,0,1,0,0,0,1,0,0,0,0,1,0,0,1
CLI-001522,18564.0,18,58,0,0.0,0,0.0,0,0,35,0,18.6,5,0,754.63,0.06,1,0.0,0,0,0,0,0,1,0,0,0,0,0,0,0,1,1,0,0,0,0,0,0,1,0,0,1,0,0,0,0,0,1,0,0,0,0,0,1,1,0,0,1,0,0,0,0,0,1
CLI-002959,11345.0,1,197,119,60.4,41,29.8,5,0,2,4,37.1,1,2,2364.0,0.07,0,0.62,0,0,0,0,0,0,1,0,1,0,0,0,0,0,1,0,0,0,0,0,0,0,1,0,1,0,0,0,1,0,0,0,0,1,0,0,0,1,0,0,0,0,0,1,1,0,0
CLI-004123,300.0,5,7,2,50.0,1,0.3,2,1,24,3,29.8,3,0,70.22,0.16,0,0.25,0,1,0,0,0,0,0,0,1,0,0,0,0,0,1,0,0,0,0,0,1,0,0,0,1,0,0,0,1,0,0,0,0,1,0,0,0,1,0,0,0,0,0,1,0,1,0
CLI-003223,49904.0,24,55,5,9.1,1,0.3,5,6,4,6,9.5,2,0,2254.03,0.01,0,0.19,0,1,0,0,0,0,0,0,1,0,0,0,0,0,0,0,1,0,0,0,0,0,1,0,0,0,1,0,0,0,1,0,0,0,0,1,0,0,0,1,1,0,0,0,0,0,1
CLI-000252,84587.0,25,53,32,60.4,23,12.8,12,3,0,2,7.3,3,0,2385.0,0.0,0,0.46,0,0,0,0,0,1,0,1,0,0,0,0,0,0,1,0,0,0,0,0,0,1,0,0,0,0,1,0,1,0,0,0,0,0,0,1,0,0,1,0,0,1,0,0,0,0,1
CLI-001965,2726.0,30,6,4,50.0,47,36.9,3,8,1,5,30.6,4,0,77.3,0.0,0,0.38,0,1,0,0,0,0,0,0,0,1,0,0,0,0,1,0,0,0,0,0,1,0,0,0,1,0,0,0,0,0,1,0,0,0,0,0,1,0,1,0,0,0,0,1,0,0,1
CLI-002941,725655.0,23,274,218,79.6,54,45.8,23,2,2,3,3.5,3,0,18828.62,0.0,0,0.57,1,0,0,0,0,0,0,1,0,0,0,0,0,0,0,1,0,0,0,0,0,0,0,1,0,0,0,1,0,0,0,0,1,1,0,0,0,0,0,1,0,0,0,1,0,0,1
CLI-000056,19035.0,7,39,18,46.2,16,8.7,4,1,0,1,10.5,3,4,859.76,0.0,0,0.25,0,0,0,0,1,0,0,0,1,0,0,0,0,0,0,0,0,0,1,0,0,1,0,0,0,1,0,0,1,0,0,0,0,0,1,0,0,1,0,0,0,0,0,1,0,1,0
CLI-002043,300.0,20,3,1,33.3,1,0.5,2,6,13,2,19.2,4,0,31.68,0.02,0,0.25,0,0,0,0,0,0,1,0,0,1,0,0,0,0,0,1,0,0,0,0,1,0,0,0,1,0,0,0,1,0,0,0,0,0,0,0,1,0,1,0,0,1,0,0,0,0,1
CLI-000710,34994.0,18,133,80,60.2,26,5.65,5,2,0,1,16.1,3,0,3556.34,0.0,0,0.31,0,0,0,0,1,0,0,0,0,0,0,1,0,0,1,0,0,0,0,0,0,0,1,0,0,1,0,0,1,0,0,0,0,1,0,0,0,0,0,1,0,0,0,1,0,0,1
CLI-003943,87881.0,6,141,0,50.0,0,0.0,0,0,77,3,8.3,4,0,5358.6,0.43,1,0.0,0,0,0,0,1,0,0,0,0,0,0,1,0,0,0,0,0,0,0,1,0,0,1,0,0,0,1,0,0,1,0,0,0,0,1,0,0,0,1,0,0,0,0,1,0,1,0
CLI-002186,306.0,11,2,1,50.0,30,17.3,4,1,3,0,18.3,5,1,23.31,0.01,0,0.5,0,0,0,0,0,1,0,0,0,0,0,1,0,0,0,0,1,0,0,0,1,0,0,0,1,0,0,0,0,0,1,0,0,0,0,0,1,0,0,1,0,1,0,0,0,1,0
CLI-001057,300.0,14,2,1,50.0,1,5.65,1,4,16,0,19.4,4,0,21.69,0.04,0,0.12,0,1,0,0,0,0,0,0,0,1,0,0,0,0,1,0,0,0,0,0,1,0,0,0,1,0,0,0,0,0,1,0,0,0,1,0,0,0,0,1,0,0,0,1,0,0,1
CLI-001222,300.0,7,2,1,50.0,1,0.1,0,2,30,5,21.8,2,0,17.98,0.14,1,0.0,0,0,1,0,0,0,0,0,0,0,0,1,0,0,1,0,0,0,0,0,1,0,0,0,1,0,0,0,1,0,0,0,0,0,0,1,0,1,0,0,0,0,0,1,0,1,0
CLI-001115,5463.0,7,18,5,27.8,13,3.5,7,2,3,2,5.2,4,0,666.24,0.01,0,0.27,0,0,0,0,1,0,0,0,0,0,0,1,0,0,0,0,0,0,1,0,0,1,0,0,0,0,1,0,1,0,0,0,0,0,0,0,1,0,1,0,0,0,0,1,0,1,0
CLI-001961,439829.0,6,78,37,47.4,24,8.2,14,0,1,2,2.3,2,0,6541.18,0.01,0,0.35,0,1,0,0,0,0,0,0,0,0,0,0,1,0,0,0,0,1,0,0,0,0,1,0,0,0,0,1,0,0,1,0,0,0,0,0,1,0,1,0,1,0,0,0,0,1,0
CLI-004902,866.0,21,8,4,50.0,12,3.5,3,7,2,4,33.8,3,0,96.06,0.0,0,0.38,0,0,1,0,0,0,0,0,0,0,0,1,0,0,0,0,0,1,0,0,1,0,0,0,1,0,0,0,0,1,0,0,0,0,0,1,0,0,1,0,0,0,0,1,0,0,1
CLI-001411,73400.0,3,53,42,79.2,69,42.2,8,1,0,7,18.2,2,3,1297.27,0.0,0,0.5,1,0,0,0,0,0,0,0,0,1,0,0,0,0,0,0,0,0,1,0,0,0,1,0,0,1,0,0,0,0,0,0,1,0,0,1,0,0,0,1,0,0,0,1,1,0,0
CLI-002135,9114.0,4,10,7,70.0,42,23.3,8,3,2,2,11.9,4,0,277.88,0.02,0,0.5,0,1,0,0,0,0,0,1,0,0,0,0,0,0,0,1,0,0,0,0,1,0,0,0,0,1,0,0,0,0,0,1,0,0,0,0,1,1,0,0,0,0,1,0,0,1,0
CLI-002017,300.0,12,8,3,37.5,23,8.6,4,3,2,3,34.9,3,0,81.61,0.01,0,0.5,0,0,1,0,0,0,0,0,0,1,0,0,0,0,1,0,0,0,0,0,1,0,0,0,1,0,0,0,0,1,0,0,0,1,0,0,0,0,1,0,0,0,0,1,0,1,0
CLI-003572,177262.0,10,58,0,0.0,0,0.0,0,0,38,3,0.5,4,0,3860.23,0.13,1,0.0,0,0,0,1,0,0,0,1,0,0,0,0,0,0,0,1,0,0,0,0,0,1,0,0,0,0,0,1,1,0,0,0,0,0,0,0,1,0,1,0,1,0,0,0,0,1,0
CLI-003361,3039.0,1,27,10,37.0,6,2.0,4,0,21,2,16.0,4,2,336.95,0.7,0,0.5,0,0,0,0,1,0,0,0,0,0,1,0,0,0,0,0,0,1,0,0,0,1,0,0,1,0,0,0,1,0,0,0,0,0,1,0,0,1,0,0,0,0,0,1,1,0,0
CLI-001122,9811.0,8,29,21,72.4,67,41.9,9,2,0,2,10.6,5,0,747.8,0.0,0,0.56,0,1,0,0,0,0,0,0,0,0,0,0,0,1,1,0,0,0,0,0,0,1,0,0,0,1,0,0,1,0,0,0,0,0,0,1,0,1,0,0,0,0,0,1,0,1,0
CLI-000029,10266.0,11,27,21,77.8,57,47.0,11,3,1,1,13.4,3,0,658.93,0.0,0,0.69,0,0,0,1,0,0,0,0,0,0,0,1,0,0,0,0,1,0,0,0,0,1,0,0,0,1,0,0,1,0,0,0,0,0,1,0,0,0,0,1,0,0,0,1,0,1,0
CLI-000172,4139.0,11,29,14,48.3,12,5.65,2,1,6,3,22.7,3,2,336.54,0.02,0,0.25,0,0,0,0,0,1,0,0,0,0,0,1,0,0,0,0,0,0,0,1,0,1,0,0,1,0,0,0,0,1,0,0,0,0,0,1,0,1,0,0,0,0,0,1,0,1,0
CLI-002504,28671.0,12,59,22,50.0,12,8.2,7,1,4,4,13.7,2,0,1589.32,0.01,0,0.44,0,1,0,0,0,0,0,0,0,0,0,0,0,1,1,0,0,0,0,0,0,1,0,0,0,1,0,0,0,0,1,0,0,0,0,0,1,0,1,0,0,0,0,1,0,1,0
CLI-001931,109736.0,18,47,0,0.0,0,0.0,0,0,96,3,4.7,4,0,2624.01,0.18,1,0.0,0,0,0,0,0,0,1,0,0,0,0,0,0,1,1,0,0,0,0,0,0,1,0,0,0,0,1,0,0,1,0,0,0,1,0,0,0,0,0,1,0,0,0,1,0,0,1
CLI-003099,3832.0,3,11,6,54.5,38,24.8,9,0,1,0,12.5,3,0,245.96,0.01,0,0.56,0,0,0,0,0,1,0,0,0,1,0,0,0,0,0,0,0,0,1,0,1,0,0,0,0,1,0,0,0,0,1,0,0,0,0,0,1,0,0,1,0,0,0,1,1,0,0
CLI-000406,1433.0,6,3,2,66.7,33,12.7,4,2,1,4,25.4,4,3,41.61,0.01,0,0.5,0,0,0,0,0,1,0,0,0,1,0,0,0,0,0,0,1,0,0,0,1,0,0,0,1,0,0,0,0,0,0,1,0,1,0,0,0,0,0,1,0,0,0,1,0,1,0
CLI-003558,35862.0,10,96,35,36.5,10,1.5,5,3,1,11,10.1,3,1,3644.47,0.0,0,0.19,1,0,0,0,0,0,0,0,0,0,1,0,0,0,1,0,0,0,0,0,0,0,1,0,0,0,1,0,0,0,0,1,0,1,0,0,0,0,1,0,1,0,0,0,0,1,0
CLI-001942,18230.0,17,32,0,0.0,0,0.0,0,0,38,0,4.2,4,0,1587.94,0.07,1,0.0,0,0,0,0,1,0,0,0,0,0,0,1,0,0,0,0,0,0,0,1,0,1,0,0,0,0,1,0,0,0,0,0,1,0,1,0,0,0,1,0,1,0,0,0,0,0,1
CLI-004354,154088.0,18,158,41,25.9,4,0.9,9,2,17,6,7.4,3,0,8541.47,0.03,0,0.35,0,1,0,0,0,0,0,0,0,0,0,0,0,1,1,0,0,0,0,0,0,0,1,0,0,0,1,0,0,0,1,0,0,0,0,0,1,1,0,0,1,0,0,0,0,0,1
CLI-003410,55719.0,2,201,105,52.2,35,2.6,10,0,4,0,4.1,5,1,4529.97,0.07,0,0.62,0,0,0,0,0,0,1,0,0,0,0,0,0,1,1,0,0,0,0,0,0,0,1,0,0,1,0,0,0,0,0,1,0,0,0,1,0,0,1,0,0,1,0,0,1,0,0
CLI-004432,52241.0,13,34,25,73.5,51,27.5,10,3,0,1,13.0,4,0,950.88,0.0,0,0.62,1,0,0,0,0,0,0,0,0,1,0,0,0,0,0,0,0,0,0,1,0,1,0,0,0,1,0,0,0,0,0,1,0,0,0,0,1,1,0,0,0,0,1,0,0,0,1
CLI-002987,76617.0,1,49,37,75.5,70,53.9,12,0,0,2,8.5,3,0,2458.83,0.0,0,0.46,0,0,1,0,0,0,0,0,0,1,0,0,0,0,1,0,0,0,0,0,0,0,1,0,0,0,1,0,0,0,0,0,1,1,0,0,0,1,0,0,0,1,0,0,1,0,0
CLI-001536,60145.0,1,217,148,68.2,29,21.6,13,0,0,7,7.6,2,0,9168.37,0.0,0,0.5,0,1,0,0,0,0,0,1,0,0,0,0,0,0,1,0,0,0,0,0,0,0,1,0,0,0,1,0,1,0,0,0,0,0,1,0,0,0,0,1,0,0,0,1,1,0,0
CLI-003332,52313.0,5,41,35,85.4,96,58.2,17,0,1,1,9.7,5,3,2199.88,0.01,0,0.65,0,0,0,0,0,0,1,1,0,0,0,0,0,0,1,0,0,0,0,0,0,1,0,0,0,0,1,0,0,0,0,0,1,1,0,0,0,0,1,0,0,1,0,0,0,1,0
CLI-000925,1306.0,27,1,1,100.0,57,42.0,5,11,1,8,40.1,2,0,13.27,0.0,0,0.62,0,1,0,0,0,0,0,0,0,0,0,0,0,1,0,0,0,0,0,1,1,0,0,0,1,0,0,0,0,0,0,0,1,0,0,0,1,1,0,0,0,0,0,1,0,0,1
CLI-002131,4355.0,16,10,6,50.0,34,10.7,4,4,1,8,44.7,1,0,126.44,0.0,0,0.5,0,1,0,0,0,0,0,0,0,1,0,0,0,0,1,0,0,0,0,0,1,0,0,0,1,0,0,0,0,1,0,0,0,0,0,0,1,1,0,0,0,0,0,1,0,0,1
CLI-000399,13263.0,2,15,7,46.7,20,9.2,5,1,0,0,3.3,3,2,278.86,0.0,0,0.31,1,0,0,0,0,0,0,0,0,0,0,1,0,0,0,0,0,0,0,1,0,1,0,0,0,1,0,0,0,0,0,0,1,0,0,1,0,0,1,0,0,1,0,0,1,0,0
CLI-003832,481528.0,22,545,183,33.6,1,0.4,18,5,16,0,0.5,4,0,45171.44,0.02,0,0.45,0,0,0,1,0,0,0,0,0,1,0,0,0,0,0,0,0,0,0,1,0,0,0,1,0,0,0,1,1,0,0,0,0,0,0,1,0,0,1,0,0,1,0,0,0,0,1
CLI-003683,370.0,1,5,1,20.0,6,2.6,6,2,2,0,10.3,5,2,112.94,0.07,0,0.38,1,0,0,0,0,0,0,0,0,0,0,0,0,1,1,0,0,0,0,0,1,0,0,0,0,1,0,0,0,1,0,0,0,0,1,0,0,0,0,1,1,0,0,0,1,0,0
CLI-000661,24071.0,17,16,3,18.8,4,1.1,3,3,1,2,8.9,4,0,481.22,0.0,0,0.19,0,0,0,0,0,1,0,0,1,0,0,0,0,0,0,1,0,0,0,0,0,1,0,0,0,1,0,0,0,0,0,1,0,0,0,0,1,0,0,1,0,0,0,1,0,0,1
CLI-003273,300.0,10,1,1,100.0,22,5.65,3,3,2,4,18.4,4,0,11.77,0.01,0,0.38,0,0,0,1,0,0,0,0,0,1,0,0,0,0,0,0,0,0,1,0,1,0,0,0,1,0,0,0,0,0,0,0,1,1,0,0,0,0,1,0,0,0,1,0,0,1,0
CLI-004652,73064.0,18,47,22,46.8,23,7.2,5,1,1,0,7.9,5,0,1350.04,0.0,0,0.31,1,0,0,0,0,0,0,1,0,0,0,0,0,0,0,0,0,0,0,1,0,1,0,0,0,1,0,0,0,0,1,0,0,0,1,0,0,1,0,0,0,0,0,1,0,0,1
CLI-000063,300.0,20,1,1,100.0,72,22.0,3,5,0,2,31.8,2,0,13.54,0.0,0,0.38,0,0,0,0,0,1,0,0,1,0,0,0,0,0,0,1,0,0,0,0,1,0,0,0,1,0,0,0,0,1,0,0,0,0,0,0,1,0,1,0,0,0,0,1,0,0,1
CLI-001608,3328.0,16,6,3,50.0,15,0.8,4,2,3,0,3.4,3,0,312.16,0.01,0,0.15,0,0,0,0,0,1,0,0,0,0,0,0,1,0,1,0,0,0,0,0,0,1,0,0,0,0,1,0,0,1,0,0,0,0,0,1,0,1,0,0,0,1,0,0,0,0,1
CLI-002807,873233.0,17,504,295,58.5,32,7.3,14,2,2,6,6.8,3,0,24202.68,0.0,0,0.54,1,0,0,0,0,0,0,0,0,0,0,1,0,0,1,0,0,0,0,0,0,0,0,1,0,0,1,0,0,0,1,0,0,0,0,0,1,0,1,0,0,0,0,1,0,0,1
CLI-001444,13578.0,14,13,7,53.8,26,18.4,5,5,0,0,1.1,5,0,331.18,0.0,0,0.31,0,1,0,0,0,0,0,0,0,0,1,0,0,0,0,0,0,0,1,0,0,1,0,0,0,1,0,0,0,0,0,1,0,0,0,1,0,1,0,0,0,0,0,1,0,0,1
CLI-000888,1870.0,18,1,0,0.0,0,0.0,0,0,133,0,9.1,5,0,29.62,0.25,1,0.0,0,0,0,0,0,1,0,0,0,1,0,0,0,0,0,1,0,0,0,0,1,0,0,0,0,1,0,0,0,1,0,0,0,0,0,0,1,0,1,0,1,0,0,0,0,0,1
CLI-003202,10060.0,1,16,13,81.2,30,24.3,10,0,2,2,10.5,3,0,395.76,0.07,0,0.62,0,0,0,0,0,1,0,1,0,0,0,0,0,0,1,0,0,0,0,0,0,1,0,0,0,1,0,0,1,0,0,0,0,0,0,0,1,1,0,0,0,1,0,0,1,0,0
CLI-004001,18861.0,1,40,11,27.5,9,2.0,13,1,15,2,10.5,3,2,1533.42,0.5,0,0.5,0,0,0,0,0,0,1,0,0,0,0,1,0,0,1,0,0,0,0,0,0,1,0,0,0,0,1,0,0,0,1,0,0,0,0,0,1,1,0,0,0,0,0,1,1,0,0
CLI-001532,1237.0,8,9,4,44.4,9,5.65,5,3,2,0,4.9,5,1,107.75,0.01,0,0.62,0,0,0,0,1,0,0,0,0,1,0,0,0,0,1,0,0,0,0,0,1,0,0,0,1,0,0,0,0,0,0,0,1,0,0,0,1,0,0,1,0,0,0,1,0,1,0
CLI-002247,480.0,3,11,3,27.3,5,0.7,2,1,10,2,23.1,3,0,117.0,0.11,0,0.25,0,0,0,0,0,1,0,0,0,0,1,0,0,0,0,1,0,0,0,0,1,0,0,0,1,0,0,0,0,0,0,0,1,0,0,0,1,1,0,0,0,0,0,1,1,0,0
CLI-002030,52892.0,13,44,29,65.9,39,20.4,13,2,0,0,2.7,4,0,2303.68,0.0,0,0.5,0,0,0,0,1,0,0,0,0,0,0,0,1,0,1,0,0,0,0,0,0,1,0,0,0,0,1,0,0,1,0,0,0,1,0,0,0,1,0,0,0,1,0,0,0,0,1
CLI-000206,1082227.0,19,725,123,17.0,1,0.6,2,5,1,0,0.5,4,0,57382.11,0.0,0,0.05,0,0,0,0,0,1,0,0,0,0,1,0,0,0,1,0,0,0,0,0,0,0,0,1,0,0,0,1,0,0,0,1,0,0,0,1,0,0,0,1,0,0,0,1,0,0,1
CLI-001346,2468.0,20,9,0,0.0,0,0.0,0,0,84,0,25.0,1,0,136.81,0.14,1,0.0,0,0,1,0,0,0,0,0,0,0,1,0,0,0,1,0,0,0,0,0,0,1,0,0,1,0,0,0,0,0,1,0,0,0,1,0,0,0,1,0,1,0,0,0,0,0,1
CLI-000826,4669.0,10,9,5,55.6,25,1.2,27,4,0,3,4.4,3,0,632.69,0.0,0,0.68,0,0,0,0,1,0,0,0,0,1,0,0,0,0,1,0,0,0,0,0,1,0,0,0,0,0,0,1,1,0,0,0,0,0,1,0,0,0,0,1,0,0,0,1,0,1,0
CLI-001728,7395.0,1,4,3,75.0,44,19.4,13,0,1,2,5.4,3,0,320.0,0.03,0,0.32,0,1,0,0,0,0,0,0,0,1,0,0,0,0,1,0,0,0,0,0,1,0,0,0,0,0,0,1,0,0,0,1,0,0,1,0,0,1,0,0,0,0,0,1,1,0,0
CLI-003212,28661.0,5,34,32,94.1,107,113.4,11,1,0,0,10.0,5,0,812.85,0.0,0,0.69,0,1,0,0,0,0,0,1,0,0,0,0,0,0,0,0,1,0,0,0,0,1,0,0,0,1,0,0,0,0,0,1,0,0,0,0,1,0,0,1,0,1,0,0,0,1,0
CLI-000419,329.0,9,11,7,63.6,33,19.5,3,3,2,2,10.5,4,1,100.31,0.01,0,0.38,0,0,0,0,0,1,0,0,1,0,0,0,0,0,1,0,0,0,0,0,1,0,0,0,1,0,0,0,1,0,0,0,0,0,0,0,1,0,1,0,0,0,0,1,0,1,0
CLI-001516,806.0,1,21,0,0.0,0,0.0,0,0,30,7,35.9,3,0,196.63,1.0,1,0.0,1,0,0,0,0,0,0,0,0,1,0,0,0,0,0,1,0,0,0,0,0,1,0,0,1,0,0,0,0,0,0,1,0,1,0,0,0,1,0,0,1,0,0,0,1,0,0
CLI-000115,52095.0,18,48,13,27.1,5,0.9,7,9,14,1,5.7,3,0,2117.68,0.03,0,0.27,0,0,0,1,0,0,0,0,0,0,0,1,0,0,1,0,0,0,0,0,0,1,0,0,0,0,1,0,0,0,1,0,0,0,0,0,1,1,0,0,0,0,0,1,0,0,1
CLI-000955,1218.0,8,4,3,75.0,36,5.65,4,0,0,3,40.6,3,0,49.53,0.0,0,0.5,0,0,0,0,1,0,0,0,0,0,0,0,0,1,1,0,0,0,0,0,1,0,0,0,1,0,0,0,0,0,0,1,0,1,0,0,0,1,0,0,0,1,0,0,0,1,0
CLI-004816,1047.0,6,5,1,20.0,3,1.2,5,0,3,2,24.1,5,1,63.85,0.02,0,0.62,0,0,0,0,0,0,1,0,1,0,0,0,0,0,0,0,1,0,0,0,1,0,0,0,1,0,0,0,0,0,0,0,1,0,1,0,0,0,0,1,1,0,0,0,0,1,0
CLI-002472,21611.0,9,32,16,50.0,8,1.9,2,2,0,1,8.1,3,0,752.98,0.0,0,0.12,0,0,0,1,0,0,0,0,0,1,0,0,0,0,1,0,0,0,0,0,0,1,0,0,0,1,0,0,1,0,0,0,0,0,0,1,0,1,0,0,0,1,0,0,0,1,0
CLI-003868,20926.0,16,19,9,47.4,13,7.2,3,3,0,1,22.4,4,0,255.2,0.0,0,0.38,0,1,0,0,0,0,0,0,0,0,0,1,0,0,1,0,0,0,0,0,0,1,0,0,1,0,0,0,0,0,0,0,1,0,0,0,1,0,0,1,0,0,1,0,0,0,1
CLI-001032,1444602.0,20,460,130,28.3,4,0.5,18,4,8,6,4.2,2,0,41945.48,0.01,0,0.45,0,1,0,0,0,0,0,0,0,0,0,0,1,0,1,0,0,0,0,0,0,0,0,1,0,0,0,1,1,0,0,0,0,0,0,0,1,0,1,0,1,0,0,0,0,0,1
CLI-004620,2731.0,1,27,21,77.8,61,53.2,7,0,4,2,15.2,2,0,555.09,0.13,0,0.44,0,0,0,0,1,0,0,0,0,0,0,1,0,0,1,0,0,0,0,0,0,1,0,0,0,1,0,0,0,0,1,0,0,1,0,0,0,0,1,0,1,0,0,0,1,0,0
CLI-003659,30915.0,9,56,0,0.0,0,0.0,0,2,47,5,10.5,3,0,2692.91,0.17,1,0.0,0,0,0,0,0,1,0,1,0,0,0,0,0,0,1,0,0,0,0,0,0,1,0,0,0,0,1,0,0,0,1,0,0,0,0,0,1,1,0,0,1,0,0,0,0,1,0
CLI-000495,4732.0,1,6,3,50.0,30,8.2,2,0,1,2,19.3,3,1,79.05,0.03,0,0.25,0,1,0,0,0,0,0,1,0,0,0,0,0,0,0,1,0,0,0,0,1,0,0,0,1,0,0,0,0,0,0,1,0,0,0,1,0,0,0,1,0,0,0,1,1,0,0
CLI-001209,1343.0,7,6,1,16.7,2,0.7,2,1,18,8,35.5,3,0,65.52,0.09,0,0.25,1,0,0,0,0,0,0,0,0,0,0,0,0,1,0,0,1,0,0,0,1,0,0,0,1,0,0,0,1,0,0,0,0,0,0,1,0,1,0,0,0,0,0,1,0,1,0
CLI-001899,108779.0,19,27,0,0.0,0,0.0,0,0,200,4,3.7,2,0,2139.64,0.35,1,0.0,0,0,1,0,0,0,0,0,0,0,1,0,0,0,0,0,0,1,0,0,0,1,0,0,0,0,0,1,0,1,0,0,0,0,0,0,1,0,0,1,0,0,0,1,0,0,1
CLI-003126,570.0,13,4,2,50.0,10,2.3,3,1,3,5,13.7,3,0,99.28,0.01,0,0.19,1,0,0,0,0,0,0,0,1,0,0,0,0,0,1,0,0,0,0,0,1,0,0,0,0,1,0,0,0,1,0,0,0,0,0,0,1,1,0,0,0,0,0,1,0,0,1
CLI-002942,2007.0,6,4,2,50.0,17,7.8,1,2,1,4,23.3,3,2,48.0,0.01,0,0.12,0,1,0,0,0,0,0,1,0,0,0,0,0,0,1,0,0,0,0,0,1,0,0,0,1,0,0,0,0,0,0,1,0,1,0,0,0,0,1,0,0,1,0,0,0,1,0
CLI-003551,10128.0,1,58,10,17.2,1,0.2,1,0,0,2,3.3,2,6,1764.48,0.0,0,0.04,0,0,0,0,0,1,0,0,0,0,0,1,0,0,1,0,0,0,0,0,0,1,0,0,0,0,1,0,0,0,0,1,0,0,0,1,0,0,0,1,0,0,0,1,1,0,0
CLI-003679,4164.0,29,25,8,32.0,15,1.5,2,6,2,5,38.8,2,0,298.73,0.0,0,0.25,0,0,1,0,0,0,0,0,0,0,0,0,1,0,1,0,0,0,0,0,0,1,0,0,1,0,0,0,0,0,1,0,0,0,0,0,1,1,0,0,1,0,0,0,0,0,1
CLI-003038,99902.0,20,95,36,37.9,4,1.3,3,6,13,3,21.6,3,0,1310.02,0.02,0,0.38,1,0,0,0,0,0,0,0,1,0,0,0,0,0,1,0,0,0,0,0,0,0,1,0,1,0,0,0,0,1,0,0,0,1,0,0,0,1,0,0,0,0,0,1,0,0,1
CLI-004641,4200.0,14,3,1,33.3,1,0.3,4,4,1,7,11.7,3,0,77.61,0.0,0,0.25,0,0,0,1,0,0,0,1,0,0,0,0,0,0,0,1,0,0,0,0,1,0,0,0,0,1,0,0,0,1,0,0,0,1,0,0,0,0,1,0,1,0,0,0,0,0,1
CLI-003460,2206.0,12,4,3,75.0,35,18.5,10,0,0,0,2.8,5,0,179.34,0.0,0,0.38,0,1,0,0,0,0,0,0,0,0,1,0,0,0,0,1,0,0,0,0,1,0,0,0,0,0,1,0,0,0,1,0,0,1,0,0,0,1,0,0,0,1,0,0,0,1,0
CLI-002219,71571.0,7,53,43,81.1,62,22.7,15,2,3,2,3.4,3,3,2385.0,0.01,0,0.58,0,0,0,0,0,0,1,1,0,0,0,0,0,0,0,0,0,0,1,0,0,1,0,0,0,0,1,0,0,0,0,1,0,0,0,0,1,0,0,1,0,0,0,1,0,1,0
CLI-000158,27940.0,22,47,33,70.2,46,31.1,6,4,0,3,10.1,4,0,1622.54,0.0,0,0.38,0,0,1,0,0,0,0,0,0,0,0,0,0,1,1,0,0,0,0,0,0,1,0,0,0,1,0,0,0,0,0,0,1,0,0,1,0,0,1,0,0,0,0,1,0,0,1
CLI-002514,359.0,4,2,2,100.0,69,21.3,4,0,0,5,16.0,3,3,54.7,0.0,0,0.25,0,1,0,0,0,0,0,0,0,0,0,0,1,0,1,0,0,0,0,0,1,0,0,0,0,1,0,0,0,0,0,0,1,0,0,1,0,0,1,0,0,1,0,0,0,1,0
CLI-001098,2413.0,5,10,2,20.0,1,0.1,2,0,30,1,24.2,3,3,98.09,0.2,1,0.25,0,1,0,0,0,0,0,0,0,0,0,1,0,0,1,0,0,0,0,0,1,0,0,0,1,0,0,0,0,0,0,0,1,0,0,1,0,0,0,1,0,0,0,1,0,1,0
CLI-004645,17175.0,3,102,51,50.0,21,8.3,3,0,0,1,6.3,5,0,2618.18,0.0,0,0.19,1,0,0,0,0,0,0,1,0,0,0,0,0,0,0,0,1,0,0,0,0,0,1,0,0,1,0,0,0,0,0,0,1,0,1,0,0,0,0,1,0,0,0,1,1,0,0
CLI-001159,21738.0,3,44,27,61.4,1,0.5,9,1,3,4,8.1,3,3,2209.19,0.03,0,0.35,0,0,0,0,0,0,1,0,0,1,0,0,0,0,1,0,0,0,0,0,0,1,0,0,0,0,1,0,0,1,0,0,0,0,1,0,0,0,0,1,0,1,0,0,1,0,0
CLI-004294,13345.0,29,24,9,37.5,8,0.8,5,7,4,2,14.9,4,0,581.23,0.0,0,0.31,0,1,0,0,0,0,0,0,0,0,1,0,0,0,1,0,0,0,0,0,0,1,0,0,0,1,0,0,0,0,1,0,0,0,0,0,1,0,0,1,0,0,1,0,0,0,1
CLI-003432,145646.0,6,199,0,50.0,0,0.0,0,0,74,1,9.2,4,1,5224.02,0.41,1,0.0,0,0,0,0,0,0,1,1,0,0,0,0,0,0,0,0,0,0,0,1,0,0,1,0,0,1,0,0,1,0,0,0,0,0,0,1,0,0,0,1,1,0,0,0,0,1,0
CLI-002952,10951.0,12,25,13,52.0,21,9.7,9,3,1,0,13.6,4,0,635.96,0.0,0,0.56,0,0,0,1,0,0,0,0,0,0,0,0,0,1,1,0,0,0,0,0,0,1,0,0,0,1,0,0,0,0,1,0,0,0,0,1,0,0,0,1,0,0,0,1,0,1,0
CLI-004481,20197.0,1,35,27,77.1,55,36.6,13,0,1,0,10.5,4,0,1539.38,0.03,0,0.5,0,1,0,0,0,0,0,0,0,0,0,0,1,0,0,1,0,0,0,0,0,0,1,0,0,0,1,0,1,0,0,0,0,0,0,1,0,1,0,0,0,0,0,1,1,0,0
CLI-001334,46084.0,10,42,13,31.0,15,12.1,12,1,9,2,7.9,3,2,1812.89,0.03,0,0.46,0,0,0,1,0,0,0,1,0,0,0,0,0,0,0,1,0,0,0,0,0,1,0,0,0,0,1,0,1,0,0,0,0,0,0,1,0,1,0,0,0,1,0,0,0,1,0
CLI-001771,7252.0,14,56,11,19.6,1,0.3,3,3,4,3,8.6,3,0,982.67,0.01,0,0.19,0,0,1,0,0,0,0,0,1,0,0,0,0,0,1,0,0,0,0,0,0,1,0,0,0,1,0,0,0,0,1,0,0,0,0,1,0,0,1,0,0,0,0,1,0,0,1
CLI-001028,614.0,8,4,0,0.0,0,0.0,0,0,109,0,5.8,5,2,44.02,0.45,1,0.0,0,0,0,0,0,1,0,0,0,0,1,0,0,0,1,0,0,0,0,0,1,0,0,0,1,0,0,0,0,1,0,0,0,0,0,1,0,1,0,0,0,0,0,1,0,1,0
CLI-003135,110037.0,10,161,113,70.2,84,33.6,16,3,1,0,5.9,5,1,7455.05,0.0,0,0.62,0,0,0,0,0,1,0,0,0,0,1,0,0,0,0,0,0,0,1,0,0,0,1,0,0,0,1,0,0,1,0,0,0,0,0,0,1,0,1,0,0,0,0,1,0,1,0
CLI-003906,674.0,14,7,1,14.3,1,0.3,1,3,2,0,10.5,4,0,82.2,0.0,0,0.12,0,0,1,0,0,0,0,0,0,0,0,0,1,0,1,0,0,0,0,0,1,0,0,0,1,0,0,0,0,0,0,0,1,0,1,0,0,0,0,1,0,0,0,1,0,0,1
CLI-003310,38209.0,4,54,24,44.4,9,3.0,6,0,5,1,14.5,3,2,1370.48,0.04,0,0.38,0,0,1,0,0,0,0,0,0,1,0,0,0,0,0,0,0,1,0,0,0,1,0,0,0,1,0,0,1,0,0,0,0,1,0,0,0,1,0,0,0,1,0,0,0,1,0
CLI-004052,10488.0,13,10,3,30.0,1,0.2,2,3,22,0,22.8,3,0,122.98,0.06,0,0.25,0,0,0,1,0,0,0,1,0,0,0,0,0,0,1,0,0,0,0,0,1,0,0,0,1,0,0,0,0,0,0,1,0,0,0,0,1,1,0,0,0,0,0,1,0,0,1
CLI-000500,49173.0,18,33,0,0.0,0,0.0,0,0,65,4,1.2,2,0,2855.57,0.12,1,0.0,0,1,0,0,0,0,0,0,1,0,0,0,0,0,0,0,0,0,0,1,0,1,0,0,0,0,0,1,1,0,0,0,0,1,0,0,0,0,0,1,0,0,0,1,0,0,1
CLI-001547,2809.0,25,4,2,50.0,19,10.4,8,7,2,0,6.8,5,0,180.29,0.0,0,0.31,0,0,1,0,0,0,0,0,0,1,0,0,0,0,0,0,1,0,0,0,1,0,0,0,0,0,1,0,0,0,0,0,1,0,0,0,1,0,1,0,0,0,1,0,0,0,1
CLI-000689,57680.0,1,41,27,65.9,29,11.6,7,0,2,1,8.9,3,1,1099.09,0.07,0,0.44,0,0,0,0,0,1,0,1,0,0,0,0,0,0,0,1,0,0,0,0,0,1,0,0,0,1,0,0,0,0,1,0,0,0,1,0,0,0,0,1,0,1,0,0,1,0,0
CLI-004229,32180.0,15,56,25,44.6,15,4.0,4,1,4,0,20.1,2,0,1635.14,0.01,0,0.25,0,0,1,0,0,0,0,0,0,1,0,0,0,0,1,0,0,0,0,0,0,1,0,0,0,1,0,0,0,0,0,0,1,0,0,1,0,1,0,0,1,0,0,0,0,0,1
CLI-003631,77540.0,15,40,25,62.5,5,4.3,5,4,7,5,17.3,2,0,1153.19,0.02,0,0.31,0,1,0,0,0,0,0,0,0,0,0,1,0,0,1,0,0,0,0,0,0,1,0,0,0,1,0,0,0,0,1,0,0,0,0,0,1,0,0,1,0,0,0,1,0,0,1
CLI-001672,21551.0,2,103,22,21.4,1,0.3,2,0,8,2,5.9,4,0,5256.39,0.13,0,0.08,0,0,1,0,0,0,0,0,0,0,0,1,0,0,1,0,0,0,0,0,0,0,1,0,0,0,1,0,0,0,0,1,0,0,0,0,1,0,0,1,1,0,0,0,1,0,0
CLI-004361,314152.0,5,352,94,26.7,1,0.4,3,1,6,4,9.5,3,2,15324.48,0.04,0,0.12,0,0,0,0,1,0,0,0,0,0,0,0,0,1,1,0,0,0,0,0,0,0,0,1,0,0,1,0,0,0,0,0,1,0,0,1,0,0,1,0,0,0,0,1,0,1,0
CLI-000164,26211.0,19,14,11,78.6,61,50.5,8,2,1,8,6.9,1,0,652.35,0.0,0,0.31,0,0,1,0,0,0,0,0,0,0,0,0,0,1,0,0,0,0,0,1,0,1,0,0,0,0,1,0,0,1,0,0,0,1,0,0,0,0,0,1,1,0,0,0,0,0,1
CLI-003354,132321.0,12,50,26,52.0,1,0.6,13,4,30,3,10.8,2,1,2408.46,0.08,1,0.5,0,0,0,0,0,1,0,0,1,0,0,0,0,0,1,0,0,0,0,0,0,1,0,0,0,0,1,0,0,0,1,0,0,0,1,0,0,1,0,0,0,0,0,1,0,1,0
CLI-003982,23818.0,24,90,47,52.2,18,6.2,7,3,6,8,22.2,2,0,2420.5,0.01,0,0.44,0,0,0,0,1,0,0,0,0,0,0,1,0,0,0,0,0,0,0,1,0,0,1,0,0,1,0,0,0,0,0,0,1,1,0,0,0,1,0,0,1,0,0,0,0,0,1
CLI-004635,591944.0,26,215,138,64.2,63,11.7,15,6,3,0,5.3,5,0,11834.14,0.0,0,0.58,0,0,0,0,1,0,0,0,1,0,0,0,0,0,0,1,0,0,0,0,0,0,0,1,0,0,1,0,0,0,0,1,0,0,0,1,0,0,1,0,0,0,0,1,0,0,1
CLI-001709,23120.0,23,7,3,42.9,23,17.8,13,5,4,3,9.1,5,0,386.23,0.01,0,0.5,0,0,0,0,0,0,1,0,0,0,0,1,0,0,1,0,0,0,0,0,1,0,0,0,0,0,1,0,0,0,1,0,0,1,0,0,0,0,1,0,0,0,1,0,0,0,1
CLI-001619,716391.0,15,765,415,50.0,26,12.6,7,0,0,9,11.3,1,0,31201.7,0.0,0,0.27,0,1,0,0,0,0,0,0,0,0,0,0,0,1,0,0,0,0,0,1,0,0,0,1,0,0,1,0,0,1,0,0,0,0,0,0,1,1,0,0,0,0,0,1,0,0,1
CLI-000560,20992.0,10,55,37,67.3,39,12.1,8,2,3,0,10.0,5,0,1280.0,0.01,0,0.5,0,0,0,0,0,1,0,0,1,0,0,0,0,0,1,0,0,0,0,0,0,1,0,0,0,1,0,0,0,0,1,0,0,0,0,1,0,0,0,1,0,0,0,1,0,1,0
CLI-000507,4888.0,9,32,26,81.2,28,8.1,3,4,1,3,31.7,3,1,397.42,0.0,0,0.38,0,0,1,0,0,0,0,0,0,0,0,0,0,1,0,0,0,0,0,1,0,1,0,0,1,0,0,0,0,0,0,0,1,0,1,0,0,0,0,1,0,1,0,0,0,1,0
CLI-002586,719.0,6,11,0,0.0,0,0.0,0,0,55,0,10.5,4,1,79.73,0.31,1,0.0,0,0,0,0,0,1,0,0,0,0,0,0,1,0,1,0,0,0,0,0,0,1,0,0,1,0,0,0,0,0,0,0,1,0,0,1,0,0,1,0,0,0,0,1,0,1,0
CLI-002843,62970.0,17,184,52,28.3,7,2.8,3,2,1,8,29.8,3,0,2399.79,0.0,0,0.38,1,0,0,0,0,0,0,0,0,1,0,0,0,0,0,0,0,1,0,0,0,0,1,0,1,0,0,0,1,0,0,0,0,1,0,0,0,0,1,0,1,0,0,0,0,0,1
CLI-003592,97492.0,9,154,63,40.9,10,1.2,10,1,1,1,3.9,4,0,9145.62,0.0,0,0.25,0,0,1,0,0,0,0,0,0,1,0,0,0,0,1,0,0,0,0,0,0,0,1,0,0,0,0,1,0,0,0,0,1,0,1,0,0,0,0,1,0,0,0,1,0,1,0
CLI-001758,120597.0,12,43,6,14.0,1,0.1,3,1,19,5,9.7,2,0,1987.42,0.05,0,0.12,0,0,1,0,0,0,0,0,0,0,0,0,0,1,0,0,1,0,0,0,0,1,0,0,0,0,1,0,1,0,0,0,0,0,0,0,1,1,0,0,0,0,0,1,0,1,0
CLI-004277,82438.0,1,210,27,12.9,1,0.1,1,0,7,1,6.0,5,0,8377.86,0.23,0,0.04,0,0,0,1,0,0,0,0,0,0,0,0,0,1,0,0,0,0,1,0,0,0,0,1,0,0,1,0,1,0,0,0,0,0,0,1,0,1,0,0,1,0,0,0,1,0,0
CLI-002578,3889.0,1,9,6,66.7,29,5.65,7,1,1,6,14.1,2,3,225.83,0.03,0,0.44,0,1,0,0,0,0,0,0,0,0,0,1,0,0,1,0,0,0,0,0,1,0,0,0,0,1,0,0,0,0,0,0,1,0,0,1,0,1,0,0,1,0,0,0,1,0,0
CLI-002546,3429.0,1,11,3,27.3,1,0.1,4,0,11,3,8.4,2,3,348.45,0.37,0,0.15,1,0,0,0,0,0,0,1,0,0,0,0,0,0,1,0,0,0,0,0,1,0,0,0,0,0,1,0,1,0,0,0,0,0,0,0,1,1,0,0,1,0,0,0,1,0,0
CLI-001089,502.0,1,5,1,20.0,2,0.1,3,1,0,3,10.5,4,4,61.17,0.0,0,0.38,0,0,0,0,1,0,0,0,0,1,0,0,0,0,1,0,0,0,0,0,1,0,0,0,1,0,0,0,0,0,0,1,0,1,0,0,0,1,0,0,0,0,0,1,1,0,0
CLI-000036,5841.0,1,12,10,83.3,57,29.6,17,0,1,10,12.4,3,0,547.95,0.03,0,0.65,0,0,0,0,1,0,0,0,1,0,0,0,0,0,0,0,0,0,0,1,0,1,0,0,0,0,1,0,0,0,0,0,1,0,0,0,1,1,0,0,0,0,0,1,1,0,0
CLI-003734,2561.0,16,5,3,60.0,44,8.2,7,2,1,5,10.5,3,0,130.13,0.0,0,0.44,0,0,0,0,0,1,0,1,0,0,0,0,0,0,1,0,0,0,0,0,1,0,0,0,0,1,0,0,1,0,0,0,0,0,1,0,0,0,0,1,0,0,0,1,0,0,1
CLI-002502,2218.0,1,35,7,20.0,1,0.1,3,0,8,0,10.1,5,3,676.36,0.27,0,0.19,0,0,0,1,0,0,0,1,0,0,0,0,0,0,1,0,0,0,0,0,0,1,0,0,0,1,0,0,0,0,0,1,0,0,0,0,1,0,0,1,1,0,0,0,1,0,0
CLI-000062,20737.0,6,42,27,64.3,21,3.6,6,0,0,3,7.2,4,1,1204.23,0.0,0,0.38,0,0,0,0,0,1,0,0,0,1,0,0,0,0,1,0,0,0,0,0,0,1,0,0,0,1,0,0,0,0,0,1,0,0,0,1,0,0,1,0,0,1,0,0,0,1,0
CLI-001105,123296.0,1,93,21,22.6,9,2.1,4,0,3,0,9.8,3,3,4176.7,0.1,0,0.15,0,0,0,0,1,0,0,0,0,0,0,0,0,1,1,0,0,0,0,0,0,0,1,0,0,0,1,0,1,0,0,0,0,0,0,1,0,1,0,0,1,0,0,0,1,0,0
CLI-003693,1977826.0,11,870,0,0.0,0,0.0,0,0,56,3,2.1,3,1,70940.69,0.17,1,0.0,0,0,1,0,0,0,0,0,0,0,1,0,0,0,0,0,0,1,0,0,0,0,0,1,0,0,0,1,0,0,0,1,0,1,0,0,0,0,0,1,1,0,0,0,0,1,0
CLI-004989,11420.0,25,30,13,43.3,20,8.5,4,6,1,3,17.9,2,0,386.84,0.0,0,0.5,0,0,0,0,1,0,0,0,0,1,0,0,0,0,0,0,1,0,0,0,0,0,1,0,1,0,0,0,0,0,0,0,1,0,0,1,0,0,1,0,1,0,0,0,0,0,1
CLI-001558,678.0,9,8,5,62.5,28,2.6,3,1,1,0,10.5,5,1,82.72,0.0,0,0.38,0,0,0,0,1,0,0,0,0,0,1,0,0,0,0,0,0,0,1,0,1,0,0,0,1,0,0,0,1,0,0,0,0,0,0,0,1,0,1,0,0,0,0,1,0,1,0
CLI-002930,1038615.0,6,704,398,56.5,21,10.5,13,2,0,3,8.4,3,2,33331.66,0.0,0,0.5,1,0,0,0,0,0,0,0,0,1,0,0,0,0,1,0,0,0,0,0,0,0,0,1,0,0,1,0,1,0,0,0,0,0,1,0,0,0,1,0,0,0,0,1,0,1,0
CLI-003176,852.0,8,8,2,25.0,1,0.1,3,5,16,6,12.6,3,1,173.27,0.07,0,0.19,1,0,0,0,0,0,0,1,0,0,0,0,0,0,1,0,0,0,0,0,1,0,0,0,0,1,0,0,0,0,1,0,0,1,0,0,0,0,1,0,0,0,0,1,0,1,0
CLI-003891,300.0,30,1,1,100.0,47,26.6,3,8,0,1,25.2,3,0,13.66,0.0,0,0.38,1,0,0,0,0,0,0,0,0,1,0,0,0,0,1,0,0,0,0,0,1,0,0,0,1,0,0,0,0,0,0,1,0,0,1,0,0,0,1,0,0,0,0,1,0,0,1
CLI-001796,6800.0,13,29,8,27.6,7,5.1,11,2,3,3,9.7,3,0,1184.65,0.01,0,0.42,0,0,0,0,0,0,1,0,0,0,0,0,0,1,1,0,0,0,0,0,0,1,0,0,0,0,1,0,0,0,0,0,1,0,0,0,1,1,0,0,0,0,0,1,0,0,1
CLI-004961,7404.0,11,10,9,90.0,76,62.2,12,2,2,2,4.2,5,1,501.63,0.01,0,0.46,0,0,0,1,0,0,0,1,0,0,0,0,0,0,1,0,0,0,0,0,1,0,0,0,0,0,1,0,0,1,0,0,0,1,0,0,0,0,1,0,0,1,0,0,0,1,0
CLI-004119,1203678.0,17,338,183,54.1,18,7.2,16,5,1,3,1.8,4,0,29358.0,0.0,0,0.4,0,0,0,0,0,1,0,0,0,0,1,0,0,0,0,0,0,0,1,0,0,0,0,1,0,0,0,1,0,0,0,1,0,0,0,0,1,0,0,1,0,0,1,0,0,0,1
CLI-000397,21943.0,12,47,8,17.0,7,1.9,4,4,7,4,11.8,4,0,1163.48,0.02,0,0.25,0,0,0,0,1,0,0,0,0,0,1,0,0,0,1,0,0,0,0,0,0,1,0,0,0,1,0,0,0,0,0,0,1,1,0,0,0,0,0,1,1,0,0,0,0,1,0
CLI-004879,855121.0,13,836,657,78.6,24,4.1,16,4,2,2,10.5,3,0,69522.07,0.01,0,0.4,1,0,0,0,0,0,0,0,0,0,0,0,1,0,1,0,0,0,0,0,0,0,0,1,0,0,0,1,1,0,0,0,0,0,0,1,0,0,1,0,0,0,0,1,0,0,1
CLI-003430,5606.0,12,31,16,51.6,28,13.0,4,2,1,0,15.0,3,1,402.18,0.0,0,0.5,1,0,0,0,0,0,0,0,0,1,0,0,0,0,0,0,0,0,0,1,0,1,0,0,1,0,0,0,0,0,1,0,0,0,1,0,0,0,0,1,0,0,0,1,0,1,0
CLI-001780,2258.0,33,4,1,25.0,4,1.3,0,10,18,0,10.8,4,0,50.99,0.02,0,0.0,0,0,0,0,1,0,0,0,0,1,0,0,0,0,0,0,0,0,0,1,1,0,0,0,1,0,0,0,0,1,0,0,0,0,0,1,0,0,0,1,0,0,0,1,0,0,1
CLI-002965,237798.0,17,140,71,50.7,22,7.1,7,4,1,8,9.4,1,0,6590.84,0.0,0,0.27,0,0,1,0,0,0,0,0,0,0,0,0,1,0,0,0,1,0,0,0,0,0,1,0,0,0,1,0,0,0,1,0,0,0,1,0,0,0,0,1,1,0,0,0,0,0,1
CLI-001648,300.0,4,1,1,100.0,29,14.7,0,2,0,4,10.5,1,0,17.83,0.0,0,0.0,0,0,0,0,0,1,0,0,0,0,1,0,0,0,0,0,0,0,1,0,1,0,0,0,0,1,0,0,0,0,0,1,0,0,0,0,1,0,0,1,0,0,0,1,0,1,0
CLI-000286,7525.0,14,21,17,81.0,71,35.9,4,4,2,0,12.4,4,1,262.21,0.0,0,0.5,0,0,1,0,0,0,0,0,0,0,0,0,1,0,0,1,0,0,0,0,0,1,0,0,1,0,0,0,0,0,0,0,1,1,0,0,0,1,0,0,0,0,1,0,0,0,1
CLI-002595,17145.0,9,27,18,66.7,45,16.3,3,2,0,4,26.6,3,1,409.98,0.0,0,0.38,0,1,0,0,0,0,0,0,0,1,0,0,0,0,1,0,0,0,0,0,0,1,0,0,1,0,0,0,0,0,1,0,0,0,0,0,1,1,0,0,0,0,0,1,0,1,0
CLI-004443,6839.0,11,30,6,20.0,5,0.2,8,4,3,5,12.2,3,1,521.24,0.01,0,0.5,0,1,0,0,0,0,0,0,0,1,0,0,0,0,1,0,0,0,0,0,0,1,0,0,0,1,0,0,0,0,1,0,0,0,0,1,0,0,1,0,0,0,0,1,0,1,0
CLI-002333,1000.0,1,6,2,33.3,13,6.0,5,0,2,1,17.5,5,4,60.96,0.07,0,0.62,0,0,1,0,0,0,0,0,0,0,0,1,0,0,0,0,0,0,0,1,0,1,0,0,1,0,0,0,1,0,0,0,0,0,1,0,0,0,0,1,0,0,0,1,1,0,0
CLI-002832,16871.0,1,20,17,85.0,44,31.0,14,0,0,3,5.2,4,2,894.52,0.0,0,0.54,0,0,0,1,0,0,0,0,0,0,0,0,1,0,0,0,0,1,0,0,0,1,0,0,0,0,1,0,1,0,0,0,0,0,0,1,0,0,0,1,0,1,0,0,1,0,0
CLI-001407,27623.0,1,38,14,36.8,13,4.5,3,0,7,7,19.0,2,2,962.46,0.23,0,0.19,0,0,0,0,0,0,1,0,0,0,0,1,0,0,0,0,0,0,0,1,0,1,0,0,0,1,0,0,1,0,0,0,0,1,0,0,0,0,1,0,0,0,0,1,1,0,0
CLI-004593,1690.0,14,4,1,25.0,1,0.2,0,1,30,1,10.5,2,0,98.14,0.07,1,0.0,0,0,0,0,0,1,0,0,0,0,0,1,0,0,0,0,0,0,1,0,1,0,0,0,0,1,0,0,0,0,1,0,0,1,0,0,0,0,0,1,1,0,0,0,0,0,1
CLI-000724,45654.0,12,136,34,25.0,1,0.5,2,3,16,2,13.0,5,0,2651.24,0.04,0,0.12,0,0,0,0,0,0,1,0,0,1,0,0,0,0,1,0,0,0,0,0,0,0,1,0,0,1,0,0,0,0,1,0,0,1,0,0,0,0,0,1,0,0,0,1,0,1,0
CLI-002559,2731.0,1,6,0,0.0,0,0.0,0,0,30,4,11.7,5,0,128.11,1.0,1,0.0,1,0,0,0,0,0,0,0,0,1,0,0,0,0,1,0,0,0,0,0,1,0,0,0,0,1,0,0,0,0,1,0,0,0,0,0,1,0,0,1,1,0,0,0,1,0,0
CLI-004243,32222.0,17,52,0,0.0,0,0.0,0,0,40,8,13.1,3,0,1455.39,0.08,1,0.0,0,0,0,1,0,0,0,0,0,1,0,0,0,0,0,1,0,0,0,0,0,1,0,0,0,1,0,0,1,0,0,0,0,1,0,0,0,1,0,0,1,0,0,0,0,0,1
CLI-002292,8022.0,3,14,7,50.0,26,12.8,8,0,1,0,0.5,4,0,514.87,0.01,0,0.31,0,0,1,0,0,0,0,0,0,1,0,0,0,0,1,0,0,0,0,0,0,1,0,0,0,0,1,0,0,1,0,0,0,0,1,0,0,0,1,0,0,0,0,1,1,0,0
CLI-002109,4105.0,1,4,4,100.0,76,55.6,16,0,1,6,10.8,3,5,178.79,0.03,0,0.62,0,1,0,0,0,0,0,0,1,0,0,0,0,0,0,0,1,0,0,0,1,0,0,0,0,0,1,0,0,1,0,0,0,0,0,0,1,0,1,0,0,0,0,1,1,0,0
CLI-000282,11433.0,4,24,9,37.5,12,2.3,8,1,0,0,0.5,5,4,1080.0,0.0,0,0.31,0,0,0,0,1,0,0,0,0,0,0,0,0,1,0,0,0,1,0,0,0,1,0,0,0,0,1,0,0,0,0,1,0,0,0,1,0,0,1,0,0,0,0,1,0,1,0
CLI-002231,4433.0,2,10,4,50.0,16,4.9,4,0,1,8,16.9,2,2,245.71,0.02,0,0.25,0,0,0,0,1,0,0,0,0,0,0,0,0,1,1,0,0,0,0,0,1,0,0,0,0,1,0,0,1,0,0,0,0,0,0,0,1,0,1,0,0,0,0,1,1,0,0
CLI-004134,71103.0,19,16,7,43.8,20,9.1,14,2,1,5,2.3,3,0,1445.18,0.0,0,0.35,0,0,1,0,0,0,0,0,0,0,0,0,1,0,1,0,0,0,0,0,0,1,0,0,0,0,0,1,0,0,0,1,0,0,0,1,0,1,0,0,0,0,0,1,0,0,1
CLI-001740,1846.0,4,12,1,8.3,1,0.1,0,0,17,2,18.7,5,3,140.72,0.14,0,0.0,0,0,1,0,0,0,0,0,0,0,0,1,0,0,1,0,0,0,0,0,0,1,0,0,1,0,0,0,0,0,0,1,0,0,0,0,1,0,0,1,1,0,0,0,0,1,0
CLI-001394,4493.0,16,5,4,80.0,48,23.6,5,3,1,5,36.0,3,0,74.04,0.0,0,0.62,0,0,0,0,0,1,0,0,0,0,0,0,1,0,0,0,0,0,1,0,1,0,0,0,1,0,0,0,1,0,0,0,0,0,0,0,1,1,0,0,0,0,0,1,0,0,1
CLI-002741,2194.0,8,8,4,50.0,5,2.1,0,1,0,0,26.4,3,1,78.68,0.0,0,0.0,0,0,0,0,0,0,1,1,0,0,0,0,0,0,1,0,0,0,0,0,0,1,0,0,1,0,0,0,0,1,0,0,0,0,1,0,0,0,1,0,0,1,0,0,0,1,0
CLI-002164,192484.0,10,189,73,38.6,1,0.5,6,1,4,1,4.0,4,1,9389.44,0.01,0,0.23,0,0,1,0,0,0,0,0,0,1,0,0,0,0,1,0,0,0,0,0,0,0,1,0,0,0,1,0,0,0,0,0,1,0,1,0,0,1,0,0,0,1,0,0,0,1,0
CLI-004438,1064.0,28,1,1,100.0,103,55.7,7,4,2,0,0.5,5,0,33.27,0.0,0,0.44,0,0,0,1,0,0,0,0,0,0,0,0,0,1,1,0,0,0,0,0,1,0,0,0,0,1,0,0,0,1,0,0,0,0,0,0,1,0,1,0,0,0,1,0,0,0,1
CLI-002325,2473.0,8,6,2,33.3,9,0.4,5,1,0,0,6.8,4,0,137.08,0.0,0,0.31,0,0,1,0,0,0,0,1,0,0,0,0,0,0,1,0,0,0,0,0,0,1,0,0,0,1,0,0,0,1,0,0,0,1,0,0,0,0,0,1,0,0,0,1,0,1,0
CLI-003303,20879.0,14,69,36,50.0,6,0.6,8,6,1,1,3.8,4,0,2829.17,0.0,0,0.31,0,0,0,0,0,1,0,0,1,0,0,0,0,0,1,0,0,0,0,0,0,0,1,0,0,0,1,0,0,0,1,0,0,0,0,0,1,0,0,1,0,0,0,1,0,0,1
CLI-002408,8344.0,8,108,57,52.8,30,6.2,3,2,1,2,25.9,3,0,1271.92,0.0,0,0.38,1,0,0,0,0,0,0,0,0,1,0,0,0,0,0,1,0,0,0,0,0,0,1,0,1,0,0,0,0,0,0,1,0,0,1,0,0,0,1,0,0,0,0,1,0,1,0
CLI-003798,8084.0,19,8,2,25.0,7,0.6,2,3,0,4,7.6,2,0,318.0,0.0,0,0.08,0,0,0,1,0,0,0,0,0,0,1,0,0,0,1,0,0,0,0,0,1,0,0,0,0,0,1,0,1,0,0,0,0,0,0,0,1,1,0,0,1,0,0,0,0,0,1
CLI-001937,20560.0,17,55,39,70.9,26,7.0,9,1,1,0,0.5,5,0,1193.97,0.0,0,0.56,0,0,1,0,0,0,0,0,0,0,0,0,1,0,0,1,0,0,0,0,0,1,0,0,0,1,0,0,0,0,0,0,1,1,0,0,0,0,1,0,0,0,0,1,0,0,1
CLI-001904,67317.0,13,216,85,39.4,4,0.2,8,0,9,4,9.9,2,0,9121.49,0.02,0,0.31,0,0,0,0,0,0,1,0,0,0,0,1,0,0,1,0,0,0,0,0,0,0,1,0,0,0,1,0,0,0,1,0,0,1,0,0,0,1,0,0,1,0,0,0,0,0,1
CLI-002406,66848.0,21,89,56,62.9,30,5.5,9,5,1,1,5.1,3,0,3544.44,0.0,0,0.35,0,0,0,1,0,0,0,0,0,1,0,0,0,0,1,0,0,0,0,0,0,0,1,0,0,0,1,0,1,0,0,0,0,0,0,1,0,0,0,1,0,1,0,0,0,0,1
CLI-002749,5993.0,6,54,33,61.1,34,16.8,1,0,0,1,10.5,3,2,609.06,0.0,0,0.12,0,0,0,0,0,0,1,0,0,1,0,0,0,0,0,1,0,0,0,0,0,1,0,0,1,0,0,0,0,1,0,0,0,0,0,1,0,0,0,1,0,1,0,0,0,1,0
CLI-002419,13779.0,21,8,4,50.0,23,14.5,17,3,0,1,2.6,4,0,700.16,0.0,0,0.42,0,0,0,0,0,0,1,1,0,0,0,0,0,0,0,0,0,0,0,1,1,0,0,0,0,0,0,1,0,0,1,0,0,0,1,0,0,0,0,1,0,0,0,1,0,0,1
CLI-003604,314913.0,8,454,263,57.9,34,5.65,10,5,1,0,3.4,3,0,17456.38,0.0,0,0.38,0,0,1,0,0,0,0,0,0,1,0,0,0,0,1,0,0,0,0,0,0,0,0,1,0,0,1,0,1,0,0,0,0,0,0,0,1,1,0,0,0,1,0,0,0,1,0
CLI-001582,57101.0,16,84,74,88.1,97,85.0,24,1,1,4,2.1,3,0,6963.51,0.0,0,0.6,0,0,1,0,0,0,0,0,1,0,0,0,0,0,0,0,1,0,0,0,0,0,1,0,0,0,0,1,0,0,0,1,0,0,0,0,1,0,0,1,0,0,0,1,0,0,1
CLI-004299,3824.0,7,40,10,25.0,2,0.6,0,0,2,3,33.4,3,0,518.21,0.01,0,0.0,0,0,0,0,0,1,0,0,0,0,0,1,0,0,0,0,0,0,0,1,0,1,0,0,1,0,0,0,0,0,1,0,0,1,0,0,0,1,0,0,0,1,0,0,0,1,0
CLI-001774,39242.0,20,30,23,76.7,46,2.3,7,3,1,1,10.5,4,0,784.52,0.0,0,0.44,0,1,0,0,0,0,0,1,0,0,0,0,0,0,0,0,0,0,1,0,0,1,0,0,0,1,0,0,0,1,0,0,0,0,1,0,0,1,0,0,0,0,0,1,0,0,1
CLI-001306,5762.0,13,8,5,62.5,20,4.3,6,5,0,5,12.2,3,0,212.93,0.0,0,0.38,0,0,1,0,0,0,0,0,0,1,0,0,0,0,1,0,0,0,0,0,1,0,0,0,0,1,0,0,0,0,1,0,0,0,0,1,0,0,1,0,0,0,0,1,0,0,1
CLI-003050,3377.0,18,6,2,33.3,9,7.4,5,2,1,5,10.5,4,0,137.27,0.0,0,0.31,0,0,0,0,1,0,0,0,0,0,0,0,0,1,1,0,0,0,0,0,1,0,0,0,0,1,0,0,0,0,0,1,0,0,1,0,0,0,1,0,0,0,0,1,0,0,1
CLI-000450,56284.0,9,43,30,69.8,50,29.9,10,1,0,6,12.1,1,0,1806.28,0.0,0,0.38,0,0,1,0,0,0,0,0,1,0,0,0,0,0,0,1,0,0,0,0,0,1,0,0,0,0,1,0,0,0,0,0,1,1,0,0,0,1,0,0,1,0,0,0,0,1,0
CLI-001837,18226.0,14,49,44,89.8,85,17.2,4,2,2,6,10.5,2,0,740.88,0.0,0,0.5,0,0,0,0,0,1,0,1,0,0,0,0,0,0,0,0,0,1,0,0,0,1,0,0,1,0,0,0,0,1,0,0,0,0,0,1,0,0,1,0,1,0,0,0,0,0,1
CLI-004181,1208.0,15,4,3,75.0,37,16.1,4,5,1,6,25.3,3,0,47.53,0.0,0,0.5,0,0,1,0,0,0,0,0,0,0,1,0,0,0,0,0,0,0,1,0,1,0,0,0,1,0,0,0,0,0,0,0,1,1,0,0,0,0,1,0,0,1,0,0,0,0,1
CLI-004031,1483.0,1,7,3,42.9,1,0.1,0,0,1,2,23.5,3,5,86.12,0.03,0,0.0,0,0,1,0,0,0,0,1,0,0,0,0,0,0,0,0,0,1,0,0,1,0,0,0,1,0,0,0,0,1,0,0,0,0,0,1,0,0,1,0,0,0,0,1,1,0,0
CLI-001513,3133.0,12,5,1,50.0,1,0.1,6,4,10,4,7.4,2,0,212.24,0.03,0,0.23,1,0,0,0,0,0,0,1,0,0,0,0,0,0,1,0,0,0,0,0,1,0,0,0,0,0,1,0,0,1,0,0,0,0,1,0,0,1,0,0,0,0,0,1,0,1,0
CLI-000732,738.0,20,10,5,50.0,16,8.3,3,1,1,6,27.7,3,0,112.46,0.0,0,0.38,0,0,0,0,1,0,0,0,0,0,1,0,0,0,1,0,0,0,0,0,1,0,0,0,1,0,0,0,0,0,1,0,0,0,0,1,0,1,0,0,0,0,0,1,0,0,1
CLI-004598,10238.0,1,47,8,17.0,2,0.2,4,0,4,6,14.4,2,3,960.44,0.13,0,0.25,0,0,0,1,0,0,0,0,0,1,0,0,0,0,0,0,0,0,0,1,0,1,0,0,0,1,0,0,0,0,0,0,1,0,0,1,0,1,0,0,1,0,0,0,1,0,0
CLI-001197,22317.0,19,8,4,50.0,22,20.6,7,2,3,0,11.2,5,0,256.75,0.01,0,0.44,0,0,0,0,0,0,1,1,0,0,0,0,0,0,0,0,0,1,0,0,1,0,0,0,0,1,0,0,0,1,0,0,0,1,0,0,0,0,0,1,0,0,0,1,0,0,1
CLI-003763,12881.0,1,35,10,28.6,1,5.65,7,1,22,7,11.2,3,0,1309.04,0.73,0,0.27,0,0,0,0,1,0,0,0,0,1,0,0,0,0,0,1,0,0,0,0,0,0,1,0,0,0,1,0,0,0,0,1,0,0,0,0,1,1,0,0,0,0,0,1,1,0,0
CLI-004716,1759.0,14,14,1,7.1,1,0.4,2,3,9,0,9.6,4,0,165.03,0.02,0,0.25,0,0,0,0,0,0,1,1,0,0,0,0,0,0,0,1,0,0,0,0,0,1,0,0,1,0,0,0,0,0,0,0,1,0,0,0,1,0,1,0,0,0,0,1,0,0,1
CLI-002314,1743.0,15,7,1,14.3,1,0.4,0,2,2,4,18.6,4,0,88.58,0.0,0,0.0,0,0,0,1,0,0,0,0,0,1,0,0,0,0,1,0,0,0,0,0,1,0,0,0,1,0,0,0,0,0,0,1,0,1,0,0,0,1,0,0,1,0,0,0,0,0,1
CLI-000095,33131.0,16,43,6,14.0,3,0.4,3,5,16,1,9.7,5,0,1122.33,0.03,0,0.19,0,0,1,0,0,0,0,0,0,0,0,1,0,0,0,0,1,0,0,0,0,1,0,0,0,1,0,0,0,0,0,0,1,1,0,0,0,1,0,0,1,0,0,0,0,0,1
CLI-003579,26132.0,2,47,27,57.4,37,17.0,10,0,0,0,9.1,5,1,1274.72,0.0,0,0.62,1,0,0,0,0,0,0,0,0,1,0,0,0,0,1,0,0,0,0,0,0,1,0,0,0,1,0,0,0,1,0,0,0,0,1,0,0,1,0,0,0,0,0,1,1,0,0
CLI-003784,1896.0,22,11,0,0.0,0,0.0,0,0,88,3,10.5,2,0,100.52,0.13,1,0.0,0,0,0,0,1,0,0,0,0,0,0,0,0,1,1,0,0,0,0,0,1,0,0,0,1,0,0,0,0,0,0,0,1,0,1,0,0,1,0,0,1,0,0,0,0,0,1
CLI-001767,120915.0,9,194,173,89.2,84,56.9,9,2,4,0,0.9,5,0,9830.51,0.01,0,0.35,1,0,0,0,0,0,0,0,1,0,0,0,0,0,1,0,0,0,0,0,0,0,0,1,0,0,1,0,0,0,0,1,0,1,0,0,0,0,1,0,0,0,0,1,0,1,0
CLI-001059,8555.0,21,2,1,50.0,7,0.4,17,3,8,1,10.5,2,0,163.02,0.01,0,0.42,0,1,0,0,0,0,0,0,0,1,0,0,0,0,0,0,0,1,0,0,1,0,0,0,0,0,0,1,1,0,0,0,0,0,0,0,1,1,0,0,1,0,0,0,0,0,1
CLI-001702,586341.0,9,319,110,34.5,11,3.8,13,1,1,10,4.7,1,0,26483.33,0.0,0,0.32,0,0,0,1,0,0,0,0,1,0,0,0,0,0,0,1,0,0,0,0,0,0,0,1,0,0,0,1,0,0,0,0,1,0,0,1,0,0,0,1,0,0,0,1,0,1,0
CLI-002735,3161.0,13,1,1,100.0,52,38.4,11,7,1,4,4.0,4,0,50.73,0.0,0,0.42,0,0,0,0,0,0,1,0,0,0,0,0,1,0,1,0,0,0,0,0,1,0,0,0,0,0,1,0,0,0,0,0,1,0,1,0,0,1,0,0,0,0,0,1,0,0,1
CLI-004468,68252.0,14,59,47,79.7,89,67.2,20,3,2,0,3.7,5,0,5202.14,0.0,0,0.5,0,0,0,1,0,0,0,0,0,0,1,0,0,0,1,0,0,0,0,0,0,1,0,0,0,0,0,1,0,0,0,1,0,0,1,0,0,0,1,0,0,0,0,1,0,0,1
CLI-000065,7663.0,9,29,13,44.8,17,9.8,8,1,6,0,3.8,5,0,622.99,0.02,0,0.5,0,0,0,0,1,0,0,1,0,0,0,0,0,0,0,0,0,0,1,0,0,1,0,0,0,1,0,0,1,0,0,0,0,0,1,0,0,0,1,0,0,0,0,1,0,1,0
CLI-000616,5814.0,1,52,16,30.8,1,0.1,4,0,21,4,10.1,3,2,1181.79,0.7,0,0.25,0,0,1,0,0,0,0,0,0,0,0,1,0,0,0,0,0,0,1,0,0,1,0,0,0,1,0,0,0,0,0,0,1,0,0,0,1,1,0,0,0,0,0,1,1,0,0
CLI-001817,34384.0,4,16,14,87.5,81,30.1,18,1,4,0,0.6,4,1,822.2,0.03,0,0.69,0,0,0,0,1,0,0,0,1,0,0,0,0,0,1,0,0,0,0,0,0,1,0,0,0,0,1,0,1,0,0,0,0,0,0,1,0,1,0,0,0,0,0,1,0,1,0
CLI-004907,699.0,31,2,2,100.0,92,67.9,5,2,0,0,2.0,5,0,31.57,0.0,0,0.62,0,1,0,0,0,0,0,0,0,1,0,0,0,0,1,0,0,0,0,0,1,0,0,0,1,0,0,0,0,1,0,0,0,0,0,1,0,1,0,0,0,0,1,0,0,0,1
CLI-004082,108995.0,11,218,142,65.1,42,14.1,4,4,0,3,23.1,3,2,3164.77,0.0,0,0.5,1,0,0,0,0,0,0,0,0,0,0,0,1,0,1,0,0,0,0,0,0,0,1,0,1,0,0,0,0,0,1,0,0,0,1,0,0,1,0,0,0,0,0,1,0,1,0
CLI-003875,3105.0,1,11,9,81.8,45,29.9,11,0,0,1,0.5,5,3,315.55,0.0,0,0.69,0,0,0,0,0,0,1,0,0,1,0,0,0,0,1,0,0,0,0,0,1,0,0,0,0,1,0,0,0,1,0,0,0,0,0,1,0,0,1,0,0,1,0,0,1,0,0
CLI-000912,14835.0,11,11,0,0.0,0,0.0,0,0,73,0,6.3,4,0,548.23,0.22,1,0.0,0,0,0,1,0,0,0,0,0,0,1,0,0,0,0,0,0,0,0,1,1,0,0,0,0,0,1,0,0,0,0,1,0,0,0,0,1,1,0,0,1,0,0,0,0,1,0
CLI-000809,286605.0,22,54,46,85.2,59,40.3,25,6,1,6,6.4,3,0,4424.28,0.0,0,0.62,0,0,0,0,1,0,0,1,0,0,0,0,0,0,1,0,0,0,0,0,0,1,0,0,0,0,0,1,0,0,0,0,1,0,0,0,1,1,0,0,0,0,0,1,0,0,1
CLI-002290,153309.0,14,179,111,62.0,29,9.1,13,0,1,0,9.8,4,0,8902.98,0.0,0,0.5,1,0,0,0,0,0,0,0,1,0,0,0,0,0,0,0,0,1,0,0,0,0,1,0,0,0,1,0,0,1,0,0,0,0,0,0,1,1,0,0,0,0,0,1,0,0,1
CLI-004019,11400.0,10,48,31,64.6,39,17.5,7,2,1,13,23.3,2,1,1390.26,0.0,0,0.44,0,0,0,1,0,0,0,0,0,0,0,0,0,1,0,0,0,0,1,0,0,1,0,0,0,1,0,0,0,1,0,0,0,1,0,0,0,0,0,1,1,0,0,0,0,1,0
CLI-002962,13921.0,1,45,38,84.4,55,5.65,10,0,0,7,19.6,3,4,1212.63,0.0,0,0.62,0,0,1,0,0,0,0,0,0,0,0,0,0,1,1,0,0,0,0,0,0,1,0,0,0,1,0,0,1,0,0,0,0,0,0,1,0,0,1,0,0,0,0,1,1,0,0
CLI-001091,579.0,18,1,1,100.0,28,5.65,0,7,1,4,10.5,3,0,24.36,0.0,0,0.0,0,1,0,0,0,0,0,0,0,1,0,0,0,0,1,0,0,0,0,0,1,0,0,0,0,1,0,0,0,1,0,0,0,0,1,0,0,0,0,1,0,0,0,1,0,0,1
CLI-003877,495.0,1,8,1,12.5,1,0.2,2,0,2,2,8.5,4,2,150.85,0.07,0,0.12,0,0,1,0,0,0,0,0,0,0,0,0,0,1,0,1,0,0,0,0,1,0,0,0,0,1,0,0,1,0,0,0,0,0,1,0,0,1,0,0,0,0,0,1,1,0,0
CLI-004241,485.0,3,6,2,33.3,1,0.5,2,0,29,1,15.7,4,0,59.17,0.32,0,0.25,0,0,0,0,0,1,0,0,0,1,0,0,0,0,0,1,0,0,0,0,1,0,0,0,1,0,0,0,0,0,1,0,0,0,0,0,1,0,0,1,0,1,0,0,1,0,0
CLI-000227,3273.0,13,10,6,60.0,1,0.5,4,1,17,3,22.7,3,1,120.94,0.04,0,0.5,0,1,0,0,0,0,0,0,0,0,1,0,0,0,0,0,0,0,0,1,1,0,0,0,1,0,0,0,0,0,1,0,0,1,0,0,0,0,0,1,0,0,0,1,0,0,1
CLI-001638,521.0,1,5,3,60.0,62,12.8,3,0,1,6,32.1,2,3,45.41,0.03,0,0.38,0,1,0,0,0,0,0,1,0,0,0,0,0,0,1,0,0,0,0,0,1,0,0,0,1,0,0,0,0,0,1,0,0,0,1,0,0,0,0,1,1,0,0,0,1,0,0
CLI-001483,349625.0,18,158,96,60.8,47,28.9,8,3,2,3,6.4,3,0,7752.21,0.0,0,0.31,0,1,0,0,0,0,0,0,0,1,0,0,0,0,1,0,0,0,0,0,0,0,1,0,0,0,1,0,0,0,0,1,0,0,1,0,0,0,1,0,0,1,0,0,0,0,1
CLI-001016,2311.0,17,13,6,46.2,30,20.3,3,5,3,0,15.3,5,0,156.58,0.01,0,0.38,1,0,0,0,0,0,0,0,1,0,0,0,0,0,1,0,0,0,0,0,0,1,0,0,1,0,0,0,0,1,0,0,0,0,1,0,0,0,1,0,0,0,1,0,0,0,1
CLI-003269,24315.0,10,13,8,61.5,45,23.4,18,1,1,1,2.5,3,0,988.43,0.0,0,0.45,0,0,0,0,0,1,0,0,0,0,0,0,0,1,1,0,0,0,0,0,0,1,0,0,0,0,0,1,0,0,0,1,0,1,0,0,0,0,0,1,0,0,0,1,0,1,0
CLI-004207,10427.0,1,22,10,45.5,15,8.8,10,2,0,0,4.2,3,1,794.72,0.0,0,0.38,1,0,0,0,0,0,0,0,1,0,0,0,0,0,0,1,0,0,0,0,0,1,0,0,0,0,1,0,0,0,0,0,1,0,1,0,0,1,0,0,0,0,0,1,1,0,0
CLI-002841,300.0,1,7,4,57.1,23,5.5,4,1,1,0,16.8,5,1,67.75,0.03,0,0.5,1,0,0,0,0,0,0,0,1,0,0,0,0,0,0,0,0,0,1,0,1,0,0,0,1,0,0,0,0,0,1,0,0,1,0,0,0,0,0,1,0,0,0,1,1,0,0
CLI-003536,6817.0,9,32,5,15.6,4,1.1,3,3,7,0,27.2,3,0,296.92,0.03,0,0.38,0,0,0,1,0,0,0,0,0,1,0,0,0,0,1,0,0,0,0,0,0,1,0,0,1,0,0,0,1,0,0,0,0,0,0,0,1,0,1,0,1,0,0,0,0,1,0
CLI-004483,100600.0,23,68,44,64.7,34,17.4,11,6,3,0,2.0,5,0,3060.0,0.0,0,0.42,0,0,0,0,0,1,0,0,0,0,0,1,0,0,0,0,0,0,0,1,0,0,1,0,0,0,1,0,0,0,1,0,0,0,1,0,0,1,0,0,0,0,0,1,0,0,1
CLI-003379,14818.0,13,48,10,20.8,3,1.6,6,2,1,1,10.5,3,0,1204.7,0.0,0,0.38,1,0,0,0,0,0,0,1,0,0,0,0,0,0,0,0,0,1,0,0,0,1,0,0,0,1,0,0,0,1,0,0,0,0,0,0,1,0,1,0,0,0,0,1,0,0,1
CLI-004582,17981.0,1,181,60,33.1,1,0.1,5,0,16,2,5.1,3,5,5481.93,0.53,0,0.19,0,1,0,0,0,0,0,0,1,0,0,0,0,0,1,0,0,0,0,0,0,0,1,0,0,0,1,0,0,0,1,0,0,1,0,0,0,0,0,1,0,1,0,0,1,0,0
CLI-003242,7970.0,6,28,4,14.3,4,5.65,1,3,5,0,4.4,4,1,1260.0,0.03,0,0.04,0,0,0,0,1,0,0,1,0,0,0,0,0,0,0,0,0,0,0,1,0,1,0,0,0,0,1,0,0,0,0,0,1,0,1,0,0,1,0,0,1,0,0,0,0,1,0
CLI-004937,30004.0,13,55,0,0.0,0,0.0,0,0,101,0,4.3,4,0,2152.36,0.26,1,0.0,0,0,0,0,0,0,1,0,0,0,0,0,0,1,1,0,0,0,0,0,0,1,0,0,0,0,1,0,0,0,0,0,1,0,0,1,0,0,0,1,1,0,0,0,0,0,1
CLI-004369,59155.0,24,47,28,59.6,35,11.4,6,8,2,7,10.5,3,0,1387.31,0.0,0,0.38,0,1,0,0,0,0,0,1,0,0,0,0,0,0,0,0,0,1,0,0,0,1,0,0,0,1,0,0,0,0,1,0,0,0,0,1,0,0,0,1,0,0,0,1,0,0,1
CLI-002847,3092.0,14,1,1,100.0,41,17.1,15,3,0,4,11.0,2,0,45.99,0.0,0,0.58,0,0,1,0,0,0,0,0,0,0,0,1,0,0,0,0,1,0,0,0,1,0,0,0,0,0,1,0,0,1,0,0,0,0,0,0,1,0,1,0,0,0,0,1,0,0,1
CLI-003676,1638.0,6,21,13,61.9,27,2.2,3,2,0,0,14.4,4,2,252.0,0.0,0,0.38,0,1,0,0,0,0,0,1,0,0,0,0,0,0,1,0,0,0,0,0,0,1,0,0,1,0,0,0,0,0,1,0,0,0,1,0,0,0,1,0,0,1,0,0,0,1,0
CLI-001025,2166.0,14,2,1,50.0,28,4.0,4,2,3,3,12.9,2,1,48.92,0.01,0,0.25,0,0,0,0,0,0,1,0,0,0,0,1,0,0,1,0,0,0,0,0,1,0,0,0,0,1,0,0,1,0,0,0,0,0,0,0,1,0,0,1,0,0,0,1,0,0,1
CLI-004498,1127.0,3,7,1,14.3,1,0.1,3,0,0,2,14.8,3,1,152.7,0.0,0,0.19,0,0,1,0,0,0,0,0,0,0,1,0,0,0,1,0,0,0,0,0,1,0,0,0,0,1,0,0,0,0,1,0,0,0,0,1,0,1,0,0,1,0,0,0,1,0,0
CLI-001664,258690.0,9,188,0,0.0,0,0.0,0,0,99,5,2.4,3,2,13716.31,0.37,1,0.0,0,0,0,1,0,0,0,0,0,0,0,0,1,0,1,0,0,0,0,0,0,0,1,0,0,0,0,1,0,0,0,1,0,0,1,0,0,1,0,0,1,0,0,0,0,1,0
CLI-004321,2193.0,13,1,1,100.0,89,37.8,9,2,0,7,7.7,2,1,58.14,0.0,0,0.35,0,0,1,0,0,0,0,0,0,0,0,0,0,1,0,0,0,0,0,1,1,0,0,0,0,0,1,0,0,0,0,0,1,0,0,0,1,0,0,1,1,0,0,0,0,0,1
CLI-002570,192814.0,18,134,103,76.9,54,32.7,9,3,1,3,6.7,3,0,6531.64,0.0,0,0.35,0,0,0,1,0,0,0,0,0,0,1,0,0,0,1,0,0,0,0,0,0,0,1,0,0,0,1,0,0,0,0,0,1,0,0,0,1,0,0,1,0,0,0,1,0,0,1
CLI-003122,69216.0,1,107,27,25.2,7,0.4,6,0,0,2,6.2,4,0,4442.62,0.0,0,0.23,0,0,0,1,0,0,0,0,0,0,0,0,1,0,0,0,0,0,1,0,0,0,1,0,0,0,1,0,1,0,0,0,0,0,0,1,0,1,0,0,0,0,0,1,1,0,0
CLI-003766,2378.0,13,3,1,33.3,6,1.9,8,2,2,0,10.4,3,0,80.56,0.01,0,0.5,0,1,0,0,0,0,0,0,0,0,0,1,0,0,1,0,0,0,0,0,1,0,0,0,0,1,0,0,0,0,1,0,0,0,0,0,1,0,0,1,0,0,0,1,0,0,1
CLI-004890,988.0,1,4,3,75.0,64,27.9,8,0,1,0,9.2,5,2,80.29,0.03,0,0.5,0,0,0,0,1,0,0,1,0,0,0,0,0,0,1,0,0,0,0,0,1,0,0,0,0,1,0,0,0,0,0,1,0,0,0,1,0,1,0,0,0,0,0,1,1,0,0
CLI-004379,468778.0,24,212,17,8.0,1,0.1,4,2,6,2,14.5,3,0,6017.69,0.01,0,0.25,1,0,0,0,0,0,0,0,0,1,0,0,0,0,1,0,0,0,0,0,0,0,1,0,0,1,0,0,0,1,0,0,0,1,0,0,0,0,0,1,0,0,0,1,0,0,1
CLI-004788,4196.0,18,13,9,69.2,47,37.6,3,6,2,0,13.0,5,0,176.45,0.0,0,0.38,0,0,0,1,0,0,0,0,0,0,0,1,0,0,1,0,0,0,0,0,0,1,0,0,1,0,0,0,0,0,0,0,1,0,1,0,0,1,0,0,0,0,0,1,0,0,1
CLI-003187,144275.0,8,54,26,48.1,16,7.1,10,1,2,2,5.1,3,0,2377.64,0.01,0,0.38,0,0,0,1,0,0,0,0,0,0,0,1,0,0,0,0,0,1,0,0,0,1,0,0,0,0,1,0,0,0,0,1,0,0,0,1,0,0,0,1,0,0,0,1,0,1,0
CLI-001508,73003.0,3,149,36,24.2,3,1.3,2,0,2,2,10.6,5,0,3424.16,0.02,0,0.12,1,0,0,0,0,0,0,0,1,0,0,0,0,0,0,0,0,1,0,0,0,0,1,0,0,1,0,0,0,0,0,1,0,0,0,0,1,0,1,0,1,0,0,0,1,0,0
CLI-001376,300.0,14,1,1,100.0,17,5.4,2,1,2,3,21.2,4,0,12.27,0.0,0,0.25,0,0,0,1,0,0,0,0,0,0,1,0,0,0,1,0,0,0,0,0,1,0,0,0,1,0,0,0,0,0,1,0,0,0,1,0,0,0,1,0,0,0,0,1,0,0,1
CLI-002225,903.0,12,7,3,42.9,1,0.1,0,3,22,7,10.5,3,1,84.68,0.06,0,0.0,0,0,0,1,0,0,0,0,1,0,0,0,0,0,1,0,0,0,0,0,1,0,0,0,1,0,0,0,0,0,1,0,0,0,1,0,0,0,0,1,0,0,0,1,0,1,0
CLI-003103,10330.0,2,7,6,85.7,82,68.8,21,0,1,0,5.6,3,2,331.51,0.02,0,0.81,1,0,0,0,0,0,0,0,0,1,0,0,0,0,1,0,0,0,0,0,0,1,0,0,0,0,1,0,0,0,0,1,0,1,0,0,0,0,0,1,0,1,0,0,1,0,0
CLI-001994,75711.0,14,87,50,50.0,34,19.8,11,6,0,9,6.1,1,0,7102.34,0.0,0,0.28,1,0,0,0,0,0,0,0,0,0,0,1,0,0,1,0,0,0,0,0,0,0,1,0,0,0,0,1,0,0,0,1,0,1,0,0,0,1,0,0,0,0,0,1,0,0,1
CLI-000154,1702.0,8,5,3,60.0,1,5.65,5,5,20,2,12.0,3,0,122.09,0.08,0,0.31,0,0,1,0,0,0,0,1,0,0,0,0,0,0,1,0,0,0,0,0,1,0,0,0,0,1,0,0,0,0,1,0,0,0,0,1,0,0,1,0,0,0,0,1,0,1,0
CLI-004852,676.0,6,1,1,100.0,49,39.4,9,1,2,2,5.6,4,0,24.99,0.01,0,0.56,0,1,0,0,0,0,0,0,0,0,1,0,0,0,1,0,0,0,0,0,1,0,0,0,0,1,0,0,0,1,0,0,0,0,0,0,1,1,0,0,0,0,0,1,0,1,0
CLI-002189,50944.0,5,171,0,50.0,0,0.0,0,0,49,2,16.5,3,0,4437.66,0.33,1,0.0,0,0,0,0,0,1,0,1,0,0,0,0,0,0,0,0,0,1,0,0,0,0,1,0,0,1,0,0,0,0,0,1,0,0,0,1,0,0,0,1,1,0,0,0,0,1,0
CLI-004695,18834.0,1,55,45,81.8,55,22.0,13,0,2,2,10.1,4,1,1276.04,0.07,0,0.81,0,0,0,0,0,0,1,1,0,0,0,0,0,0,1,0,0,0,0,0,0,1,0,0,0,1,0,0,0,1,0,0,0,0,0,0,1,0,0,1,0,0,0,1,1,0,0
CLI-002147,24774.0,10,48,27,56.2,20,5.1,5,3,0,1,18.1,3,1,1118.97,0.0,0,0.31,0,0,0,0,1,0,0,0,0,0,0,1,0,0,1,0,0,0,0,0,0,1,0,0,0,1,0,0,0,1,0,0,0,0,0,0,1,1,0,0,0,0,0,1,0,1,0
CLI-003308,6979.0,11,18,5,50.0,17,7.6,4,3,1,2,34.5,3,2,236.4,0.0,0,0.5,0,0,0,0,1,0,0,0,0,0,1,0,0,0,1,0,0,0,0,0,0,1,0,0,1,0,0,0,1,0,0,0,0,1,0,0,0,0,1,0,0,1,0,0,0,1,0
CLI-002248,810.0,8,2,1,50.0,27,7.8,6,1,1,0,7.7,3,1,49.4,0.0,0,0.38,0,0,0,0,1,0,0,1,0,0,0,0,0,0,1,0,0,0,0,0,1,0,0,0,0,1,0,0,0,0,0,1,0,0,0,1,0,1,0,0,0,1,0,0,0,1,0
CLI-000123,3666.0,6,6,1,16.7,2,0.7,6,2,4,3,10.5,3,2,279.39,0.02,0,0.23,0,1,0,0,0,0,0,0,0,1,0,0,0,0,1,0,0,0,0,0,0,1,0,0,0,0,1,0,1,0,0,0,0,0,1,0,0,0,0,1,0,0,0,1,0,1,0
CLI-004586,2363.0,11,9,4,44.4,7,4.3,2,2,1,1,0.5,5,0,115.29,0.0,0,0.25,0,0,1,0,0,0,0,0,0,0,0,0,0,1,1,0,0,0,0,0,1,0,0,0,1,0,0,0,0,0,0,1,0,0,0,0,1,0,1,0,0,0,0,1,0,1,0
CLI-004502,11932.0,1,17,4,23.5,4,1.5,3,0,2,2,11.7,5,2,440.95,0.07,0,0.19,1,0,0,0,0,0,0,0,0,1,0,0,0,0,1,0,0,0,0,0,0,1,0,0,0,1,0,0,1,0,0,0,0,0,0,0,1,0,1,0,1,0,0,0,1,0,0
CLI-000162,851.0,4,3,2,66.7,23,9.0,4,4,0,1,28.1,3,0,39.91,0.0,0,0.5,0,0,0,0,0,0,1,0,0,0,0,1,0,0,1,0,0,0,0,0,1,0,0,0,1,0,0,0,0,1,0,0,0,0,0,0,1,0,0,1,0,0,0,1,0,1,0
CLI-002681,38312.0,17,43,19,44.2,17,9.3,12,5,2,0,10.5,4,0,1946.75,0.0,0,0.46,0,0,0,0,0,0,1,0,0,1,0,0,0,0,1,0,0,0,0,0,0,1,0,0,0,0,1,0,0,0,0,1,0,0,1,0,0,0,0,1,0,0,0,1,0,0,1
CLI-001553,46839.0,6,33,5,15.2,1,0.5,5,2,25,0,6.6,2,1,1241.75,0.14,0,0.19,0,0,0,0,1,0,0,0,0,1,0,0,0,0,1,0,0,0,0,0,0,0,1,0,0,0,1,0,0,0,0,0,1,1,0,0,0,0,1,0,1,0,0,0,0,1,0
CLI-004565,27426.0,2,49,41,83.7,63,51.8,15,1,1,5,9.2,2,0,2389.0,0.02,0,0.58,0,0,1,0,0,0,0,0,0,0,0,0,1,0,1,0,0,0,0,0,0,1,0,0,0,0,1,0,0,0,1,0,0,0,1,0,0,1,0,0,0,0,0,1,1,0,0
CLI-004523,948.0,8,7,1,14.3,1,0.1,2,1,6,2,29.8,3,0,68.0,0.02,0,0.25,1,0,0,0,0,0,0,0,0,0,0,1,0,0,1,0,0,0,0,0,1,0,0,0,1,0,0,0,0,0,1,0,0,1,0,0,0,1,0,0,0,0,0,1,0,1,0
CLI-003524,46482.0,11,47,15,50.0,1,0.2,4,0,9,8,7.9,3,0,1259.67,0.03,0,0.25,1,0,0,0,0,0,0,0,0,1,0,0,0,0,1,0,0,0,0,0,0,1,0,0,0,1,0,0,0,0,0,1,0,0,1,0,0,0,0,1,0,0,0,1,0,1,0
CLI-003638,5103.0,6,21,12,57.1,20,5.65,6,1,0,0,6.8,5,0,444.51,0.0,0,0.38,0,1,0,0,0,0,0,0,0,1,0,0,0,0,0,0,0,0,0,1,0,1,0,0,0,1,0,0,0,0,1,0,0,0,0,0,1,0,0,1,0,0,0,1,0,1,0
CLI-004554,24598.0,20,51,27,52.9,25,4.0,10,5,1,2,3.2,4,0,2307.47,0.0,0,0.38,0,0,0,0,1,0,0,0,0,1,0,0,0,0,1,0,0,0,0,0,0,1,0,0,0,0,1,0,0,1,0,0,0,0,0,1,0,0,0,1,0,0,0,1,0,0,1
CLI-002295,10983.0,20,44,20,45.5,11,6.8,2,4,7,6,37.3,3,0,446.46,0.01,0,0.25,0,0,0,1,0,0,0,0,0,0,0,0,0,1,1,0,0,0,0,0,0,1,0,0,1,0,0,0,0,0,1,0,0,0,1,0,0,0,0,1,0,0,0,1,0,0,1
CLI-003728,1118.0,30,8,5,62.5,24,8.7,7,5,2,4,16.1,2,0,170.39,0.0,0,0.44,0,0,0,0,0,0,1,0,0,0,0,0,1,0,1,0,0,0,0,0,0,1,0,0,0,1,0,0,1,0,0,0,0,0,1,0,0,0,0,1,0,0,0,1,0,0,1
CLI-003973,9626.0,23,3,2,66.7,53,31.7,22,7,0,0,2.3,4,0,279.49,0.0,0,0.55,0,0,0,1,0,0,0,0,1,0,0,0,0,0,1,0,0,0,0,0,1,0,0,0,0,0,0,1,0,0,0,0,1,0,0,0,1,1,0,0,0,0,1,0,0,0,1
CLI-001778,3059.0,16,4,3,75.0,32,16.4,5,4,2,0,0.5,5,0,100.81,0.0,0,0.31,0,0,0,0,0,1,0,0,0,0,0,0,0,1,0,0,0,0,1,0,1,0,0,0,0,1,0,0,0,0,1,0,0,0,0,1,0,0,1,0,0,0,1,0,0,0,1
CLI-001153,9692.0,1,47,17,36.2,1,0.1,2,0,1,4,13.9,2,4,909.2,0.03,0,0.12,0,0,0,1,0,0,0,0,0,1,0,0,0,0,1,0,0,0,0,0,0,1,0,0,0,1,0,0,0,0,1,0,0,0,1,0,0,1,0,0,1,0,0,0,1,0,0
CLI-003990,504.0,1,6,4,66.7,32,13.5,2,0,0,0,18.5,5,5,68.27,0.0,0,0.25,0,0,0,1,0,0,0,0,0,1,0,0,0,0,0,0,1,0,0,0,1,0,0,0,1,0,0,0,0,1,0,0,0,0,0,0,1,0,0,1,0,1,0,0,1,0,0
CLI-003349,2362.0,9,10,4,40.0,6,2.8,3,0,5,6,26.9,4,1,125.22,0.02,0,0.38,0,0,0,0,1,0,0,0,1,0,0,0,0,0,0,0,0,1,0,0,1,0,0,0,1,0,0,0,1,0,0,0,0,0,0,1,0,0,0,1,0,1,0,0,0,1,0
CLI-001525,7319.0,10,22,19,86.4,58,28.3,9,2,0,3,15.1,3,0,637.57,0.0,0,0.56,0,0,0,0,1,0,0,0,0,0,0,1,0,0,1,0,0,0,0,0,0,1,0,0,0,1,0,0,1,0,0,0,0,0,0,0,1,0,1,0,0,0,0,1,0,1,0
CLI-004550,49290.0,2,29,13,44.8,16,9.1,12,1,1,5,6.9,2,1,1335.77,0.02,0,0.46,0,0,1,0,0,0,0,0,0,0,0,0,1,0,1,0,0,0,0,0,0,1,0,0,0,0,1,0,1,0,0,0,0,0,1,0,0,0,1,0,1,0,0,0,1,0,0
CLI-001086,3079.0,1,13,11,84.6,54,18.5,12,0,3,1,9.0,3,1,585.0,0.1,0,0.46,0,0,0,0,0,1,0,0,0,0,1,0,0,0,1,0,0,0,0,0,0,1,0,0,0,0,1,0,1,0,0,0,0,0,0,0,1,0,0,1,0,1,0,0,1,0,0
CLI-001042,21927.0,23,50,20,40.0,24,15.6,8,6,3,2,16.6,3,0,1407.36,0.0,0,0.5,0,0,0,0,1,0,0,1,0,0,0,0,0,0,0,1,0,0,0,0,0,1,0,0,0,1,0,0,0,0,0,1,0,0,1,0,0,0,1,0,0,0,0,1,0,0,1
CLI-000846,14534.0,5,44,24,54.5,29,7.2,6,2,1,3,11.1,4,2,1107.76,0.01,0,0.38,1,0,0,0,0,0,0,0,0,1,0,0,0,0,1,0,0,0,0,0,0,1,0,0,0,1,0,0,0,0,1,0,0,0,1,0,0,1,0,0,0,0,0,1,0,1,0
CLI-001644,3414.0,10,4,0,0.0,0,0.0,0,0,53,0,6.7,4,1,101.54,0.18,1,0.0,0,0,0,0,1,0,0,0,1,0,0,0,0,0,0,0,0,1,0,0,1,0,0,0,0,1,0,0,0,0,0,1,0,0,0,0,1,0,1,0,0,0,0,1,0,1,0
CLI-003581,26918.0,14,111,40,36.0,1,0.3,3,2,8,2,10.5,3,0,2525.17,0.02,0,0.19,0,0,0,1,0,0,0,0,0,0,0,0,1,0,0,0,0,0,0,1,0,0,1,0,0,1,0,0,0,0,0,1,0,1,0,0,0,0,1,0,0,0,0,1,0,0,1
CLI-002911,494.0,14,1,1,100.0,38,12.7,5,2,1,0,0.5,4,1,75.37,0.0,0,0.12,0,1,0,0,0,0,0,0,1,0,0,0,0,0,0,0,0,0,1,0,1,0,0,0,0,0,0,1,0,0,0,1,0,0,0,0,1,0,1,0,0,0,0,1,0,0,1
CLI-000618,51867.0,1,267,106,39.7,16,7.9,8,0,0,1,13.7,3,2,5271.06,0.0,0,0.5,0,0,0,0,0,0,1,0,1,0,0,0,0,0,0,0,0,0,1,0,0,0,0,1,0,1,0,0,0,0,1,0,0,0,0,0,1,0,1,0,0,1,0,0,1,0,0
CLI-001966,2000000.0,18,764,510,50.0,28,9.3,7,3,0,0,3.7,4,0,73524.22,0.0,0,0.18,0,0,0,0,1,0,0,0,0,1,0,0,0,0,1,0,0,0,0,0,0,0,0,1,0,0,0,1,0,0,0,1,0,1,0,0,0,0,0,1,0,0,1,0,0,0,1
CLI-002744,968.0,10,3,1,33.3,1,0.5,4,0,4,5,14.2,1,1,65.58,0.01,0,0.25,0,0,0,0,0,0,1,1,0,0,0,0,0,0,1,0,0,0,0,0,1,0,0,0,0,1,0,0,0,0,1,0,0,0,1,0,0,1,0,0,0,0,0,1,0,1,0
CLI-004679,6184.0,10,9,4,44.4,9,1.0,3,2,1,1,6.8,4,1,279.32,0.0,0,0.19,0,0,0,0,0,1,0,0,0,0,0,0,0,1,0,0,0,1,0,0,1,0,0,0,0,1,0,0,0,0,0,0,1,0,1,0,0,0,0,1,0,0,0,1,0,1,0
CLI-000347,16436.0,17,38,9,23.7,9,3.0,5,1,1,11,19.2,1,0,954.45,0.0,0,0.31,0,0,0,1,0,0,0,0,1,0,0,0,0,0,0,0,0,1,0,0,0,1,0,0,0,1,0,0,0,0,0,0,1,1,0,0,0,0,1,0,0,0,0,1,0,0,1
CLI-004392,300.0,1,2,1,50.0,1,0.1,1,1,1,11,39.1,3,2,23.38,0.03,0,0.12,0,0,0,0,1,0,0,0,0,0,0,1,0,0,1,0,0,0,0,0,1,0,0,0,1,0,0,0,0,0,0,0,1,1,0,0,0,1,0,0,0,0,0,1,1,0,0
CLI-001271,51051.0,32,49,39,79.6,69,32.7,3,6,2,0,11.5,3,0,669.44,0.0,0,0.38,0,0,0,0,0,0,1,0,0,0,0,1,0,0,0,0,1,0,0,0,0,1,0,0,1,0,0,0,0,0,0,1,0,0,0,0,1,0,0,1,0,1,0,0,0,0,1
CLI-000402,2990.0,6,4,3,75.0,53,27.9,8,1,0,0,12.8,2,0,110.51,0.0,0,0.5,0,0,1,0,0,0,0,0,0,1,0,0,0,0,0,1,0,0,0,0,1,0,0,0,0,1,0,0,0,1,0,0,0,0,0,0,1,0,0,1,1,0,0,0,0,1,0
CLI-002994,3998.0,13,19,8,42.1,20,4.2,7,2,1,9,26.2,1,0,487.51,0.0,0,0.44,1,0,0,0,0,0,0,0,0,1,0,0,0,0,1,0,0,0,0,0,0,1,0,0,0,1,0,0,0,0,0,0,1,1,0,0,0,0,0,1,1,0,0,0,0,0,1
CLI-003475,6929.0,10,24,22,91.7,117,40.7,7,0,0,8,17.9,2,1,650.01,0.0,0,0.44,0,0,0,0,0,1,0,0,0,0,0,1,0,0,1,0,0,0,0,0,0,1,0,0,0,1,0,0,0,1,0,0,0,0,1,0,0,0,1,0,1,0,0,0,0,1,0
CLI-003023,1747.0,11,6,1,16.7,1,0.9,3,1,8,3,29.5,2,0,68.72,0.02,0,0.38,0,1,0,0,0,0,0,0,1,0,0,0,0,0,0,0,0,0,0,1,1,0,0,0,1,0,0,0,0,0,0,1,0,0,1,0,0,0,0,1,1,0,0,0,0,1,0
CLI-003751,79746.0,8,45,13,28.9,4,1.0,7,2,2,3,2.1,3,2,3890.07,0.01,0,0.18,0,1,0,0,0,0,0,0,0,0,0,0,0,1,1,0,0,0,0,0,0,1,0,0,0,0,0,1,1,0,0,0,0,0,0,1,0,0,0,1,0,1,0,0,0,1,0
CLI-002026,644.0,1,8,5,62.5,21,9.3,4,0,0,3,18.4,4,3,65.41,0.0,0,0.5,0,0,0,0,0,1,0,1,0,0,0,0,0,0,1,0,0,0,0,0,1,0,0,0,1,0,0,0,0,0,0,0,1,1,0,0,0,0,0,1,0,0,0,1,1,0,0
CLI-002901,142928.0,6,182,128,70.3,40,34.2,18,2,1,3,7.4,5,3,8715.13,0.01,0,0.69,0,0,0,0,0,0,1,0,0,1,0,0,0,0,0,0,0,0,1,0,0,0,1,0,0,0,1,0,0,1,0,0,0,0,0,1,0,0,1,0,0,0,0,1,0,1,0
CLI-003326,2855.0,17,10,7,70.0,62,42.5,26,3,2,1,4.8,4,0,580.27,0.0,0,0.65,0,0,0,1,0,0,0,0,0,0,1,0,0,0,0,0,0,1,0,0,0,1,0,0,0,0,0,1,1,0,0,0,0,0,0,1,0,0,1,0,0,0,1,0,0,0,1
CLI-003526,2000000.0,28,647,426,65.8,31,12.2,26,2,0,4,2.2,2,0,51760.0,0.0,0,0.65,0,1,0,0,0,0,0,0,0,0,0,1,0,0,0,0,0,0,1,0,0,0,0,1,0,0,0,1,0,0,0,0,1,0,0,0,1,1,0,0,1,0,0,0,0,0,1
CLI-004734,25923.0,1,169,39,23.1,1,0.4,6,1,30,0,15.9,4,2,3951.71,1.0,1,0.38,1,0,0,0,0,0,0,0,0,0,0,0,0,1,0,0,1,0,0,0,0,0,1,0,0,1,0,0,0,0,1,0,0,0,0,0,1,1,0,0,1,0,0,0,1,0,0
CLI-002142,48399.0,1,47,11,23.4,1,0.1,8,0,8,1,6.4,4,2,1639.54,0.27,0,0.31,0,0,0,0,0,1,0,0,0,0,1,0,0,0,1,0,0,0,0,0,0,1,0,0,0,0,1,0,0,0,0,0,1,1,0,0,0,1,0,0,1,0,0,0,1,0,0
CLI-003605,336788.0,1,84,23,27.4,5,2.4,16,0,2,6,10.5,2,3,8381.99,0.07,0,0.4,0,0,1,0,0,0,0,0,0,0,0,0,0,1,1,0,0,0,0,0,0,0,1,0,0,0,0,1,0,1,0,0,0,1,0,0,0,0,0,1,1,0,0,0,1,0,0
CLI-001529,679542.0,16,211,59,28.0,1,0.1,13,1,22,1,0.5,5,0,17264.78,0.05,0,0.32,0,0,0,1,0,0,0,0,1,0,0,0,0,0,0,0,0,0,1,0,0,0,1,0,0,0,0,1,0,0,1,0,0,1,0,0,0,0,0,1,0,1,0,0,0,0,1
CLI-003205,444.0,1,2,0,0.0,0,0.0,0,0,30,4,30.4,2,5,18.67,1.0,1,0.0,0,0,0,1,0,0,0,0,0,0,0,1,0,0,1,0,0,0,0,0,1,0,0,0,1,0,0,0,0,0,0,1,0,0,0,1,0,0,0,1,0,0,0,1,1,0,0
CLI-001365,1946.0,14,12,7,58.3,33,7.9,6,1,1,1,11.3,5,0,263.63,0.0,0,0.38,0,0,0,0,1,0,0,0,0,1,0,0,0,0,1,0,0,0,0,0,0,1,0,0,0,1,0,0,0,0,0,0,1,0,0,1,0,1,0,0,0,0,0,1,0,0,1
CLI-001094,132553.0,6,57,0,0.0,0,0.0,0,0,57,1,6.7,4,4,2939.08,0.32,1,0.0,0,0,0,0,0,0,1,0,0,1,0,0,0,0,1,0,0,0,0,0,0,1,0,0,0,0,1,0,0,0,0,1,0,0,0,1,0,1,0,0,1,0,0,0,0,1,0
CLI-002287,1468.0,29,10,4,40.0,2,5.65,2,5,0,1,10.5,4,0,119.31,0.0,0,0.25,0,0,0,0,0,1,0,0,0,1,0,0,0,0,1,0,0,0,0,0,0,1,0,0,1,0,0,0,0,0,0,1,0,1,0,0,0,0,0,1,0,0,0,1,0,0,1
CLI-000108,210383.0,6,140,60,42.9,6,0.4,7,0,10,0,3.1,5,3,6578.57,0.06,0,0.27,0,0,0,0,0,1,0,0,1,0,0,0,0,0,0,1,0,0,0,0,0,0,0,1,0,0,1,0,0,0,0,1,0,0,1,0,0,0,1,0,0,0,0,1,0,1,0
CLI-001354,35892.0,17,41,17,41.5,14,8.1,4,3,2,2,13.8,3,0,1094.27,0.0,0,0.25,0,0,0,0,1,0,0,0,0,1,0,0,0,0,0,0,0,0,0,1,0,0,1,0,0,1,0,0,0,1,0,0,0,0,1,0,0,1,0,0,0,0,0,1,0,0,1
CLI-002573,48419.0,17,44,7,15.9,1,0.2,4,0,4,3,3.2,3,0,1968.24,0.01,0,0.15,0,0,0,0,0,1,0,0,0,0,0,0,0,1,1,0,0,0,0,0,0,1,0,0,0,0,1,0,0,0,0,1,0,0,1,0,0,0,1,0,1,0,0,0,0,0,1
CLI-002012,2363.0,10,11,4,36.4,25,5.65,2,1,3,1,22.2,4,0,144.09,0.01,0,0.25,1,0,0,0,0,0,0,1,0,0,0,0,0,0,1,0,0,0,0,0,0,1,0,0,1,0,0,0,1,0,0,0,0,1,0,0,0,0,1,0,0,0,0,1,0,1,0
CLI-000706,12750.0,4,21,11,52.4,39,41.4,9,2,0,3,11.5,3,2,536.15,0.0,0,0.56,0,0,1,0,0,0,0,0,0,0,0,1,0,0,1,0,0,0,0,0,0,1,0,0,0,1,0,0,0,0,1,0,0,0,1,0,0,0,1,0,0,1,0,0,0,1,0
CLI-002516,2603.0,10,17,3,17.6,4,0.7,1,2,4,0,0.5,5,1,186.76,0.01,0,0.12,0,0,0,0,0,1,0,0,0,0,0,0,1,0,1,0,0,0,0,0,0,1,0,0,1,0,0,0,0,1,0,0,0,0,0,0,1,0,1,0,0,0,0,1,0,1,0
CLI-002920,92784.0,6,45,37,82.2,65,44.4,10,1,0,0,7.5,5,1,1271.36,0.0,0,0.62,0,0,1,0,0,0,0,0,0,0,1,0,0,0,1,0,0,0,0,0,0,1,0,0,0,1,0,0,0,0,1,0,0,1,0,0,0,1,0,0,0,0,0,1,0,1,0
CLI-002993,46838.0,6,53,18,34.0,22,11.0,7,1,0,5,16.2,1,3,1119.98,0.0,0,0.44,0,0,0,1,0,0,0,0,0,1,0,0,0,0,1,0,0,0,0,0,0,1,0,0,0,1,0,0,0,0,0,1,0,0,1,0,0,0,0,1,0,0,0,1,0,1,0
CLI-000520,2293.0,21,6,4,66.7,16,5.6,4,4,0,4,10.5,1,0,232.99,0.0,0,0.15,0,0,0,0,1,0,0,0,0,1,0,0,0,0,0,0,0,0,0,1,0,1,0,0,0,0,1,0,1,0,0,0,0,1,0,0,0,0,0,1,0,0,0,1,0,0,1
CLI-002686,509.0,11,5,1,20.0,5,1.0,4,2,3,1,15.0,5,0,103.45,0.01,0,0.25,0,0,0,0,0,1,0,0,1,0,0,0,0,0,1,0,0,0,0,0,1,0,0,0,0,1,0,0,0,1,0,0,0,0,1,0,0,0,0,1,1,0,0,0,0,1,0
CLI-003737,56580.0,3,124,92,74.2,55,20.9,9,1,1,0,11.6,3,1,3285.69,0.01,0,0.56,0,0,0,0,1,0,0,0,1,0,0,0,0,0,1,0,0,0,0,0,0,0,1,0,0,1,0,0,0,0,0,1,0,0,0,0,1,1,0,0,0,0,0,1,1,0,0
CLI-002133,1824.0,17,1,1,100.0,73,28.2,15,3,2,5,5.8,2,0,55.62,0.0,0,0.58,0,0,0,0,0,1,0,0,0,0,0,1,0,0,1,0,0,0,0,0,1,0,0,0,0,0,1,0,1,0,0,0,0,0,1,0,0,0,1,0,0,0,0,1,0,0,1
CLI-000588,2339.0,5,6,4,66.7,20,10.2,9,3,2,6,9.3,3,1,259.27,0.01,0,0.35,0,0,1,0,0,0,0,0,1,0,0,0,0,0,0,0,0,1,0,0,1,0,0,0,0,0,1,0,0,0,0,1,0,0,0,0,1,0,1,0,1,0,0,0,0,1,0
CLI-004343,457249.0,18,501,310,61.9,6,2.8,12,2,3,3,8.1,5,0,42893.88,0.01,0,0.3,0,0,0,0,0,1,0,0,0,0,0,1,0,0,1,0,0,0,0,0,0,0,0,1,0,0,0,1,0,1,0,0,0,0,1,0,0,0,1,0,0,0,0,1,0,0,1
CLI-003333,10463.0,12,43,23,53.5,3,1.9,4,2,30,2,12.8,3,0,1063.29,0.08,1,0.25,0,0,1,0,0,0,0,0,0,0,1,0,0,0,0,0,1,0,0,0,0,1,0,0,0,1,0,0,1,0,0,0,0,0,1,0,0,0,0,1,0,0,0,1,0,1,0
CLI-001476,74037.0,11,50,34,68.0,58,5.65,5,2,1,4,14.5,3,0,1289.84,0.0,0,0.31,0,0,0,0,0,0,1,1,0,0,0,0,0,0,0,0,0,1,0,0,0,1,0,0,0,1,0,0,0,0,1,0,0,0,0,0,1,1,0,0,0,0,0,1,0,1,0
CLI-003917,132391.0,3,218,31,14.2,2,0.5,9,0,9,0,0.5,3,0,16145.25,0.1,0,0.22,1,0,0,0,0,0,0,1,0,0,0,0,0,0,1,0,0,0,0,0,0,0,1,0,0,0,0,1,0,0,0,1,0,1,0,0,0,1,0,0,0,0,0,1,1,0,0
CLI-004512,9334.0,16,18,15,83.3,68,42.8,3,2,1,4,29.9,3,0,252.96,0.0,0,0.38,0,0,0,0,1,0,0,1,0,0,0,0,0,0,1,0,0,0,0,0,0,1,0,0,1,0,0,0,0,0,0,1,0,1,0,0,0,0,1,0,0,0,0,1,0,0,1
CLI-002478,2183.0,10,6,4,66.7,32,12.2,9,2,0,0,8.4,5,0,140.12,0.0,0,0.56,0,0,0,0,0,0,1,0,0,0,1,0,0,0,1,0,0,0,0,0,1,0,0,0,0,1,0,0,0,0,1,0,0,0,0,0,1,0,0,1,0,0,0,1,0,1,0
CLI-004254,13943.0,18,17,7,41.2,39,24.2,16,1,1,5,6.4,2,0,894.94,0.0,0,0.62,0,0,0,0,1,0,0,0,0,0,0,0,1,0,0,0,0,0,1,0,0,1,0,0,0,0,1,0,0,0,1,0,0,1,0,0,0,0,1,0,0,0,0,1,0,0,1
CLI-001155,188105.0,6,90,66,73.3,26,5.65,9,1,0,5,5.7,2,5,3230.93,0.0,0,0.35,1,0,0,0,0,0,0,0,0,0,0,0,0,1,1,0,0,0,0,0,0,0,1,0,0,0,1,0,0,0,0,0,1,0,0,0,1,0,1,0,0,0,0,1,0,1,0
CLI-000535,3151.0,5,5,2,40.0,28,3.0,9,1,1,0,10.5,3,1,125.0,0.01,0,0.56,0,0,0,0,0,0,1,0,0,0,0,1,0,0,1,0,0,0,0,0,1,0,0,0,0,1,0,0,1,0,0,0,0,0,1,0,0,1,0,0,0,1,0,0,0,1,0
CLI-000248,801.0,11,2,1,50.0,33,15.3,9,1,0,5,15.8,3,0,51.41,0.0,0,0.56,0,0,0,0,1,0,0,0,0,0,0,1,0,0,0,1,0,0,0,0,1,0,0,0,0,1,0,0,0,0,1,0,0,0,0,1,0,0,1,0,0,1,0,0,0,1,0
CLI-001858,482.0,5,4,3,50.0,69,44.6,5,1,2,1,10.5,5,1,48.99,0.01,0,0.62,0,0,0,1,0,0,0,0,0,1,0,0,0,0,1,0,0,0,0,0,1,0,0,0,1,0,0,0,1,0,0,0,0,0,0,0,1,0,0,1,0,0,0,1,0,1,0
CLI-003113,17758.0,15,43,17,39.5,6,2.1,5,7,6,3,11.4,3,0,1203.14,0.01,0,0.31,0,0,0,1,0,0,0,0,0,1,0,0,0,0,0,0,0,0,1,0,0,0,1,0,0,1,0,0,0,0,0,1,0,0,1,0,0,0,1,0,0,0,0,1,0,0,1
CLI-001798,1001.0,7,9,8,88.9,101,5.65,3,1,1,1,26.4,4,1,111.01,0.0,0,0.38,0,0,1,0,0,0,0,0,0,0,0,0,1,0,0,1,0,0,0,0,1,0,0,0,1,0,0,0,0,0,1,0,0,0,0,0,1,1,0,0,0,0,0,1,0,1,0
CLI-000759,677.0,6,6,1,50.0,7,2.9,1,3,3,5,31.0,2,1,58.98,0.02,0,0.12,1,0,0,0,0,0,0,0,0,1,0,0,0,0,1,0,0,0,0,0,1,0,0,0,1,0,0,0,0,0,0,0,1,0,0,1,0,0,1,0,0,0,0,1,0,1,0
CLI-000919,42088.0,24,59,16,27.1,1,0.3,4,4,22,3,19.1,5,0,722.92,0.03,0,0.5,1,0,0,0,0,0,0,0,0,0,0,0,0,1,0,0,0,0,1,0,0,1,0,0,1,0,0,0,0,0,0,0,1,0,0,1,0,1,0,0,0,1,0,0,0,0,1
CLI-001010,68897.0,16,106,62,58.5,23,5.65,5,3,1,0,4.2,5,0,2800.7,0.0,0,0.31,0,0,1,0,0,0,0,0,0,0,0,0,0,1,1,0,0,0,0,0,0,0,1,0,0,1,0,0,0,0,1,0,0,0,1,0,0,0,1,0,0,0,1,0,0,0,1
CLI-002915,48625.0,11,43,36,83.7,55,29.2,9,1,2,4,14.7,2,0,1289.1,0.01,0,0.56,0,0,0,0,1,0,0,0,0,0,1,0,0,0,0,1,0,0,0,0,0,1,0,0,0,1,0,0,1,0,0,0,0,0,1,0,0,0,0,1,0,0,0,1,0,1,0
CLI-002758,2095.0,7,6,5,83.3,55,10.4,5,1,0,0,20.0,5,0,73.0,0.0,0,0.62,0,0,0,0,0,1,0,0,0,0,1,0,0,0,0,0,0,1,0,0,1,0,0,0,1,0,0,0,0,1,0,0,0,0,0,1,0,1,0,0,0,0,0,1,0,1,0
CLI-001909,13014.0,14,55,47,85.5,39,15.8,5,3,0,0,7.8,4,0,1322.53,0.0,0,0.31,0,1,0,0,0,0,0,0,1,0,0,0,0,0,1,0,0,0,0,0,0,1,0,0,0,1,0,0,1,0,0,0,0,0,0,0,1,0,0,1,0,0,1,0,0,0,1
CLI-003386,1603.0,1,9,0,0.0,0,0.0,0,0,30,3,5.6,2,0,279.26,1.0,1,0.0,0,0,0,0,0,0,1,0,0,1,0,0,0,0,0,0,0,0,1,0,1,0,0,0,0,0,1,0,0,0,0,0,1,0,1,0,0,0,0,1,1,0,0,0,1,0,0
CLI-000112,20348.0,14,13,11,84.6,65,29.6,14,3,0,0,1.1,5,0,751.95,0.0,0,0.54,1,0,0,0,0,0,0,0,0,0,0,0,0,1,1,0,0,0,0,0,0,1,0,0,0,0,1,0,0,1,0,0,0,0,0,1,0,1,0,0,0,0,0,1,0,0,1
CLI-003274,120607.0,6,44,37,84.1,65,30.7,22,0,0,1,1.0,3,1,4202.33,0.0,0,0.55,0,0,0,1,0,0,0,0,0,1,0,0,0,0,1,0,0,0,0,0,0,0,1,0,0,0,0,1,0,0,0,1,0,1,0,0,0,0,0,1,0,0,0,1,0,1,0
CLI-003082,229012.0,9,43,32,74.4,57,70.1,19,1,1,4,2.4,4,0,3933.57,0.0,0,0.48,0,0,0,0,0,0,1,0,0,0,0,0,1,0,1,0,0,0,0,0,0,1,0,0,0,0,0,1,0,0,1,0,0,1,0,0,0,0,0,1,0,0,0,1,0,1,0
CLI-001063,29252.0,25,57,17,29.8,1,5.65,2,5,22,13,11.2,2,0,2229.54,0.03,0,0.08,0,0,0,1,0,0,0,1,0,0,0,0,0,0,1,0,0,0,0,0,0,0,1,0,0,0,1,0,0,1,0,0,0,0,1,0,0,0,1,0,0,0,0,1,0,0,1
CLI-001181,3370.0,13,5,3,60.0,27,4.2,8,2,1,5,8.1,2,2,228.29,0.0,0,0.31,0,0,0,0,0,1,0,0,1,0,0,0,0,0,0,0,0,0,0,1,1,0,0,0,0,0,1,0,0,0,0,0,1,1,0,0,0,0,0,1,0,0,0,1,0,0,1
CLI-000212,11642.0,15,37,36,97.3,75,5.65,9,3,1,2,13.6,4,1,887.36,0.0,0,0.56,0,0,0,0,0,1,0,0,0,1,0,0,0,0,0,0,0,0,1,0,0,1,0,0,0,1,0,0,1,0,0,0,0,0,0,0,1,0,0,1,0,0,0,1,0,0,1
CLI-004253,1801.0,16,8,3,37.5,1,0.6,2,2,20,3,18.0,3,0,99.81,0.04,0,0.25,0,0,0,0,0,0,1,0,0,0,0,1,0,0,1,0,0,0,0,0,1,0,0,0,1,0,0,0,0,1,0,0,0,0,1,0,0,0,0,1,0,0,0,1,0,0,1
CLI-001283,1531.0,2,15,6,40.0,4,0.7,4,0,9,0,7.4,5,2,373.49,0.15,0,0.25,0,0,0,1,0,0,0,0,0,1,0,0,0,0,0,0,1,0,0,0,0,1,0,0,0,1,0,0,0,0,1,0,0,1,0,0,0,1,0,0,0,0,0,1,1,0,0
CLI-001130,3227.0,18,2,2,100.0,100,64.2,6,2,1,2,20.5,3,0,33.07,0.0,0,0.75,1,0,0,0,0,0,0,0,0,1,0,0,0,0,0,0,0,0,0,1,1,0,0,0,1,0,0,0,0,0,0,1,0,0,1,0,0,0,0,1,1,0,0,0,0,0,1
CLI-001839,89659.0,8,102,83,81.4,43,27.9,11,3,1,3,3.9,3,0,7810.05,0.0,0,0.28,0,1,0,0,0,0,0,0,0,0,0,0,0,1,1,0,0,0,0,0,0,0,1,0,0,0,0,1,0,0,1,0,0,1,0,0,0,1,0,0,0,0,0,1,0,1,0
CLI-002824,8070.0,5,10,8,80.0,81,32.3,9,1,2,0,14.4,4,2,258.99,0.01,0,0.56,0,1,0,0,0,0,0,0,0,1,0,0,0,0,0,1,0,0,0,0,1,0,0,0,0,1,0,0,0,0,1,0,0,0,0,0,1,0,0,1,0,1,0,0,0,1,0
CLI-003495,111915.0,1,549,212,38.6,1,0.5,4,0,15,1,10.5,4,7,12407.41,0.5,0,0.25,1,0,0,0,0,0,0,0,0,1,0,0,0,0,0,1,0,0,0,0,0,0,0,1,0,1,0,0,0,0,0,0,1,1,0,0,0,0,1,0,0,0,0,1,1,0,0
CLI-002229,10516.0,10,8,4,50.0,22,1.9,5,2,0,3,18.6,3,0,188.59,0.0,0,0.31,0,0,0,0,0,1,0,1,0,0,0,0,0,0,0,0,1,0,0,0,0,1,0,0,0,1,0,0,1,0,0,0,0,0,0,1,0,1,0,0,0,0,0,1,0,1,0
CLI-000657,5513.0,15,3,1,33.3,3,1.5,5,0,2,5,10.5,2,0,140.06,0.0,0,0.19,0,0,0,0,0,1,0,0,1,0,0,0,0,0,0,1,0,0,0,0,1,0,0,0,0,0,1,0,0,0,0,1,0,0,0,1,0,0,0,1,0,0,0,1,0,0,1
CLI-002014,239499.0,24,136,75,55.1,28,5.65,11,9,0,1,3.4,4,0,5841.44,0.0,0,0.42,0,0,0,0,1,0,0,0,0,0,0,1,0,0,1,0,0,0,0,0,0,0,1,0,0,0,1,0,0,0,0,0,1,1,0,0,0,0,1,0,0,0,1,0,0,0,1
CLI-003356,2466.0,17,8,3,37.5,1,0.6,6,4,10,0,10.5,5,0,167.04,0.02,0,0.38,0,0,1,0,0,0,0,0,0,0,0,0,0,1,1,0,0,0,0,0,0,1,0,0,0,1,0,0,0,0,1,0,0,0,0,0,1,1,0,0,0,0,0,1,0,0,1
CLI-002148,13043.0,22,40,19,47.5,35,24.1,4,8,2,1,10.5,4,0,1060.44,0.0,0,0.25,0,0,1,0,0,0,0,1,0,0,0,0,0,0,1,0,0,0,0,0,0,1,0,0,0,1,0,0,0,0,1,0,0,1,0,0,0,0,0,1,0,0,1,0,0,0,1
CLI-001152,371639.0,19,276,71,25.7,1,0.3,2,4,8,0,2.0,4,0,20600.81,0.01,0,0.05,0,0,1,0,0,0,0,0,1,0,0,0,0,0,1,0,0,0,0,0,0,0,0,1,0,0,0,1,0,0,0,0,1,0,1,0,0,0,1,0,0,0,1,0,0,0,1
CLI-001012,488.0,14,2,1,50.0,11,4.2,5,3,0,0,10.5,4,0,28.35,0.0,0,0.62,0,0,0,0,0,0,1,0,0,0,0,0,0,1,1,0,0,0,0,0,1,0,0,0,1,0,0,0,1,0,0,0,0,1,0,0,0,0,1,0,0,0,0,1,0,0,1
CLI-001482,20114.0,20,53,20,37.7,27,12.8,4,4,0,3,7.8,2,0,2229.9,0.0,0,0.15,0,0,0,0,0,0,1,1,0,0,0,0,0,0,0,1,0,0,0,0,0,1,0,0,0,0,1,0,0,0,0,0,1,1,0,0,0,0,0,1,1,0,0,0,0,0,1
CLI-003660,577.0,12,5,2,40.0,10,8.1,4,1,1,2,12.5,5,0,46.91,0.0,0,0.5,1,0,0,0,0,0,0,0,0,1,0,0,0,0,1,0,0,0,0,0,1,0,0,0,1,0,0,0,0,0,0,1,0,0,1,0,0,0,1,0,0,1,0,0,0,1,0
CLI-002630,2192.0,5,12,10,83.3,48,32.0,5,3,1,1,16.8,5,1,148.5,0.01,0,0.62,0,0,0,1,0,0,0,0,0,0,0,1,0,0,0,1,0,0,0,0,0,1,0,0,1,0,0,0,1,0,0,0,0,1,0,0,0,1,0,0,0,0,0,1,0,1,0
CLI-000340,11985.0,13,18,4,22.2,9,4.8,2,3,0,6,10.3,3,0,664.38,0.0,0,0.08,0,0,0,0,1,0,0,0,0,0,0,1,0,0,0,0,0,0,1,0,0,1,0,0,0,0,1,0,0,1,0,0,0,1,0,0,0,1,0,0,1,0,0,0,0,0,1
CLI-002600,176311.0,9,38,26,50.0,65,27.7,13,3,1,3,10.5,2,0,2194.02,0.0,0,0.5,0,0,0,0,0,0,1,0,0,1,0,0,0,0,0,1,0,0,0,0,0,1,0,0,0,0,1,0,1,0,0,0,0,0,0,1,0,0,0,1,0,0,0,1,0,1,0
CLI-000473,235394.0,28,49,34,50.0,9,3.9,19,10,9,3,1.8,4,0,3987.03,0.01,0,0.48,0,0,0,1,0,0,0,0,1,0,0,0,0,0,0,0,1,0,0,0,0,0,1,0,0,0,0,1,0,1,0,0,0,0,0,1,0,0,0,1,0,0,1,0,0,0,1
CLI-002662,514709.0,13,431,37,8.6,1,0.1,4,2,24,0,1.2,4,0,29890.16,0.06,0,0.1,0,1,0,0,0,0,0,0,1,0,0,0,0,0,1,0,0,0,0,0,0,0,0,1,0,0,0,1,1,0,0,0,0,1,0,0,0,0,1,0,0,0,0,1,0,0,1
CLI-003323,2049.0,7,9,4,44.4,1,0.5,6,1,6,0,7.4,4,0,208.24,0.03,0,0.38,0,0,0,1,0,0,0,0,1,0,0,0,0,0,1,0,0,0,0,0,1,0,0,0,0,1,0,0,0,0,0,0,1,0,1,0,0,1,0,0,0,0,0,1,0,1,0
CLI-004345,12366.0,23,45,12,26.7,3,0.8,2,4,9,1,10.5,3,0,1005.33,0.01,0,0.12,0,0,1,0,0,0,0,0,0,1,0,0,0,0,0,0,0,0,1,0,0,1,0,0,0,1,0,0,0,0,0,1,0,1,0,0,0,0,0,1,0,0,0,1,0,0,1
CLI-003636,1505.0,17,10,3,30.0,4,0.2,4,5,4,0,5.6,3,0,203.87,0.01,0,0.25,1,0,0,0,0,0,0,0,0,1,0,0,0,0,0,0,0,1,0,0,1,0,0,0,0,1,0,0,1,0,0,0,0,0,1,0,0,1,0,0,0,1,0,0,0,0,1
CLI-004847,7968.0,10,14,11,78.6,27,14.7,7,0,0,4,11.9,4,1,373.75,0.0,0,0.44,0,1,0,0,0,0,0,0,0,1,0,0,0,0,0,0,0,0,0,1,0,1,0,0,0,1,0,0,0,0,0,0,1,0,1,0,0,0,1,0,0,1,0,0,0,1,0
CLI-002007,124916.0,17,468,50,50.0,1,0.3,2,3,20,8,7.9,2,0,19042.01,0.04,0,0.08,0,0,0,0,0,0,1,0,0,0,0,1,0,0,1,0,0,0,0,0,0,0,0,1,0,0,1,0,0,1,0,0,0,1,0,0,0,0,1,0,1,0,0,0,0,0,1
CLI-003411,19868.0,18,20,18,50.0,84,93.7,15,6,1,0,12.5,3,0,563.48,0.0,0,0.94,0,0,0,0,0,1,0,0,0,0,0,1,0,0,1,0,0,0,0,0,0,1,0,0,0,1,0,0,0,0,1,0,0,0,0,0,1,0,1,0,0,0,1,0,0,0,1
CLI-001730,241137.0,1,206,102,49.5,22,6.6,11,0,0,7,4.4,5,3,14003.33,0.0,0,0.28,0,0,0,1,0,0,0,0,1,0,0,0,0,0,1,0,0,0,0,0,0,0,1,0,0,0,0,1,0,0,0,0,1,0,0,1,0,0,1,0,0,0,0,1,1,0,0
CLI-000986,563.0,7,3,2,66.7,19,1.8,8,0,3,4,13.8,3,1,76.28,0.01,0,0.5,0,0,0,0,0,0,1,0,0,1,0,0,0,0,1,0,0,0,0,0,1,0,0,0,0,1,0,0,0,1,0,0,0,1,0,0,0,0,1,0,0,0,0,1,0,1,0
CLI-002640,1285.0,10,10,7,70.0,40,5.65,2,2,1,3,29.9,4,1,104.48,0.0,0,0.25,0,0,1,0,0,0,0,0,0,1,0,0,0,0,0,1,0,0,0,0,1,0,0,0,1,0,0,0,0,0,1,0,0,1,0,0,0,0,1,0,0,1,0,0,0,1,0
CLI-000505,1449.0,14,4,2,50.0,34,5.65,6,4,0,3,15.7,2,0,98.17,0.0,0,0.38,0,0,0,0,0,1,0,0,0,0,1,0,0,0,0,0,1,0,0,0,1,0,0,0,0,1,0,0,0,1,0,0,0,0,0,0,1,1,0,0,0,0,0,1,0,0,1
CLI-002766,20718.0,21,15,14,93.3,85,83.8,26,6,1,0,3.6,5,0,1403.69,0.0,0,0.65,1,0,0,0,0,0,0,0,0,0,0,1,0,0,0,0,0,0,0,1,0,1,0,0,0,0,0,1,1,0,0,0,0,0,0,1,0,1,0,0,0,0,1,0,0,0,1
CLI-004686,37876.0,6,40,30,75.0,61,19.2,7,0,0,4,5.0,3,3,1649.66,0.0,0,0.27,0,0,0,1,0,0,0,0,0,0,1,0,0,0,0,1,0,0,0,0,0,1,0,0,0,0,1,0,0,0,0,1,0,0,0,1,0,0,0,1,0,1,0,0,0,1,0
CLI-002519,694.0,16,2,1,50.0,15,4.4,7,3,1,7,2.7,1,0,169.34,0.0,0,0.18,0,0,1,0,0,0,0,0,1,0,0,0,0,0,0,0,0,0,0,1,1,0,0,0,0,0,0,1,0,0,1,0,0,0,0,1,0,1,0,0,1,0,0,0,0,0,1
CLI-003260,24281.0,21,58,12,20.7,1,0.6,6,1,29,7,6.5,3,0,2467.59,0.05,0,0.23,0,0,0,0,0,1,0,0,0,0,0,0,1,0,0,0,0,0,0,1,0,1,0,0,0,0,1,0,0,1,0,0,0,1,0,0,0,0,0,1,0,0,0,1,0,0,1
CLI-002349,36710.0,13,56,47,83.9,76,5.65,18,2,2,0,4.2,3,0,2238.41,0.01,0,0.69,0,0,1,0,0,0,0,0,0,0,0,1,0,0,1,0,0,0,0,0,0,1,0,0,0,0,1,0,0,0,1,0,0,0,0,0,1,0,0,1,0,0,0,1,0,0,1
CLI-001177,575.0,3,1,1,50.0,56,36.9,3,0,1,7,37.4,2,0,14.92,0.01,0,0.38,0,0,0,1,0,0,0,0,0,1,0,0,0,0,0,0,0,0,0,1,1,0,0,0,1,0,0,0,0,0,0,0,1,1,0,0,0,0,1,0,0,0,0,1,1,0,0
CLI-001072,1420.0,21,3,2,66.7,2,0.1,7,3,10,0,9.1,4,0,82.45,0.02,0,0.44,0,0,0,0,0,1,0,0,0,0,0,0,0,1,0,0,1,0,0,0,1,0,0,0,0,1,0,0,0,0,0,0,1,0,0,1,0,0,0,1,0,1,0,0,0,0,1
CLI-001555,40274.0,20,49,10,20.4,1,0.1,6,2,13,0,9.3,5,0,1403.28,0.02,0,0.38,0,0,0,0,0,0,1,0,0,1,0,0,0,0,1,0,0,0,0,0,0,1,0,0,0,1,0,0,0,0,1,0,0,1,0,0,0,0,0,1,0,0,0,1,0,0,1
CLI-003139,3408.0,15,3,1,33.3,2,0.2,1,5,0,1,7.9,5,0,67.04,0.0,0,0.06,0,0,0,0,0,0,1,0,1,0,0,0,0,0,1,0,0,0,0,0,1,0,0,0,0,1,0,0,0,0,0,1,0,0,0,0,1,0,0,1,0,0,0,1,0,0,1
CLI-003732,6647.0,19,8,5,50.0,32,11.2,9,7,0,3,11.7,2,0,238.4,0.0,0,0.56,1,0,0,0,0,0,0,0,0,0,0,1,0,0,1,0,0,0,0,0,0,1,0,0,0,1,0,0,0,0,1,0,0,1,0,0,0,0,0,1,0,0,0,1,0,0,1
CLI-000716,1563.0,2,3,2,50.0,49,38.3,4,0,1,0,10.5,5,0,76.23,0.02,0,0.25,0,0,0,1,0,0,0,0,0,0,0,1,0,0,0,0,0,1,0,0,1,0,0,0,0,1,0,0,0,0,0,1,0,0,0,0,1,0,0,1,0,0,0,1,1,0,0
CLI-004447,300.0,17,1,1,100.0,28,5.65,4,3,3,2,8.8,5,0,25.94,0.01,0,0.25,0,0,0,1,0,0,0,0,0,1,0,0,0,0,0,0,0,1,0,0,1,0,0,0,0,1,0,0,0,0,1,0,0,0,1,0,0,0,0,1,0,0,1,0,0,0,1
CLI-003979,9928.0,3,64,22,34.4,9,2.5,5,1,2,2,10.5,3,2,1210.71,0.02,0,0.31,0,1,0,0,0,0,0,0,0,1,0,0,0,0,0,1,0,0,0,0,0,0,1,0,0,1,0,0,0,0,1,0,0,1,0,0,0,0,0,1,0,1,0,0,1,0,0
CLI-004559,14673.0,17,53,18,34.0,1,5.65,4,3,10,0,10.2,3,0,1192.93,0.02,0,0.25,1,0,0,0,0,0,0,0,1,0,0,0,0,0,1,0,0,0,0,0,0,1,0,0,0,1,0,0,0,0,0,1,0,0,0,1,0,0,0,1,0,1,0,0,0,0,1
CLI-001751,21322.0,14,47,41,87.2,51,33.8,11,3,1,1,10.5,4,0,1083.45,0.0,0,0.69,0,0,0,1,0,0,0,1,0,0,0,0,0,0,0,0,0,1,0,0,0,1,0,0,0,1,0,0,0,0,0,1,0,1,0,0,0,0,1,0,0,0,0,1,0,0,1
CLI-000334,16140.0,11,35,23,65.7,30,5.65,7,2,0,4,13.7,4,1,984.17,0.0,0,0.44,0,0,1,0,0,0,0,0,0,0,1,0,0,0,0,0,0,0,0,1,0,1,0,0,0,1,0,0,0,0,0,0,1,1,0,0,0,0,1,0,0,1,0,0,0,1,0
CLI-002185,2954.0,18,6,3,50.0,35,36.0,6,3,1,2,13.8,4,0,180.1,0.0,0,0.38,0,0,0,0,0,0,1,0,0,1,0,0,0,0,1,0,0,0,0,0,1,0,0,0,0,1,0,0,0,0,1,0,0,1,0,0,0,0,0,1,0,0,0,1,0,0,1
CLI-002700,289688.0,1,199,157,50.0,58,16.1,28,0,1,3,7.4,4,2,17663.9,0.03,0,0.7,0,0,1,0,0,0,0,0,0,0,0,1,0,0,1,0,0,0,0,0,0,0,1,0,0,0,0,1,0,1,0,0,0,0,1,0,0,1,0,0,0,1,0,0,1,0,0
CLI-004158,2417.0,13,8,3,37.5,13,2.7,5,5,2,7,18.1,3,0,173.4,0.01,0,0.31,0,0,0,1,0,0,0,0,0,0,0,1,0,0,1,0,0,0,0,0,1,0,0,0,0,1,0,0,1,0,0,0,0,1,0,0,0,1,0,0,1,0,0,0,0,0,1
CLI-001359,3093.0,1,9,8,88.9,81,48.4,4,2,0,0,7.4,5,3,114.32,0.0,0,0.5,0,0,0,0,1,0,0,0,0,0,1,0,0,0,1,0,0,0,0,0,1,0,0,0,1,0,0,0,0,0,0,0,1,0,1,0,0,0,1,0,0,0,0,1,1,0,0
CLI-004633,35808.0,9,26,17,65.4,47,5.0,26,1,0,0,4.6,4,2,2183.41,0.0,0,0.65,0,0,0,0,1,0,0,1,0,0,0,0,0,0,1,0,0,0,0,0,0,1,0,0,0,0,0,1,1,0,0,0,0,0,0,1,0,0,0,1,0,0,0,1,0,1,0
CLI-003138,319.0,2,3,1,33.3,1,0.4,1,0,4,6,14.1,4,2,55.65,0.07,0,0.06,1,0,0,0,0,0,0,0,1,0,0,0,0,0,1,0,0,0,0,0,1,0,0,0,0,1,0,0,0,1,0,0,0,0,0,1,0,1,0,0,0,0,0,1,1,0,0
CLI-003243,939.0,15,4,2,50.0,19,9.9,4,8,8,1,15.8,4,2,42.4,0.02,0,0.5,0,0,0,0,1,0,0,0,0,1,0,0,0,0,1,0,0,0,0,0,1,0,0,0,1,0,0,0,0,0,1,0,0,0,0,0,1,1,0,0,0,0,1,0,0,0,1
CLI-002087,7825.0,23,10,9,90.0,90,85.4,9,8,4,2,14.4,4,0,307.81,0.01,0,0.56,0,0,0,0,0,1,0,1,0,0,0,0,0,0,1,0,0,0,0,0,1,0,0,0,0,1,0,0,1,0,0,0,0,1,0,0,0,0,1,0,0,0,0,1,0,0,1
CLI-000156,103540.0,10,172,14,8.1,1,0.1,3,2,18,5,10.5,1,1,6012.79,0.06,0,0.12,1,0,0,0,0,0,0,1,0,0,0,0,0,0,1,0,0,0,0,0,0,0,1,0,0,0,1,0,0,0,0,1,0,1,0,0,0,0,0,1,1,0,0,0,0,1,0
CLI-004385,47889.0,6,63,12,50.0,5,3.6,11,3,0,2,6.3,3,3,2781.02,0.0,0,0.42,0,0,0,0,0,0,1,0,0,0,0,0,0,1,1,0,0,0,0,0,0,0,1,0,0,0,1,0,0,1,0,0,0,0,1,0,0,0,0,1,1,0,0,0,0,1,0
CLI-001799,153277.0,16,94,65,69.1,46,12.1,15,7,0,6,1.3,3,0,8496.49,0.0,0,0.38,0,0,0,0,1,0,0,1,0,0,0,0,0,0,1,0,0,0,0,0,0,0,1,0,0,0,0,1,0,1,0,0,0,0,1,0,0,1,0,0,0,0,0,1,0,0,1
CLI-001540,1835.0,7,7,3,42.9,5,2.8,5,2,11,0,8.8,3,2,172.17,0.05,0,0.31,0,1,0,0,0,0,0,0,0,0,1,0,0,0,1,0,0,0,0,0,1,0,0,0,0,1,0,0,0,0,0,1,0,0,1,0,0,0,1,0,0,0,0,1,0,1,0
CLI-002239,510.0,12,3,1,33.3,2,0.9,7,1,2,2,12.7,5,1,62.19,0.01,0,0.44,0,0,0,0,1,0,0,0,0,1,0,0,0,0,0,0,0,1,0,0,1,0,0,0,0,1,0,0,0,0,1,0,0,0,0,1,0,0,0,1,0,0,0,1,0,1,0
CLI-002508,2063.0,19,8,3,50.0,10,4.0,3,6,1,1,15.9,3,0,93.19,0.0,0,0.38,1,0,0,0,0,0,0,0,1,0,0,0,0,0,0,0,0,0,1,0,1,0,0,0,1,0,0,0,0,0,1,0,0,0,0,0,1,0,0,1,0,1,0,0,0,0,1
CLI-001779,2622.0,19,4,3,75.0,55,37.4,4,3,1,0,22.4,4,0,56.1,0.0,0,0.5,0,0,0,0,0,1,0,0,1,0,0,0,0,0,1,0,0,0,0,0,1,0,0,0,1,0,0,0,1,0,0,0,0,0,0,0,1,0,1,0,0,0,1,0,0,0,1
CLI-001843,4770.0,1,31,10,32.3,20,3.4,6,0,0,5,10.8,3,1,646.28,0.0,0,0.38,0,0,1,0,0,0,0,0,0,0,0,0,0,1,0,0,1,0,0,0,0,1,0,0,0,1,0,0,0,0,0,1,0,0,1,0,0,0,0,1,0,0,0,1,1,0,0
CLI-004615,1991.0,3,9,7,77.8,33,24.3,3,2,1,3,31.8,4,1,97.12,0.01,0,0.38,0,0,0,0,0,0,1,0,0,0,1,0,0,0,1,0,0,0,0,0,1,0,0,0,1,0,0,0,0,0,1,0,0,1,0,0,0,1,0,0,0,0,0,1,1,0,0
CLI-002931,3999.0,11,8,4,50.0,1,0.2,1,2,30,6,35.5,3,2,103.77,0.09,1,0.12,0,0,0,1,0,0,0,1,0,0,0,0,0,0,0,0,1,0,0,0,1,0,0,0,1,0,0,0,1,0,0,0,0,0,0,0,1,1,0,0,0,0,0,1,0,1,0
CLI-004409,8749.0,2,22,12,54.5,18,9.0,4,1,1,0,14.0,4,1,288.35,0.02,0,0.5,0,1,0,0,0,0,0,0,0,1,0,0,0,0,1,0,0,0,0,0,0,1,0,0,1,0,0,0,1,0,0,0,0,0,0,1,0,1,0,0,0,0,0,1,1,0,0
CLI-000671,54402.0,7,46,14,30.4,1,0.1,3,0,10,1,3.0,4,1,2073.25,0.05,0,0.12,0,1,0,0,0,0,0,0,1,0,0,0,0,0,0,0,0,0,1,0,0,1,0,0,0,0,1,0,0,0,1,0,0,0,1,0,0,0,1,0,0,1,0,0,0,1,0
CLI-003348,5644.0,14,9,5,55.6,23,13.9,3,5,3,5,37.3,3,0,129.86,0.01,0,0.38,0,0,1,0,0,0,0,0,0,0,0,1,0,0,1,0,0,0,0,0,1,0,0,0,1,0,0,0,0,0,1,0,0,0,0,0,1,1,0,0,0,0,0,1,0,0,1
CLI-004711,2188.0,3,13,12,92.3,84,84.1,9,0,0,4,16.6,2,0,381.27,0.0,0,0.56,0,0,1,0,0,0,0,0,0,1,0,0,0,0,1,0,0,0,0,0,0,1,0,0,0,1,0,0,0,0,0,1,0,0,0,0,1,0,1,0,1,0,0,0,1,0,0
CLI-003497,107599.0,19,190,58,30.5,10,0.8,9,7,0,7,6.7,2,0,7718.74,0.0,0,0.35,0,0,0,0,1,0,0,0,0,1,0,0,0,0,1,0,0,0,0,0,0,0,1,0,0,0,1,0,0,0,1,0,0,0,1,0,0,1,0,0,1,0,0,0,0,0,1
CLI-004798,4134.0,2,46,20,43.5,1,0.3,4,0,2,6,13.9,3,1,840.26,0.03,0,0.25,1,0,0,0,0,0,0,0,0,0,0,1,0,0,0,0,0,0,1,0,0,1,0,0,0,1,0,0,0,0,0,0,1,0,0,1,0,0,0,1,0,1,0,0,1,0,0
CLI-001353,126906.0,23,51,37,72.5,26,7.5,6,5,1,0,0.5,5,0,2120.05,0.0,0,0.23,0,0,0,0,1,0,0,0,0,0,0,0,0,1,1,0,0,0,0,0,0,1,0,0,0,0,1,0,0,1,0,0,0,0,1,0,0,0,0,1,0,0,1,0,0,0,1
CLI-002284,300.0,19,1,1,100.0,60,28.5,7,2,1,4,10.5,4,0,23.73,0.0,0,0.44,0,0,1,0,0,0,0,1,0,0,0,0,0,0,1,0,0,0,0,0,1,0,0,0,0,1,0,0,1,0,0,0,0,1,0,0,0,1,0,0,0,0,0,1,0,0,1
CLI-003479,2039.0,15,6,3,50.0,23,11.3,3,8,1,5,36.5,2,1,63.77,0.0,0,0.38,0,0,0,0,0,1,0,0,1,0,0,0,0,0,0,1,0,0,0,0,1,0,0,0,1,0,0,0,0,1,0,0,0,1,0,0,0,0,0,1,1,0,0,0,0,0,1
CLI-000333,26659.0,9,54,21,38.9,19,9.5,8,2,0,6,18.5,2,0,1354.61,0.0,0,0.5,0,0,1,0,0,0,0,0,0,1,0,0,0,0,0,1,0,0,0,0,0,1,0,0,0,1,0,0,0,1,0,0,0,0,0,1,0,0,1,0,1,0,0,0,0,1,0
CLI-004187,1214.0,9,28,2,7.1,1,0.1,0,0,4,5,35.8,2,0,211.47,0.01,0,0.0,0,1,0,0,0,0,0,0,0,0,1,0,0,0,1,0,0,0,0,0,0,1,0,0,1,0,0,0,0,0,0,0,1,0,0,1,0,0,0,1,0,0,0,1,0,1,0
CLI-000553,7421.0,13,16,1,6.2,1,0.2,0,1,1,3,10.5,3,1,377.1,0.0,0,0.0,1,0,0,0,0,0,0,0,0,0,0,0,0,1,1,0,0,0,0,0,0,1,0,0,0,1,0,0,1,0,0,0,0,0,0,1,0,0,0,1,1,0,0,0,0,0,1
CLI-003649,32855.0,1,50,24,48.0,27,20.9,10,0,0,4,7.5,4,3,2003.33,0.0,0,0.38,0,0,0,1,0,0,0,0,0,0,1,0,0,0,0,0,0,0,0,1,0,1,0,0,0,0,1,0,0,0,1,0,0,1,0,0,0,0,0,1,0,1,0,0,1,0,0
CLI-004298,272949.0,25,107,38,35.5,17,11.2,15,4,1,0,7.5,3,0,9790.13,0.0,0,0.38,0,1,0,0,0,0,0,0,1,0,0,0,0,0,0,1,0,0,0,0,0,0,1,0,0,0,0,1,0,0,0,0,1,0,1,0,0,1,0,0,0,0,0,1,0,0,1
CLI-004864,149953.0,27,54,29,53.7,21,18.3,6,16,0,2,10.5,2,0,2949.51,0.0,0,0.23,0,0,0,0,1,0,0,1,0,0,0,0,0,0,1,0,0,0,0,0,0,0,1,0,0,0,1,0,0,0,1,0,0,0,1,0,0,0,0,1,0,0,0,1,0,0,1
CLI-000815,19490.0,2,58,34,58.6,23,12.8,5,0,2,3,14.1,2,2,1398.16,0.03,0,0.31,0,0,0,0,1,0,0,0,0,1,0,0,0,0,1,0,0,0,0,0,0,1,0,0,0,1,0,0,0,0,0,1,0,0,0,1,0,1,0,0,1,0,0,0,1,0,0
CLI-002397,4118.0,26,11,7,63.6,22,7.9,4,4,0,3,29.8,3,0,135.74,0.0,0,0.5,0,0,0,1,0,0,0,0,0,0,1,0,0,0,0,0,0,0,1,0,1,0,0,0,1,0,0,0,0,0,0,0,1,0,0,0,1,1,0,0,0,1,0,0,0,0,1
CLI-001021,456.0,1,4,1,25.0,1,0.3,1,0,8,1,33.6,2,1,32.68,0.27,0,0.12,0,0,0,0,1,0,0,0,1,0,0,0,0,0,1,0,0,0,0,0,1,0,0,0,1,0,0,0,0,0,1,0,0,0,1,0,0,0,1,0,0,0,0,1,1,0,0
CLI-003039,232195.0,20,217,155,71.4,43,14.6,14,7,1,2,2.4,3,0,18877.64,0.0,0,0.35,0,0,0,0,0,0,1,0,0,0,0,0,1,0,1,0,0,0,0,0,0,0,1,0,0,0,0,1,0,0,0,1,0,1,0,0,0,0,0,1,0,0,0,1,0,0,1
CLI-004673,2011.0,17,4,3,75.0,42,22.2,7,4,1,0,4.8,4,0,163.47,0.0,0,0.27,0,0,0,1,0,0,0,0,0,1,0,0,0,0,1,0,0,0,0,0,1,0,0,0,0,0,1,0,0,0,0,1,0,1,0,0,0,0,0,1,0,0,0,1,0,0,1
CLI-002982,12841.0,22,13,4,30.8,12,8.2,6,4,1,1,7.2,3,0,372.86,0.0,0,0.38,0,0,0,1,0,0,0,0,0,1,0,0,0,0,1,0,0,0,0,0,0,1,0,0,0,1,0,0,0,0,0,1,0,0,0,1,0,0,1,0,0,0,0,1,0,0,1
CLI-000027,12526.0,16,23,16,69.6,18,9.3,7,3,0,5,14.2,3,0,636.49,0.0,0,0.44,0,0,0,0,0,0,1,0,0,0,1,0,0,0,1,0,0,0,0,0,0,1,0,0,0,1,0,0,0,0,1,0,0,1,0,0,0,0,1,0,0,0,0,1,0,0,1
CLI-004287,7667.0,17,49,28,57.1,36,20.4,7,2,2,5,12.9,2,0,1168.82,0.0,0,0.44,0,0,0,0,0,0,1,1,0,0,0,0,0,0,1,0,0,0,0,0,0,1,0,0,0,1,0,0,1,0,0,0,0,0,0,0,1,0,0,1,1,0,0,0,0,0,1
CLI-002374,773.0,1,11,7,63.6,34,7.7,4,0,1,0,11.9,4,1,134.74,0.03,0,0.5,0,0,0,0,0,1,0,0,0,0,0,1,0,0,0,1,0,0,0,0,0,1,0,0,1,0,0,0,0,0,1,0,0,1,0,0,0,0,0,1,0,1,0,0,1,0,0
CLI-002279,1450.0,14,11,0,0.0,0,0.0,0,0,72,5,26.4,4,0,117.9,0.17,1,0.0,0,0,1,0,0,0,0,0,0,0,1,0,0,0,0,0,0,1,0,0,1,0,0,0,1,0,0,0,0,1,0,0,0,0,0,0,1,0,1,0,1,0,0,0,0,0,1
CLI-000305,767.0,4,8,5,62.5,34,13.9,4,0,2,3,28.7,2,2,93.59,0.02,0,0.5,0,0,0,0,0,0,1,0,0,1,0,0,0,0,1,0,0,0,0,0,1,0,0,0,1,0,0,0,1,0,0,0,0,1,0,0,0,0,0,1,0,0,0,1,0,1,0
CLI-002481,14783.0,3,52,42,80.8,65,49.4,7,0,0,0,22.4,4,1,621.65,0.0,0,0.88,0,0,0,0,0,0,1,1,0,0,0,0,0,0,1,0,0,0,0,0,0,1,0,0,1,0,0,0,0,0,0,0,1,0,0,0,1,1,0,0,0,0,0,1,1,0,0
CLI-004924,158649.0,5,46,39,84.8,34,5.65,22,0,1,1,4.4,4,1,4116.48,0.01,0,0.55,1,0,0,0,0,0,0,0,1,0,0,0,0,0,1,0,0,0,0,0,0,1,0,0,0,0,0,1,0,0,0,0,1,0,1,0,0,0,0,1,0,1,0,0,0,1,0
CLI-000236,5002.0,15,9,7,77.8,53,37.0,8,6,1,0,9.1,4,0,210.36,0.0,0,0.5,0,0,0,0,0,1,0,0,0,0,0,0,0,1,0,0,0,0,1,0,1,0,0,0,0,1,0,0,0,1,0,0,0,0,0,1,0,1,0,0,0,0,0,1,0,0,1
CLI-000934,9765.0,4,69,54,78.3,57,18.6,8,0,5,4,10.5,4,3,1190.81,0.04,0,0.5,0,0,1,0,0,0,0,0,0,1,0,0,0,0,1,0,0,0,0,0,0,0,1,0,0,1,0,0,0,1,0,0,0,0,0,0,1,0,0,1,0,0,0,1,0,1,0
CLI-004573,744737.0,11,390,226,57.9,30,5.7,18,3,2,0,4.1,4,0,27521.69,0.01,0,0.45,1,0,0,0,0,0,0,1,0,0,0,0,0,0,0,0,0,0,1,0,0,0,0,1,0,0,0,1,0,0,0,1,0,0,1,0,0,1,0,0,0,0,0,1,0,1,0
CLI-003284,2240.0,18,5,4,80.0,72,33.7,3,6,0,1,19.2,5,0,68.28,0.0,0,0.38,0,0,0,1,0,0,0,1,0,0,0,0,0,0,1,0,0,0,0,0,1,0,0,0,1,0,0,0,0,0,0,1,0,0,0,1,0,0,0,1,0,0,1,0,0,0,1
CLI-004537,34588.0,4,110,91,82.7,43,5.65,7,1,2,0,6.0,5,2,2636.3,0.02,0,0.44,0,0,0,0,0,1,0,0,0,1,0,0,0,0,0,1,0,0,0,0,0,0,1,0,0,1,0,0,0,0,1,0,0,1,0,0,0,0,0,1,0,0,0,1,0,1,0
CLI-001465,46035.0,21,47,35,74.5,38,19.6,18,6,0,0,0.5,4,0,4010.04,0.0,0,0.45,0,0,1,0,0,0,0,0,0,0,0,1,0,0,0,0,0,0,1,0,0,1,0,0,0,0,0,1,0,0,0,1,0,0,0,0,1,0,0,1,0,0,1,0,0,0,1
CLI-003562,407.0,1,2,1,50.0,8,2.5,3,0,2,3,25.3,3,4,20.68,0.07,0,0.38,0,0,0,0,1,0,0,0,1,0,0,0,0,0,0,1,0,0,0,0,1,0,0,0,1,0,0,0,0,0,0,0,1,0,1,0,0,1,0,0,0,1,0,0,1,0,0
CLI-002893,17430.0,8,11,9,81.8,41,5.65,19,3,0,2,1.3,4,0,850.22,0.0,0,0.48,0,0,0,0,1,0,0,0,0,0,1,0,0,0,0,1,0,0,0,0,1,0,0,0,0,0,0,1,1,0,0,0,0,0,0,0,1,0,0,1,0,0,1,0,0,1,0
CLI-001081,24176.0,18,49,19,38.8,2,0.4,10,2,15,1,1.4,3,1,2680.28,0.03,0,0.25,1,0,0,0,0,0,0,1,0,0,0,0,0,0,1,0,0,0,0,0,0,0,1,0,0,0,0,1,1,0,0,0,0,0,1,0,0,0,0,1,0,0,0,1,0,0,1
CLI-003570,12601.0,14,5,3,60.0,56,25.2,11,2,1,0,5.5,3,0,139.7,0.0,0,0.69,0,0,0,0,0,0,1,0,0,1,0,0,0,0,0,0,0,1,0,0,1,0,0,0,0,1,0,0,0,0,0,0,1,0,0,0,1,0,0,1,0,1,0,0,0,0,1
CLI-004171,14091.0,3,42,25,59.5,35,2.1,9,1,0,1,6.1,3,1,859.23,0.0,0,0.56,0,0,0,0,0,0,1,0,1,0,0,0,0,0,1,0,0,0,0,0,0,0,1,0,0,1,0,0,1,0,0,0,0,0,0,1,0,0,0,1,0,0,0,1,1,0,0
CLI-003093,300.0,6,2,1,50.0,9,3.4,4,0,0,2,10.5,3,2,19.51,0.0,0,0.5,1,0,0,0,0,0,0,0,1,0,0,0,0,0,0,0,0,0,0,1,1,0,0,0,1,0,0,0,0,0,0,0,1,0,0,0,1,0,0,1,0,1,0,0,0,1,0
CLI-003983,24302.0,18,49,34,69.4,9,2.2,7,6,0,5,9.6,4,0,1347.12,0.0,0,0.44,0,0,0,1,0,0,0,0,0,1,0,0,0,0,1,0,0,0,0,0,0,1,0,0,0,1,0,0,0,0,1,0,0,0,1,0,0,1,0,0,0,0,0,1,0,0,1
CLI-001950,5558.0,28,10,7,70.0,26,17.6,6,1,4,1,15.0,4,0,282.42,0.0,0,0.38,0,0,0,0,0,0,1,0,0,1,0,0,0,0,0,0,0,0,0,1,1,0,0,0,0,1,0,0,1,0,0,0,0,0,0,0,1,0,1,0,0,0,0,1,0,0,1
CLI-003185,529798.0,7,819,199,24.3,4,1.8,8,3,0,4,2.8,3,0,58735.95,0.0,0,0.2,0,0,0,0,0,1,0,0,0,0,0,1,0,0,0,0,0,0,0,1,0,0,0,1,0,0,0,1,0,1,0,0,0,1,0,0,0,1,0,0,1,0,0,0,0,1,0
CLI-001842,38640.0,9,34,27,79.4,99,100.9,19,2,0,0,2.2,4,3,1884.9,0.0,0,0.73,0,0,1,0,0,0,0,0,0,1,0,0,0,0,1,0,0,0,0,0,0,1,0,0,0,0,1,0,1,0,0,0,0,0,1,0,0,0,0,1,0,0,0,1,0,1,0
CLI-003141,382432.0,10,688,529,76.9,32,6.9,19,2,0,1,4.4,4,0,46638.01,0.0,0,0.48,0,1,0,0,0,0,0,0,0,1,0,0,0,0,1,0,0,0,0,0,0,0,0,1,0,0,0,1,1,0,0,0,0,0,0,1,0,0,0,1,0,1,0,0,0,1,0
CLI-002019,180705.0,10,204,91,44.6,12,6.3,3,1,1,3,10.5,4,2,9182.15,0.0,0,0.12,0,1,0,0,0,0,0,1,0,0,0,0,0,0,1,0,0,0,0,0,0,0,1,0,0,0,1,0,0,1,0,0,0,0,1,0,0,0,1,0,0,1,0,0,0,1,0
CLI-002678,7494.0,5,26,22,84.6,60,26.6,23,0,1,2,2.8,4,1,2284.71,0.01,0,0.57,0,0,0,0,0,0,1,1,0,0,0,0,0,0,1,0,0,0,0,0,0,1,0,0,0,0,0,1,0,0,0,0,1,0,1,0,0,0,0,1,0,0,0,1,0,1,0
CLI-001137,5956.0,4,20,9,45.0,10,5.65,7,1,6,0,6.0,3,2,726.32,0.05,0,0.27,0,0,0,1,0,0,0,0,0,1,0,0,0,0,0,0,0,0,0,1,0,1,0,0,0,0,1,0,0,0,0,1,0,0,1,0,0,0,1,0,0,1,0,0,0,1,0
CLI-002743,737.0,1,11,4,36.4,1,0.1,1,0,20,5,49.2,1,1,128.37,0.67,0,0.12,0,0,0,0,0,0,1,0,0,0,0,1,0,0,0,0,0,0,0,1,0,1,0,0,1,0,0,0,0,0,1,0,0,0,1,0,0,1,0,0,0,0,0,1,1,0,0
CLI-003681,22657.0,1,39,31,79.5,59,36.5,18,0,0,0,1.2,5,3,2763.07,0.0,0,0.45,0,1,0,0,0,0,0,0,1,0,0,0,0,0,0,0,0,1,0,0,0,1,0,0,0,0,0,1,1,0,0,0,0,0,0,1,0,0,0,1,0,0,0,1,1,0,0
CLI-004534,53253.0,31,56,32,57.1,17,8.2,8,1,1,0,1.6,3,0,2823.6,0.0,0,0.31,0,1,0,0,0,0,0,0,0,0,0,0,1,0,1,0,0,0,0,0,0,1,0,0,0,0,1,0,0,1,0,0,0,0,0,0,1,1,0,0,0,0,0,1,0,0,1
CLI-002375,5991.0,9,5,4,80.0,33,6.4,6,3,0,0,12.2,5,0,143.26,0.0,0,0.38,0,0,0,0,0,0,1,0,1,0,0,0,0,0,0,0,0,0,1,0,1,0,0,0,0,1,0,0,0,1,0,0,0,0,0,1,0,0,1,0,0,0,0,1,0,1,0
CLI-001331,6793.0,26,14,8,57.1,46,23.1,10,3,0,0,9.4,3,0,460.24,0.0,0,0.62,0,0,0,0,0,0,1,0,0,1,0,0,0,0,0,1,0,0,0,0,0,1,0,0,0,1,0,0,0,0,1,0,0,0,0,0,1,0,1,0,0,0,0,1,0,0,1
CLI-000468,4174.0,1,7,3,42.9,36,39.2,11,0,1,0,3.9,5,3,299.42,0.03,0,0.42,0,0,0,0,0,1,0,0,0,0,0,1,0,0,1,0,0,0,0,0,1,0,0,0,0,0,1,0,0,0,0,1,0,0,1,0,0,0,0,1,0,0,0,1,1,0,0
CLI-004946,8905.0,21,44,31,70.5,46,33.4,3,3,0,0,14.5,5,0,528.0,0.0,0,0.38,0,0,0,0,0,0,1,0,0,0,1,0,0,0,1,0,0,0,0,0,0,1,0,0,1,0,0,0,0,0,0,0,1,0,0,0,1,0,0,1,0,0,1,0,0,0,1
CLI-004978,39398.0,23,33,31,93.9,110,71.7,11,8,0,0,6.6,5,0,906.53,0.0,0,0.69,1,0,0,0,0,0,0,0,0,1,0,0,0,0,1,0,0,0,0,0,0,1,0,0,0,1,0,0,0,0,0,0,1,0,1,0,0,1,0,0,0,0,0,1,0,0,1
CLI-004781,82416.0,7,29,17,58.6,39,20.4,13,1,1,5,8.7,2,2,1322.46,0.0,0,0.5,1,0,0,0,0,0,0,0,0,1,0,0,0,0,0,1,0,0,0,0,0,1,0,0,0,0,1,0,0,0,0,1,0,1,0,0,0,0,0,1,1,0,0,0,0,1,0
CLI-000121,1824.0,8,5,3,60.0,30,12.9,8,2,1,1,11.4,4,0,123.58,0.0,0,0.5,0,0,0,0,1,0,0,1,0,0,0,0,0,0,1,0,0,0,0,0,1,0,0,0,0,1,0,0,0,0,1,0,0,0,0,0,1,1,0,0,0,0,0,1,0,1,0
CLI-002450,1374.0,10,8,3,37.5,1,0.4,3,0,6,1,10.5,4,0,104.7,0.02,0,0.38,0,0,0,1,0,0,0,0,0,1,0,0,0,0,0,0,0,0,1,0,1,0,0,0,1,0,0,0,0,1,0,0,0,1,0,0,0,0,1,0,0,0,0,1,0,1,0
CLI-004780,45745.0,12,45,31,68.9,45,5.65,5,4,1,1,11.4,4,1,1328.24,0.0,0,0.31,1,0,0,0,0,0,0,0,0,0,0,1,0,0,1,0,0,0,0,0,0,1,0,0,0,1,0,0,0,0,0,1,0,0,1,0,0,1,0,0,0,0,0,1,0,1,0
CLI-004786,7998.0,1,32,18,56.2,26,9.5,7,0,0,3,10.5,3,1,650.28,0.0,0,0.44,0,0,0,0,1,0,0,1,0,0,0,0,0,0,1,0,0,0,0,0,0,1,0,0,0,1,0,0,1,0,0,0,0,0,0,1,0,0,0,1,0,0,0,1,1,0,0
CLI-003825,13202.0,4,47,21,44.7,10,2.6,9,1,1,2,10.5,3,3,1788.87,0.01,0,0.35,0,0,0,0,1,0,0,0,0,0,0,0,1,0,1,0,0,0,0,0,0,1,0,0,0,0,1,0,0,0,0,0,1,0,0,0,1,0,1,0,0,0,0,1,0,1,0
CLI-001251,82285.0,17,111,7,6.3,1,0.1,1,4,5,2,0.5,3,0,7167.65,0.01,0,0.02,0,0,0,0,0,1,0,0,0,0,0,0,0,1,1,0,0,0,0,0,0,0,1,0,0,0,0,1,0,1,0,0,0,1,0,0,0,0,1,0,1,0,0,0,0,0,1
CLI-003152,46962.0,12,42,30,71.4,47,27.5,9,3,0,5,15.6,3,1,1145.41,0.0,0,0.56,0,0,0,0,0,0,1,0,1,0,0,0,0,0,1,0,0,0,0,0,0,1,0,0,0,1,0,0,0,0,0,0,1,0,0,1,0,0,1,0,0,0,0,1,0,1,0
CLI-000302,1310.0,25,9,8,88.9,85,78.5,4,6,1,2,21.1,4,0,114.1,0.0,0,0.5,0,0,0,0,1,0,0,0,0,0,0,0,1,0,1,0,0,0,0,0,1,0,0,0,1,0,0,0,0,0,1,0,0,0,0,0,1,0,1,0,0,0,1,0,0,0,1
CLI-000256,2729.0,17,5,4,80.0,31,2.3,12,5,1,2,9.8,4,0,237.74,0.0,0,0.46,0,0,0,0,1,0,0,0,0,0,1,0,0,0,1,0,0,0,0,0,1,0,0,0,0,0,1,0,0,1,0,0,0,0,1,0,0,0,1,0,0,0,1,0,0,0,1
CLI-004915,67644.0,18,32,16,50.0,9,2.0,12,4,2,0,0.5,4,0,2229.54,0.0,0,0.3,1,0,0,0,0,0,0,0,0,1,0,0,0,0,0,0,1,0,0,0,0,0,1,0,0,0,0,1,0,0,0,0,1,0,0,0,1,1,0,0,0,0,0,1,0,0,1
CLI-001756,9846.0,1,41,24,58.5,32,22.8,12,0,1,2,4.4,4,1,1500.97,0.03,0,0.46,0,0,1,0,0,0,0,0,0,1,0,0,0,0,0,0,0,1,0,0,0,1,0,0,0,0,1,0,0,0,0,1,0,0,1,0,0,1,0,0,0,0,0,1,1,0,0
CLI-001688,28970.0,22,43,26,60.5,13,9.1,9,2,8,0,0.5,4,0,2208.1,0.01,0,0.35,0,0,0,0,0,1,0,0,0,0,1,0,0,0,1,0,0,0,0,0,0,0,1,0,0,0,1,0,0,1,0,0,0,1,0,0,0,0,0,1,0,0,1,0,0,0,1
CLI-001574,6564.0,1,46,3,6.5,1,0.1,1,1,26,1,13.4,4,2,470.84,0.87,0,0.12,1,0,0,0,0,0,0,0,0,0,0,0,0,1,1,0,0,0,0,0,0,1,0,0,1,0,0,0,1,0,0,0,0,1,0,0,0,0,0,1,1,0,0,0,1,0,0
CLI-001725,18310.0,15,38,2,5.3,1,0.1,0,3,7,4,17.7,3,1,930.41,0.02,0,0.0,0,0,0,0,1,0,0,0,1,0,0,0,0,0,0,1,0,0,0,0,0,1,0,0,0,1,0,0,0,0,0,0,1,0,0,0,1,0,0,1,0,0,0,1,0,0,1
CLI-001238,30177.0,1,120,74,61.7,43,33.8,5,0,0,0,9.8,5,1,1415.41,0.0,0,0.62,0,0,1,0,0,0,0,0,0,0,0,0,1,0,0,0,0,0,0,1,0,0,1,0,1,0,0,0,0,0,0,0,1,0,0,1,0,1,0,0,0,0,0,1,1,0,0
CLI-003312,3643.0,11,5,1,20.0,1,0.4,2,2,0,5,7.0,2,0,222.14,0.0,0,0.08,0,0,0,0,1,0,0,0,0,1,0,0,0,0,1,0,0,0,0,0,1,0,0,0,0,0,1,0,1,0,0,0,0,0,1,0,0,0,0,1,1,0,0,0,0,1,0
CLI-000853,237781.0,10,170,103,60.6,39,23.2,15,1,2,0,10.5,5,0,14498.82,0.01,0,0.38,0,1,0,0,0,0,0,1,0,0,0,0,0,0,0,0,0,0,0,1,0,0,1,0,0,0,0,1,1,0,0,0,0,0,0,0,1,1,0,0,0,0,0,1,0,1,0
CLI-004292,70855.0,15,50,6,12.0,1,0.1,6,1,30,5,4.5,3,0,2618.45,0.07,1,0.23,0,0,0,1,0,0,0,0,0,0,0,0,0,1,0,0,1,0,0,0,0,1,0,0,0,0,1,0,0,0,0,0,1,0,1,0,0,0,1,0,1,0,0,0,0,0,1
CLI-002836,46315.0,15,98,25,25.5,1,0.1,1,2,17,6,3.5,2,0,5648.19,0.04,0,0.02,0,0,0,0,0,0,1,0,1,0,0,0,0,0,0,0,0,0,0,1,0,0,1,0,0,0,0,1,0,0,1,0,0,0,1,0,0,1,0,0,1,0,0,0,0,0,1
CLI-000900,12430.0,17,56,27,48.2,14,3.6,5,5,1,1,14.3,4,0,659.08,0.0,0,0.62,0,0,0,0,0,1,0,0,1,0,0,0,0,0,1,0,0,0,0,0,0,1,0,0,1,0,0,0,0,1,0,0,0,1,0,0,0,1,0,0,0,0,0,1,0,0,1
CLI-004106,290866.0,16,366,293,80.1,48,30.4,25,4,2,1,4.3,3,0,32246.84,0.0,0,0.62,0,0,0,0,1,0,0,0,1,0,0,0,0,0,1,0,0,0,0,0,0,0,0,1,0,0,0,1,0,1,0,0,0,0,1,0,0,0,1,0,0,0,1,0,0,0,1
CLI-003718,2987.0,7,9,2,22.2,1,0.1,12,2,13,7,3.9,2,1,331.1,0.06,0,0.46,0,0,0,0,0,1,0,0,0,0,1,0,0,0,1,0,0,0,0,0,1,0,0,0,0,0,1,0,0,1,0,0,0,1,0,0,0,0,0,1,0,0,0,1,0,1,0
CLI-004685,1181311.0,18,292,161,55.1,21,11.7,16,3,1,3,3.6,5,0,27704.29,0.0,0,0.4,0,0,0,0,1,0,0,0,0,0,0,1,0,0,1,0,0,0,0,0,0,0,0,1,0,0,0,1,0,0,1,0,0,0,0,1,0,1,0,0,0,0,0,1,0,0,1
CLI-001835,53253.0,11,51,44,86.3,61,34.5,5,1,1,0,4.9,3,1,2497.8,0.0,0,0.19,0,0,1,0,0,0,0,0,0,0,1,0,0,0,0,0,0,0,1,0,0,1,0,0,0,0,1,0,0,0,1,0,0,0,1,0,0,0,1,0,0,0,0,1,0,1,0
CLI-002340,1436.0,1,7,1,14.3,1,0.1,1,0,2,3,24.3,3,2,60.4,0.07,0,0.12,0,0,1,0,0,0,0,0,0,1,0,0,0,0,1,0,0,0,0,0,1,0,0,0,1,0,0,0,0,0,0,0,1,0,1,0,0,1,0,0,0,0,0,1,1,0,0
CLI-004422,5566.0,9,56,18,32.1,17,6.3,4,2,1,1,11.6,4,0,754.24,0.0,0,0.5,0,0,0,0,0,1,0,1,0,0,0,0,0,0,0,0,0,1,0,0,0,1,0,0,1,0,0,0,0,1,0,0,0,1,0,0,0,0,1,0,0,0,0,1,0,1,0
CLI-001631,1151.0,14,11,2,18.2,6,2.2,1,3,1,1,10.5,4,1,127.58,0.0,0,0.12,0,0,0,0,0,0,1,0,1,0,0,0,0,0,0,0,0,0,0,1,1,0,0,0,1,0,0,0,0,0,1,0,0,1,0,0,0,0,1,0,0,0,0,1,0,0,1
CLI-001316,43527.0,13,60,34,56.7,22,14.9,10,1,5,7,9.1,4,1,3122.48,0.01,0,0.38,0,0,0,0,0,1,0,0,0,0,1,0,0,0,1,0,0,0,0,0,0,0,1,0,0,0,1,0,0,0,0,0,1,0,0,1,0,0,0,1,0,0,0,1,0,0,1
CLI-001100,2668.0,11,4,2,50.0,24,7.4,5,4,1,3,12.4,3,0,90.39,0.0,0,0.31,0,0,1,0,0,0,0,0,0,0,0,0,1,0,0,0,0,0,0,1,1,0,0,0,0,1,0,0,0,1,0,0,0,0,1,0,0,0,1,0,0,0,0,1,0,1,0
CLI-000124,44814.0,1,188,56,29.8,1,0.1,3,0,24,6,19.0,3,3,3643.39,0.8,0,0.19,0,0,0,1,0,0,0,1,0,0,0,0,0,0,0,0,0,0,1,0,0,0,1,0,0,1,0,0,0,0,1,0,0,0,1,0,0,1,0,0,0,0,0,1,1,0,0
CLI-000026,2129.0,14,12,7,58.3,26,10.4,8,2,0,0,2.1,5,0,236.06,0.0,0,0.5,0,0,1,0,0,0,0,0,0,0,1,0,0,0,1,0,0,0,0,0,0,1,0,0,0,1,0,0,0,0,0,0,1,0,1,0,0,1,0,0,0,0,0,1,0,0,1
CLI-004737,332.0,22,2,1,50.0,11,5.8,2,1,0,0,19.8,4,0,23.81,0.0,0,0.25,1,0,0,0,0,0,0,0,1,0,0,0,0,0,0,1,0,0,0,0,1,0,0,0,1,0,0,0,0,0,1,0,0,0,1,0,0,0,1,0,0,0,0,1,0,0,1
CLI-000400,22382.0,8,56,29,51.8,13,1.1,6,1,0,3,16.3,3,0,1240.71,0.0,0,0.38,0,0,0,0,1,0,0,0,1,0,0,0,0,0,1,0,0,0,0,0,0,1,0,0,0,1,0,0,0,1,0,0,0,0,1,0,0,0,0,1,0,0,0,1,0,1,0
CLI-003257,2508.0,13,6,3,50.0,17,3.9,2,2,1,3,27.4,4,0,69.51,0.0,0,0.25,0,1,0,0,0,0,0,0,0,1,0,0,0,0,1,0,0,0,0,0,1,0,0,0,1,0,0,0,0,1,0,0,0,1,0,0,0,1,0,0,0,0,0,1,0,0,1
CLI-001244,2056.0,15,7,4,57.1,44,3.1,4,2,1,5,47.7,2,0,80.87,0.0,0,0.5,0,0,0,0,1,0,0,0,0,0,0,0,0,1,1,0,0,0,0,0,1,0,0,0,1,0,0,0,0,0,1,0,0,0,1,0,0,0,0,1,1,0,0,0,0,0,1
CLI-004774,12451.0,12,64,37,57.8,31,15.1,4,6,0,4,29.2,2,0,893.18,0.0,0,0.5,0,1,0,0,0,0,0,0,0,0,1,0,0,0,1,0,0,0,0,0,0,0,1,0,1,0,0,0,0,0,0,0,1,0,0,1,0,1,0,0,0,0,0,1,0,1,0
CLI-002634,166968.0,28,141,76,53.9,10,0.5,12,5,2,1,4.9,4,0,13574.62,0.0,0,0.3,0,0,1,0,0,0,0,0,0,0,1,0,0,0,1,0,0,0,0,0,0,0,0,1,0,0,0,1,0,1,0,0,0,1,0,0,0,0,1,0,0,0,0,1,0,0,1
CLI-001390,15745.0,1,47,30,63.8,20,5.3,5,2,4,0,11.8,4,0,1200.08,0.13,0,0.31,0,1,0,0,0,0,0,0,1,0,0,0,0,0,1,0,0,0,0,0,0,1,0,0,0,1,0,0,0,0,1,0,0,0,0,0,1,0,1,0,0,0,0,1,1,0,0
CLI-004926,10240.0,6,10,6,60.0,24,14.4,11,1,5,1,2.5,5,0,416.24,0.03,0,0.42,1,0,0,0,0,0,0,0,0,0,0,1,0,0,1,0,0,0,0,0,1,0,0,0,0,0,1,0,0,0,0,0,1,0,0,1,0,1,0,0,0,0,0,1,0,1,0
CLI-001662,524.0,12,9,4,44.4,10,3.1,2,2,0,1,17.3,4,1,106.55,0.0,0,0.25,0,1,0,0,0,0,0,1,0,0,0,0,0,0,1,0,0,0,0,0,1,0,0,0,1,0,0,0,0,0,0,1,0,0,0,1,0,0,1,0,0,1,0,0,0,1,0
CLI-000810,9004.0,2,9,7,77.8,17,3.5,5,0,2,10,17.1,1,0,244.02,0.03,0,0.31,0,0,1,0,0,0,0,0,0,1,0,0,0,0,0,0,0,0,0,1,1,0,0,0,0,1,0,0,0,0,0,1,0,0,0,0,1,1,0,0,1,0,0,0,1,0,0
CLI-000832,498250.0,16,174,68,39.1,15,7.8,10,3,1,0,0.5,5,0,14130.73,0.0,0,0.25,0,0,0,0,0,1,0,0,0,0,0,0,1,0,0,1,0,0,0,0,0,0,1,0,0,0,0,1,0,0,0,0,1,0,0,0,1,1,0,0,0,0,1,0,0,0,1
CLI-003866,11849.0,1,47,0,0.0,0,0.0,0,0,30,6,10.5,3,1,516.06,1.0,1,0.0,0,1,0,0,0,0,0,0,0,0,0,1,0,0,1,0,0,0,0,0,0,1,0,0,1,0,0,0,1,0,0,0,0,0,0,1,0,0,0,1,1,0,0,0,1,0,0
CLI-000565,309715.0,7,134,82,61.2,12,6.9,11,1,9,0,1.8,2,2,10791.47,0.04,0,0.28,0,0,0,0,0,0,1,0,0,0,0,0,1,0,0,0,1,0,0,0,0,0,0,1,0,0,0,1,1,0,0,0,0,0,0,0,1,1,0,0,0,0,0,1,0,1,0
CLI-003043,8733.0,1,23,13,50.0,19,7.0,8,0,3,3,11.9,4,3,532.52,0.1,0,0.5,0,0,0,0,0,1,0,0,0,0,0,1,0,0,1,0,0,0,0,0,0,1,0,0,0,1,0,0,0,0,0,0,1,0,0,0,1,0,0,1,0,0,0,1,1,0,0
CLI-003587,7107.0,12,5,1,20.0,3,0.2,8,3,6,3,9.7,4,0,206.35,0.02,0,0.31,1,0,0,0,0,0,0,1,0,0,0,0,0,0,1,0,0,0,0,0,1,0,0,0,0,0,1,0,0,0,1,0,0,0,0,0,1,1,0,0,1,0,0,0,0,1,0
CLI-001887,4403.0,4,27,16,59.3,9,4.0,5,2,2,2,8.5,4,1,1215.0,0.02,0,0.19,0,1,0,0,0,0,0,0,0,0,0,1,0,0,0,1,0,0,0,0,0,1,0,0,0,0,1,0,0,0,1,0,0,0,0,1,0,0,1,0,0,1,0,0,0,1,0
CLI-002409,197392.0,13,494,0,0.0,0,0.0,0,0,43,0,7.7,4,1,8597.23,0.11,1,0.0,0,0,1,0,0,0,0,1,0,0,0,0,0,0,0,0,0,0,0,1,0,0,0,1,0,1,0,0,0,0,1,0,0,0,1,0,0,0,0,1,0,0,0,1,0,0,1
CLI-002480,7330.0,1,38,18,47.4,11,1.3,13,2,7,1,10.5,3,2,1489.79,0.23,0,0.5,0,1,0,0,0,0,0,0,0,0,1,0,0,0,1,0,0,0,0,0,0,1,0,0,0,0,1,0,0,1,0,0,0,0,0,0,1,1,0,0,0,0,0,1,1,0,0
CLI-002241,14881.0,6,34,8,23.5,9,2.9,6,1,22,3,13.2,1,0,864.17,0.12,0,0.38,0,0,0,0,1,0,0,1,0,0,0,0,0,0,1,0,0,0,0,0,0,0,1,0,0,1,0,0,0,0,1,0,0,0,0,1,0,0,0,1,0,0,0,1,0,1,0
CLI-004395,59726.0,9,144,105,72.9,35,21.3,10,1,1,1,1.8,4,0,6621.5,0.0,0,0.38,0,0,0,0,0,1,0,1,0,0,0,0,0,0,1,0,0,0,0,0,0,0,1,0,0,0,1,0,0,0,0,0,1,1,0,0,0,0,1,0,0,0,0,1,0,1,0
CLI-001460,104655.0,1,175,66,37.7,7,4.4,7,0,3,2,7.5,3,4,7976.79,0.1,0,0.27,0,0,0,1,0,0,0,0,0,0,0,1,0,0,1,0,0,0,0,0,0,0,1,0,0,0,1,0,1,0,0,0,0,1,0,0,0,0,1,0,0,1,0,0,1,0,0
CLI-002980,685.0,9,2,1,50.0,21,12.5,2,1,1,0,12.7,5,0,18.16,0.0,0,0.25,0,0,1,0,0,0,0,1,0,0,0,0,0,0,1,0,0,0,0,0,1,0,0,0,1,0,0,0,1,0,0,0,0,0,0,1,0,1,0,0,0,0,0,1,0,1,0
CLI-000408,11893.0,19,49,35,71.4,50,32.7,10,3,1,4,18.7,3,0,1208.61,0.0,0,0.62,0,0,0,1,0,0,0,0,0,0,0,0,0,1,1,0,0,0,0,0,0,1,0,0,0,1,0,0,0,0,1,0,0,0,0,0,1,0,1,0,0,1,0,0,0,0,1
CLI-002642,9734.0,7,28,3,10.7,1,0.1,1,0,3,2,7.4,5,1,1318.93,0.01,0,0.04,0,0,0,0,1,0,0,0,1,0,0,0,0,0,1,0,0,0,0,0,0,1,0,0,0,0,1,0,0,0,0,0,1,0,0,0,1,0,1,0,1,0,0,0,0,1,0
CLI-004013,504.0,1,8,4,50.0,12,4.8,2,0,6,2,23.4,3,4,68.35,0.2,0,0.25,1,0,0,0,0,0,0,0,0,0,0,1,0,0,0,1,0,0,0,0,1,0,0,0,1,0,0,0,0,1,0,0,0,0,1,0,0,0,1,0,0,1,0,0,1,0,0
CLI-002033,10900.0,16,24,22,91.7,105,30.0,5,2,2,0,16.8,5,0,265.85,0.0,0,0.62,0,0,1,0,0,0,0,0,0,0,0,0,1,0,1,0,0,0,0,0,0,1,0,0,1,0,0,0,0,1,0,0,0,1,0,0,0,1,0,0,0,0,0,1,0,0,1
CLI-002702,37508.0,15,108,72,66.7,34,9.6,8,8,1,2,7.1,4,0,2541.16,0.0,0,0.5,1,0,0,0,0,0,0,1,0,0,0,0,0,0,1,0,0,0,0,0,0,0,1,0,0,1,0,0,0,0,0,1,0,0,0,0,1,1,0,0,0,0,0,1,0,0,1
CLI-000110,14719.0,12,36,14,38.9,3,1.1,6,5,2,0,0.5,5,0,854.75,0.01,0,0.38,0,0,0,0,1,0,0,0,0,0,0,0,1,0,1,0,0,0,0,0,0,0,1,0,0,1,0,0,0,1,0,0,0,0,0,1,0,0,0,1,0,0,1,0,0,1,0
CLI-003988,10515.0,15,10,4,40.0,15,7.8,8,3,0,2,7.2,3,0,512.94,0.0,0,0.31,0,0,0,1,0,0,0,0,1,0,0,0,0,0,1,0,0,0,0,0,1,0,0,0,0,0,1,0,0,0,1,0,0,1,0,0,0,0,1,0,0,0,0,1,0,0,1
CLI-004591,26588.0,9,52,43,82.7,39,22.5,9,2,1,2,9.7,3,1,1351.04,0.0,0,0.56,0,0,0,0,0,0,1,0,0,1,0,0,0,0,0,0,0,0,0,1,0,1,0,0,0,1,0,0,0,0,0,0,1,1,0,0,0,0,0,1,0,1,0,0,0,1,0
CLI-001289,356.0,1,4,1,25.0,1,0.1,2,0,30,9,18.8,2,1,86.8,1.0,1,0.12,0,0,1,0,0,0,0,0,0,0,1,0,0,0,1,0,0,0,0,0,1,0,0,0,0,1,0,0,0,0,1,0,0,1,0,0,0,1,0,0,0,0,0,1,1,0,0
CLI-002896,3533.0,14,7,6,85.7,53,25.5,5,2,0,4,16.6,3,0,195.87,0.0,0,0.31,0,1,0,0,0,0,0,0,1,0,0,0,0,0,1,0,0,0,0,0,0,1,0,0,0,1,0,0,0,1,0,0,0,0,0,0,1,1,0,0,0,0,0,1,0,0,1
CLI-003320,262639.0,12,179,99,55.3,27,17.4,7,1,2,1,5.7,4,0,15251.95,0.01,0,0.18,0,0,0,0,0,1,0,0,0,0,0,1,0,0,1,0,0,0,0,0,0,0,1,0,0,0,0,1,0,0,1,0,0,0,0,1,0,1,0,0,0,0,0,1,0,1,0
CLI-004704,19635.0,6,100,23,23.0,1,5.65,1,2,9,5,13.4,2,1,3420.81,0.05,0,0.04,0,0,0,0,0,0,1,0,0,0,0,1,0,0,1,0,0,0,0,0,0,0,1,0,0,0,1,0,1,0,0,0,0,0,0,1,0,0,1,0,0,0,0,1,0,1,0
CLI-000093,5355.0,3,43,24,55.8,30,18.2,3,2,0,3,22.9,4,1,544.2,0.0,0,0.38,0,0,0,0,0,1,0,0,1,0,0,0,0,0,1,0,0,0,0,0,0,1,0,0,1,0,0,0,0,0,1,0,0,0,0,0,1,0,0,1,0,0,0,1,1,0,0
CLI-001267,27657.0,12,51,34,66.7,71,60.5,10,3,1,1,12.5,4,0,1405.36,0.0,0,0.62,0,0,1,0,0,0,0,0,0,0,0,0,1,0,1,0,0,0,0,0,0,1,0,0,0,1,0,0,0,0,1,0,0,0,0,0,1,1,0,0,0,0,0,1,0,1,0
CLI-001135,579.0,9,6,3,50.0,20,7.2,3,1,2,0,20.8,3,3,54.34,0.01,0,0.38,0,0,1,0,0,0,0,0,0,0,0,0,0,1,1,0,0,0,0,0,1,0,0,0,1,0,0,0,0,0,0,1,0,0,0,1,0,0,1,0,0,0,0,1,0,1,0
CLI-003463,5567.0,10,9,5,50.0,32,24.7,7,2,2,5,8.2,3,1,242.47,0.01,0,0.44,0,0,0,0,1,0,0,0,0,1,0,0,0,0,1,0,0,0,0,0,0,1,0,0,0,1,0,0,0,0,0,0,1,0,1,0,0,0,0,1,0,0,0,1,0,1,0
CLI-001551,79713.0,1,168,120,71.4,37,5.65,11,0,1,0,2.4,5,5,6075.71,0.03,0,0.42,0,0,0,0,1,0,0,0,0,1,0,0,0,0,1,0,0,0,0,0,0,0,1,0,0,0,1,0,0,1,0,0,0,1,0,0,0,0,0,1,0,1,0,0,1,0,0
CLI-001234,300.0,17,1,1,100.0,59,10.5,3,5,0,1,10.5,4,0,12.41,0.0,0,0.38,0,1,0,0,0,0,0,1,0,0,0,0,0,0,1,0,0,0,0,0,1,0,0,0,1,0,0,0,0,0,0,1,0,0,0,0,1,0,0,1,0,0,1,0,0,0,1
CLI-002427,2457.0,18,3,3,50.0,75,45.2,14,7,0,0,1.5,5,0,157.72,0.0,0,0.54,0,0,0,0,1,0,0,1,0,0,0,0,0,0,1,0,0,0,0,0,1,0,0,0,0,0,1,0,0,1,0,0,0,1,0,0,0,0,1,0,0,0,1,0,0,0,1
CLI-004026,21762.0,17,49,42,85.7,32,21.4,6,4,0,1,10.5,5,0,1263.77,0.0,0,0.38,1,0,0,0,0,0,0,1,0,0,0,0,0,0,0,0,0,1,0,0,0,1,0,0,0,1,0,0,0,0,0,0,1,0,1,0,0,1,0,0,0,0,0,1,0,0,1
CLI-001318,131545.0,10,589,226,38.4,10,2.5,5,2,0,2,18.2,2,0,13368.38,0.0,0,0.31,0,0,0,1,0,0,0,0,0,0,0,0,0,1,1,0,0,0,0,0,0,0,0,1,0,1,0,0,0,0,0,0,1,0,1,0,0,0,1,0,0,0,0,1,0,1,0
CLI-001064,93925.0,11,53,34,64.2,36,7.6,11,5,2,2,6.3,4,0,2545.38,0.01,0,0.42,0,0,1,0,0,0,0,0,1,0,0,0,0,0,1,0,0,0,0,0,0,1,0,0,0,0,1,0,0,0,0,1,0,0,0,0,1,1,0,0,0,0,1,0,0,1,0
CLI-001036,5019.0,17,7,0,0.0,0,0.0,0,2,42,3,11.8,2,0,191.29,0.08,1,0.0,0,0,0,0,0,1,0,0,0,1,0,0,0,0,0,0,0,1,0,0,1,0,0,0,0,1,0,0,0,1,0,0,0,1,0,0,0,0,0,1,0,0,0,1,0,0,1
CLI-000416,1355851.0,13,380,260,68.4,47,41.3,16,3,3,0,3.6,5,0,35945.14,0.01,0,0.4,0,1,0,0,0,0,0,0,0,1,0,0,0,0,1,0,0,0,0,0,0,0,0,1,0,0,0,1,0,1,0,0,0,0,0,1,0,1,0,0,0,0,1,0,0,0,1
CLI-000243,6331.0,5,42,26,61.9,52,16.8,5,0,0,2,24.0,4,1,514.73,0.0,0,0.62,0,1,0,0,0,0,0,1,0,0,0,0,0,0,1,0,0,0,0,0,0,1,0,0,1,0,0,0,0,1,0,0,0,0,0,1,0,0,0,1,0,1,0,0,0,1,0
CLI-004407,5328.0,7,10,5,50.0,17,10.5,3,2,1,1,19.5,4,0,129.95,0.0,0,0.38,0,0,0,0,0,1,0,0,0,0,0,1,0,0,1,0,0,0,0,0,0,1,0,0,1,0,0,0,0,0,0,0,1,0,0,0,1,0,1,0,0,0,0,1,0,1,0
CLI-001585,78580.0,17,57,32,56.1,26,11.2,7,5,0,2,10.5,3,0,1597.15,0.0,0,0.44,0,0,0,0,1,0,0,0,0,0,0,1,0,0,0,0,0,0,0,1,0,1,0,0,0,1,0,0,1,0,0,0,0,0,0,1,0,1,0,0,0,1,0,0,0,0,1
CLI-004446,130830.0,23,477,129,27.0,1,0.4,0,5,2,3,10.2,4,0,9971.81,0.0,0,0.0,0,0,0,0,0,1,0,0,0,0,0,0,0,1,1,0,0,0,0,0,0,0,0,1,0,1,0,0,0,1,0,0,0,1,0,0,0,1,0,0,0,0,1,0,0,0,1
CLI-002553,27556.0,14,32,20,62.5,55,5.65,9,3,0,0,10.5,4,1,840.13,0.0,0,0.56,0,0,0,0,0,0,1,0,0,1,0,0,0,0,1,0,0,0,0,0,0,0,1,0,0,1,0,0,0,1,0,0,0,0,0,0,1,0,1,0,0,0,0,1,0,0,1
CLI-002541,6508.0,9,10,5,50.0,17,7.0,7,3,3,4,11.6,3,0,240.49,0.01,0,0.44,0,0,1,0,0,0,0,0,0,0,0,1,0,0,0,0,1,0,0,0,0,1,0,0,0,1,0,0,0,0,0,1,0,1,0,0,0,0,1,0,0,1,0,0,0,1,0
CLI-000995,44829.0,5,43,26,60.5,23,21.1,11,0,0,3,3.8,5,0,1607.92,0.0,0,0.42,0,0,0,0,0,0,1,0,0,0,0,0,1,0,0,0,0,0,1,0,0,1,0,0,0,0,1,0,0,1,0,0,0,0,0,1,0,1,0,0,0,0,0,1,0,1,0
CLI-004453,178655.0,14,130,91,70.0,42,32.8,7,1,1,0,11.3,5,1,3351.88,0.0,0,0.44,0,0,0,0,1,0,0,0,0,1,0,0,0,0,0,0,0,1,0,0,0,0,1,0,0,1,0,0,0,0,1,0,0,0,0,0,1,0,1,0,0,0,0,1,0,0,1
CLI-004098,7310.0,3,11,9,81.8,64,5.65,7,2,0,0,8.5,4,1,342.87,0.0,0,0.44,0,0,0,0,0,1,0,0,1,0,0,0,0,0,1,0,0,0,0,0,1,0,0,0,0,1,0,0,0,0,1,0,0,1,0,0,0,1,0,0,0,1,0,0,1,0,0
CLI-000364,12710.0,8,10,7,70.0,24,6.1,8,1,1,3,13.1,4,1,484.39,0.0,0,0.31,0,0,0,0,1,0,0,0,0,0,0,0,0,1,1,0,0,0,0,0,0,1,0,0,0,0,1,0,1,0,0,0,0,1,0,0,0,0,1,0,0,0,0,1,0,1,0
CLI-002102,155712.0,3,152,64,42.1,14,7.4,10,0,4,2,10.5,3,0,6781.87,0.04,0,0.38,0,0,0,0,0,0,1,0,0,0,0,0,0,1,0,0,0,0,1,0,0,0,1,0,0,0,1,0,0,0,0,1,0,1,0,0,0,0,1,0,0,0,0,1,1,0,0
CLI-003772,132881.0,14,54,37,68.5,37,16.3,11,2,1,2,10.5,4,0,3057.54,0.0,0,0.42,0,0,0,0,0,0,1,0,0,0,0,0,0,1,0,0,0,0,0,1,0,0,1,0,0,0,1,0,0,1,0,0,0,1,0,0,0,0,0,1,0,0,0,1,0,0,1
CLI-000356,62410.0,6,132,98,74.2,48,30.8,6,1,0,5,10.5,3,0,3171.24,0.0,0,0.38,0,1,0,0,0,0,0,0,0,0,0,1,0,0,1,0,0,0,0,0,0,0,1,0,0,1,0,0,0,0,0,1,0,0,1,0,0,0,0,1,0,0,0,1,0,1,0
CLI-002025,943.0,1,5,2,40.0,1,0.6,3,0,1,4,10.5,4,3,47.93,0.03,0,0.38,1,0,0,0,0,0,0,0,0,0,0,0,0,1,1,0,0,0,0,0,1,0,0,0,1,0,0,0,1,0,0,0,0,0,0,1,0,1,0,0,0,0,0,1,1,0,0
CLI-002145,2534.0,14,13,9,69.2,41,17.6,6,6,0,5,10.5,4,0,515.11,0.0,0,0.23,0,0,0,0,0,0,1,0,0,0,0,1,0,0,0,1,0,0,0,0,0,1,0,0,0,0,1,0,0,0,1,0,0,1,0,0,0,0,0,1,0,0,0,1,0,0,1
CLI-000595,607691.0,3,456,257,56.4,37,32.9,18,0,1,1,4.4,4,1,32221.15,0.01,0,0.45,0,1,0,0,0,0,0,0,0,0,0,1,0,0,0,0,0,0,1,0,0,0,0,1,0,0,0,1,0,0,0,1,0,0,0,0,1,0,1,0,0,1,0,0,1,0,0
CLI-003003,261131.0,25,301,103,34.2,7,0.9,11,2,7,0,1.7,4,0,15164.38,0.01,0,0.42,0,0,0,0,1,0,0,0,1,0,0,0,0,0,0,1,0,0,0,0,0,0,0,1,0,0,1,0,0,1,0,0,0,0,0,1,0,0,1,0,0,1,0,0,0,0,1
CLI-003680,116901.0,1,34,5,14.7,1,0.5,3,0,23,0,5.0,4,2,2851.25,0.77,0,0.08,0,0,0,0,1,0,0,0,0,1,0,0,0,0,0,0,0,1,0,0,0,1,0,0,0,0,0,1,0,0,1,0,0,0,0,0,1,1,0,0,0,0,0,1,1,0,0
CLI-004149,13477.0,10,24,11,45.8,20,4.5,3,1,1,0,6.3,4,1,483.38,0.0,0,0.19,0,0,0,0,0,0,1,0,0,0,0,1,0,0,1,0,0,0,0,0,0,1,0,0,0,1,0,0,0,0,1,0,0,1,0,0,0,1,0,0,0,0,0,1,0,1,0
CLI-001127,1564.0,15,6,2,33.3,1,0.7,0,1,11,5,27.6,3,1,73.37,0.02,0,0.0,1,0,0,0,0,0,0,0,0,1,0,0,0,0,1,0,0,0,0,0,1,0,0,0,1,0,0,0,0,0,1,0,0,1,0,0,0,0,1,0,0,1,0,0,0,0,1
CLI-002871,13856.0,8,49,11,22.4,1,0.4,4,1,4,5,10.5,2,1,1207.01,0.02,0,0.25,0,1,0,0,0,0,0,0,0,0,1,0,0,0,1,0,0,0,0,0,0,1,0,0,0,1,0,0,0,0,0,1,0,0,0,0,1,0,1,0,1,0,0,0,0,1,0
CLI-001080,2781.0,12,7,5,71.4,25,1.3,7,2,3,4,20.4,1,0,169.55,0.01,0,0.44,0,0,0,0,1,0,0,0,0,1,0,0,0,0,1,0,0,0,0,0,1,0,0,0,0,1,0,0,1,0,0,0,0,0,0,0,1,0,0,1,1,0,0,0,0,1,0
CLI-004775,95630.0,17,45,0,0.0,0,0.0,0,0,77,7,10.1,1,0,2045.99,0.15,1,0.0,0,1,0,0,0,0,0,1,0,0,0,0,0,0,0,0,1,0,0,0,0,1,0,0,0,0,1,0,1,0,0,0,0,0,0,1,0,0,1,0,1,0,0,0,0,0,1
CLI-003794,103009.0,11,101,81,80.2,86,68.9,6,1,1,3,10.2,4,2,2791.56,0.0,0,0.38,0,0,0,0,0,0,1,0,1,0,0,0,0,0,0,0,0,0,0,1,0,0,1,0,0,1,0,0,1,0,0,0,0,0,0,1,0,1,0,0,0,1,0,0,0,1,0
CLI-004433,1034832.0,6,430,0,0.0,0,0.0,0,0,45,0,10.5,4,1,36056.85,0.25,1,0.0,0,1,0,0,0,0,0,0,0,1,0,0,0,0,0,1,0,0,0,0,0,0,0,1,0,0,0,1,0,0,1,0,0,0,0,0,1,0,1,0,0,0,0,1,0,1,0
CLI-002487,8145.0,11,23,17,73.9,55,26.5,5,5,0,5,37.7,2,0,320.43,0.0,0,0.62,1,0,0,0,0,0,0,1,0,0,0,0,0,0,1,0,0,0,0,0,0,1,0,0,1,0,0,0,0,0,0,1,0,0,0,0,1,1,0,0,1,0,0,0,0,1,0
CLI-001118,7625.0,3,56,20,35.7,1,0.5,11,0,16,2,6.0,3,2,1859.84,0.18,0,0.42,0,0,0,1,0,0,0,0,0,0,0,1,0,0,0,0,0,0,0,1,0,1,0,0,0,0,1,0,0,0,0,0,1,0,0,1,0,0,1,0,0,0,0,1,1,0,0
CLI-003378,11687.0,13,30,0,0.0,0,0.0,0,0,136,12,14.4,1,0,1295.63,0.35,1,0.0,0,0,0,1,0,0,0,1,0,0,0,0,0,0,0,0,0,0,0,1,0,1,0,0,0,0,1,0,0,1,0,0,0,1,0,0,0,0,0,1,0,0,0,1,0,0,1
CLI-002383,53633.0,13,47,39,83.0,61,38.1,32,5,0,0,0.5,5,0,4087.87,0.0,0,0.8,1,0,0,0,0,0,0,0,0,0,0,0,0,1,0,1,0,0,0,0,0,1,0,0,0,0,0,1,1,0,0,0,0,1,0,0,0,1,0,0,0,0,0,1,0,0,1
CLI-003714,4173.0,15,10,5,50.0,33,22.0,6,2,1,5,13.3,3,0,282.74,0.0,0,0.38,0,0,1,0,0,0,0,0,0,0,0,0,0,1,1,0,0,0,0,0,1,0,0,0,0,1,0,0,0,0,0,1,0,0,0,1,0,0,0,1,0,1,0,0,0,0,1
CLI-000633,53733.0,7,48,0,0.0,0,0.0,0,0,71,1,6.9,4,3,3854.6,0.34,1,0.0,0,0,0,0,0,0,1,0,0,0,0,1,0,0,0,0,0,0,0,1,0,1,0,0,0,0,0,1,0,0,0,1,0,1,0,0,0,0,0,1,1,0,0,0,0,1,0
CLI-001455,11214.0,23,33,8,24.2,1,0.3,4,4,7,3,28.2,3,0,455.87,0.01,0,0.5,0,0,1,0,0,0,0,1,0,0,0,0,0,0,0,0,0,0,0,1,0,1,0,0,1,0,0,0,0,1,0,0,0,0,1,0,0,0,0,1,1,0,0,0,0,0,1
CLI-000219,25007.0,7,29,0,0.0,0,0.0,0,0,116,1,7.0,5,0,1219.87,0.55,1,0.0,1,0,0,0,0,0,0,0,0,1,0,0,0,0,0,0,0,0,1,0,0,1,0,0,0,0,1,0,0,0,1,0,0,0,0,1,0,1,0,0,0,0,0,1,0,1,0
CLI-002104,74860.0,1,39,9,23.1,1,0.1,1,1,3,1,1.6,3,0,3043.08,0.1,0,0.02,0,1,0,0,0,0,0,0,1,0,0,0,0,0,1,0,0,0,0,0,0,0,1,0,0,0,0,1,1,0,0,0,0,0,0,0,1,0,0,1,0,0,0,1,1,0,0
CLI-003620,4418.0,19,6,2,33.3,9,0.8,4,5,1,0,6.1,5,0,173.79,0.0,0,0.25,0,0,0,0,1,0,0,0,0,0,1,0,0,0,1,0,0,0,0,0,1,0,0,0,0,1,0,0,0,1,0,0,0,1,0,0,0,0,0,1,0,0,0,1,0,0,1
CLI-002430,22623.0,2,49,29,59.2,41,7.3,7,0,2,3,10.1,2,1,1225.0,0.03,0,0.44,0,0,0,0,0,1,0,0,0,0,1,0,0,0,1,0,0,0,0,0,0,0,1,0,0,1,0,0,0,1,0,0,0,0,1,0,0,0,1,0,1,0,0,0,1,0,0
CLI-004201,5643.0,3,42,12,28.6,1,5.65,4,1,30,6,10.5,4,3,983.02,0.33,1,0.25,0,0,0,1,0,0,0,0,0,0,0,1,0,0,0,0,0,0,1,0,0,1,0,0,0,1,0,0,0,0,0,0,1,1,0,0,0,1,0,0,0,0,0,1,1,0,0
CLI-000678,790718.0,1,856,537,62.7,31,32.3,17,0,0,5,8.7,3,2,41925.64,0.0,0,0.65,0,0,0,0,0,0,1,0,0,0,0,0,0,1,1,0,0,0,0,0,0,0,0,1,0,0,1,0,0,0,0,0,1,0,0,0,1,0,0,1,0,0,0,1,1,0,0
CLI-003208,98711.0,15,172,85,49.4,26,11.3,6,2,1,1,11.7,4,0,4458.51,0.0,0,0.38,1,0,0,0,0,0,0,0,1,0,0,0,0,0,0,0,1,0,0,0,0,0,1,0,0,1,0,0,0,1,0,0,0,0,1,0,0,0,1,0,0,0,1,0,0,0,1
CLI-004805,209672.0,9,216,40,18.5,1,0.1,4,2,1,11,7.6,1,0,17046.51,0.0,0,0.1,0,0,0,0,1,0,0,1,0,0,0,0,0,0,1,0,0,0,0,0,0,0,1,0,0,0,0,1,1,0,0,0,0,1,0,0,0,0,0,1,0,0,0,1,0,1,0
CLI-004760,1224.0,14,10,2,20.0,1,0.4,2,2,30,1,6.9,4,1,124.37,0.07,1,0.25,0,0,0,0,0,1,0,0,0,0,0,1,0,0,1,0,0,0,0,0,0,1,0,0,1,0,0,0,0,0,0,1,0,0,0,0,1,1,0,0,0,0,0,1,0,0,1
CLI-000946,18383.0,1,201,79,39.3,11,5.2,1,0,0,8,47.8,1,3,1868.21,0.0,0,0.12,0,0,0,0,0,0,1,0,0,0,0,1,0,0,1,0,0,0,0,0,0,0,1,0,1,0,0,0,0,0,0,0,1,0,1,0,0,1,0,0,0,0,0,1,1,0,0
CLI-003567,1651.0,1,16,9,56.2,25,10.9,5,1,2,4,10.5,2,3,335.6,0.07,0,0.31,0,0,1,0,0,0,0,0,0,0,0,1,0,0,0,0,0,0,1,0,0,1,0,0,0,1,0,0,1,0,0,0,0,0,0,1,0,1,0,0,0,0,0,1,1,0,0
CLI-002813,10457.0,12,8,5,62.5,22,15.0,8,4,1,0,5.8,4,1,344.65,0.0,0,0.31,0,0,0,0,0,0,1,0,1,0,0,0,0,0,1,0,0,0,0,0,1,0,0,0,0,0,1,0,0,0,1,0,0,0,0,1,0,0,1,0,0,0,0,1,0,1,0
CLI-001360,586.0,20,2,1,50.0,17,7.0,2,5,1,0,25.8,3,0,24.0,0.0,0,0.25,0,0,0,0,1,0,0,0,0,0,1,0,0,0,0,0,0,1,0,0,1,0,0,0,1,0,0,0,0,0,0,1,0,1,0,0,0,1,0,0,0,0,0,1,0,0,1
CLI-001294,10959.0,4,36,14,38.9,3,0.8,9,0,3,1,6.5,3,1,1336.52,0.02,0,0.35,0,0,1,0,0,0,0,1,0,0,0,0,0,0,1,0,0,0,0,0,0,1,0,0,0,0,1,0,0,0,0,1,0,1,0,0,0,0,1,0,0,1,0,0,0,1,0
CLI-000057,56705.0,12,114,36,31.6,1,0.2,3,2,1,1,10.9,2,0,3457.65,0.0,0,0.19,0,0,0,1,0,0,0,0,0,0,0,1,0,0,0,0,0,0,1,0,0,0,1,0,0,1,0,0,1,0,0,0,0,0,0,1,0,1,0,0,1,0,0,0,0,1,0
CLI-003055,99273.0,14,199,123,61.8,25,8.3,8,1,1,1,10.5,3,0,5044.38,0.0,0,0.5,0,0,0,0,1,0,0,0,0,0,1,0,0,0,1,0,0,0,0,0,0,0,1,0,0,1,0,0,0,0,0,1,0,1,0,0,0,0,1,0,0,1,0,0,0,0,1
CLI-001916,31581.0,6,170,104,50.0,4,0.8,17,0,1,4,10.5,4,1,7702.8,0.01,0,0.65,0,1,0,0,0,0,0,0,0,0,0,0,0,1,1,0,0,0,0,0,0,0,1,0,0,0,1,0,0,0,1,0,0,1,0,0,0,0,0,1,0,0,0,1,0,1,0
CLI-004741,4340.0,14,10,7,70.0,31,7.9,3,3,0,5,29.6,3,1,115.05,0.0,0,0.38,0,0,0,0,0,1,0,0,0,1,0,0,0,0,0,0,0,0,0,1,1,0,0,0,1,0,0,0,0,0,0,0,1,0,0,1,0,0,0,1,0,0,0,1,0,0,1
CLI-001339,51128.0,13,58,31,53.4,33,15.8,6,2,1,4,13.8,4,0,1385.59,0.0,0,0.38,0,0,0,0,1,0,0,0,0,0,1,0,0,0,0,0,1,0,0,0,0,1,0,0,0,1,0,0,0,1,0,0,0,0,0,1,0,0,0,1,0,0,0,1,0,0,1
CLI-000660,15734.0,8,58,5,8.6,1,0.1,2,0,1,5,10.5,3,0,1199.23,0.0,0,0.12,0,0,0,1,0,0,0,0,0,0,0,1,0,0,1,0,0,0,0,0,0,1,0,0,0,1,0,0,0,0,0,0,1,0,0,0,1,1,0,0,1,0,0,0,0,1,0
CLI-004720,1329.0,3,7,5,71.4,46,5.65,3,1,1,0,15.0,4,3,95.37,0.01,0,0.38,0,0,0,0,0,1,0,0,1,0,0,0,0,0,0,0,1,0,0,0,1,0,0,0,1,0,0,0,0,0,0,1,0,0,0,0,1,0,0,1,0,0,0,1,1,0,0
CLI-004215,37428.0,19,212,81,38.2,7,3.2,1,5,1,4,20.7,1,0,5071.61,0.0,0,0.06,0,0,1,0,0,0,0,0,0,0,0,0,0,1,0,1,0,0,0,0,0,0,1,0,0,1,0,0,1,0,0,0,0,1,0,0,0,0,0,1,1,0,0,0,0,0,1
CLI-003667,2690.0,1,24,5,20.8,6,0.3,2,0,1,5,22.6,2,1,234.29,0.03,0,0.25,0,1,0,0,0,0,0,1,0,0,0,0,0,0,1,0,0,0,0,0,0,1,0,0,1,0,0,0,0,0,0,0,1,0,0,0,1,0,1,0,0,0,0,1,1,0,0
CLI-003190,3605.0,9,9,2,22.2,8,5.65,8,0,0,2,9.0,3,1,732.67,0.0,0,0.2,0,0,0,0,0,0,1,0,0,0,1,0,0,0,0,0,0,0,1,0,0,1,0,0,0,0,0,1,0,0,1,0,0,0,0,0,1,1,0,0,0,0,0,1,0,1,0
CLI-003287,2601.0,19,6,4,66.7,27,8.6,4,3,1,4,34.4,2,0,88.12,0.0,0,0.5,0,0,0,1,0,0,0,0,0,0,0,1,0,0,1,0,0,0,0,0,1,0,0,0,1,0,0,0,0,0,1,0,0,0,1,0,0,0,1,0,1,0,0,0,0,0,1
CLI-004463,2708.0,6,6,3,50.0,25,11.5,3,1,0,3,23.4,2,2,78.62,0.0,0,0.38,0,1,0,0,0,0,0,0,0,0,0,0,0,1,1,0,0,0,0,0,1,0,0,0,1,0,0,0,0,0,1,0,0,0,0,0,1,1,0,0,1,0,0,0,0,1,0
CLI-001215,19262.0,5,171,89,52.0,16,8.3,7,0,1,3,10.5,4,0,3355.8,0.01,0,0.44,1,0,0,0,0,0,0,0,1,0,0,0,0,0,1,0,0,0,0,0,0,0,1,0,0,1,0,0,0,1,0,0,0,1,0,0,0,0,1,0,0,1,0,0,0,1,0
CLI-000640,7536.0,6,11,10,50.0,89,35.6,8,0,1,4,16.1,4,0,316.91,0.01,0,0.5,0,1,0,0,0,0,0,1,0,0,0,0,0,0,0,0,0,1,0,0,1,0,0,0,0,1,0,0,0,0,0,0,1,0,1,0,0,1,0,0,0,0,0,1,0,1,0
CLI-002380,41065.0,13,43,27,62.8,24,16.1,14,4,0,2,10.5,2,0,3129.95,0.0,0,0.35,0,0,1,0,0,0,0,0,0,0,0,1,0,0,0,0,0,0,1,0,0,0,1,0,0,0,0,1,0,0,0,1,0,0,0,0,1,0,0,1,1,0,0,0,0,0,1
CLI-004317,11256.0,16,45,14,31.1,16,5.65,6,6,2,0,9.7,4,0,1055.9,0.0,0,0.38,1,0,0,0,0,0,0,0,0,0,1,0,0,0,1,0,0,0,0,0,0,0,1,0,0,1,0,0,0,0,1,0,0,0,0,0,1,0,0,1,0,0,1,0,0,0,1
CLI-000935,2415.0,1,4,2,50.0,1,0.7,8,0,1,1,12.4,3,1,101.57,0.03,0,0.5,0,0,0,0,0,0,1,0,0,0,0,1,0,0,1,0,0,0,0,0,1,0,0,0,0,1,0,0,0,1,0,0,0,0,1,0,0,1,0,0,0,0,0,1,1,0,0
CLI-002048,69221.0,3,75,48,64.0,14,4.4,12,0,4,5,0.5,3,4,6493.52,0.04,0,0.3,0,0,0,0,1,0,0,0,0,0,0,1,0,0,1,0,0,0,0,0,0,0,1,0,0,0,0,1,0,0,1,0,0,0,0,0,1,0,1,0,0,0,0,1,1,0,0
CLI-000679,1422.0,3,2,1,50.0,33,10.6,14,1,1,0,5.1,3,2,82.58,0.01,0,0.54,0,0,0,0,0,0,1,0,0,1,0,0,0,0,1,0,0,0,0,0,1,0,0,0,0,0,1,0,0,1,0,0,0,0,0,1,0,0,0,1,0,0,0,1,1,0,0
CLI-000291,126398.0,27,42,12,28.6,8,2.4,8,4,2,5,6.3,3,0,2202.05,0.0,0,0.31,0,0,1,0,0,0,0,1,0,0,0,0,0,0,0,0,0,1,0,0,0,1,0,0,0,0,1,0,0,0,0,1,0,1,0,0,0,0,1,0,0,0,0,1,0,0,1
CLI-002391,1617.0,1,9,6,66.7,40,24.8,6,0,0,0,5.6,5,3,197.21,0.0,0,0.38,0,1,0,0,0,0,0,0,0,0,0,0,1,0,0,0,0,0,0,1,1,0,0,0,0,1,0,0,0,0,0,0,1,1,0,0,0,0,1,0,0,0,0,1,1,0,0
CLI-001581,736.0,1,6,2,33.3,18,6.8,3,0,2,2,28.0,3,3,64.11,0.07,0,0.38,0,0,1,0,0,0,0,0,0,0,0,0,0,1,1,0,0,0,0,0,1,0,0,0,1,0,0,0,1,0,0,0,0,1,0,0,0,0,0,1,0,1,0,0,1,0,0
CLI-002100,13331.0,7,7,4,57.1,17,7.2,6,1,1,2,2.1,3,0,369.48,0.0,0,0.23,0,0,1,0,0,0,0,0,1,0,0,0,0,0,1,0,0,0,0,0,1,0,0,0,0,0,1,0,0,0,0,0,1,0,1,0,0,0,0,1,0,0,0,1,0,1,0
CLI-001071,20342.0,5,106,64,60.4,26,11.4,8,3,0,1,14.8,2,1,2756.35,0.0,0,0.5,0,0,0,0,0,0,1,0,0,0,0,1,0,0,1,0,0,0,0,0,0,0,1,0,0,1,0,0,0,0,0,1,0,0,1,0,0,1,0,0,1,0,0,0,0,1,0
CLI-002609,8888.0,1,22,10,45.5,22,14.5,6,0,1,2,10.5,4,0,516.12,0.03,0,0.38,1,0,0,0,0,0,0,0,0,1,0,0,0,0,1,0,0,0,0,0,0,1,0,0,0,1,0,0,0,1,0,0,0,0,0,1,0,1,0,0,0,1,0,0,1,0,0
CLI-001696,24994.0,20,106,12,11.3,2,0.8,1,4,5,4,10.5,3,0,1088.59,0.01,0,0.12,1,0,0,0,0,0,0,0,0,0,0,0,1,0,1,0,0,0,0,0,0,0,1,0,1,0,0,0,1,0,0,0,0,0,0,0,1,1,0,0,0,0,0,1,0,0,1
CLI-001873,5362.0,17,48,11,22.9,5,1.0,2,4,1,0,13.8,4,0,502.97,0.0,0,0.25,1,0,0,0,0,0,0,0,0,0,0,1,0,0,1,0,0,0,0,0,0,0,1,0,1,0,0,0,1,0,0,0,0,0,0,0,1,0,0,1,1,0,0,0,0,0,1
CLI-001549,208077.0,22,313,0,0.0,0,0.0,0,0,35,0,4.8,2,0,23068.42,0.05,1,0.0,0,0,0,1,0,0,0,0,0,0,0,0,0,1,0,0,0,0,0,1,0,0,0,1,0,0,0,1,0,1,0,0,0,0,0,1,0,0,0,1,0,0,0,1,0,0,1
CLI-000805,30123.0,1,6,4,66.7,22,1.7,15,0,1,4,3.7,3,4,417.45,0.03,0,0.38,1,0,0,0,0,0,0,0,0,0,1,0,0,0,0,0,1,0,0,0,1,0,0,0,0,0,0,1,0,0,1,0,0,1,0,0,0,0,0,1,0,0,0,1,1,0,0
CLI-002317,1630.0,6,10,5,50.0,26,6.7,11,1,1,1,5.0,3,0,397.53,0.01,0,0.42,0,0,0,0,1,0,0,0,0,1,0,0,0,0,0,0,0,1,0,0,1,0,0,0,0,0,1,0,0,0,0,1,0,1,0,0,0,1,0,0,0,1,0,0,0,1,0
CLI-000342,300.0,10,1,1,100.0,8,2.8,3,1,3,9,45.4,1,0,10.41,0.01,0,0.38,1,0,0,0,0,0,0,0,1,0,0,0,0,0,0,0,0,0,0,1,1,0,0,0,1,0,0,0,0,0,0,0,1,1,0,0,0,1,0,0,1,0,0,0,0,1,0
CLI-004569,660688.0,9,193,153,79.3,61,46.2,14,1,1,0,6.9,5,1,16785.77,0.0,0,0.35,0,1,0,0,0,0,0,0,0,0,0,0,0,1,0,0,0,0,1,0,0,0,1,0,0,0,0,1,0,0,0,1,0,0,0,0,1,1,0,0,0,0,0,1,0,1,0
CLI-001240,46409.0,19,200,0,0.0,0,0.0,0,0,54,2,17.4,1,0,4353.57,0.09,1,0.0,0,0,1,0,0,0,0,0,0,0,0,1,0,0,0,0,0,1,0,0,0,0,1,0,0,1,0,0,0,0,0,1,0,0,0,1,0,1,0,0,0,0,0,1,0,0,1
CLI-004521,79844.0,1,141,104,73.8,47,32.1,3,0,0,0,4.8,3,2,6085.66,0.0,0,0.12,0,0,0,1,0,0,0,0,0,0,0,0,0,1,0,0,0,0,0,1,0,0,1,0,0,0,1,0,0,0,0,1,0,0,1,0,0,1,0,0,0,0,0,1,1,0,0
CLI-002426,2729.0,13,5,3,60.0,36,9.6,10,2,0,2,14.4,3,0,133.13,0.0,0,0.62,0,0,0,0,0,0,1,0,0,1,0,0,0,0,0,0,0,0,0,1,1,0,0,0,0,1,0,0,0,0,0,1,0,1,0,0,0,1,0,0,0,1,0,0,0,0,1
CLI-002334,2379.0,24,3,2,66.7,10,4.2,7,6,1,2,12.1,4,0,87.93,0.0,0,0.44,0,0,0,0,0,0,1,0,0,0,1,0,0,0,0,0,1,0,0,0,1,0,0,0,0,1,0,0,0,1,0,0,0,1,0,0,0,0,0,1,0,0,1,0,0,0,1
CLI-002810,23088.0,9,61,17,27.9,1,0.1,17,2,17,2,4.0,4,0,4692.68,0.06,0,0.42,0,0,0,0,0,1,0,0,0,0,0,0,0,1,1,0,0,0,0,0,0,0,1,0,0,0,0,1,0,0,1,0,0,0,0,0,1,1,0,0,0,0,0,1,0,1,0
CLI-000882,3507.0,2,57,33,57.9,39,5.65,0,0,1,3,20.8,3,2,475.17,0.02,0,0.0,0,0,0,0,0,0,1,0,0,0,0,0,1,0,0,0,0,0,0,1,0,1,0,0,1,0,0,0,1,0,0,0,0,0,1,0,0,0,1,0,0,1,0,0,1,0,0
CLI-002934,1766.0,19,4,2,50.0,24,5.65,5,4,4,3,24.4,3,0,51.28,0.01,0,0.62,0,0,0,0,0,0,1,0,0,0,0,0,0,1,1,0,0,0,0,0,1,0,0,0,1,0,0,0,0,1,0,0,0,0,0,1,0,1,0,0,0,0,0,1,0,0,1
CLI-001470,6584.0,28,9,0,0.0,0,0.0,0,0,36,1,10.2,3,1,267.65,0.04,1,0.0,0,0,1,0,0,0,0,0,0,0,1,0,0,0,0,0,1,0,0,0,1,0,0,0,0,1,0,0,0,0,0,0,1,0,1,0,0,1,0,0,1,0,0,0,0,0,1
CLI-004753,902.0,6,5,1,20.0,1,0.3,1,2,30,1,9.9,1,0,137.46,0.17,1,0.04,1,0,0,0,0,0,0,0,0,0,1,0,0,0,0,1,0,0,0,0,1,0,0,0,0,0,1,0,1,0,0,0,0,1,0,0,0,1,0,0,0,0,0,1,0,1,0
CLI-001864,375161.0,16,450,247,54.9,31,4.0,9,3,1,5,6.6,3,0,19063.05,0.0,0,0.35,0,1,0,0,0,0,0,0,0,0,0,0,0,1,1,0,0,0,0,0,0,0,0,1,0,0,1,0,1,0,0,0,0,0,0,1,0,0,0,1,0,0,0,1,0,0,1
CLI-004325,2096.0,8,52,32,61.5,21,6.9,3,1,0,2,10.5,3,2,511.23,0.0,0,0.38,0,0,0,0,0,1,0,1,0,0,0,0,0,0,1,0,0,0,0,0,0,1,0,0,1,0,0,0,0,0,1,0,0,0,0,0,1,1,0,0,0,1,0,0,0,1,0
CLI-001319,341955.0,9,192,93,48.4,1,0.5,7,0,17,0,6.8,3,0,5957.41,0.06,0,0.44,1,0,0,0,0,0,0,1,0,0,0,0,0,0,0,0,1,0,0,0,0,0,1,0,0,1,0,0,0,0,0,0,1,0,1,0,0,0,0,1,0,1,0,0,0,1,0
CLI-004853,2497.0,13,9,6,50.0,26,17.1,3,4,1,0,0.5,5,0,108.75,0.0,0,0.38,0,0,0,0,0,1,0,0,0,0,0,1,0,0,0,0,0,1,0,0,1,0,0,0,1,0,0,0,1,0,0,0,0,0,0,0,1,0,0,1,0,0,1,0,0,0,1
CLI-003924,18120.0,7,181,61,33.7,9,4.0,2,2,5,5,36.2,2,0,2008.85,0.02,0,0.25,0,0,1,0,0,0,0,0,0,0,0,0,0,1,0,0,0,0,0,1,0,0,1,0,1,0,0,0,0,0,1,0,0,0,1,0,0,1,0,0,1,0,0,0,0,1,0
CLI-001663,1290.0,4,9,6,66.7,30,16.4,3,2,1,4,27.0,3,0,108.0,0.01,0,0.38,0,0,0,1,0,0,0,0,0,0,1,0,0,0,0,1,0,0,0,0,1,0,0,0,1,0,0,0,1,0,0,0,0,0,1,0,0,0,0,1,0,1,0,0,0,1,0
CLI-003980,178229.0,1,149,33,22.1,11,0.6,8,0,0,0,10.5,5,4,6792.25,0.0,0,0.31,0,0,0,1,0,0,0,0,0,0,0,1,0,0,0,0,1,0,0,0,0,0,1,0,0,0,1,0,0,0,0,0,1,1,0,0,0,0,0,1,0,0,0,1,1,0,0
CLI-003286,6592.0,20,35,25,71.4,42,33.4,3,2,0,5,41.8,2,0,365.41,0.0,0,0.38,1,0,0,0,0,0,0,0,0,1,0,0,0,0,0,0,1,0,0,0,0,1,0,0,1,0,0,0,0,1,0,0,0,1,0,0,0,0,0,1,0,0,0,1,0,0,1
CLI-002536,30296.0,12,61,15,24.6,1,0.4,6,4,30,10,16.2,3,1,1539.45,0.08,1,0.38,0,0,0,0,0,1,0,0,0,1,0,0,0,0,1,0,0,0,0,0,0,0,1,0,0,1,0,0,0,0,1,0,0,0,0,1,0,0,0,1,1,0,0,0,0,1,0
CLI-001399,139589.0,10,232,0,0.0,0,0.0,0,0,105,0,10.5,4,3,10639.37,0.35,1,0.0,0,0,0,0,0,0,1,1,0,0,0,0,0,0,0,0,1,0,0,0,0,0,0,1,0,0,1,0,1,0,0,0,0,0,0,0,1,1,0,0,1,0,0,0,0,1,0
CLI-002473,648.0,11,2,1,50.0,7,2.6,3,2,3,3,10.5,4,0,23.94,0.01,0,0.38,1,0,0,0,0,0,0,0,1,0,0,0,0,0,0,0,0,0,0,1,1,0,0,0,1,0,0,0,0,0,0,1,0,0,0,1,0,1,0,0,0,1,0,0,0,1,0
CLI-002232,44510.0,14,150,98,65.3,31,15.7,7,0,1,5,15.3,2,0,3877.17,0.0,0,0.44,1,0,0,0,0,0,0,0,0,0,1,0,0,0,1,0,0,0,0,0,0,0,1,0,0,1,0,0,0,1,0,0,0,0,0,1,0,1,0,0,1,0,0,0,0,0,1
CLI-000745,3150.0,23,12,5,41.7,22,6.8,4,7,1,0,7.0,5,0,320.08,0.0,0,0.25,0,0,1,0,0,0,0,0,1,0,0,0,0,0,1,0,0,0,0,0,0,1,0,0,0,1,0,0,0,0,1,0,0,1,0,0,0,0,1,0,0,0,0,1,0,0,1
CLI-002535,8477.0,21,35,22,62.9,32,9.2,0,5,2,0,5.2,5,0,449.49,0.0,0,0.0,0,0,0,0,1,0,0,0,0,0,0,1,0,0,0,1,0,0,0,0,0,1,0,0,1,0,0,0,0,1,0,0,0,0,1,0,0,1,0,0,0,0,1,0,0,0,1
CLI-004264,13557.0,6,42,20,47.6,20,8.3,5,1,0,3,10.5,2,0,688.85,0.0,0,0.31,0,0,0,1,0,0,0,1,0,0,0,0,0,0,0,0,0,0,1,0,0,1,0,0,0,1,0,0,0,0,0,0,1,1,0,0,0,0,1,0,0,0,0,1,0,1,0
CLI-003189,60728.0,21,18,6,33.3,1,0.1,8,8,27,2,5.9,3,1,861.15,0.04,0,0.31,0,0,0,1,0,0,0,0,1,0,0,0,0,0,0,0,0,0,1,0,0,1,0,0,0,0,1,0,0,0,0,1,0,0,0,0,1,1,0,0,0,0,0,1,0,0,1
CLI-002523,16499.0,20,41,20,50.0,28,6.0,4,0,1,0,14.7,4,0,628.76,0.0,0,0.5,0,0,0,0,0,1,0,0,0,0,0,0,1,0,1,0,0,0,0,0,0,1,0,0,1,0,0,0,0,0,0,1,0,0,0,1,0,1,0,0,0,1,0,0,0,0,1
CLI-000396,396.0,9,7,4,57.1,1,0.2,1,0,27,7,38.7,2,0,68.97,0.1,0,0.12,0,0,1,0,0,0,0,0,0,1,0,0,0,0,0,0,1,0,0,0,1,0,0,0,1,0,0,0,1,0,0,0,0,1,0,0,0,0,1,0,1,0,0,0,0,1,0
CLI-003468,561028.0,9,58,53,91.4,90,68.8,25,0,2,11,2.7,3,0,5701.5,0.01,0,0.62,0,0,0,0,1,0,0,1,0,0,0,0,0,0,0,0,1,0,0,0,0,1,0,0,0,0,0,1,1,0,0,0,0,1,0,0,0,0,1,0,0,0,0,1,0,1,0
CLI-001377,7636.0,25,5,4,80.0,55,37.6,9,2,0,6,19.1,3,1,125.0,0.0,0,0.56,0,0,0,0,0,0,1,0,0,0,0,0,0,1,1,0,0,0,0,0,1,0,0,0,0,1,0,0,0,0,0,1,0,0,0,0,1,1,0,0,0,0,1,0,0,0,1
CLI-004973,19110.0,6,51,21,41.2,20,13.8,3,0,0,4,23.9,4,3,685.44,0.0,0,0.38,0,0,0,0,0,0,1,0,0,1,0,0,0,0,1,0,0,0,0,0,0,1,0,0,1,0,0,0,0,1,0,0,0,0,1,0,0,1,0,0,0,0,0,1,0,1,0
CLI-004783,3378.0,12,8,3,37.5,4,2.0,7,2,1,0,0.5,5,0,294.23,0.0,0,0.27,0,0,0,0,0,0,1,0,1,0,0,0,0,0,0,1,0,0,0,0,1,0,0,0,0,0,1,0,0,0,0,1,0,0,1,0,0,1,0,0,0,0,0,1,0,1,0
CLI-004372,13490.0,1,53,29,54.7,37,18.8,16,0,0,2,3.1,3,0,4112.87,0.0,0,0.4,0,0,0,0,0,1,0,0,1,0,0,0,0,0,0,0,1,0,0,0,0,1,0,0,0,0,0,1,0,0,0,0,1,0,0,0,1,0,0,1,0,1,0,0,1,0,0
CLI-002002,19951.0,12,59,9,15.3,1,0.2,2,6,18,6,16.6,2,1,1351.67,0.05,0,0.12,0,1,0,0,0,0,0,0,0,1,0,0,0,0,0,0,1,0,0,0,0,1,0,0,0,1,0,0,0,0,0,0,1,0,0,1,0,1,0,0,0,0,0,1,0,1,0
CLI-002981,209226.0,1,847,402,47.5,7,1.0,1,0,1,6,14.1,4,3,17010.24,0.03,0,0.06,0,0,0,0,0,1,0,0,0,0,0,0,0,1,1,0,0,0,0,0,0,0,0,1,0,1,0,0,0,0,0,1,0,1,0,0,0,0,1,0,0,1,0,0,1,0,0
CLI-002923,11602.0,14,43,31,72.1,25,8.4,5,3,0,5,15.0,2,0,1010.66,0.0,0,0.31,0,0,0,0,0,0,1,0,0,0,0,1,0,0,1,0,0,0,0,0,0,1,0,0,0,1,0,0,0,1,0,0,0,0,0,0,1,0,1,0,0,0,0,1,0,0,1
CLI-000119,300.0,1,7,1,50.0,2,0.1,2,0,0,4,25.2,3,3,84.66,0.0,0,0.25,0,0,0,0,0,0,1,0,0,1,0,0,0,0,1,0,0,0,0,0,1,0,0,0,1,0,0,0,0,0,1,0,0,0,1,0,0,0,1,0,0,0,0,1,1,0,0
CLI-001085,33610.0,3,117,13,11.1,1,0.4,5,1,8,3,10.5,3,2,2732.49,0.09,0,0.31,0,1,0,0,0,0,0,0,1,0,0,0,0,0,0,0,1,0,0,0,0,0,1,0,0,1,0,0,0,0,0,0,1,0,1,0,0,1,0,0,1,0,0,0,1,0,0
CLI-002201,6380.0,8,42,0,0.0,0,0.0,0,0,47,2,21.7,4,0,409.53,0.2,1,0.0,0,0,0,0,1,0,0,0,0,0,0,1,0,0,1,0,0,0,0,0,0,1,0,0,1,0,0,0,1,0,0,0,0,0,1,0,0,0,1,0,1,0,0,0,0,1,0
CLI-003060,11385.0,6,26,17,65.4,23,15.4,23,1,2,0,0.5,3,6,1735.53,0.01,0,0.57,0,0,0,0,0,1,0,0,0,0,0,1,0,0,1,0,0,0,0,0,0,1,0,0,0,0,0,1,0,1,0,0,0,0,0,0,1,0,0,1,0,1,0,0,0,1,0
CLI-002196,4877.0,1,11,2,18.2,1,0.1,1,0,13,0,6.8,3,1,396.54,0.43,0,0.04,0,0,0,1,0,0,0,1,0,0,0,0,0,0,0,0,0,0,0,1,0,1,0,0,0,0,1,0,0,1,0,0,0,0,1,0,0,0,0,1,0,0,0,1,1,0,0
CLI-000749,7577.0,5,38,17,44.7,5,2.1,4,0,1,0,10.5,5,1,840.04,0.01,0,0.25,0,0,0,0,1,0,0,0,0,0,0,1,0,0,1,0,0,0,0,0,0,1,0,0,0,1,0,0,0,0,1,0,0,0,0,0,1,0,0,1,0,0,0,1,0,1,0
CLI-001317,11093.0,14,15,12,80.0,63,43.6,15,1,0,1,5.1,4,0,614.89,0.0,0,0.58,0,1,0,0,0,0,0,0,0,1,0,0,0,0,1,0,0,0,0,0,0,1,0,0,0,0,1,0,1,0,0,0,0,0,0,0,1,0,0,1,0,0,0,1,0,0,1
CLI-004809,72181.0,14,74,47,63.5,45,32.1,10,3,0,6,12.5,3,1,1760.51,0.0,0,0.62,1,0,0,0,0,0,0,0,0,1,0,0,0,0,1,0,0,0,0,0,0,0,1,0,0,1,0,0,0,1,0,0,0,0,0,0,1,0,1,0,0,0,0,1,0,0,1
CLI-003213,2738.0,19,10,4,40.0,1,0.4,3,1,23,5,33.7,4,0,119.25,0.04,0,0.38,1,0,0,0,0,0,0,0,0,0,1,0,0,0,0,0,0,1,0,0,1,0,0,0,1,0,0,0,1,0,0,0,0,1,0,0,0,1,0,0,0,0,0,1,0,0,1
CLI-001132,279798.0,7,167,118,70.7,50,20.1,10,4,1,1,14.4,5,0,4674.21,0.0,0,0.62,0,0,0,0,0,0,1,0,0,1,0,0,0,0,1,0,0,0,0,0,0,0,1,0,0,1,0,0,0,0,0,0,1,0,0,0,1,1,0,0,0,0,1,0,0,1,0
CLI-002781,723.0,18,1,0,0.0,0,0.0,0,0,46,0,25.0,4,0,12.41,0.09,1,0.0,0,0,0,0,0,1,0,1,0,0,0,0,0,0,1,0,0,0,0,0,1,0,0,0,1,0,0,0,0,0,0,0,1,1,0,0,0,0,0,1,0,0,0,1,0,0,1
CLI-003168,25527.0,1,7,2,28.6,1,0.4,9,0,30,3,10.5,3,3,317.66,1.0,1,0.35,1,0,0,0,0,0,0,1,0,0,0,0,0,0,0,0,1,0,0,0,0,1,0,0,0,0,1,0,1,0,0,0,0,1,0,0,0,0,0,1,0,0,0,1,1,0,0
CLI-003981,34319.0,12,24,13,54.2,16,6.8,13,2,0,3,9.2,3,1,1073.14,0.0,0,0.5,0,0,0,0,0,0,1,0,1,0,0,0,0,0,1,0,0,0,0,0,0,1,0,0,0,0,1,0,0,0,0,0,1,0,0,1,0,0,1,0,0,0,0,1,0,1,0
CLI-002174,541.0,20,2,0,50.0,0,0.0,0,0,48,1,26.6,3,0,26.37,0.08,1,0.0,0,0,0,1,0,0,0,0,0,0,0,1,0,0,0,0,0,0,1,0,1,0,0,0,1,0,0,0,0,0,0,0,1,0,1,0,0,0,1,0,1,0,0,0,0,0,1
CLI-002024,728.0,9,2,1,50.0,16,6.4,4,2,2,6,23.5,4,1,24.0,0.01,0,0.5,0,0,0,1,0,0,0,0,1,0,0,0,0,0,1,0,0,0,0,0,1,0,0,0,1,0,0,0,1,0,0,0,0,0,0,1,0,0,1,0,0,1,0,0,0,1,0
CLI-004151,11027.0,1,22,18,81.8,68,57.3,16,0,3,1,10.5,5,2,1120.68,0.1,0,0.62,0,1,0,0,0,0,0,0,1,0,0,0,0,0,0,0,0,1,0,0,0,1,0,0,0,0,1,0,1,0,0,0,0,0,1,0,0,0,0,1,0,1,0,0,1,0,0
CLI-004363,77310.0,25,168,62,36.9,10,3.3,2,3,0,4,10.5,2,0,4714.04,0.0,0,0.12,0,0,1,0,0,0,0,0,0,0,0,0,1,0,0,1,0,0,0,0,0,0,1,0,0,1,0,0,0,1,0,0,0,0,0,1,0,0,0,1,1,0,0,0,0,0,1
CLI-003365,1393.0,1,4,2,50.0,29,5.2,7,0,1,0,8.7,5,2,94.41,0.03,0,0.44,0,0,0,0,0,1,0,0,1,0,0,0,0,0,1,0,0,0,0,0,1,0,0,0,0,1,0,0,0,0,1,0,0,0,0,0,1,0,0,1,0,0,0,1,1,0,0
CLI-001499,13530.0,7,47,31,66.0,22,7.0,19,2,2,1,2.5,4,0,3300.11,0.01,0,0.48,0,0,0,1,0,0,0,0,1,0,0,0,0,0,1,0,0,0,0,0,0,1,0,0,0,0,0,1,0,0,0,0,1,0,0,0,1,0,1,0,0,0,0,1,0,1,0
CLI-004073,3267.0,10,8,5,62.5,16,10.6,5,4,2,6,10.5,3,1,102.15,0.01,0,0.62,0,0,1,0,0,0,0,0,0,1,0,0,0,0,1,0,0,0,0,0,1,0,0,0,1,0,0,0,0,1,0,0,0,0,1,0,0,0,0,1,0,0,0,1,0,1,0
CLI-002585,3966.0,11,10,5,50.0,13,10.1,5,2,2,4,41.8,1,0,120.92,0.01,0,0.62,0,0,1,0,0,0,0,0,0,1,0,0,0,0,1,0,0,0,0,0,1,0,0,0,1,0,0,0,0,0,0,0,1,1,0,0,0,0,1,0,0,0,0,1,0,1,0
CLI-002738,142334.0,14,183,35,19.1,1,0.3,2,6,25,4,15.2,3,0,4339.46,0.06,0,0.12,0,0,0,1,0,0,0,0,0,1,0,0,0,0,1,0,0,0,0,0,0,0,1,0,0,1,0,0,0,0,0,1,0,1,0,0,0,0,0,1,1,0,0,0,0,0,1
CLI-000438,2633.0,1,11,6,54.5,34,27.7,8,0,1,4,12.1,5,1,229.37,0.03,0,0.5,1,0,0,0,0,0,0,0,1,0,0,0,0,0,1,0,0,0,0,0,1,0,0,0,0,1,0,0,0,0,0,0,1,1,0,0,0,0,1,0,0,1,0,0,1,0,0
CLI-002208,130750.0,15,37,23,62.2,22,9.4,6,3,1,4,13.6,2,0,1921.1,0.0,0,0.23,1,0,0,0,0,0,0,1,0,0,0,0,0,0,1,0,0,0,0,0,0,1,0,0,0,0,1,0,0,0,0,0,1,0,1,0,0,0,1,0,0,0,0,1,0,0,1
CLI-002240,27428.0,2,31,22,71.0,48,5.65,6,1,0,0,10.5,5,2,955.68,0.0,0,0.38,0,1,0,0,0,0,0,0,0,0,0,0,1,0,0,1,0,0,0,0,0,1,0,0,0,1,0,0,1,0,0,0,0,0,0,1,0,0,1,0,0,0,0,1,1,0,0
CLI-002308,6568.0,17,17,3,17.6,3,0.4,2,6,5,1,4.8,5,0,381.4,0.01,0,0.12,0,0,0,1,0,0,0,0,0,1,0,0,0,0,1,0,0,0,0,0,0,1,0,0,0,1,0,0,0,1,0,0,0,0,1,0,0,1,0,0,0,0,0,1,0,0,1
CLI-004260,43860.0,22,30,16,53.3,11,5.5,3,7,0,1,9.1,4,0,862.71,0.0,0,0.19,1,0,0,0,0,0,0,1,0,0,0,0,0,0,0,1,0,0,0,0,0,1,0,0,0,1,0,0,0,0,1,0,0,1,0,0,0,0,0,1,0,0,1,0,0,0,1
CLI-001374,9274.0,18,8,4,50.0,34,20.5,5,4,8,0,14.1,4,0,115.41,0.01,0,0.62,0,0,0,1,0,0,0,0,0,1,0,0,0,0,1,0,0,0,0,0,1,0,0,0,1,0,0,0,0,1,0,0,0,0,0,1,0,0,1,0,0,0,1,0,0,0,1
CLI-000547,3484.0,18,5,2,40.0,15,4.6,6,4,0,0,17.6,3,0,118.01,0.0,0,0.38,0,0,0,0,0,1,0,0,0,0,0,0,1,0,1,0,0,0,0,0,1,0,0,0,0,1,0,0,0,1,0,0,0,0,0,0,1,0,0,1,0,0,0,1,0,0,1
CLI-001518,4842.0,24,8,7,50.0,71,5.65,3,2,2,8,31.8,1,0,109.34,0.0,0,0.38,0,0,0,0,0,1,0,0,0,0,0,1,0,0,1,0,0,0,0,0,1,0,0,0,1,0,0,0,0,0,1,0,0,0,0,1,0,0,0,1,1,0,0,0,0,0,1
CLI-003801,1513.0,6,9,1,11.1,2,0.2,2,2,30,4,13.2,2,1,205.05,0.17,1,0.12,0,0,0,0,1,0,0,0,0,0,1,0,0,0,1,0,0,0,0,0,1,0,0,0,0,1,0,0,0,0,0,1,0,0,0,0,1,0,0,1,1,0,0,0,0,1,0
CLI-001241,3016.0,8,10,8,80.0,70,56.7,10,2,1,0,10.5,5,1,282.92,0.0,0,0.62,0,0,1,0,0,0,0,1,0,0,0,0,0,0,0,0,0,1,0,0,1,0,0,0,0,1,0,0,0,0,0,0,1,0,0,0,1,0,0,1,0,0,0,1,0,1,0
CLI-001982,5894.0,12,5,4,80.0,51,45.7,12,2,0,2,8.1,4,0,231.85,0.0,0,0.46,0,0,1,0,0,0,0,0,0,0,0,1,0,0,1,0,0,0,0,0,1,0,0,0,0,0,1,0,0,0,0,1,0,0,1,0,0,0,1,0,0,1,0,0,0,1,0
CLI-001670,3095.0,6,13,7,53.8,16,2.3,4,0,4,0,8.6,4,0,377.39,0.02,0,0.25,0,0,0,0,1,0,0,0,1,0,0,0,0,0,1,0,0,0,0,0,0,1,0,0,0,1,0,0,1,0,0,0,0,0,1,0,0,0,1,0,0,0,0,1,0,1,0
CLI-003496,407.0,9,4,2,50.0,17,5.65,2,0,2,0,19.5,3,0,45.07,0.01,0,0.25,0,1,0,0,0,0,0,0,0,1,0,0,0,0,0,0,0,0,1,0,1,0,0,0,1,0,0,0,0,0,0,0,1,0,1,0,0,0,0,1,0,0,0,1,0,1,0
CLI-000672,44823.0,16,30,8,26.7,4,1.9,6,3,1,0,4.8,5,0,1401.58,0.0,0,0.23,1,0,0,0,0,0,0,0,0,0,0,0,1,0,0,0,0,0,1,0,0,1,0,0,0,0,1,0,1,0,0,0,0,0,0,0,1,1,0,0,0,0,1,0,0,0,1
CLI-004154,10678.0,21,25,8,32.0,1,0.4,6,3,7,3,5.4,4,0,930.17,0.01,0,0.23,0,0,0,0,1,0,0,0,1,0,0,0,0,0,0,1,0,0,0,0,0,1,0,0,0,0,1,0,0,0,0,1,0,0,1,0,0,0,1,0,0,0,0,1,0,0,1
CLI-004336,345543.0,25,803,627,78.1,83,57.6,4,2,0,8,18.4,2,0,22178.64,0.0,0,0.25,0,0,0,0,1,0,0,0,0,0,0,0,0,1,1,0,0,0,0,0,0,0,0,1,0,1,0,0,0,0,1,0,0,0,0,0,1,1,0,0,0,0,0,1,0,0,1
CLI-004838,154035.0,19,216,148,68.5,31,8.5,12,5,1,0,3.0,5,0,11049.85,0.0,0,0.46,0,0,0,0,1,0,0,0,1,0,0,0,0,0,1,0,0,0,0,0,0,0,1,0,0,0,1,0,0,0,0,1,0,0,1,0,0,0,0,1,0,0,1,0,0,0,1
CLI-003694,6460.0,18,5,4,80.0,48,11.6,4,1,1,7,33.9,2,0,71.62,0.0,0,0.5,1,0,0,0,0,0,0,0,0,1,0,0,0,0,1,0,0,0,0,0,1,0,0,0,1,0,0,0,0,1,0,0,0,1,0,0,0,0,1,0,1,0,0,0,0,0,1
CLI-004065,9187.0,3,17,10,58.8,35,9.1,19,2,1,0,1.4,4,2,1244.8,0.01,0,0.48,0,0,0,0,1,0,0,0,0,1,0,0,0,0,1,0,0,0,0,0,0,1,0,0,0,0,0,1,1,0,0,0,0,0,0,1,0,0,0,1,0,0,0,1,1,0,0
CLI-003738,31330.0,9,33,16,48.5,24,5.65,11,2,1,2,13.3,5,0,888.53,0.0,0,0.69,0,0,0,0,0,0,1,1,0,0,0,0,0,0,1,0,0,0,0,0,0,1,0,0,0,1,0,0,1,0,0,0,0,0,1,0,0,0,0,1,0,1,0,0,0,1,0
CLI-003648,31292.0,9,29,0,0.0,0,0.0,0,0,104,3,24.3,4,0,424.01,0.39,1,0.0,1,0,0,0,0,0,0,1,0,0,0,0,0,0,0,1,0,0,0,0,0,1,0,0,1,0,0,0,0,0,0,0,1,0,0,0,1,0,1,0,1,0,0,0,0,1,0
CLI-002655,44614.0,7,46,28,60.9,37,14.0,10,4,1,7,10.6,3,1,2176.31,0.0,0,0.38,0,0,0,1,0,0,0,0,0,1,0,0,0,0,0,1,0,0,0,0,0,1,0,0,0,0,1,0,1,0,0,0,0,0,0,1,0,0,0,1,0,0,0,1,0,1,0
CLI-000601,8552.0,2,10,6,60.0,43,12.1,1,1,2,6,28.9,3,1,142.87,0.03,0,0.12,0,0,0,0,0,1,0,1,0,0,0,0,0,0,1,0,0,0,0,0,1,0,0,0,1,0,0,0,0,0,0,0,1,0,0,1,0,1,0,0,0,1,0,0,1,0,0
CLI-002162,7781.0,4,11,10,90.9,56,47.5,7,0,1,3,15.5,4,1,287.56,0.01,0,0.44,0,0,0,0,0,1,0,0,0,0,0,1,0,0,1,0,0,0,0,0,1,0,0,0,0,1,0,0,0,1,0,0,0,0,1,0,0,0,0,1,0,1,0,0,0,1,0
CLI-004624,1208.0,7,10,5,50.0,16,4.7,3,1,3,2,24.0,4,0,113.36,0.01,0,0.38,0,0,1,0,0,0,0,0,0,0,0,1,0,0,1,0,0,0,0,0,1,0,0,0,1,0,0,0,0,0,0,0,1,0,0,1,0,0,0,1,0,0,0,1,0,1,0
CLI-004834,86132.0,1,102,57,55.9,21,5.1,6,0,0,0,5.6,4,0,5001.85,0.0,0,0.23,0,0,0,0,0,1,0,0,0,1,0,0,0,0,0,0,1,0,0,0,0,0,1,0,0,0,1,0,0,0,0,1,0,1,0,0,0,0,0,1,0,0,0,1,1,0,0
CLI-004866,23715.0,11,42,20,47.6,14,2.4,5,5,3,0,10.5,3,0,997.26,0.01,0,0.31,0,1,0,0,0,0,0,0,0,1,0,0,0,0,0,0,0,1,0,0,0,0,1,0,0,1,0,0,0,0,1,0,0,0,0,0,1,1,0,0,0,0,0,1,0,1,0
CLI-000474,632.0,10,3,2,50.0,51,36.5,4,3,0,4,29.3,4,1,38.56,0.0,0,0.5,0,0,0,0,0,1,0,0,0,0,0,0,0,1,1,0,0,0,0,0,1,0,0,0,1,0,0,0,0,0,0,1,0,0,0,1,0,0,1,0,0,0,0,1,0,1,0
CLI-001544,300.0,9,3,2,66.7,1,0.7,4,3,30,2,22.1,3,2,30.86,0.11,1,0.5,1,0,0,0,0,0,0,1,0,0,0,0,0,0,0,0,0,1,0,0,1,0,0,0,1,0,0,0,0,0,1,0,0,0,1,0,0,0,0,1,0,1,0,0,0,1,0
CLI-004681,23031.0,12,20,13,65.0,34,13.1,6,1,1,0,1.3,5,2,492.74,0.0,0,0.38,0,0,0,0,0,0,1,0,0,0,0,0,1,0,1,0,0,0,0,0,0,1,0,0,0,1,0,0,0,0,0,1,0,1,0,0,0,0,0,1,0,1,0,0,0,1,0
CLI-004594,54944.0,15,26,3,11.5,1,5.65,5,3,4,2,10.5,4,0,1218.27,0.01,0,0.19,0,0,1,0,0,0,0,0,0,0,0,1,0,0,1,0,0,0,0,0,0,1,0,0,0,0,1,0,0,0,1,0,0,0,0,1,0,1,0,0,0,0,0,1,0,0,1
CLI-004305,107518.0,12,183,0,0.0,0,0.0,0,0,80,1,6.3,2,0,8194.96,0.22,1,0.0,0,0,0,0,1,0,0,0,1,0,0,0,0,0,1,0,0,0,0,0,0,0,0,1,0,0,1,0,0,1,0,0,0,0,0,0,1,0,0,1,0,0,0,1,0,1,0
CLI-004023,78272.0,1,211,133,63.0,36,11.5,12,2,1,6,4.6,2,0,7954.44,0.03,0,0.46,0,0,0,0,1,0,0,0,1,0,0,0,0,0,0,0,0,1,0,0,0,0,1,0,0,0,1,0,0,1,0,0,0,1,0,0,0,1,0,0,0,0,0,1,1,0,0
CLI-002617,35129.0,20,22,9,40.9,16,12.0,5,0,1,8,3.5,3,0,1044.88,0.0,0,0.19,0,0,0,0,0,0,1,0,0,1,0,0,0,0,0,0,1,0,0,0,0,1,0,0,0,0,1,0,0,1,0,0,0,0,0,1,0,0,1,0,0,0,0,1,0,0,1
CLI-002913,356.0,1,1,1,100.0,56,25.8,2,0,1,3,37.9,3,3,12.07,0.03,0,0.25,0,0,0,0,1,0,0,0,0,0,0,0,1,0,0,1,0,0,0,0,1,0,0,0,1,0,0,0,0,1,0,0,0,1,0,0,0,0,0,1,0,0,0,1,1,0,0
CLI-004420,3728.0,9,7,6,50.0,51,29.1,8,1,0,1,18.2,3,3,162.37,0.0,0,0.5,0,1,0,0,0,0,0,0,0,1,0,0,0,0,0,0,0,0,0,1,1,0,0,0,0,1,0,0,0,1,0,0,0,1,0,0,0,0,1,0,0,0,0,1,0,1,0
CLI-000497,2199.0,15,8,2,25.0,6,3.5,2,5,4,1,30.1,3,0,111.73,0.01,0,0.25,1,0,0,0,0,0,0,0,0,1,0,0,0,0,0,1,0,0,0,0,0,1,0,0,1,0,0,0,0,0,0,1,0,0,0,1,0,0,1,0,1,0,0,0,0,0,1
CLI-000638,551.0,16,6,5,83.3,64,49.1,4,4,4,0,14.1,5,0,67.19,0.01,0,0.5,0,0,1,0,0,0,0,0,0,0,0,1,0,0,0,0,0,1,0,0,1,0,0,0,1,0,0,0,0,0,1,0,0,0,0,1,0,1,0,0,0,0,1,0,0,0,1
CLI-004923,75018.0,21,94,49,50.0,11,1.6,6,2,6,2,4.5,5,0,4815.03,0.01,0,0.23,0,0,0,1,0,0,0,0,0,0,1,0,0,0,0,1,0,0,0,0,0,0,1,0,0,0,1,0,0,0,0,0,1,0,0,1,0,1,0,0,0,1,0,0,0,0,1
CLI-001861,5339.0,3,38,5,13.2,1,0.2,4,0,1,3,7.9,3,2,591.9,0.01,0,0.25,0,0,0,1,0,0,0,0,0,1,0,0,0,0,0,0,1,0,0,0,0,1,0,0,0,1,0,0,1,0,0,0,0,0,0,0,1,1,0,0,0,0,0,1,1,0,0
CLI-004218,2754.0,10,24,16,66.7,47,25.7,7,3,1,0,10.5,4,0,559.84,0.0,0,0.44,0,0,0,0,1,0,0,0,0,1,0,0,0,0,0,0,0,0,1,0,0,1,0,0,0,1,0,0,0,0,0,1,0,0,0,0,1,0,1,0,0,0,0,1,0,1,0
CLI-003095,5445.0,5,42,23,54.8,16,5.4,6,0,2,4,16.3,4,2,948.56,0.01,0,0.38,0,0,0,0,0,0,1,0,0,0,0,1,0,0,1,0,0,0,0,0,0,1,0,0,0,1,0,0,0,0,0,0,1,0,0,0,1,0,1,0,0,0,0,1,0,1,0
CLI-004296,3494.0,3,7,6,85.7,39,2.1,3,1,3,1,26.5,3,2,85.23,0.03,0,0.38,0,0,0,0,1,0,0,0,0,1,0,0,0,0,1,0,0,0,0,0,1,0,0,0,1,0,0,0,0,1,0,0,0,0,1,0,0,0,1,0,0,1,0,0,1,0,0
CLI-000844,1114405.0,16,782,339,43.4,16,2.9,15,3,5,0,3.1,5,0,59088.28,0.01,0,0.38,0,0,0,0,0,1,0,0,0,0,0,0,0,1,1,0,0,0,0,0,0,0,0,1,0,0,0,1,0,0,1,0,0,0,0,1,0,0,1,0,0,0,1,0,0,0,1
CLI-004347,300.0,6,2,0,0.0,0,5.65,0,0,55,0,6.3,3,4,17.61,0.31,1,0.0,0,1,0,0,0,0,0,1,0,0,0,0,0,0,0,0,0,1,0,0,1,0,0,0,1,0,0,0,0,0,1,0,0,0,0,1,0,1,0,0,1,0,0,0,0,1,0
CLI-002917,27211.0,8,39,11,28.2,1,0.1,7,0,13,3,4.4,3,0,1508.38,0.05,0,0.27,0,1,0,0,0,0,0,0,1,0,0,0,0,0,0,0,0,0,1,0,0,1,0,0,0,0,1,0,1,0,0,0,0,0,0,1,0,0,1,0,0,0,0,1,0,1,0
CLI-000515,1226.0,18,2,1,50.0,32,14.2,4,6,1,1,31.0,3,0,29.32,0.0,0,0.5,0,1,0,0,0,0,0,0,1,0,0,0,0,0,1,0,0,0,0,0,1,0,0,0,1,0,0,0,1,0,0,0,0,0,1,0,0,0,1,0,0,0,0,1,0,0,1
CLI-001992,141063.0,6,99,24,50.0,8,1.4,17,1,0,0,0.5,4,0,8191.81,0.0,0,0.42,0,0,0,0,1,0,0,1,0,0,0,0,0,0,0,0,1,0,0,0,0,0,1,0,0,0,0,1,0,0,0,0,1,0,0,0,1,0,1,0,0,0,0,1,0,1,0
CLI-000753,122450.0,6,42,25,59.5,32,25.9,12,3,1,0,9.0,3,0,2074.02,0.01,0,0.46,0,0,0,0,0,0,1,0,1,0,0,0,0,0,1,0,0,0,0,0,0,1,0,0,0,0,1,0,0,0,0,1,0,1,0,0,0,0,0,1,0,1,0,0,0,1,0
CLI-004118,300.0,10,8,1,12.5,1,0.1,0,3,17,4,34.3,2,0,80.47,0.06,0,0.0,1,0,0,0,0,0,0,0,0,0,0,1,0,0,0,1,0,0,0,0,1,0,0,0,1,0,0,0,0,0,1,0,0,0,0,1,0,0,1,0,1,0,0,0,0,1,0
CLI-003889,39810.0,18,36,20,50.0,34,2.1,13,2,1,0,3.8,4,0,1618.28,0.0,0,0.5,0,0,0,0,0,0,1,1,0,0,0,0,0,0,0,0,0,0,0,1,0,1,0,0,0,0,1,0,0,0,0,1,0,0,1,0,0,0,0,1,0,0,0,1,0,0,1
CLI-000899,1651.0,5,6,2,33.3,1,0.1,8,0,1,0,1.3,3,2,223.76,0.01,0,0.31,1,0,0,0,0,0,0,0,0,1,0,0,0,0,1,0,0,0,0,0,1,0,0,0,0,0,1,0,0,1,0,0,0,1,0,0,0,0,0,1,0,1,0,0,0,1,0
CLI-003942,22136.0,10,41,23,56.1,15,7.3,5,1,1,2,17.4,3,1,1079.8,0.0,0,0.31,1,0,0,0,0,0,0,1,0,0,0,0,0,0,1,0,0,0,0,0,0,1,0,0,0,1,0,0,1,0,0,0,0,0,0,0,1,1,0,0,0,0,0,1,0,1,0
CLI-001919,82030.0,9,135,85,63.0,37,18.6,6,1,2,1,2.6,4,0,6252.27,0.01,0,0.23,0,1,0,0,0,0,0,0,0,0,1,0,0,0,1,0,0,0,0,0,0,0,0,1,0,0,1,0,0,0,0,0,1,0,1,0,0,0,0,1,0,1,0,0,0,1,0
CLI-002818,2451.0,6,2,1,50.0,22,7.1,8,0,0,4,10.5,2,2,103.06,0.0,0,0.31,0,0,0,1,0,0,0,0,0,1,0,0,0,0,1,0,0,0,0,0,1,0,0,0,0,0,1,0,1,0,0,0,0,0,0,0,1,0,1,0,0,0,0,1,0,1,0
CLI-003424,1391.0,17,7,5,71.4,53,34.8,4,4,1,3,10.5,4,0,84.79,0.0,0,0.5,1,0,0,0,0,0,0,0,0,1,0,0,0,0,1,0,0,0,0,0,1,0,0,0,1,0,0,0,0,0,0,0,1,1,0,0,0,0,0,1,0,0,0,1,0,0,1
CLI-003578,5455.0,16,22,11,50.0,11,6.6,4,3,2,4,24.3,4,0,289.22,0.0,0,0.5,0,0,0,1,0,0,0,0,0,1,0,0,0,0,0,0,0,0,1,0,0,1,0,0,1,0,0,0,0,0,1,0,0,0,0,0,1,1,0,0,0,0,1,0,0,0,1
CLI-003859,1003056.0,13,350,255,72.9,60,19.4,19,3,1,1,0.5,3,0,30580.97,0.0,0,0.48,0,0,0,0,0,1,0,0,0,0,1,0,0,0,0,0,0,0,0,1,0,0,0,1,0,0,0,1,0,1,0,0,0,1,0,0,0,1,0,0,0,0,0,1,0,0,1
CLI-001705,182004.0,5,251,103,41.0,22,12.3,10,1,1,1,8.1,3,2,11097.82,0.01,0,0.38,0,0,0,1,0,0,0,0,0,1,0,0,0,0,0,0,0,1,0,0,0,0,0,1,0,0,1,0,0,0,1,0,0,0,0,0,1,0,0,1,0,0,0,1,0,1,0
CLI-002601,21840.0,23,33,12,36.4,10,4.6,7,4,4,11,16.6,2,0,783.36,0.01,0,0.44,0,0,0,1,0,0,0,0,0,0,0,1,0,0,1,0,0,0,0,0,0,1,0,0,0,1,0,0,1,0,0,0,0,0,0,0,1,0,0,1,0,0,0,1,0,0,1
CLI-003887,5281.0,10,11,8,72.7,40,12.4,7,0,1,6,19.9,3,0,322.01,0.0,0,0.44,0,0,0,1,0,0,0,0,0,0,1,0,0,0,0,0,0,0,1,0,0,1,0,0,0,1,0,0,0,0,1,0,0,0,1,0,0,1,0,0,0,0,0,1,0,1,0
CLI-002524,23547.0,14,19,16,84.2,57,13.4,16,4,1,2,7.1,4,0,990.21,0.0,0,0.62,0,1,0,0,0,0,0,0,1,0,0,0,0,0,1,0,0,0,0,0,0,1,0,0,0,0,1,0,0,1,0,0,0,1,0,0,0,0,1,0,0,0,1,0,0,0,1
CLI-002782,15155.0,19,51,37,72.5,56,25.8,4,3,2,5,19.7,4,0,577.54,0.0,0,0.5,0,0,0,0,0,1,0,0,0,0,1,0,0,0,1,0,0,0,0,0,0,1,0,0,1,0,0,0,1,0,0,0,0,1,0,0,0,0,0,1,0,0,1,0,0,0,1
CLI-000963,142372.0,12,101,26,25.7,7,1.0,14,3,4,2,4.3,3,1,8681.21,0.01,0,0.35,0,0,0,1,0,0,0,0,0,1,0,0,0,0,1,0,0,0,0,0,0,0,1,0,0,0,0,1,1,0,0,0,0,1,0,0,0,0,0,1,0,0,0,1,0,1,0
CLI-002739,24532.0,1,48,28,58.3,20,7.0,4,0,1,0,10.5,5,4,1994.48,0.03,0,0.15,1,0,0,0,0,0,0,0,0,0,0,1,0,0,0,0,0,0,1,0,0,0,1,0,0,0,1,0,1,0,0,0,0,0,0,1,0,1,0,0,0,0,0,1,1,0,0
CLI-004202,90170.0,20,57,43,50.0,53,42.1,22,2,1,0,0.5,4,0,5498.16,0.0,0,0.55,0,1,0,0,0,0,0,0,0,0,1,0,0,0,1,0,0,0,0,0,0,1,0,0,0,0,0,1,0,1,0,0,0,0,0,0,1,0,1,0,0,0,0,1,0,0,1
CLI-000424,51456.0,9,135,80,59.3,20,5.8,3,3,1,5,15.4,4,2,3486.17,0.0,0,0.19,0,0,0,0,0,0,1,0,0,0,0,1,0,0,1,0,0,0,0,0,0,0,1,0,0,1,0,0,0,0,0,1,0,0,0,0,1,0,1,0,0,0,0,1,0,1,0
CLI-003173,18718.0,1,48,36,75.0,62,39.9,14,0,1,0,0.5,5,2,1755.9,0.03,0,0.54,0,0,0,0,0,0,1,0,0,0,1,0,0,0,1,0,0,0,0,0,0,1,0,0,0,0,1,0,1,0,0,0,0,0,1,0,0,0,0,1,0,1,0,0,1,0,0
CLI-004445,9100.0,26,12,7,58.3,33,16.6,6,2,0,3,15.7,3,0,369.91,0.0,0,0.38,1,0,0,0,0,0,0,0,0,0,1,0,0,0,1,0,0,0,0,0,0,1,0,0,0,1,0,0,0,0,0,0,1,0,1,0,0,0,1,0,0,0,1,0,0,0,1
CLI-004424,2381.0,5,11,4,50.0,17,3.5,2,0,2,0,17.6,4,1,132.0,0.01,0,0.25,0,0,0,1,0,0,0,0,0,1,0,0,0,0,0,1,0,0,0,0,1,0,0,0,1,0,0,0,1,0,0,0,0,0,1,0,0,0,1,0,0,0,0,1,0,1,0
CLI-004315,51741.0,26,48,27,56.2,25,1.5,3,9,0,4,38.8,2,0,589.71,0.0,0,0.38,0,0,1,0,0,0,0,0,0,0,0,0,1,0,1,0,0,0,0,0,0,1,0,0,1,0,0,0,0,0,1,0,0,0,1,0,0,0,0,1,1,0,0,0,0,0,1
CLI-002245,11369.0,12,27,17,63.0,22,9.0,3,2,1,1,20.9,4,1,346.61,0.0,0,0.38,0,0,0,1,0,0,0,0,0,1,0,0,0,0,0,0,0,0,0,1,0,1,0,0,1,0,0,0,0,0,1,0,0,0,0,0,1,0,1,0,0,0,0,1,0,1,0
CLI-004330,1103.0,11,10,3,30.0,10,3.7,2,3,6,1,24.4,3,0,122.3,0.02,0,0.25,0,0,0,0,0,0,1,0,0,0,0,1,0,0,1,0,0,0,0,0,1,0,0,0,1,0,0,0,0,0,0,0,1,0,0,1,0,1,0,0,0,1,0,0,0,1,0
CLI-000187,76174.0,18,39,28,71.8,51,5.65,13,7,1,2,7.3,4,0,1857.91,0.0,0,0.5,0,0,1,0,0,0,0,0,0,1,0,0,0,0,0,1,0,0,0,0,0,1,0,0,0,0,1,0,0,0,0,1,0,1,0,0,0,0,0,1,0,0,0,1,0,0,1
CLI-001874,23482.0,22,50,15,30.0,5,2.3,6,4,8,1,14.2,3,0,1245.05,0.01,0,0.38,0,0,1,0,0,0,0,0,1,0,0,0,0,0,1,0,0,0,0,0,0,1,0,0,0,1,0,0,0,0,0,0,1,1,0,0,0,0,0,1,0,0,0,1,0,0,1
CLI-002181,489.0,1,7,3,42.9,20,4.5,2,0,4,0,20.5,2,1,85.18,0.13,0,0.25,0,1,0,0,0,0,0,1,0,0,0,0,0,0,0,0,0,0,1,0,1,0,0,0,1,0,0,0,0,0,1,0,0,0,1,0,0,1,0,0,1,0,0,0,1,0,0
CLI-004404,151257.0,6,173,42,24.3,1,0.3,1,0,30,3,0.8,3,0,10850.55,0.17,1,0.02,0,0,0,1,0,0,0,0,0,0,1,0,0,0,1,0,0,0,0,0,0,0,1,0,0,0,0,1,1,0,0,0,0,1,0,0,0,1,0,0,0,0,0,1,0,1,0
CLI-001207,188535.0,17,78,55,70.5,48,23.1,14,3,0,0,10.5,4,0,6762.39,0.0,0,0.35,1,0,0,0,0,0,0,0,0,0,0,1,0,0,1,0,0,0,0,0,0,0,1,0,0,0,0,1,0,0,1,0,0,0,0,0,1,0,0,1,0,0,1,0,0,0,1
CLI-004131,176371.0,2,55,35,63.6,13,6.7,13,0,1,2,6.1,5,5,2793.34,0.02,0,0.5,0,0,0,0,0,1,0,0,0,0,0,1,0,0,0,0,1,0,0,0,0,1,0,0,0,0,1,0,0,0,0,1,0,0,0,1,0,1,0,0,0,0,0,1,1,0,0
CLI-002003,9795.0,13,29,13,50.0,9,5.65,6,1,9,2,14.4,2,0,702.66,0.02,0,0.38,1,0,0,0,0,0,0,0,0,1,0,0,0,0,1,0,0,0,0,0,0,1,0,0,0,1,0,0,0,0,0,0,1,0,0,0,1,1,0,0,0,0,0,1,0,0,1
CLI-003829,35456.0,3,30,22,73.3,81,48.4,16,0,5,4,8.0,2,1,1544.26,0.06,0,0.62,1,0,0,0,0,0,0,0,1,0,0,0,0,0,0,0,1,0,0,0,0,0,1,0,0,0,1,0,1,0,0,0,0,0,1,0,0,0,0,1,0,0,0,1,1,0,0
CLI-003295,82747.0,9,186,82,50.0,1,0.2,5,3,1,2,5.0,4,1,7762.4,0.0,0,0.19,0,0,0,0,1,0,0,0,0,0,0,1,0,0,1,0,0,0,0,0,0,0,0,1,0,0,1,0,1,0,0,0,0,1,0,0,0,0,1,0,0,0,0,1,0,1,0
CLI-002289,5275.0,1,22,9,40.9,17,7.7,9,1,7,0,3.9,3,0,919.05,0.23,0,0.35,0,0,0,0,1,0,0,0,0,0,0,1,0,0,1,0,0,0,0,0,0,1,0,0,0,0,1,0,0,1,0,0,0,0,0,0,1,1,0,0,0,1,0,0,1,0,0
CLI-002341,9616.0,8,14,13,92.9,56,49.5,11,1,0,1,9.0,4,1,366.48,0.0,0,0.69,0,0,0,0,0,1,0,1,0,0,0,0,0,0,1,0,0,0,0,0,0,1,0,0,0,1,0,0,0,0,0,0,1,0,0,1,0,1,0,0,0,1,0,0,0,1,0
CLI-002182,103340.0,21,217,113,52.1,33,9.0,11,7,1,4,4.6,3,0,10502.06,0.0,0,0.42,0,0,0,0,0,0,1,0,0,0,0,0,0,1,0,0,0,0,0,1,0,0,1,0,0,0,1,0,0,0,0,0,1,0,0,1,0,0,1,0,0,1,0,0,0,0,1
CLI-001199,3485.0,20,10,2,20.0,4,1.2,2,2,0,2,10.8,2,0,223.71,0.0,0,0.12,0,0,0,0,0,0,1,0,0,0,0,0,0,1,1,0,0,0,0,0,1,0,0,0,0,1,0,0,0,1,0,0,0,0,0,0,1,0,0,1,0,0,0,1,0,0,1
CLI-004132,12194.0,14,47,24,51.1,38,16.9,9,5,2,1,18.5,2,0,1351.94,0.0,0,0.56,0,0,0,0,1,0,0,0,0,0,0,0,0,1,1,0,0,0,0,0,0,1,0,0,0,1,0,0,0,0,0,1,0,1,0,0,0,0,0,1,0,0,0,1,0,0,1
CLI-003625,2451.0,16,10,3,30.0,3,0.8,5,3,1,0,10.5,4,0,213.47,0.0,0,0.31,0,0,0,0,0,0,1,0,0,0,1,0,0,0,1,0,0,0,0,0,0,1,0,0,0,1,0,0,0,1,0,0,0,0,0,0,1,0,1,0,0,0,0,1,0,0,1
CLI-000863,5990.0,1,18,8,50.0,15,8.6,10,0,1,4,18.7,3,2,429.69,0.03,0,0.62,0,0,0,0,0,1,0,1,0,0,0,0,0,0,1,0,0,0,0,0,0,1,0,0,0,1,0,0,0,0,0,1,0,0,0,1,0,0,1,0,0,0,0,1,1,0,0
CLI-003358,104791.0,8,51,16,31.4,1,0.2,3,2,30,3,10.5,3,0,2323.52,0.12,1,0.12,0,0,0,0,0,1,0,0,0,0,0,0,0,1,0,0,0,1,0,0,0,1,0,0,0,0,1,0,0,0,1,0,0,0,0,1,0,0,0,1,0,1,0,0,0,1,0
CLI-002331,2610.0,11,8,3,37.5,3,0.5,0,1,3,5,32.9,3,1,109.74,0.01,0,0.0,1,0,0,0,0,0,0,0,0,0,0,1,0,0,1,0,0,0,0,0,0,1,0,0,1,0,0,0,0,0,1,0,0,0,0,1,0,1,0,0,0,1,0,0,0,1,0
CLI-001479,2024.0,19,10,4,40.0,12,4.8,3,5,2,4,33.7,3,0,112.22,0.0,0,0.38,0,0,0,0,0,0,1,0,0,0,1,0,0,0,0,0,0,0,1,0,1,0,0,0,1,0,0,0,0,0,1,0,0,0,0,1,0,1,0,0,0,0,0,1,0,0,1
CLI-004687,4385.0,15,4,1,25.0,1,0.3,2,4,13,7,18.3,1,0,102.83,0.03,0,0.12,0,0,0,0,1,0,0,0,0,0,0,0,0,1,0,0,0,1,0,0,1,0,0,0,0,1,0,0,0,1,0,0,0,0,0,0,1,0,0,1,0,0,0,1,0,0,1
CLI-002780,300.0,10,5,1,20.0,13,3.5,4,0,7,6,38.7,2,3,43.47,0.02,0,0.5,0,0,0,0,0,0,1,1,0,0,0,0,0,0,0,0,0,0,1,0,1,0,0,0,1,0,0,0,0,0,1,0,0,1,0,0,0,1,0,0,0,0,0,1,0,1,0
CLI-004015,5772.0,6,4,2,50.0,42,5.65,6,1,2,4,13.4,3,0,97.76,0.01,0,0.38,0,0,0,0,0,0,1,0,0,0,0,0,0,1,1,0,0,0,0,0,1,0,0,0,0,1,0,0,0,0,0,1,0,1,0,0,0,0,1,0,0,1,0,0,0,1,0
CLI-002530,110253.0,16,56,47,83.9,76,25.9,17,6,1,0,10.5,5,0,2585.66,0.0,0,0.65,0,0,0,0,0,0,1,0,0,0,1,0,0,0,1,0,0,0,0,0,0,1,0,0,0,0,1,0,1,0,0,0,0,1,0,0,0,0,0,1,0,0,0,1,0,0,1
CLI-004018,15103.0,1,52,28,53.8,23,1.2,8,0,1,4,9.0,2,0,2302.31,0.03,0,0.31,0,0,1,0,0,0,0,0,0,0,0,0,1,0,0,0,0,0,0,1,0,1,0,0,0,0,1,0,0,0,1,0,0,0,0,1,0,0,0,1,1,0,0,0,1,0,0
CLI-000766,47936.0,6,45,18,40.0,6,4.0,5,1,6,5,10.5,2,2,1193.03,0.03,0,0.31,0,0,0,0,0,1,0,1,0,0,0,0,0,0,1,0,0,0,0,0,0,1,0,0,0,1,0,0,0,1,0,0,0,1,0,0,0,0,0,1,1,0,0,0,0,1,0
CLI-003769,5809.0,1,32,19,59.4,25,15.8,9,0,4,1,8.6,5,2,708.47,0.13,0,0.56,0,1,0,0,0,0,0,0,0,1,0,0,0,0,1,0,0,0,0,0,0,1,0,0,0,1,0,0,0,0,0,1,0,1,0,0,0,1,0,0,0,0,0,1,1,0,0
CLI-000107,2907.0,23,3,2,66.7,57,39.7,6,5,2,1,12.3,3,0,73.85,0.0,0,0.38,0,1,0,0,0,0,0,0,0,0,0,0,0,1,1,0,0,0,0,0,1,0,0,0,0,1,0,0,1,0,0,0,0,1,0,0,0,0,0,1,0,0,0,1,0,0,1
CLI-002955,27232.0,1,205,22,10.7,1,0.4,1,0,0,0,5.3,5,2,5535.0,0.0,0,0.04,0,0,0,0,0,1,0,0,0,0,1,0,0,0,1,0,0,0,0,0,0,0,1,0,0,0,1,0,0,0,0,0,1,1,0,0,0,0,1,0,0,0,0,1,1,0,0
CLI-003984,300.0,13,1,1,100.0,21,4.6,4,4,4,1,8.9,3,0,21.56,0.01,0,0.25,1,0,0,0,0,0,0,0,1,0,0,0,0,0,1,0,0,0,0,0,1,0,0,0,0,1,0,0,0,0,1,0,0,0,0,0,1,1,0,0,0,0,0,1,0,0,1
CLI-004610,3929.0,1,29,14,48.3,7,4.0,4,0,16,0,19.1,4,0,319.4,0.53,0,0.5,0,0,1,0,0,0,0,0,1,0,0,0,0,0,0,0,1,0,0,0,0,1,0,0,1,0,0,0,0,0,1,0,0,0,0,0,1,0,1,0,0,0,0,1,1,0,0
CLI-002351,539.0,7,3,1,33.3,16,5.0,3,1,0,2,20.7,4,0,36.54,0.0,0,0.38,0,0,0,0,0,1,0,0,0,0,0,1,0,0,0,0,0,0,1,0,1,0,0,0,1,0,0,0,0,0,0,1,0,0,0,1,0,0,1,0,0,1,0,0,0,1,0
CLI-001449,588206.0,20,77,51,66.2,30,23.9,18,3,0,0,3.3,4,0,7797.0,0.0,0,0.45,0,1,0,0,0,0,0,0,0,1,0,0,0,0,1,0,0,0,0,0,0,0,1,0,0,0,0,1,0,0,0,1,0,0,1,0,0,0,1,0,0,0,1,0,0,0,1
CLI-003977,88339.0,1,35,20,57.1,46,26.6,18,0,1,2,3.5,3,1,3168.54,0.03,0,0.45,0,0,0,1,0,0,0,1,0,0,0,0,0,0,0,0,1,0,0,0,0,0,1,0,0,0,0,1,0,1,0,0,0,1,0,0,0,0,0,1,0,1,0,0,1,0,0
CLI-004145,3720.0,27,6,4,66.7,39,15.5,7,3,1,0,7.2,5,0,174.47,0.0,0,0.44,1,0,0,0,0,0,0,0,0,0,0,0,0,1,1,0,0,0,0,0,1,0,0,0,0,1,0,0,1,0,0,0,0,0,1,0,0,1,0,0,0,0,0,1,0,0,1
CLI-003092,8287.0,12,21,17,81.0,56,40.1,8,0,2,0,8.6,4,0,505.32,0.01,0,0.5,0,0,0,0,0,0,1,0,0,0,0,1,0,0,1,0,0,0,0,0,0,1,0,0,0,1,0,0,0,0,1,0,0,0,1,0,0,1,0,0,0,0,0,1,0,1,0
CLI-001143,2476.0,21,7,2,28.6,1,0.1,1,7,8,0,13.3,4,0,86.26,0.01,0,0.12,0,0,0,0,0,0,1,0,0,1,0,0,0,0,0,0,0,1,0,0,1,0,0,0,1,0,0,0,0,0,0,1,0,0,0,0,1,0,0,1,0,0,1,0,0,0,1
CLI-003736,355.0,10,1,1,100.0,3,1.1,4,2,1,7,15.5,3,0,22.81,0.0,0,0.25,0,0,0,1,0,0,0,0,1,0,0,0,0,0,0,0,0,0,0,1,1,0,0,0,0,1,0,0,0,0,0,1,0,0,0,1,0,1,0,0,0,0,0,1,0,1,0
CLI-002370,4415.0,1,37,29,78.4,50,43.8,10,0,0,0,7.5,5,3,925.0,0.0,0,0.62,0,0,1,0,0,0,0,0,0,0,0,0,0,1,0,0,0,0,0,1,0,1,0,0,0,1,0,0,0,0,0,1,0,0,0,0,1,1,0,0,0,0,0,1,1,0,0
CLI-002090,397671.0,5,458,95,20.7,2,0.2,17,2,1,2,0.5,5,0,37304.99,0.01,0,0.42,0,0,0,0,0,0,1,0,0,0,0,0,0,1,1,0,0,0,0,0,0,0,0,1,0,0,0,1,0,1,0,0,0,0,0,0,1,0,1,0,1,0,0,0,0,1,0
CLI-002038,223494.0,11,164,70,42.7,25,23.4,6,1,0,7,6.2,4,0,8259.22,0.0,0,0.23,0,0,0,0,1,0,0,0,0,0,1,0,0,0,1,0,0,0,0,0,0,0,1,0,0,0,1,0,0,0,0,1,0,0,0,1,0,1,0,0,1,0,0,0,0,1,0
CLI-002064,945.0,1,4,3,75.0,36,27.4,2,0,3,4,26.6,4,3,50.12,0.1,0,0.25,0,0,0,0,0,1,0,0,0,0,0,0,1,0,0,1,0,0,0,0,1,0,0,0,1,0,0,0,0,0,0,0,1,0,1,0,0,1,0,0,0,1,0,0,1,0,0
CLI-004903,3012.0,9,2,2,100.0,87,94.5,12,1,1,0,0.8,4,1,99.26,0.0,0,0.46,1,0,0,0,0,0,0,0,0,0,0,1,0,0,0,0,1,0,0,0,1,0,0,0,0,0,1,0,0,0,0,1,0,0,0,1,0,0,1,0,0,1,0,0,0,1,0
CLI-003809,157646.0,1,50,22,44.0,15,6.7,14,0,6,2,5.7,3,3,2597.99,0.2,0,0.54,0,0,0,0,0,0,1,0,0,1,0,0,0,0,1,0,0,0,0,0,0,1,0,0,0,0,1,0,0,1,0,0,0,0,0,0,1,1,0,0,0,0,0,1,1,0,0
CLI-003108,14915.0,17,40,34,85.0,76,38.8,16,2,4,1,4.8,4,0,2021.07,0.01,0,0.62,1,0,0,0,0,0,0,1,0,0,0,0,0,0,1,0,0,0,0,0,0,0,1,0,0,0,1,0,0,0,0,0,1,0,1,0,0,1,0,0,0,0,0,1,0,0,1
CLI-004016,870.0,10,6,5,83.3,73,13.2,3,1,5,1,23.7,5,0,58.92,0.02,0,0.38,0,0,0,0,0,0,1,0,1,0,0,0,0,0,1,0,0,0,0,0,1,0,0,0,1,0,0,0,0,1,0,0,0,1,0,0,0,0,0,1,0,0,0,1,0,1,0
CLI-001220,112469.0,11,116,25,21.6,1,0.4,8,1,5,0,2.9,3,2,5963.38,0.02,0,0.31,0,0,0,0,0,0,1,0,1,0,0,0,0,0,0,0,1,0,0,0,0,0,1,0,0,0,1,0,0,0,0,0,1,0,0,1,0,0,1,0,1,0,0,0,0,1,0
CLI-000884,12737.0,12,13,9,69.2,51,26.6,13,3,2,3,9.0,3,0,706.04,0.01,0,0.5,1,0,0,0,0,0,0,0,0,0,0,1,0,0,0,0,0,1,0,0,0,1,0,0,0,0,1,0,0,0,1,0,0,0,1,0,0,0,1,0,0,0,0,1,0,1,0
CLI-001743,394599.0,1,206,156,75.7,53,28.2,22,0,0,5,4.6,3,2,16593.74,0.0,0,0.55,0,0,0,1,0,0,0,0,0,0,0,0,0,1,1,0,0,0,0,0,0,0,1,0,0,0,0,1,0,0,0,0,1,0,1,0,0,1,0,0,0,1,0,0,1,0,0
CLI-004239,2733.0,6,4,1,25.0,1,0.6,4,0,9,0,9.4,4,1,107.5,0.05,0,0.25,0,0,0,1,0,0,0,0,0,0,1,0,0,0,1,0,0,0,0,0,1,0,0,0,0,1,0,0,1,0,0,0,0,0,1,0,0,0,1,0,0,0,0,1,0,1,0
CLI-003341,110089.0,1,189,78,41.3,1,0.3,10,1,11,0,0.8,4,1,13425.54,0.37,0,0.25,0,1,0,0,0,0,0,0,0,1,0,0,0,0,1,0,0,0,0,0,0,0,1,0,0,0,0,1,0,0,1,0,0,0,0,1,0,0,0,1,0,1,0,0,1,0,0
CLI-001570,3519.0,7,8,3,37.5,3,0.9,0,1,15,1,8.0,4,0,204.35,0.07,0,0.0,0,0,0,0,0,1,0,0,0,0,0,0,1,0,0,1,0,0,0,0,1,0,0,0,0,1,0,0,0,0,0,0,1,1,0,0,0,1,0,0,0,0,0,1,0,1,0
CLI-002265,58034.0,17,39,18,46.2,13,1.6,10,4,0,4,6.0,4,0,1726.18,0.0,0,0.38,1,0,0,0,0,0,0,0,0,0,0,1,0,0,1,0,0,0,0,0,0,1,0,0,0,0,1,0,0,0,1,0,0,0,0,1,0,1,0,0,0,0,0,1,0,0,1
CLI-001299,3987.0,23,11,3,27.3,1,0.2,2,2,16,4,22.9,2,0,131.4,0.02,0,0.25,0,0,0,0,0,0,1,0,0,0,0,1,0,0,0,0,0,0,0,1,1,0,0,0,1,0,0,0,0,0,0,0,1,0,0,0,1,0,0,1,0,0,0,1,0,0,1
CLI-003740,1356.0,2,11,9,81.8,22,15.5,5,0,0,7,12.2,3,3,275.63,0.0,0,0.31,0,1,0,0,0,0,0,0,0,0,0,1,0,0,1,0,0,0,0,0,1,0,0,0,0,1,0,0,1,0,0,0,0,1,0,0,0,0,1,0,1,0,0,0,1,0,0
CLI-000765,7388.0,9,55,0,0.0,0,0.0,0,0,143,5,19.2,3,0,901.02,0.53,1,0.0,0,0,1,0,0,0,0,0,0,0,0,0,1,0,1,0,0,0,0,0,0,1,0,0,0,1,0,0,0,0,0,1,0,0,0,1,0,0,1,0,1,0,0,0,0,1,0
CLI-002711,5532.0,22,8,1,12.5,5,1.2,7,2,12,4,3.8,4,0,674.58,0.02,0,0.18,0,1,0,0,0,0,0,0,0,0,0,1,0,0,0,0,0,1,0,0,0,1,0,0,0,0,0,1,1,0,0,0,0,0,1,0,0,0,0,1,0,0,0,1,0,0,1
CLI-000130,4525.0,16,3,2,66.7,19,10.8,6,6,0,2,13.4,4,0,82.37,0.0,0,0.38,0,0,0,0,1,0,0,0,1,0,0,0,0,0,1,0,0,0,0,0,1,0,0,0,0,1,0,0,0,0,0,0,1,0,1,0,0,1,0,0,0,0,0,1,0,0,1
CLI-003070,15557.0,24,11,9,81.8,66,31.6,11,1,1,0,6.3,5,0,311.02,0.0,0,0.69,0,0,0,1,0,0,0,0,0,1,0,0,0,0,0,0,0,1,0,0,1,0,0,0,0,1,0,0,0,0,1,0,0,0,1,0,0,0,1,0,0,1,0,0,0,0,1
CLI-002324,13399.0,13,17,9,52.9,17,8.0,5,7,0,4,10.5,4,0,371.37,0.0,0,0.31,1,0,0,0,0,0,0,0,1,0,0,0,0,0,1,0,0,0,0,0,0,1,0,0,0,1,0,0,0,0,0,1,0,0,1,0,0,0,1,0,0,0,1,0,0,0,1
CLI-001653,292527.0,14,722,396,54.8,16,3.3,8,2,4,3,11.9,3,1,29728.4,0.01,0,0.31,0,0,1,0,0,0,0,0,0,0,1,0,0,0,0,0,1,0,0,0,0,0,0,1,0,0,1,0,0,0,0,1,0,0,1,0,0,1,0,0,0,0,0,1,0,0,1
CLI-000011,300.0,6,1,1,100.0,1,0.2,3,2,6,4,10.5,3,0,11.74,0.03,0,0.38,0,0,0,0,0,1,0,0,0,1,0,0,0,0,0,0,1,0,0,0,1,0,0,0,1,0,0,0,0,0,1,0,0,0,0,1,0,1,0,0,0,0,0,1,0,1,0
CLI-001262,13749.0,16,23,11,47.8,1,0.4,1,4,0,1,9.0,4,0,644.91,0.0,0,0.06,1,0,0,0,0,0,0,0,0,0,0,0,1,0,1,0,0,0,0,0,0,1,0,0,0,1,0,0,0,1,0,0,0,0,0,1,0,1,0,0,0,0,1,0,0,0,1
CLI-004945,4937.0,12,13,0,50.0,0,0.0,0,0,50,0,7.7,5,0,334.5,0.14,1,0.0,1,0,0,0,0,0,0,1,0,0,0,0,0,0,0,1,0,0,0,0,0,1,0,0,0,1,0,0,0,0,0,0,1,0,0,1,0,1,0,0,1,0,0,0,0,1,0
CLI-000720,20610.0,7,41,20,48.8,8,0.4,2,0,2,4,11.9,4,2,930.88,0.01,0,0.12,0,0,0,0,1,0,0,0,1,0,0,0,0,0,1,0,0,0,0,0,0,1,0,0,0,1,0,0,0,1,0,0,0,0,0,1,0,0,0,1,0,1,0,0,0,1,0
CLI-000038,122357.0,9,168,92,54.8,22,6.9,16,0,0,3,3.8,3,1,11478.13,0.0,0,0.4,0,0,0,0,1,0,0,0,1,0,0,0,0,0,1,0,0,0,0,0,0,0,1,0,0,0,0,1,0,0,0,1,0,1,0,0,0,0,0,1,0,0,0,1,0,1,0
CLI-001628,5375.0,22,4,2,50.0,23,9.4,6,8,0,0,10.9,4,0,104.05,0.0,0,0.38,0,0,0,0,0,1,0,0,0,0,0,0,1,0,1,0,0,0,0,0,1,0,0,0,0,1,0,0,1,0,0,0,0,0,0,0,1,1,0,0,0,0,1,0,0,0,1
CLI-003145,17750.0,4,56,8,14.3,1,0.1,4,2,5,0,10.4,4,3,1202.55,0.04,0,0.25,0,0,0,0,0,1,0,1,0,0,0,0,0,0,1,0,0,0,0,0,0,1,0,0,0,1,0,0,0,0,0,0,1,0,0,0,1,1,0,0,0,0,0,1,0,1,0
CLI-004833,1506954.0,24,639,0,0.0,0,0.0,0,0,63,3,4.1,5,0,35341.33,0.09,1,0.0,1,0,0,0,0,0,0,0,0,0,0,0,1,0,1,0,0,0,0,0,0,0,0,1,0,0,1,0,0,0,0,1,0,0,1,0,0,0,0,1,0,0,0,1,0,0,1
CLI-002216,15802.0,1,43,20,46.5,10,3.5,5,0,0,1,10.5,4,0,3211.76,0.0,0,0.12,0,0,0,0,1,0,0,0,0,0,0,0,1,0,1,0,0,0,0,0,0,1,0,0,0,0,0,1,0,0,0,0,1,0,1,0,0,0,1,0,0,0,0,1,1,0,0
CLI-001273,12325.0,18,10,3,30.0,2,0.1,5,2,1,5,10.5,3,0,484.84,0.0,0,0.19,0,0,0,0,1,0,0,0,0,0,0,0,0,1,1,0,0,0,0,0,1,0,0,0,0,0,1,0,1,0,0,0,0,0,1,0,0,0,1,0,0,1,0,0,0,0,1
CLI-002072,4011.0,11,11,1,9.1,1,0.1,0,0,9,3,28.8,3,0,119.3,0.03,0,0.0,0,0,0,0,0,1,0,0,0,0,0,0,0,1,1,0,0,0,0,0,1,0,0,0,1,0,0,0,0,0,0,1,0,0,0,1,0,0,0,1,1,0,0,0,0,1,0
CLI-003850,6745.0,16,9,6,66.7,26,22.1,5,1,0,4,14.4,4,0,235.03,0.0,0,0.31,0,0,0,1,0,0,0,0,0,1,0,0,0,0,1,0,0,0,0,0,1,0,0,0,0,1,0,0,0,0,0,0,1,1,0,0,0,0,0,1,0,0,0,1,0,0,1
CLI-004228,383791.0,9,213,31,14.6,1,0.1,8,1,29,0,5.9,4,0,9958.24,0.11,0,0.31,0,0,0,0,1,0,0,1,0,0,0,0,0,0,1,0,0,0,0,0,0,0,1,0,0,0,1,0,0,0,0,0,1,0,0,1,0,1,0,0,0,0,0,1,0,1,0
CLI-004860,14969.0,8,52,25,48.1,22,15.9,4,2,0,0,7.4,5,0,493.37,0.0,0,0.5,0,0,1,0,0,0,0,0,0,1,0,0,0,0,1,0,0,0,0,0,0,0,1,0,1,0,0,0,1,0,0,0,0,0,0,1,0,0,0,1,0,1,0,0,0,1,0
CLI-001732,2521.0,14,9,7,77.8,5,5.65,4,5,2,1,26.7,2,1,122.96,0.0,0,0.5,0,0,0,1,0,0,0,0,0,1,0,0,0,0,0,0,0,0,0,1,1,0,0,0,1,0,0,0,1,0,0,0,0,0,0,0,1,0,1,0,0,0,0,1,0,0,1
CLI-000699,27193.0,21,29,21,72.4,35,13.2,5,3,1,3,28.7,3,0,436.34,0.0,0,0.62,0,0,0,0,0,0,1,0,0,0,0,0,1,0,1,0,0,0,0,0,0,1,0,0,1,0,0,0,0,0,0,1,0,1,0,0,0,0,1,0,0,0,0,1,0,0,1
CLI-004955,37738.0,5,161,117,72.7,53,37.8,8,5,1,1,10.1,5,2,4183.85,0.01,0,0.5,1,0,0,0,0,0,0,0,0,0,0,0,0,1,0,0,1,0,0,0,0,0,1,0,0,1,0,0,1,0,0,0,0,0,1,0,0,0,0,1,0,0,1,0,0,1,0
CLI-001233,6783.0,16,10,3,30.0,6,3.3,4,6,10,9,22.8,3,0,114.89,0.02,0,0.5,0,0,1,0,0,0,0,0,0,1,0,0,0,0,1,0,0,0,0,0,0,1,0,0,1,0,0,0,1,0,0,0,0,0,0,1,0,1,0,0,0,0,0,1,0,0,1
CLI-004909,1033.0,6,6,1,16.7,1,0.1,0,2,4,0,2.7,4,2,90.0,0.02,0,0.0,0,1,0,0,0,0,0,0,0,1,0,0,0,0,1,0,0,0,0,0,1,0,0,0,0,1,0,0,0,0,1,0,0,0,0,1,0,0,0,1,1,0,0,0,0,1,0
CLI-001048,55914.0,26,47,26,55.3,29,7.4,6,5,1,0,13.9,4,0,1196.27,0.0,0,0.38,0,1,0,0,0,0,0,0,0,0,0,0,1,0,1,0,0,0,0,0,0,0,1,0,0,1,0,0,0,0,1,0,0,0,0,1,0,0,1,0,0,0,0,1,0,0,1
CLI-004440,96301.0,8,52,45,86.5,72,42.1,18,0,1,6,13.0,2,0,2446.67,0.0,0,0.69,0,0,0,1,0,0,0,0,0,0,0,1,0,0,1,0,0,0,0,0,0,1,0,0,0,0,1,0,0,1,0,0,0,0,1,0,0,1,0,0,0,0,0,1,0,1,0
CLI-001037,1259.0,12,9,3,33.3,1,0.2,0,3,22,2,18.7,3,0,80.84,0.06,0,0.0,0,1,0,0,0,0,0,0,0,1,0,0,0,0,1,0,0,0,0,0,1,0,0,0,1,0,0,0,1,0,0,0,0,0,0,0,1,0,1,0,0,0,0,1,0,1,0
CLI-000449,17586.0,1,128,56,43.8,2,0.3,5,0,9,1,4.1,4,0,3574.3,0.3,0,0.19,0,0,0,0,0,0,1,0,0,0,0,1,0,0,1,0,0,0,0,0,0,0,1,0,0,0,1,0,0,0,0,0,1,0,0,0,1,0,0,1,0,1,0,0,1,0,0
CLI-001090,19093.0,13,32,17,53.1,33,13.6,8,4,2,5,15.5,1,0,862.37,0.01,0,0.5,0,1,0,0,0,0,0,0,0,0,0,0,0,1,1,0,0,0,0,0,0,1,0,0,0,1,0,0,0,0,0,1,0,0,1,0,0,0,0,1,0,0,0,1,0,0,1
CLI-002776,300.0,1,2,1,50.0,5,1.0,4,0,1,2,27.6,3,6,17.72,0.03,0,0.5,0,0,0,0,1,0,0,0,0,0,0,0,0,1,1,0,0,0,0,0,1,0,0,0,1,0,0,0,0,0,0,1,0,0,0,0,1,0,0,1,0,0,0,1,1,0,0
CLI-001848,97098.0,7,58,47,81.0,67,5.65,19,1,0,1,4.4,4,0,2888.09,0.0,0,0.73,0,1,0,0,0,0,0,0,1,0,0,0,0,0,1,0,0,0,0,0,0,1,0,0,0,0,1,0,0,0,0,1,0,1,0,0,0,0,1,0,0,0,0,1,0,1,0
CLI-002365,37548.0,2,41,23,56.1,17,2.7,6,0,0,4,5.2,4,2,1761.14,0.0,0,0.23,0,0,1,0,0,0,0,0,0,0,0,0,0,1,1,0,0,0,0,0,0,1,0,0,0,0,1,0,1,0,0,0,0,0,0,1,0,1,0,0,0,0,0,1,1,0,0
CLI-001826,1926.0,9,8,6,75.0,51,41.8,1,3,0,4,25.9,3,1,90.35,0.0,0,0.12,0,0,0,1,0,0,0,1,0,0,0,0,0,0,1,0,0,0,0,0,1,0,0,0,1,0,0,0,0,0,0,0,1,0,0,1,0,0,0,1,0,0,0,1,0,1,0
CLI-001850,7343.0,20,33,17,51.5,32,21.8,3,5,0,3,10.5,4,0,389.33,0.0,0,0.38,0,0,0,0,0,1,0,1,0,0,0,0,0,0,1,0,0,0,0,0,0,1,0,0,1,0,0,0,0,1,0,0,0,0,0,1,0,1,0,0,0,0,1,0,0,0,1
CLI-000821,1114.0,4,4,1,25.0,1,0.3,0,1,16,0,12.5,5,2,31.58,0.13,0,0.0,0,0,0,0,1,0,0,1,0,0,0,0,0,0,1,0,0,0,0,0,1,0,0,0,1,0,0,0,0,1,0,0,0,0,0,0,1,0,0,1,0,1,0,0,0,1,0
CLI-004881,7812.0,1,46,9,19.6,1,0.6,1,0,30,0,12.3,5,3,381.07,1.0,1,0.12,0,0,0,0,1,0,0,0,0,0,0,1,0,0,1,0,0,0,0,0,0,1,0,0,1,0,0,0,0,0,0,0,1,0,0,1,0,1,0,0,1,0,0,0,1,0,0
CLI-004426,40706.0,24,53,17,32.1,6,0.8,4,5,1,2,11.4,4,0,1551.29,0.0,0,0.25,0,0,0,0,0,1,0,0,1,0,0,0,0,0,1,0,0,0,0,0,0,1,0,0,0,1,0,0,0,0,0,0,1,0,0,1,0,0,1,0,0,0,1,0,0,0,1
CLI-002845,25642.0,5,154,103,66.9,27,8.3,8,2,2,0,8.2,5,1,3908.82,0.01,0,0.5,0,0,0,0,0,0,1,0,0,0,0,0,0,1,1,0,0,0,0,0,0,0,1,0,0,1,0,0,1,0,0,0,0,0,1,0,0,1,0,0,0,0,0,1,0,1,0
CLI-001579,5552.0,15,9,0,0.0,0,0.0,0,0,44,10,21.4,3,0,211.58,0.1,1,0.0,0,0,0,0,1,0,0,0,0,0,1,0,0,0,0,0,0,1,0,0,1,0,0,0,0,1,0,0,0,1,0,0,0,0,1,0,0,0,0,1,0,0,0,1,0,0,1
CLI-003344,382.0,5,1,1,100.0,52,30.9,3,2,1,2,24.6,4,0,11.37,0.01,0,0.38,1,0,0,0,0,0,0,1,0,0,0,0,0,0,1,0,0,0,0,0,1,0,0,0,1,0,0,0,1,0,0,0,0,0,0,0,1,0,0,1,0,1,0,0,0,1,0
CLI-003315,3796.0,7,9,3,33.3,10,5.3,1,2,2,0,9.7,5,0,201.25,0.01,0,0.06,0,0,0,0,1,0,0,0,0,1,0,0,0,0,0,1,0,0,0,0,1,0,0,0,0,1,0,0,0,0,0,1,0,0,0,0,1,0,0,1,0,1,0,0,0,1,0
CLI-004549,701.0,1,3,1,33.3,8,5.6,9,0,6,0,2.5,5,4,106.85,0.2,0,0.35,0,1,0,0,0,0,0,0,0,0,0,0,0,1,1,0,0,0,0,0,1,0,0,0,0,0,1,0,0,0,0,1,0,1,0,0,0,0,1,0,0,1,0,0,1,0,0
CLI-000602,93591.0,14,63,27,42.9,13,4.8,11,4,5,1,6.7,4,0,3084.74,0.01,0,0.42,0,0,0,0,0,1,0,1,0,0,0,0,0,0,0,0,1,0,0,0,0,0,1,0,0,0,1,0,0,1,0,0,0,1,0,0,0,1,0,0,0,0,0,1,0,0,1
CLI-003580,1800.0,15,7,1,14.3,1,0.2,1,2,30,4,25.1,3,0,84.41,0.07,1,0.12,1,0,0,0,0,0,0,0,0,0,1,0,0,0,1,0,0,0,0,0,1,0,0,0,1,0,0,0,0,1,0,0,0,1,0,0,0,1,0,0,0,0,0,1,0,0,1
CLI-001174,22060.0,6,44,34,77.3,89,72.2,11,1,0,0,13.9,3,0,1222.86,0.0,0,0.69,0,1,0,0,0,0,0,0,0,0,1,0,0,0,0,0,1,0,0,0,0,1,0,0,0,1,0,0,0,0,0,0,1,0,0,1,0,1,0,0,0,0,0,1,0,1,0
CLI-004194,24305.0,9,39,8,20.5,1,0.1,11,4,29,0,4.1,5,0,1646.7,0.11,0,0.42,0,0,0,0,0,0,1,0,0,0,1,0,0,0,0,1,0,0,0,0,0,1,0,0,0,0,1,0,1,0,0,0,0,0,0,1,0,1,0,0,0,0,0,1,0,1,0
CLI-003881,331372.0,1,187,115,61.5,27,11.1,2,0,0,0,3.7,5,0,9184.37,0.0,0,0.08,0,1,0,0,0,0,0,0,0,1,0,0,0,0,0,0,0,0,0,1,0,0,1,0,0,0,1,0,1,0,0,0,0,0,0,0,1,0,1,0,0,0,0,1,1,0,0
CLI-000498,122160.0,17,46,26,56.5,30,22.2,12,2,0,0,0.9,4,0,3169.69,0.0,0,0.3,0,0,0,1,0,0,0,0,1,0,0,0,0,0,0,0,0,0,0,1,0,1,0,0,0,0,0,1,0,0,1,0,0,0,0,0,1,0,1,0,0,0,0,1,0,0,1
CLI-003922,6081.0,7,26,7,26.9,1,0.7,5,3,4,6,13.7,4,0,674.19,0.02,0,0.31,0,1,0,0,0,0,0,0,0,0,1,0,0,0,0,0,0,0,0,1,0,1,0,0,0,1,0,0,0,0,0,1,0,0,0,0,1,1,0,0,0,0,0,1,0,1,0
CLI-002904,27909.0,15,40,13,32.5,3,5.65,5,4,6,5,10.1,3,0,1547.07,0.01,0,0.19,0,0,0,0,0,1,0,0,0,0,1,0,0,0,1,0,0,0,0,0,0,1,0,0,0,0,1,0,1,0,0,0,0,0,0,1,0,0,1,0,0,0,0,1,0,0,1
CLI-000740,49006.0,18,61,6,9.8,1,0.5,6,4,21,1,10.5,3,0,2490.14,0.04,0,0.23,0,1,0,0,0,0,0,0,0,0,0,1,0,0,1,0,0,0,0,0,0,0,1,0,0,0,1,0,1,0,0,0,0,0,1,0,0,1,0,0,1,0,0,0,0,0,1
CLI-002784,958.0,17,7,6,85.7,35,13.2,3,6,0,0,14.6,5,0,64.93,0.0,0,0.38,0,1,0,0,0,0,0,0,0,0,0,0,1,0,1,0,0,0,0,0,1,0,0,0,1,0,0,0,0,1,0,0,0,0,0,0,1,0,1,0,0,0,1,0,0,0,1
CLI-002307,13993.0,15,27,12,44.4,17,4.7,3,3,1,4,13.3,3,0,568.83,0.0,0,0.19,0,1,0,0,0,0,0,1,0,0,0,0,0,0,1,0,0,0,0,0,0,1,0,0,0,1,0,0,1,0,0,0,0,0,0,0,1,1,0,0,0,1,0,0,0,0,1
CLI-004408,1470.0,5,4,3,75.0,81,82.9,4,1,0,0,9.7,4,0,105.42,0.0,0,0.25,0,0,0,0,0,0,1,0,0,1,0,0,0,0,1,0,0,0,0,0,1,0,0,0,0,1,0,0,0,0,1,0,0,0,1,0,0,1,0,0,0,1,0,0,0,1,0
CLI-004982,9224.0,15,10,4,40.0,9,2.0,16,0,4,13,8.9,1,0,865.25,0.01,0,0.4,0,0,0,0,1,0,0,0,0,1,0,0,0,0,0,0,0,0,1,0,1,0,0,0,0,0,0,1,0,0,1,0,0,0,0,0,1,1,0,0,0,0,0,1,0,0,1
CLI-000957,3551.0,11,4,1,25.0,8,4.0,6,1,0,2,9.7,4,0,117.05,0.0,0,0.38,0,0,0,0,0,1,0,0,1,0,0,0,0,0,1,0,0,0,0,0,1,0,0,0,0,1,0,0,1,0,0,0,0,0,0,1,0,0,1,0,0,0,0,1,0,1,0
CLI-003311,5515.0,19,3,2,66.7,19,6.3,12,6,5,4,7.5,4,0,140.12,0.01,0,0.46,0,0,1,0,0,0,0,0,0,0,1,0,0,0,0,1,0,0,0,0,1,0,0,0,0,0,1,0,0,0,0,1,0,0,1,0,0,0,0,1,0,0,1,0,0,0,1
CLI-002092,300.0,1,4,1,25.0,1,0.3,1,2,5,0,8.3,4,2,35.49,0.17,0,0.12,1,0,0,0,0,0,0,0,0,1,0,0,0,0,0,0,0,0,1,0,1,0,0,0,1,0,0,0,0,0,0,1,0,0,1,0,0,1,0,0,0,1,0,0,1,0,0
CLI-002125,18083.0,5,21,5,23.8,2,0.6,1,1,18,5,10.1,3,5,882.1,0.12,0,0.04,0,0,0,0,0,0,1,0,0,0,0,0,1,0,1,0,0,0,0,0,0,1,0,0,0,0,1,0,0,1,0,0,0,1,0,0,0,0,0,1,0,0,0,1,0,1,0
CLI-003367,20051.0,13,22,10,45.5,22,10.4,18,1,2,0,0.5,4,0,1630.14,0.01,0,0.45,1,0,0,0,0,0,0,0,0,0,0,1,0,0,1,0,0,0,0,0,0,1,0,0,0,0,0,1,0,1,0,0,0,0,0,1,0,0,1,0,0,0,0,1,0,0,1
CLI-001323,154097.0,26,185,35,18.9,13,8.1,4,7,1,4,10.5,3,0,2574.29,0.0,0,0.5,0,0,1,0,0,0,0,0,0,0,0,1,0,0,0,0,0,0,1,0,0,0,1,0,1,0,0,0,0,1,0,0,0,0,1,0,0,0,0,1,1,0,0,0,0,0,1
CLI-003325,1896.0,7,9,3,50.0,19,1.0,3,3,5,3,33.4,3,1,115.6,0.02,0,0.38,0,0,0,0,1,0,0,0,0,0,0,1,0,0,1,0,0,0,0,0,1,0,0,0,1,0,0,0,0,0,1,0,0,0,0,1,0,0,1,0,0,0,0,1,0,1,0
CLI-003920,8742.0,15,36,20,55.6,40,18.0,10,5,1,0,2.6,5,0,1332.58,0.0,0,0.38,0,0,0,0,0,0,1,0,1,0,0,0,0,0,1,0,0,0,0,0,0,1,0,0,0,0,1,0,0,0,0,1,0,1,0,0,0,0,1,0,0,0,1,0,0,0,1
CLI-003606,371652.0,7,628,145,23.1,1,0.5,5,0,14,0,10.5,3,0,37769.54,0.07,0,0.12,0,0,0,0,1,0,0,0,0,1,0,0,0,0,1,0,0,0,0,0,0,0,0,1,0,0,0,1,0,0,0,1,0,0,0,0,1,0,1,0,1,0,0,0,0,1,0
CLI-000410,709.0,14,3,1,33.3,1,0.1,2,3,3,2,10.5,1,0,61.73,0.01,0,0.12,0,0,0,0,0,0,1,0,1,0,0,0,0,0,0,0,0,0,1,0,1,0,0,0,0,1,0,0,0,0,1,0,0,0,1,0,0,0,1,0,0,0,0,1,0,0,1
CLI-004010,487.0,6,12,5,41.7,12,3.3,3,0,2,2,14.2,4,1,118.72,0.01,0,0.38,0,0,0,0,0,1,0,0,0,0,0,0,1,0,0,0,1,0,0,0,0,1,0,0,1,0,0,0,1,0,0,0,0,0,0,1,0,0,0,1,0,0,0,1,0,1,0
CLI-001477,465084.0,9,204,112,50.0,2,0.2,14,5,2,3,4.3,2,0,13833.55,0.01,0,0.35,0,0,0,0,0,0,1,0,0,0,0,0,0,1,0,0,0,0,0,1,0,0,1,0,0,0,0,1,1,0,0,0,0,0,0,0,1,0,0,1,1,0,0,0,0,1,0
CLI-000431,1205.0,14,23,0,0.0,0,0.0,0,0,53,6,25.9,1,0,276.0,0.13,1,0.0,0,0,1,0,0,0,0,0,0,0,0,0,1,0,1,0,0,0,0,0,0,1,0,0,1,0,0,0,0,0,1,0,0,0,1,0,0,0,1,0,1,0,0,0,0,0,1
CLI-003151,13087.0,13,33,3,9.1,1,0.1,2,0,30,4,4.8,4,0,1485.0,0.08,1,0.08,0,1,0,0,0,0,0,0,0,0,0,1,0,0,0,0,0,1,0,0,0,1,0,0,0,0,1,0,0,0,0,0,1,0,0,0,1,0,1,0,0,0,0,1,0,0,1
CLI-000152,1360.0,15,6,2,33.3,17,1.5,3,3,0,6,10.5,2,0,66.35,0.0,0,0.38,0,1,0,0,0,0,0,0,0,0,1,0,0,0,1,0,0,0,0,0,1,0,0,0,1,0,0,0,0,0,1,0,0,0,0,1,0,0,0,1,0,0,0,1,0,0,1
CLI-001927,43172.0,5,136,35,25.7,1,0.3,3,1,2,5,5.7,2,0,5264.91,0.01,0,0.12,0,0,0,1,0,0,0,0,0,1,0,0,0,0,0,0,0,1,0,0,0,0,0,1,0,0,1,0,0,0,0,0,1,0,0,1,0,0,1,0,1,0,0,0,0,1,0
CLI-001654,9637.0,1,38,24,63.2,37,19.6,6,0,1,7,20.1,3,2,979.41,0.03,0,0.38,0,0,0,0,0,0,1,0,1,0,0,0,0,0,1,0,0,0,0,0,0,1,0,0,0,1,0,0,0,0,0,1,0,0,1,0,0,1,0,0,0,0,0,1,1,0,0
CLI-004541,333356.0,8,645,305,47.3,28,14.4,18,0,0,0,4.8,3,0,58075.93,0.0,0,0.45,0,0,0,1,0,0,0,0,0,0,0,1,0,0,1,0,0,0,0,0,0,0,0,1,0,0,0,1,0,1,0,0,0,1,0,0,0,1,0,0,0,0,0,1,0,1,0
CLI-003383,89129.0,23,28,21,75.0,50,40.6,8,6,2,1,7.8,4,0,905.78,0.0,0,0.5,0,0,0,0,0,1,0,0,0,0,1,0,0,0,0,0,0,1,0,0,0,1,0,0,0,1,0,0,0,0,1,0,0,1,0,0,0,0,1,0,0,0,0,1,0,0,1
CLI-003255,14128.0,20,7,4,57.1,18,7.2,9,3,1,5,4.2,3,0,615.35,0.0,0,0.22,0,0,0,0,0,0,1,1,0,0,0,0,0,0,0,0,1,0,0,0,0,1,0,0,0,0,0,1,0,0,0,0,1,0,0,0,1,0,1,0,0,0,0,1,0,0,1
CLI-004457,13866.0,13,7,6,85.7,52,46.6,21,2,1,4,4.5,3,0,560.0,0.0,0,0.52,0,1,0,0,0,0,0,0,0,0,0,0,1,0,0,0,0,0,0,1,1,0,0,0,0,0,0,1,0,1,0,0,0,0,0,0,1,0,0,1,0,0,0,1,0,0,1
CLI-001803,1915.0,24,2,1,50.0,26,9.1,3,7,1,6,21.0,4,0,27.48,0.0,0,0.38,0,0,0,0,0,0,1,0,0,1,0,0,0,0,0,0,0,0,0,1,1,0,0,0,1,0,0,0,1,0,0,0,0,1,0,0,0,1,0,0,0,0,1,0,0,0,1
CLI-000715,994.0,19,3,2,66.7,29,3.0,1,6,0,4,26.4,2,0,40.4,0.0,0,0.12,0,1,0,0,0,0,0,0,1,0,0,0,0,0,1,0,0,0,0,0,1,0,0,0,1,0,0,0,0,0,1,0,0,1,0,0,0,1,0,0,0,0,0,1,0,0,1
CLI-002062,6266.0,8,18,16,88.9,75,45.9,9,0,1,4,16.1,1,0,477.61,0.0,0,0.56,0,0,0,1,0,0,0,0,0,1,0,0,0,0,1,0,0,0,0,0,0,1,0,0,0,1,0,0,1,0,0,0,0,1,0,0,0,1,0,0,1,0,0,0,0,1,0
CLI-004421,3205.0,1,9,7,77.8,54,35.5,3,0,0,1,24.0,5,0,93.05,0.0,0,0.38,0,0,0,0,0,0,1,0,0,1,0,0,0,0,1,0,0,0,0,0,1,0,0,0,1,0,0,0,0,0,0,1,0,1,0,0,0,1,0,0,0,0,0,1,1,0,0
CLI-002838,925.0,10,1,1,100.0,41,23.4,5,2,0,5,10.5,2,0,38.88,0.0,0,0.19,0,0,0,1,0,0,0,0,0,1,0,0,0,0,1,0,0,0,0,0,1,0,0,0,0,0,1,0,0,0,0,0,1,0,0,1,0,0,0,1,0,0,0,1,0,1,0
CLI-000889,300.0,4,2,1,50.0,37,12.0,4,0,2,2,23.4,4,4,28.8,0.02,0,0.5,1,0,0,0,0,0,0,0,0,0,0,1,0,0,1,0,0,0,0,0,1,0,0,0,1,0,0,0,0,0,1,0,0,0,0,0,1,0,1,0,0,0,0,1,0,1,0
CLI-004746,496.0,15,2,1,50.0,15,3.5,7,0,2,4,11.0,4,0,50.41,0.0,0,0.44,0,0,0,0,0,0,1,0,1,0,0,0,0,0,1,0,0,0,0,0,1,0,0,0,0,1,0,0,0,0,0,0,1,1,0,0,0,1,0,0,0,1,0,0,0,0,1
CLI-001082,426089.0,9,415,150,36.1,6,1.7,6,0,2,6,10.5,2,0,18557.87,0.01,0,0.23,0,1,0,0,0,0,0,0,1,0,0,0,0,0,0,0,0,0,1,0,0,0,0,1,0,0,1,0,0,0,1,0,0,0,1,0,0,0,1,0,0,0,0,1,0,1,0
CLI-003753,29990.0,13,55,6,10.9,1,0.1,8,4,30,1,5.3,3,2,2151.38,0.08,1,0.31,0,0,0,0,0,1,0,0,0,0,0,0,1,0,1,0,0,0,0,0,0,1,0,0,0,0,1,0,0,0,0,1,0,1,0,0,0,1,0,0,0,0,0,1,0,0,1
CLI-004811,2160.0,10,6,0,50.0,0,0.0,0,0,37,1,9.5,4,2,175.63,0.12,1,0.0,0,0,0,0,0,1,0,0,1,0,0,0,0,0,0,0,0,0,1,0,1,0,0,0,0,1,0,0,0,0,0,1,0,0,0,0,1,1,0,0,0,0,0,1,0,1,0
CLI-001715,32530.0,12,54,43,79.6,34,6.0,5,1,0,2,4.1,5,0,2833.64,0.0,0,0.19,0,0,0,1,0,0,0,1,0,0,0,0,0,0,1,0,0,0,0,0,0,1,0,0,0,0,1,0,0,0,0,1,0,0,0,0,1,1,0,0,0,0,0,1,0,1,0
CLI-003142,9707.0,11,31,10,32.3,10,2.3,13,1,0,1,5.8,3,1,1395.0,0.0,0,0.5,0,0,1,0,0,0,0,0,0,1,0,0,0,0,0,1,0,0,0,0,0,0,1,0,0,0,1,0,0,1,0,0,0,0,0,1,0,1,0,0,0,0,0,1,0,1,0
CLI-001656,6069.0,2,24,13,54.2,5,1.3,5,0,1,3,11.3,4,5,569.33,0.02,0,0.31,0,0,0,0,0,0,1,1,0,0,0,0,0,0,0,1,0,0,0,0,0,1,0,0,0,1,0,0,0,0,0,0,1,0,0,0,1,0,1,0,0,0,0,1,1,0,0
CLI-000089,15661.0,19,32,26,81.2,81,53.6,13,4,2,6,14.5,4,0,795.78,0.0,0,0.81,0,0,0,0,0,0,1,0,1,0,0,0,0,0,0,1,0,0,0,0,0,1,0,0,0,1,0,0,0,0,0,0,1,1,0,0,0,1,0,0,0,0,0,1,0,0,1
CLI-000188,5215.0,4,7,3,42.9,1,0.5,6,0,18,4,12.2,3,1,198.75,0.15,0,0.38,1,0,0,0,0,0,0,0,0,1,0,0,0,0,1,0,0,0,0,0,1,0,0,0,0,1,0,0,0,0,0,1,0,0,0,0,1,0,1,0,0,0,0,1,0,1,0
CLI-003927,580.0,19,5,3,60.0,30,3.7,6,3,3,1,7.9,4,0,117.86,0.01,0,0.38,0,0,0,0,0,0,1,0,1,0,0,0,0,0,1,0,0,0,0,0,1,0,0,0,0,1,0,0,0,0,0,1,0,0,1,0,0,0,1,0,0,0,0,1,0,0,1
CLI-000288,30260.0,13,37,11,50.0,2,0.9,3,3,3,4,10.9,4,1,997.36,0.01,0,0.19,0,0,0,0,0,1,0,0,1,0,0,0,0,0,1,0,0,0,0,0,0,1,0,0,0,1,0,0,0,1,0,0,0,0,1,0,0,0,1,0,0,0,1,0,0,0,1
CLI-003340,123402.0,9,177,60,33.9,7,0.4,5,2,7,4,3.8,3,1,7166.21,0.03,0,0.19,1,0,0,0,0,0,0,0,0,0,1,0,0,0,1,0,0,0,0,0,0,0,1,0,0,0,1,0,0,0,0,0,1,0,0,1,0,0,0,1,0,0,0,1,0,1,0
CLI-004140,44677.0,4,190,0,0.0,0,0.0,0,0,120,1,4.8,3,3,7783.43,1.0,1,0.0,0,1,0,0,0,0,0,0,1,0,0,0,0,0,0,1,0,0,0,0,0,0,1,0,0,0,1,0,0,0,0,0,1,0,1,0,0,1,0,0,1,0,0,0,0,1,0
CLI-004170,363.0,5,2,1,50.0,2,0.6,4,0,6,1,18.9,3,0,24.57,0.04,0,0.5,0,1,0,0,0,0,0,0,0,0,0,1,0,0,1,0,0,0,0,0,1,0,0,0,1,0,0,0,0,1,0,0,0,1,0,0,0,1,0,0,0,0,0,1,0,1,0
CLI-000354,71373.0,16,155,75,48.4,14,5.65,5,7,0,2,7.7,4,0,3956.37,0.0,0,0.31,0,0,1,0,0,0,0,0,0,0,1,0,0,0,0,1,0,0,0,0,0,0,1,0,0,1,0,0,1,0,0,0,0,1,0,0,0,1,0,0,0,0,1,0,0,0,1
CLI-000905,61317.0,10,56,40,50.0,66,57.1,21,4,2,7,2.8,3,0,4480.0,0.01,0,0.52,0,0,0,0,1,0,0,1,0,0,0,0,0,0,1,0,0,0,0,0,0,0,1,0,0,0,0,1,1,0,0,0,0,1,0,0,0,0,1,0,1,0,0,0,0,1,0
CLI-003489,90783.0,18,425,77,18.1,1,0.2,6,0,1,1,2.6,5,0,27677.65,0.0,0,0.15,0,0,0,0,0,1,0,1,0,0,0,0,0,0,0,0,0,1,0,0,0,0,0,1,0,0,0,1,0,0,1,0,0,0,1,0,0,0,1,0,1,0,0,0,0,0,1
CLI-000044,135838.0,13,161,123,76.4,54,5.65,8,2,0,0,7.1,4,0,4601.55,0.0,0,0.5,0,1,0,0,0,0,0,0,0,0,0,1,0,0,1,0,0,0,0,0,0,0,1,0,0,1,0,0,0,0,1,0,0,0,0,0,1,0,0,1,0,0,0,1,0,0,1
CLI-001136,2177.0,7,11,6,54.5,16,0.8,2,3,5,4,26.9,2,0,126.44,0.02,0,0.25,0,0,0,0,0,1,0,0,0,1,0,0,0,0,1,0,0,0,0,0,1,0,0,0,1,0,0,0,1,0,0,0,0,0,0,1,0,0,1,0,0,0,0,1,0,1,0
CLI-004723,1833.0,10,15,13,86.7,57,42.4,3,1,8,1,26.4,3,0,186.25,0.03,0,0.38,0,0,1,0,0,0,0,1,0,0,0,0,0,0,1,0,0,0,0,0,0,1,0,0,1,0,0,0,0,0,0,1,0,0,0,0,1,1,0,0,0,1,0,0,0,1,0
CLI-003586,135531.0,16,99,67,67.7,51,7.4,5,4,1,5,17.6,3,0,2542.79,0.0,0,0.31,1,0,0,0,0,0,0,0,0,0,0,1,0,0,1,0,0,0,0,0,0,0,1,0,0,1,0,0,0,1,0,0,0,0,0,1,0,0,0,1,0,1,0,0,0,0,1
CLI-002817,1688.0,13,4,1,25.0,7,3.2,7,3,2,1,10.7,4,2,114.34,0.01,0,0.44,1,0,0,0,0,0,0,1,0,0,0,0,0,0,0,0,1,0,0,0,1,0,0,0,0,1,0,0,0,0,0,0,1,1,0,0,0,0,1,0,0,0,1,0,0,0,1
CLI-004564,7818.0,21,9,7,77.8,61,43.7,7,4,1,7,11.6,3,1,280.43,0.0,0,0.44,0,0,0,0,0,1,0,0,0,1,0,0,0,0,0,0,1,0,0,0,1,0,0,0,0,1,0,0,0,0,0,1,0,0,1,0,0,0,0,1,1,0,0,0,0,0,1
CLI-004714,1432.0,11,6,2,33.3,1,0.8,7,1,3,0,9.0,3,0,174.68,0.01,0,0.44,0,0,1,0,0,0,0,0,1,0,0,0,0,0,0,0,0,0,0,1,1,0,0,0,0,1,0,0,0,0,1,0,0,0,1,0,0,0,0,1,0,0,0,1,0,1,0
CLI-004546,34629.0,13,59,51,86.4,67,32.5,7,3,1,0,7.8,5,1,1456.23,0.0,0,0.44,0,0,0,0,1,0,0,0,1,0,0,0,0,0,1,0,0,0,0,0,0,1,0,0,0,1,0,0,0,0,0,1,0,0,0,0,1,0,0,1,0,0,1,0,0,0,1
CLI-001673,2387.0,20,6,3,50.0,16,6.6,4,2,1,0,15.6,4,0,64.68,0.0,0,0.5,0,0,0,0,0,1,0,0,1,0,0,0,0,0,1,0,0,0,0,0,1,0,0,0,1,0,0,0,1,0,0,0,0,0,0,1,0,0,0,1,0,0,0,1,0,0,1
CLI-003478,123468.0,1,140,80,57.1,43,24.5,9,0,1,3,7.8,3,3,6273.76,0.03,0,0.35,0,1,0,0,0,0,0,0,0,0,0,0,1,0,1,0,0,0,0,0,0,0,1,0,0,0,1,0,0,0,0,0,1,0,0,0,1,0,0,1,0,1,0,0,1,0,0
CLI-002687,5145.0,14,15,8,53.3,12,4.0,4,0,11,1,16.3,5,0,216.37,0.03,0,0.5,0,0,0,0,0,1,0,0,0,0,0,0,1,0,1,0,0,0,0,0,0,1,0,0,1,0,0,0,0,0,0,0,1,1,0,0,0,1,0,0,0,0,0,1,0,0,1
CLI-002309,24153.0,1,48,8,16.7,3,0.3,7,0,0,0,3.9,4,1,2454.57,0.0,0,0.27,0,0,0,1,0,0,0,0,0,1,0,0,0,0,1,0,0,0,0,0,0,1,0,0,0,0,1,0,0,0,1,0,0,0,1,0,0,0,0,1,0,0,0,1,1,0,0
CLI-004654,1136916.0,13,621,546,87.9,78,36.5,11,4,1,0,4.8,4,0,30810.72,0.0,0,0.42,0,0,0,0,0,0,1,0,1,0,0,0,0,0,0,0,1,0,0,0,0,0,0,1,0,0,1,0,0,0,1,0,0,1,0,0,0,0,0,1,0,0,1,0,0,0,1
CLI-001711,2708.0,10,5,4,80.0,72,41.2,4,1,0,3,28.2,4,2,66.06,0.0,0,0.5,0,1,0,0,0,0,0,0,1,0,0,0,0,0,1,0,0,0,0,0,1,0,0,0,1,0,0,0,0,0,0,0,1,0,1,0,0,0,0,1,0,0,0,1,0,1,0
CLI-000263,300.0,1,3,1,33.3,7,3.3,2,1,3,1,15.6,4,3,29.54,0.1,0,0.25,0,0,1,0,0,0,0,0,1,0,0,0,0,0,1,0,0,0,0,0,1,0,0,0,1,0,0,0,1,0,0,0,0,0,0,0,1,0,1,0,0,1,0,0,1,0,0
CLI-004002,37524.0,10,48,37,77.1,53,43.5,7,2,1,3,13.5,3,0,1345.91,0.0,0,0.44,0,0,1,0,0,0,0,1,0,0,0,0,0,0,0,0,0,0,0,1,0,1,0,0,0,1,0,0,1,0,0,0,0,1,0,0,0,0,1,0,0,1,0,0,0,1,0
CLI-001187,19184.0,11,50,34,68.0,72,50.4,12,2,1,0,11.0,5,1,1559.64,0.0,0,0.75,1,0,0,0,0,0,0,1,0,0,0,0,0,0,1,0,0,0,0,0,0,1,0,0,0,1,0,0,0,0,0,0,1,0,1,0,0,1,0,0,0,1,0,0,0,1,0
CLI-000703,11150.0,16,50,6,12.0,2,0.6,6,2,4,0,10.5,4,0,1236.17,0.01,0,0.38,0,0,0,0,0,1,0,0,0,0,0,0,0,1,1,0,0,0,0,0,0,0,1,0,0,1,0,0,0,0,0,1,0,0,0,0,1,0,0,1,0,0,0,1,0,0,1
CLI-004465,12234.0,11,52,26,50.0,27,16.6,3,0,0,2,20.3,5,1,621.65,0.0,0,0.38,0,0,1,0,0,0,0,0,1,0,0,0,0,0,1,0,0,0,0,0,0,1,0,0,1,0,0,0,0,1,0,0,0,0,1,0,0,1,0,0,0,0,0,1,0,1,0
CLI-002635,139254.0,15,559,158,28.3,15,10.8,9,1,1,3,7.7,3,0,24260.32,0.0,0,0.35,0,0,0,0,0,1,0,0,0,1,0,0,0,0,1,0,0,0,0,0,0,0,0,1,0,0,1,0,0,0,1,0,0,1,0,0,0,1,0,0,0,0,0,1,0,0,1
CLI-001781,2012.0,24,6,1,16.7,1,0.1,0,5,8,8,34.5,2,0,68.16,0.01,0,0.0,0,0,0,0,0,1,0,0,0,1,0,0,0,0,1,0,0,0,0,0,1,0,0,0,1,0,0,0,0,0,0,1,0,1,0,0,0,1,0,0,1,0,0,0,0,0,1
CLI-001935,2434.0,5,11,4,36.4,24,6.1,2,0,2,0,11.2,5,1,129.05,0.01,0,0.25,0,1,0,0,0,0,0,1,0,0,0,0,0,0,1,0,0,0,0,0,1,0,0,0,1,0,0,0,0,0,0,1,0,1,0,0,0,0,1,0,0,0,0,1,0,1,0
CLI-002015,21386.0,13,212,16,7.5,1,0.1,0,4,14,5,13.3,3,0,3725.87,0.04,0,0.0,0,0,0,0,1,0,0,0,0,0,1,0,0,0,1,0,0,0,0,0,0,0,1,0,0,1,0,0,0,0,0,1,0,0,1,0,0,1,0,0,1,0,0,0,0,0,1
CLI-002862,4870.0,1,22,3,13.6,1,0.1,0,0,19,0,2.5,4,0,456.87,0.63,0,0.0,0,0,0,1,0,0,0,1,0,0,0,0,0,0,1,0,0,0,0,0,0,1,0,0,0,1,0,0,1,0,0,0,0,0,1,0,0,1,0,0,0,0,0,1,1,0,0
CLI-000726,29776.0,17,52,0,0.0,0,0.0,0,0,43,8,11.3,4,0,1344.9,0.08,1,0.0,0,1,0,0,0,0,0,0,1,0,0,0,0,0,1,0,0,0,0,0,0,1,0,0,0,1,0,0,0,1,0,0,0,0,1,0,0,1,0,0,1,0,0,0,0,0,1
CLI-003146,506.0,22,1,1,100.0,25,12.8,7,4,0,4,10.5,2,0,36.33,0.0,0,0.27,0,0,0,0,1,0,0,0,0,1,0,0,0,0,1,0,0,0,0,0,1,0,0,0,0,0,1,0,0,1,0,0,0,0,1,0,0,0,0,1,1,0,0,0,0,0,1
CLI-000353,7825.0,9,25,14,50.0,29,5.65,8,2,0,5,15.1,3,2,636.21,0.0,0,0.5,0,1,0,0,0,0,0,0,1,0,0,0,0,0,1,0,0,0,0,0,0,1,0,0,0,1,0,0,0,1,0,0,0,0,1,0,0,1,0,0,0,0,0,1,0,1,0
CLI-002791,1258.0,17,11,4,36.4,1,0.1,2,4,13,1,24.4,3,0,109.58,0.03,0,0.25,0,0,0,0,1,0,0,1,0,0,0,0,0,0,1,0,0,0,0,0,1,0,0,0,1,0,0,0,0,0,0,1,0,0,0,1,0,1,0,0,0,0,0,1,0,0,1
CLI-004076,300.0,4,12,2,16.7,6,1.8,4,1,4,0,8.3,5,0,86.4,0.03,0,0.5,0,0,1,0,0,0,0,0,0,0,0,0,0,1,1,0,0,0,0,0,0,1,0,0,1,0,0,0,0,0,0,1,0,0,1,0,0,1,0,0,1,0,0,0,0,1,0
CLI-003521,8933.0,4,15,2,13.3,2,0.2,15,1,30,5,2.9,3,0,1089.43,0.25,1,0.38,0,0,0,0,1,0,0,0,0,0,0,0,0,1,1,0,0,0,0,0,0,1,0,0,0,0,0,1,0,0,0,0,1,1,0,0,0,1,0,0,1,0,0,0,0,1,0
CLI-003394,124709.0,1,106,51,48.1,30,27.1,9,0,0,2,7.5,4,3,4752.64,0.0,0,0.35,0,0,0,0,1,0,0,1,0,0,0,0,0,0,0,0,0,1,0,0,0,0,1,0,0,0,1,0,0,0,1,0,0,1,0,0,0,0,0,1,0,1,0,0,1,0,0
CLI-000924,22454.0,17,59,0,0.0,0,0.0,0,0,82,0,7.0,4,0,1521.28,0.16,1,0.0,0,0,0,0,1,0,0,0,1,0,0,0,0,0,1,0,0,0,0,0,0,1,0,0,0,1,0,0,0,0,0,1,0,0,1,0,0,0,1,0,0,0,0,1,0,0,1
CLI-003820,29955.0,9,63,52,82.5,47,30.6,18,3,0,2,5.7,3,1,2810.04,0.0,0,0.69,1,0,0,0,0,0,0,0,0,1,0,0,0,0,0,0,0,1,0,0,0,0,1,0,0,0,1,0,0,0,0,0,1,0,0,0,1,0,1,0,0,1,0,0,0,1,0
CLI-000713,37509.0,4,27,20,74.1,52,29.5,15,2,3,0,10.5,4,3,1386.14,0.02,0,0.58,0,0,0,0,0,0,1,0,0,0,0,1,0,0,1,0,0,0,0,0,0,1,0,0,0,0,1,0,0,1,0,0,0,0,0,0,1,1,0,0,0,1,0,0,0,1,0
CLI-002769,587.0,24,6,1,16.7,1,0.3,2,6,24,0,20.5,3,0,65.07,0.03,0,0.25,0,0,0,0,1,0,0,1,0,0,0,0,0,0,0,0,0,0,0,1,1,0,0,0,1,0,0,0,0,0,0,0,1,0,1,0,0,0,1,0,0,0,0,1,0,0,1
CLI-000433,4006.0,2,19,6,31.6,1,0.2,5,0,14,2,16.4,2,2,407.07,0.23,0,0.31,1,0,0,0,0,0,0,0,0,0,0,1,0,0,1,0,0,0,0,0,0,1,0,0,0,1,0,0,0,0,0,0,1,0,0,0,1,0,0,1,0,0,0,1,1,0,0
CLI-000215,26628.0,16,25,14,56.0,45,31.2,12,3,0,2,7.3,4,1,1202.73,0.0,0,0.46,0,0,0,0,1,0,0,0,0,0,1,0,0,0,0,0,0,0,0,1,0,1,0,0,0,0,1,0,0,0,0,0,1,0,1,0,0,1,0,0,0,0,0,1,0,0,1
CLI-000464,4739.0,10,11,5,45.5,18,10.7,3,1,1,13,47.7,2,0,148.2,0.0,0,0.38,0,0,0,0,1,0,0,0,0,1,0,0,0,0,0,0,1,0,0,0,1,0,0,0,1,0,0,0,1,0,0,0,0,0,0,0,1,0,0,1,0,0,0,1,0,1,0
CLI-001179,3154.0,12,8,5,62.5,31,24.7,2,2,1,1,24.2,3,0,101.23,0.0,0,0.25,0,0,0,0,0,0,1,0,1,0,0,0,0,0,0,0,1,0,0,0,1,0,0,0,1,0,0,0,0,1,0,0,0,1,0,0,0,0,1,0,0,1,0,0,0,1,0
CLI-000088,67479.0,23,51,38,74.5,71,42.8,14,5,2,2,8.3,4,0,2285.88,0.0,0,0.54,0,1,0,0,0,0,0,0,0,0,0,0,0,1,0,0,1,0,0,0,0,1,0,0,0,0,1,0,0,1,0,0,0,0,1,0,0,0,0,1,0,0,0,1,0,0,1
CLI-002709,17422.0,1,41,17,41.5,7,3.3,8,0,1,8,8.7,3,3,1931.48,0.03,0,0.31,0,0,0,0,1,0,0,0,0,0,0,1,0,0,1,0,0,0,0,0,0,1,0,0,0,0,1,0,1,0,0,0,0,0,0,0,1,0,0,1,1,0,0,0,1,0,0
CLI-001984,3287.0,15,10,3,30.0,2,0.7,2,4,5,1,33.1,3,1,121.47,0.01,0,0.25,0,0,0,0,0,0,1,0,1,0,0,0,0,0,0,0,1,0,0,0,1,0,0,0,1,0,0,0,0,0,0,0,1,0,0,0,1,0,1,0,0,0,0,1,0,0,1
CLI-003883,52722.0,10,60,0,0.0,0,0.0,0,0,68,3,16.9,3,1,1428.79,0.23,1,0.0,0,0,0,0,0,0,1,0,0,1,0,0,0,0,0,0,0,1,0,0,0,0,1,0,0,1,0,0,0,0,0,1,0,0,1,0,0,0,1,0,0,0,0,1,0,1,0
CLI-001392,8121.0,11,27,9,33.3,5,2.2,3,1,4,3,19.4,4,0,341.5,0.01,0,0.38,0,0,0,0,1,0,0,0,0,0,0,0,0,1,1,0,0,0,0,0,0,1,0,0,1,0,0,0,0,0,0,0,1,0,1,0,0,0,0,1,0,1,0,0,0,1,0
CLI-003198,5114.0,7,9,0,0.0,0,0.0,0,0,55,0,10.5,5,2,122.28,0.26,1,0.0,0,0,0,0,0,0,1,0,0,0,0,1,0,0,1,0,0,0,0,0,1,0,0,0,1,0,0,0,0,0,1,0,0,0,0,0,1,0,0,1,1,0,0,0,0,1,0
CLI-003263,1980.0,17,15,5,50.0,13,5.65,3,4,1,7,34.7,1,0,185.74,0.0,0,0.38,0,0,0,1,0,0,0,0,0,1,0,0,0,0,1,0,0,0,0,0,0,1,0,0,1,0,0,0,0,0,0,0,1,0,0,0,1,0,0,1,1,0,0,0,0,0,1
CLI-000860,60545.0,6,176,116,65.9,21,8.1,7,4,4,9,14.5,3,0,4614.72,0.02,0,0.44,0,0,0,0,0,1,0,0,0,0,0,1,0,0,1,0,0,0,0,0,0,0,1,0,0,1,0,0,1,0,0,0,0,0,0,0,1,0,1,0,1,0,0,0,0,1,0
CLI-000670,333452.0,12,199,0,0.0,0,5.65,0,0,114,0,2.0,5,0,18484.05,0.32,1,0.0,0,0,0,0,0,0,1,0,0,0,0,1,0,0,1,0,0,0,0,0,0,0,1,0,0,0,0,1,0,0,0,1,0,0,0,1,0,0,0,1,1,0,0,0,0,1,0
CLI-000693,15910.0,2,42,31,73.8,46,19.3,5,0,0,5,14.6,3,0,1077.91,0.0,0,0.31,0,1,0,0,0,0,0,1,0,0,0,0,0,0,0,0,0,1,0,0,0,1,0,0,0,1,0,0,0,0,0,1,0,0,1,0,0,0,0,1,0,0,0,1,1,0,0
CLI-001651,324801.0,9,419,135,32.2,14,6.0,14,1,1,0,4.4,5,1,18861.83,0.0,0,0.54,0,0,0,0,0,1,0,0,1,0,0,0,0,0,1,0,0,0,0,0,0,0,0,1,0,0,1,0,0,0,0,0,1,0,0,1,0,1,0,0,0,0,0,1,0,1,0
CLI-000317,57121.0,23,77,29,37.7,1,0.8,5,6,1,4,10.6,1,0,3482.96,0.0,0,0.19,0,0,0,0,1,0,0,0,1,0,0,0,0,0,1,0,0,0,0,0,0,0,1,0,0,0,1,0,0,1,0,0,0,0,1,0,0,0,1,0,0,0,0,1,0,0,1
CLI-002063,196569.0,20,112,22,19.6,1,0.6,1,4,0,6,2.0,3,0,8878.45,0.0,0,0.02,0,0,0,0,0,1,0,0,0,1,0,0,0,0,1,0,0,0,0,0,0,0,1,0,0,0,0,1,0,0,1,0,0,0,0,0,1,0,1,0,1,0,0,0,0,0,1
CLI-002094,209024.0,19,85,68,80.0,46,17.1,14,5,2,7,9.2,1,0,4046.15,0.0,0,0.54,0,0,1,0,0,0,0,0,1,0,0,0,0,0,1,0,0,0,0,0,0,0,1,0,0,0,1,0,1,0,0,0,0,0,0,1,0,0,1,0,0,0,0,1,0,0,1
CLI-003296,392876.0,6,252,90,35.7,2,1.1,11,1,1,1,3.0,4,0,17745.09,0.01,0,0.28,0,0,0,0,0,0,1,0,0,1,0,0,0,0,1,0,0,0,0,0,0,0,0,1,0,0,0,1,0,0,0,0,1,0,1,0,0,1,0,0,0,0,0,1,0,1,0
CLI-002346,103343.0,23,40,12,30.0,3,1.2,13,5,1,2,9.5,3,0,2172.9,0.0,0,0.5,0,0,0,0,0,0,1,0,0,1,0,0,0,0,1,0,0,0,0,0,0,1,0,0,0,0,1,0,0,0,0,0,1,0,0,1,0,0,0,1,0,1,0,0,0,0,1
CLI-003159,300.0,10,1,1,100.0,51,37.1,4,3,0,3,21.0,4,0,10.39,0.0,0,0.5,0,0,0,0,1,0,0,1,0,0,0,0,0,0,1,0,0,0,0,0,1,0,0,0,1,0,0,0,0,0,0,1,0,0,1,0,0,0,1,0,0,0,1,0,0,1,0
CLI-004954,23299.0,7,16,10,62.5,38,20.9,13,0,2,5,7.3,2,0,916.56,0.01,0,0.5,0,0,0,0,0,0,1,0,0,1,0,0,0,0,1,0,0,0,0,0,0,1,0,0,0,0,1,0,0,1,0,0,0,1,0,0,0,0,1,0,1,0,0,0,0,1,0
CLI-000614,39224.0,7,107,57,53.3,27,20.5,10,2,0,0,4.6,5,1,2391.73,0.0,0,0.62,0,1,0,0,0,0,0,0,0,0,0,0,0,1,0,0,1,0,0,0,0,0,1,0,0,1,0,0,0,0,1,0,0,0,1,0,0,1,0,0,0,0,0,1,0,1,0
CLI-004189,19046.0,1,42,5,11.9,1,0.3,2,0,8,5,8.9,3,2,1548.44,0.27,0,0.08,0,0,0,0,0,1,0,0,0,0,0,1,0,0,1,0,0,0,0,0,0,1,0,0,0,0,1,0,0,0,0,1,0,1,0,0,0,0,0,1,0,0,0,1,1,0,0
CLI-002422,3114.0,5,39,20,51.3,15,6.5,6,1,2,2,9.5,4,1,949.31,0.01,0,0.38,0,0,0,1,0,0,0,0,0,1,0,0,0,0,1,0,0,0,0,0,0,1,0,0,0,1,0,0,0,0,1,0,0,0,1,0,0,0,0,1,0,1,0,0,0,1,0
CLI-003387,736.0,1,10,0,0.0,0,0.0,0,0,30,0,12.6,5,3,99.69,1.0,1,0.0,0,0,0,0,0,1,0,0,1,0,0,0,0,0,1,0,0,0,0,0,1,0,0,0,1,0,0,0,0,0,1,0,0,0,1,0,0,0,1,0,1,0,0,0,1,0,0
CLI-002708,23196.0,2,113,29,25.7,1,0.2,2,0,1,1,7.8,3,2,2176.01,0.02,0,0.12,0,0,0,0,0,0,1,0,0,1,0,0,0,0,0,0,0,1,0,0,0,0,1,0,0,1,0,0,0,1,0,0,0,0,0,0,1,1,0,0,0,1,0,0,1,0,0
CLI-004390,823.0,16,5,4,80.0,62,19.6,3,5,0,0,20.6,4,0,55.79,0.0,0,0.38,0,1,0,0,0,0,0,0,0,1,0,0,0,0,0,1,0,0,0,0,1,0,0,0,1,0,0,0,1,0,0,0,0,0,1,0,0,1,0,0,0,0,0,1,0,0,1
CLI-003892,40361.0,16,47,26,55.3,11,3.6,3,3,0,2,11.3,3,0,1093.79,0.0,0,0.19,1,0,0,0,0,0,0,0,0,0,0,1,0,0,1,0,0,0,0,0,0,1,0,0,0,1,0,0,0,0,0,1,0,0,0,0,1,1,0,0,0,1,0,0,0,0,1
CLI-003397,42584.0,13,38,23,60.5,8,3.1,7,3,4,0,1.9,5,0,1790.74,0.01,0,0.27,0,0,0,0,0,1,0,0,0,0,0,1,0,0,1,0,0,0,0,0,0,1,0,0,0,0,1,0,1,0,0,0,0,1,0,0,0,0,0,1,0,0,0,1,0,0,1
CLI-001268,300.0,9,1,1,100.0,4,2.9,2,4,5,2,19.8,4,1,9.11,0.02,0,0.25,0,0,1,0,0,0,0,0,0,0,1,0,0,0,0,1,0,0,0,0,1,0,0,0,1,0,0,0,0,0,0,1,0,0,0,1,0,0,1,0,0,0,0,1,0,1,0
CLI-000167,1951.0,5,7,1,14.3,3,0.2,3,1,12,2,29.1,3,1,76.75,0.08,0,0.38,0,0,0,0,0,1,0,0,1,0,0,0,0,0,0,0,0,0,1,0,1,0,0,0,1,0,0,0,0,0,0,1,0,0,0,0,1,1,0,0,0,0,0,1,0,1,0
CLI-003589,34156.0,14,85,63,74.1,49,16.4,7,1,0,2,12.0,3,0,2082.7,0.0,0,0.44,0,0,0,0,1,0,0,0,0,0,0,0,0,1,1,0,0,0,0,0,0,0,1,0,0,1,0,0,1,0,0,0,0,0,1,0,0,1,0,0,0,0,0,1,0,0,1
CLI-001687,2244.0,21,7,2,28.6,1,0.3,0,8,13,0,0.5,5,0,160.95,0.02,0,0.0,0,0,0,0,1,0,0,0,0,1,0,0,0,0,1,0,0,0,0,0,1,0,0,0,0,1,0,0,1,0,0,0,0,0,0,1,0,1,0,0,0,1,0,0,0,0,1
CLI-000729,42109.0,5,112,107,95.5,99,45.3,4,0,1,2,31.3,3,0,1426.47,0.01,0,0.5,0,1,0,0,0,0,0,0,0,0,1,0,0,0,0,0,0,0,1,0,0,0,1,0,1,0,0,0,0,1,0,0,0,1,0,0,0,0,0,1,0,0,0,1,0,1,0
CLI-004476,26191.0,7,89,21,23.6,5,1.4,10,1,3,0,3.1,5,0,3992.53,0.01,0,0.38,1,0,0,0,0,0,0,0,0,0,0,1,0,0,1,0,0,0,0,0,0,0,1,0,0,0,1,0,0,0,0,1,0,0,0,0,1,1,0,0,1,0,0,0,0,1,0
CLI-001890,40941.0,2,33,13,39.4,13,6.3,4,0,1,5,23.4,2,1,942.04,0.02,0,0.25,0,0,0,0,0,1,0,1,0,0,0,0,0,0,1,0,0,0,0,0,0,1,0,0,0,1,0,0,0,1,0,0,0,0,1,0,0,1,0,0,1,0,0,0,1,0,0
CLI-001168,554.0,2,4,2,50.0,27,7.7,6,0,0,8,19.8,1,5,84.45,0.0,0,0.38,0,0,0,0,0,0,1,1,0,0,0,0,0,0,1,0,0,0,0,0,1,0,0,0,0,1,0,0,0,0,1,0,0,0,0,1,0,1,0,0,1,0,0,0,1,0,0
CLI-002123,384647.0,4,540,329,50.0,22,5.4,13,0,0,3,2.0,4,1,36083.22,0.0,0,0.32,0,0,0,0,0,1,0,0,0,1,0,0,0,0,0,1,0,0,0,0,0,0,0,1,0,0,0,1,0,0,0,0,1,0,0,0,1,0,1,0,0,1,0,0,0,1,0
CLI-003670,6866.0,19,8,2,25.0,5,0.6,4,1,13,5,22.0,1,0,232.6,0.02,0,0.25,1,0,0,0,0,0,0,0,0,1,0,0,0,0,1,0,0,0,0,0,0,1,0,0,0,1,0,0,0,0,0,1,0,1,0,0,0,1,0,0,1,0,0,0,0,0,1
CLI-000718,37647.0,7,48,34,70.8,35,17.5,9,0,1,4,10.5,3,0,1350.31,0.0,0,0.56,0,1,0,0,0,0,0,0,0,0,0,0,0,1,1,0,0,0,0,0,0,1,0,0,0,1,0,0,0,0,1,0,0,0,0,1,0,0,0,1,0,1,0,0,0,1,0
CLI-000626,1596.0,9,10,3,30.0,1,0.1,1,4,19,0,12.4,4,1,121.65,0.07,0,0.12,1,0,0,0,0,0,0,0,1,0,0,0,0,0,1,0,0,0,0,0,1,0,0,0,1,0,0,0,0,1,0,0,0,0,0,0,1,0,1,0,0,0,0,1,0,1,0
CLI-004646,457.0,13,3,2,66.7,52,21.6,5,1,0,0,19.4,5,0,37.16,0.0,0,0.62,0,0,0,0,0,1,0,0,0,1,0,0,0,0,1,0,0,0,0,0,1,0,0,0,1,0,0,0,0,0,1,0,0,0,0,0,1,0,0,1,0,0,0,1,0,0,1
CLI-003762,2112.0,21,28,7,25.0,1,0.2,3,4,30,1,8.2,5,0,515.13,0.05,1,0.19,0,0,0,1,0,0,0,0,0,0,0,0,1,0,1,0,0,0,0,0,0,1,0,0,0,1,0,0,0,0,0,0,1,1,0,0,0,0,1,0,0,0,0,1,0,0,1
CLI-004284,1441.0,6,10,2,20.0,1,0.3,2,1,9,8,23.6,2,0,109.84,0.05,0,0.25,0,0,1,0,0,0,0,0,0,0,0,0,1,0,0,1,0,0,0,0,1,0,0,0,1,0,0,0,0,0,1,0,0,0,0,1,0,0,1,0,0,0,0,1,0,1,0
CLI-002073,6297.0,15,85,68,80.0,48,28.2,8,2,1,8,19.6,1,0,1919.79,0.0,0,0.5,0,0,1,0,0,0,0,0,0,0,1,0,0,0,1,0,0,0,0,0,0,0,1,0,0,1,0,0,1,0,0,0,0,0,0,0,1,0,1,0,1,0,0,0,0,0,1
CLI-004044,486842.0,10,440,341,77.5,39,28.0,21,1,0,1,5.2,3,1,29685.5,0.0,0,0.52,0,0,0,0,1,0,0,0,0,1,0,0,0,0,1,0,0,0,0,0,0,0,0,1,0,0,0,1,0,0,0,0,1,0,0,0,1,0,0,1,0,1,0,0,0,1,0
CLI-004604,937.0,5,5,4,80.0,45,33.1,15,2,0,3,5.8,4,0,190.49,0.0,0,0.58,0,0,1,0,0,0,0,1,0,0,0,0,0,0,1,0,0,0,0,0,1,0,0,0,0,0,1,0,1,0,0,0,0,0,0,1,0,0,0,1,0,0,0,1,0,1,0
CLI-001312,1808.0,14,3,1,33.3,11,6.2,5,3,3,0,0.5,3,0,59.59,0.01,0,0.31,0,0,0,0,1,0,0,0,0,1,0,0,0,0,0,0,0,1,0,0,1,0,0,0,0,1,0,0,0,1,0,0,0,0,0,1,0,1,0,0,0,0,0,1,0,0,1
CLI-001621,10087.0,6,24,0,0.0,0,0.0,0,0,59,0,10.5,3,0,279.56,0.33,1,0.0,1,0,0,0,0,0,0,0,1,0,0,0,0,0,0,1,0,0,0,0,0,1,0,0,1,0,0,0,0,0,1,0,0,0,0,1,0,0,0,1,1,0,0,0,0,1,0
CLI-001866,10423.0,15,6,2,33.3,14,1.6,9,4,0,1,6.6,4,0,270.0,0.0,0,0.35,0,0,0,1,0,0,0,1,0,0,0,0,0,0,1,0,0,0,0,0,0,1,0,0,0,0,1,0,0,0,0,1,0,1,0,0,0,0,1,0,0,0,1,0,0,0,1
CLI-000973,139892.0,7,191,134,70.2,41,17.1,13,3,0,2,4.1,3,1,8978.92,0.0,0,0.5,0,0,0,0,0,0,1,1,0,0,0,0,0,0,1,0,0,0,0,0,0,0,1,0,0,0,1,0,0,1,0,0,0,0,0,1,0,0,0,1,0,0,0,1,0,1,0
CLI-000959,60418.0,12,160,17,10.6,4,0.2,4,7,6,2,9.8,4,0,3508.62,0.02,0,0.25,0,1,0,0,0,0,0,0,1,0,0,0,0,0,0,0,0,0,0,1,0,0,1,0,0,1,0,0,0,1,0,0,0,0,1,0,0,1,0,0,0,0,0,1,0,1,0
CLI-001076,14361.0,14,24,8,33.3,3,1.2,3,6,6,0,12.9,4,0,648.64,0.01,0,0.19,0,1,0,0,0,0,0,0,0,0,1,0,0,0,1,0,0,0,0,0,0,1,0,0,0,1,0,0,0,1,0,0,0,0,0,1,0,0,1,0,0,0,0,1,0,0,1
CLI-003155,1415.0,22,4,0,0.0,0,0.0,0,0,89,1,9.5,4,0,100.0,0.13,1,0.0,0,0,1,0,0,0,0,0,0,0,0,0,0,1,1,0,0,0,0,0,1,0,0,0,0,1,0,0,0,1,0,0,0,1,0,0,0,1,0,0,1,0,0,0,0,0,1
CLI-002134,24270.0,1,21,12,57.1,31,1.6,13,0,0,9,12.6,2,5,822.16,0.0,0,0.5,0,1,0,0,0,0,0,0,1,0,0,0,0,0,1,0,0,0,0,0,0,1,0,0,0,0,1,0,1,0,0,0,0,0,0,0,1,1,0,0,0,0,0,1,1,0,0
CLI-001863,5777.0,5,19,15,50.0,46,30.7,4,3,0,3,31.8,4,0,234.82,0.0,0,0.5,0,1,0,0,0,0,0,0,1,0,0,0,0,0,0,0,1,0,0,0,0,1,0,0,1,0,0,0,0,1,0,0,0,0,0,0,1,1,0,0,0,0,1,0,0,1,0
CLI-002407,28832.0,1,55,45,81.8,87,74.2,19,0,2,2,11.2,2,4,2197.58,0.07,0,0.73,0,0,0,0,1,0,0,0,0,1,0,0,0,0,1,0,0,0,0,0,0,1,0,0,0,0,1,0,1,0,0,0,0,1,0,0,0,0,1,0,0,0,0,1,1,0,0
CLI-003439,3723.0,7,27,5,18.5,5,2.0,6,2,6,4,12.3,3,2,567.54,0.03,0,0.38,0,0,0,0,1,0,0,0,0,0,0,0,1,0,1,0,0,0,0,0,0,1,0,0,0,1,0,0,0,0,0,1,0,1,0,0,0,0,1,0,0,0,0,1,0,1,0
CLI-001192,7363.0,12,12,8,66.7,40,30.5,11,1,1,3,15.7,3,0,300.0,0.0,0,0.69,1,0,0,0,0,0,0,0,0,1,0,0,0,0,0,0,0,1,0,0,0,1,0,0,0,1,0,0,0,0,1,0,0,0,1,0,0,0,0,1,0,0,0,1,0,1,0
CLI-001685,75655.0,11,207,90,43.5,18,8.9,10,1,1,4,9.1,4,2,8387.42,0.0,0,0.38,1,0,0,0,0,0,0,0,0,1,0,0,0,0,1,0,0,0,0,0,0,0,1,0,0,0,1,0,0,1,0,0,0,1,0,0,0,1,0,0,0,1,0,0,0,1,0
CLI-000582,24381.0,18,49,35,71.4,50,27.7,13,5,2,1,0.5,5,0,2477.78,0.0,0,0.5,0,0,0,0,0,0,1,0,0,0,1,0,0,0,0,0,1,0,0,0,0,1,0,0,0,0,1,0,0,0,1,0,0,1,0,0,0,0,0,1,0,0,1,0,0,0,1
CLI-003172,11540.0,1,26,20,76.9,81,54.2,8,0,1,0,9.1,4,2,586.38,0.03,0,0.5,0,1,0,0,0,0,0,0,0,1,0,0,0,0,0,1,0,0,0,0,0,1,0,0,0,1,0,0,0,1,0,0,0,0,0,0,1,0,0,1,0,0,0,1,1,0,0
CLI-004908,352.0,13,2,1,50.0,7,1.3,3,3,3,0,16.3,5,1,23.88,0.01,0,0.38,0,0,0,1,0,0,0,0,0,0,0,0,1,0,1,0,0,0,0,0,1,0,0,0,1,0,0,0,0,0,1,0,0,1,0,0,0,0,1,0,0,0,1,0,0,0,1
CLI-004808,49333.0,5,24,19,79.2,40,6.6,7,0,2,2,3.6,3,4,1280.05,0.01,0,0.27,0,0,0,1,0,0,0,0,0,0,0,1,0,0,1,0,0,0,0,0,0,1,0,0,0,0,1,0,0,0,0,1,0,0,0,0,1,1,0,0,0,1,0,0,0,1,0
CLI-004657,1374.0,3,8,5,62.5,22,12.4,2,0,0,0,9.9,4,1,98.54,0.0,0,0.25,1,0,0,0,0,0,0,1,0,0,0,0,0,0,0,0,1,0,0,0,1,0,0,0,1,0,0,0,0,0,0,1,0,1,0,0,0,0,0,1,0,0,0,1,1,0,0
CLI-004056,13064.0,16,29,9,31.0,1,0.5,1,2,30,3,21.7,3,0,331.92,0.06,1,0.12,0,0,0,0,0,0,1,0,1,0,0,0,0,0,0,0,0,0,0,1,0,1,0,0,1,0,0,0,0,0,0,1,0,0,0,1,0,0,1,0,0,1,0,0,0,0,1
CLI-000978,304.0,6,1,1,100.0,24,12.8,1,2,2,2,21.0,4,1,10.91,0.01,0,0.12,1,0,0,0,0,0,0,0,0,0,0,1,0,0,1,0,0,0,0,0,1,0,0,0,1,0,0,0,0,0,1,0,0,0,0,0,1,0,0,1,0,0,0,1,0,1,0
CLI-000054,501583.0,15,364,143,39.3,26,5.7,15,3,3,5,3.5,3,0,29127.94,0.01,0,0.38,0,0,0,0,0,1,0,0,0,0,0,0,0,1,1,0,0,0,0,0,0,0,0,1,0,0,0,1,0,1,0,0,0,0,1,0,0,1,0,0,0,0,0,1,0,0,1
CLI-000168,4551.0,13,9,2,22.2,1,0.4,11,2,4,3,9.4,4,0,426.89,0.01,0,0.42,1,0,0,0,0,0,0,0,0,0,0,0,1,0,1,0,0,0,0,0,0,1,0,0,0,0,1,0,0,0,1,0,0,0,1,0,0,0,0,1,0,0,0,1,0,0,1
CLI-003907,225961.0,14,49,22,44.9,14,3.5,16,2,2,4,3.7,3,0,4592.71,0.0,0,0.4,0,0,1,0,0,0,0,1,0,0,0,0,0,0,0,0,1,0,0,0,0,1,0,0,0,0,0,1,1,0,0,0,0,0,1,0,0,0,1,0,0,0,0,1,0,0,1
CLI-004676,80163.0,14,161,39,24.2,8,2.6,3,0,2,4,7.8,2,1,6517.29,0.0,0,0.12,0,0,0,0,0,0,1,1,0,0,0,0,0,0,1,0,0,0,0,0,0,0,1,0,0,0,1,0,0,0,1,0,0,1,0,0,0,1,0,0,1,0,0,0,0,0,1
CLI-001753,1347078.0,10,695,285,41.0,19,9.2,16,1,1,2,2.8,3,0,60843.62,0.0,0,0.4,0,0,1,0,0,0,0,1,0,0,0,0,0,0,1,0,0,0,0,0,0,0,0,1,0,0,0,1,0,0,0,1,0,1,0,0,0,0,0,1,0,1,0,0,0,1,0
CLI-004307,885.0,23,2,0,50.0,0,0.0,0,0,41,5,19.5,2,0,46.93,0.06,1,0.0,0,1,0,0,0,0,0,0,0,0,0,0,0,1,1,0,0,0,0,0,1,0,0,0,0,1,0,0,1,0,0,0,0,0,0,1,0,1,0,0,1,0,0,0,0,0,1
CLI-001970,236980.0,26,241,123,51.0,15,8.5,13,6,3,1,1.5,5,0,10703.71,0.0,0,0.5,1,0,0,0,0,0,0,0,0,0,1,0,0,0,1,0,0,0,0,0,0,0,0,1,0,0,1,0,0,0,1,0,0,0,0,0,1,1,0,0,0,0,1,0,0,0,1
CLI-003726,9521.0,3,46,8,17.4,2,5.65,3,0,8,0,3.1,4,1,1290.17,0.09,0,0.12,0,0,0,0,1,0,0,0,0,1,0,0,0,0,0,0,0,0,1,0,0,1,0,0,0,0,1,0,0,0,0,1,0,0,0,1,0,0,0,1,0,0,0,1,1,0,0
CLI-001588,696.0,6,5,2,40.0,22,1.1,2,1,0,0,22.6,3,2,65.26,0.0,0,0.25,0,0,0,0,1,0,0,0,0,0,0,1,0,0,0,0,0,0,1,0,1,0,0,0,1,0,0,0,0,0,1,0,0,0,1,0,0,0,0,1,0,0,0,1,0,1,0
CLI-001039,1155148.0,19,749,529,70.6,35,1.8,6,7,0,4,11.5,2,0,33705.0,0.0,0,0.23,0,0,0,0,0,0,1,0,0,0,0,1,0,0,0,0,1,0,0,0,0,0,0,1,0,0,1,0,0,0,1,0,0,0,0,0,1,0,1,0,1,0,0,0,0,0,1
CLI-002579,2763.0,18,10,5,50.0,16,7.4,7,2,1,1,14.4,4,0,240.65,0.0,0,0.44,0,0,0,0,0,1,0,1,0,0,0,0,0,0,0,0,0,0,0,1,1,0,0,0,0,1,0,0,0,0,1,0,0,0,0,0,1,0,1,0,0,0,0,1,0,0,1
CLI-000879,90987.0,19,40,13,32.5,17,5.1,21,6,1,2,4.5,4,0,3082.21,0.0,0,0.52,0,0,0,0,1,0,0,0,0,1,0,0,0,0,0,0,0,0,1,0,0,0,1,0,0,0,0,1,0,0,0,1,0,1,0,0,0,0,1,0,0,0,0,1,0,0,1
CLI-003314,1872.0,4,11,7,63.6,35,18.9,11,0,1,5,21.9,4,1,285.34,0.01,0,0.69,0,1,0,0,0,0,0,0,0,1,0,0,0,0,0,0,1,0,0,0,1,0,0,0,0,1,0,0,0,0,0,0,1,0,0,0,1,1,0,0,0,0,0,1,0,1,0
CLI-002567,780.0,8,5,3,60.0,56,5.65,2,2,0,1,22.9,3,1,63.41,0.0,0,0.25,0,1,0,0,0,0,0,1,0,0,0,0,0,0,1,0,0,0,0,0,1,0,0,0,1,0,0,0,0,0,1,0,0,1,0,0,0,0,0,1,0,1,0,0,0,1,0
CLI-001189,8548.0,8,34,19,55.9,25,3.6,4,4,2,3,7.4,3,0,801.84,0.01,0,0.25,1,0,0,0,0,0,0,0,0,0,0,0,1,0,0,0,0,0,1,0,0,1,0,0,0,1,0,0,0,1,0,0,0,1,0,0,0,0,1,0,0,0,0,1,0,1,0
CLI-000046,637.0,13,6,1,16.7,1,0.1,3,2,2,2,25.5,3,0,72.0,0.01,0,0.38,0,0,0,0,0,1,0,0,0,0,0,1,0,0,0,0,0,0,1,0,1,0,0,0,1,0,0,0,0,0,0,1,0,0,0,1,0,0,1,0,0,0,0,1,0,0,1
CLI-000579,671.0,2,5,3,60.0,35,7.7,4,0,1,4,23.5,3,0,58.42,0.02,0,0.5,0,0,0,0,0,0,1,0,0,0,1,0,0,0,1,0,0,0,0,0,1,0,0,0,1,0,0,0,0,0,1,0,0,0,0,1,0,1,0,0,0,0,0,1,1,0,0
CLI-002825,375.0,6,3,1,33.3,18,14.1,3,1,1,3,28.0,4,1,35.19,0.01,0,0.38,1,0,0,0,0,0,0,0,1,0,0,0,0,0,0,1,0,0,0,0,1,0,0,0,1,0,0,0,1,0,0,0,0,0,1,0,0,0,1,0,0,1,0,0,0,1,0
CLI-001077,554404.0,18,714,226,31.7,3,1.9,7,2,1,5,4.3,3,0,52007.86,0.0,0,0.18,1,0,0,0,0,0,0,0,0,1,0,0,0,0,0,0,0,0,0,1,0,0,0,1,0,0,0,1,0,0,1,0,0,0,0,0,1,0,1,0,1,0,0,0,0,0,1
CLI-002736,582.0,14,2,1,50.0,11,6.4,6,1,3,0,6.7,5,0,59.1,0.01,0,0.38,0,0,0,1,0,0,0,0,0,0,0,1,0,0,1,0,0,0,0,0,1,0,0,0,0,1,0,0,1,0,0,0,0,1,0,0,0,0,0,1,0,0,0,1,0,0,1
CLI-003795,11303.0,6,58,0,0.0,0,0.0,0,0,53,0,12.2,4,1,696.0,0.29,1,0.0,0,0,0,0,0,0,1,1,0,0,0,0,0,0,0,0,1,0,0,0,0,1,0,0,1,0,0,0,1,0,0,0,0,0,0,0,1,1,0,0,1,0,0,0,0,1,0
CLI-004941,7057.0,18,11,8,72.7,43,13.7,14,2,0,4,7.6,3,0,478.15,0.0,0,0.54,0,0,0,0,0,0,1,1,0,0,0,0,0,0,0,0,0,0,0,1,1,0,0,0,0,0,1,0,1,0,0,0,0,0,0,1,0,1,0,0,0,0,0,1,0,0,1
CLI-001892,129613.0,7,88,61,69.3,21,11.5,11,1,1,2,10.5,4,1,8781.35,0.0,0,0.28,0,0,0,0,0,1,0,0,1,0,0,0,0,0,1,0,0,0,0,0,0,0,1,0,0,0,0,1,0,1,0,0,0,0,0,1,0,0,0,1,0,0,0,1,0,1,0
CLI-004928,26216.0,1,37,1,2.7,1,0.2,1,0,12,4,0.7,2,2,2459.3,0.4,0,0.02,1,0,0,0,0,0,0,0,0,0,0,1,0,0,1,0,0,0,0,0,0,1,0,0,0,0,0,1,1,0,0,0,0,0,1,0,0,0,0,1,1,0,0,0,1,0,0
CLI-001893,1761.0,1,9,4,44.4,14,3.6,3,0,3,4,36.8,3,1,113.03,0.1,0,0.38,1,0,0,0,0,0,0,0,0,0,1,0,0,0,1,0,0,0,0,0,1,0,0,0,1,0,0,0,0,1,0,0,0,1,0,0,0,1,0,0,0,1,0,0,1,0,0
CLI-000529,3867.0,15,5,1,20.0,1,0.5,1,2,30,4,10.5,5,0,188.62,0.07,1,0.04,0,0,0,0,0,1,0,0,0,0,0,0,1,0,1,0,0,0,0,0,1,0,0,0,0,0,1,0,0,0,0,1,0,0,1,0,0,1,0,0,1,0,0,0,0,0,1
CLI-000191,54100.0,2,92,36,39.1,4,2.2,4,2,9,1,6.4,5,2,4712.51,0.15,0,0.15,0,1,0,0,0,0,0,0,1,0,0,0,0,0,1,0,0,0,0,0,0,0,1,0,0,0,1,0,1,0,0,0,0,0,1,0,0,0,1,0,0,1,0,0,1,0,0
CLI-002898,27939.0,21,29,21,72.4,74,41.9,8,5,1,1,3.1,4,0,1216.86,0.0,0,0.31,0,0,0,0,0,0,1,0,1,0,0,0,0,0,0,0,1,0,0,0,0,1,0,0,0,0,1,0,0,1,0,0,0,0,0,0,1,1,0,0,0,0,1,0,0,0,1
CLI-003878,57449.0,9,34,15,44.1,4,1.0,15,0,7,4,1.6,3,0,2694.6,0.03,0,0.38,0,0,0,0,0,0,1,0,0,0,0,1,0,0,1,0,0,0,0,0,0,1,0,0,0,0,0,1,0,0,0,1,0,0,1,0,0,0,1,0,0,1,0,0,0,1,0
CLI-003227,35877.0,1,52,23,44.2,15,4.0,6,0,2,0,10.1,4,1,1215.33,0.07,0,0.38,0,0,0,1,0,0,0,0,0,0,0,1,0,0,1,0,0,0,0,0,0,1,0,0,0,1,0,0,0,1,0,0,0,0,1,0,0,1,0,0,0,0,0,1,1,0,0
CLI-000573,207548.0,10,214,154,72.0,36,29.8,14,5,1,5,8.7,3,0,9734.89,0.0,0,0.54,0,1,0,0,0,0,0,0,0,0,0,1,0,0,0,1,0,0,0,0,0,0,1,0,0,0,1,0,1,0,0,0,0,0,0,0,1,0,1,0,0,1,0,0,0,1,0
CLI-000743,146662.0,4,37,25,67.6,43,17.5,14,1,0,5,9.0,2,1,1987.29,0.0,0,0.54,1,0,0,0,0,0,0,0,0,1,0,0,0,0,1,0,0,0,0,0,0,1,0,0,0,0,1,0,1,0,0,0,0,1,0,0,0,0,0,1,0,0,0,1,0,1,0
CLI-003508,18198.0,7,50,0,0.0,0,0.0,0,2,44,0,4.0,5,1,1707.13,0.21,1,0.0,0,0,0,1,0,0,0,1,0,0,0,0,0,0,0,0,0,0,0,1,0,1,0,0,0,0,1,0,0,0,0,1,0,1,0,0,0,1,0,0,1,0,0,0,0,1,0
CLI-004971,177255.0,3,407,86,21.1,1,0.1,1,0,30,3,6.6,4,1,18013.75,0.33,1,0.04,0,0,0,0,0,1,0,0,0,1,0,0,0,0,1,0,0,0,0,0,0,0,0,1,0,0,1,0,1,0,0,0,0,1,0,0,0,0,0,1,0,0,0,1,1,0,0
CLI-000742,14445.0,2,38,12,31.6,6,3.8,5,0,1,4,11.4,4,0,927.18,0.02,0,0.31,0,0,0,1,0,0,0,0,0,0,1,0,0,0,0,1,0,0,0,0,0,1,0,0,0,1,0,0,0,0,0,0,1,0,0,1,0,1,0,0,0,1,0,0,1,0,0
CLI-002089,1570.0,6,13,8,61.5,26,5.2,4,1,1,0,8.9,5,1,325.0,0.01,0,0.25,0,0,0,0,0,0,1,0,0,0,0,1,0,0,1,0,0,0,0,0,0,1,0,0,0,1,0,0,0,0,1,0,0,1,0,0,0,1,0,0,0,1,0,0,0,1,0
CLI-002230,204568.0,9,161,110,68.3,20,14.5,24,4,1,0,1.2,5,0,13859.61,0.0,0,0.6,0,0,0,0,0,1,0,0,0,0,0,1,0,0,1,0,0,0,0,0,0,0,0,1,0,0,0,1,0,1,0,0,0,0,0,1,0,0,0,1,0,0,1,0,0,1,0
CLI-004258,472.0,26,1,1,100.0,55,28.6,6,6,0,4,13.5,3,0,26.19,0.0,0,0.38,1,0,0,0,0,0,0,0,0,0,0,0,1,0,1,0,0,0,0,0,1,0,0,0,0,1,0,0,0,0,1,0,0,0,0,0,1,0,1,0,0,0,0,1,0,0,1
CLI-002966,40396.0,15,51,22,50.0,21,10.4,9,2,0,6,15.8,3,0,1407.52,0.0,0,0.56,1,0,0,0,0,0,0,0,0,0,1,0,0,0,1,0,0,0,0,0,0,1,0,0,0,1,0,0,1,0,0,0,0,0,1,0,0,0,1,0,0,1,0,0,0,0,1
CLI-002644,51371.0,21,179,148,50.0,66,38.2,13,5,0,0,3.4,5,0,7830.91,0.0,0,0.5,0,0,1,0,0,0,0,0,1,0,0,0,0,0,1,0,0,0,0,0,0,0,1,0,0,0,1,0,1,0,0,0,0,0,0,1,0,1,0,0,0,0,1,0,0,0,1
CLI-003009,8612.0,7,36,18,50.0,32,12.4,5,2,2,3,30.4,4,0,500.12,0.01,0,0.62,0,0,0,1,0,0,0,0,0,0,1,0,0,0,0,0,0,0,0,1,0,1,0,0,1,0,0,0,0,0,0,1,0,0,0,1,0,0,1,0,0,0,0,1,0,1,0
CLI-001191,19048.0,1,23,18,78.3,72,58.6,11,0,1,0,7.2,4,1,929.18,0.03,0,0.42,0,0,0,1,0,0,0,0,0,0,1,0,0,0,0,0,1,0,0,0,0,1,0,0,0,0,1,0,0,0,1,0,0,0,1,0,0,1,0,0,0,1,0,0,1,0,0
CLI-001129,660807.0,23,338,27,50.0,1,0.1,6,6,0,0,1.0,5,0,17518.74,0.0,0,0.23,0,0,1,0,0,0,0,1,0,0,0,0,0,0,0,0,1,0,0,0,0,0,0,1,0,0,1,0,0,1,0,0,0,0,0,0,1,1,0,0,1,0,0,0,0,0,1
CLI-003626,487.0,12,4,2,50.0,28,12.5,4,1,0,0,16.6,5,1,54.0,0.0,0,0.5,0,0,0,0,0,1,0,0,1,0,0,0,0,0,1,0,0,0,0,0,1,0,0,0,1,0,0,0,1,0,0,0,0,0,1,0,0,0,1,0,0,0,0,1,0,1,0
CLI-001577,34027.0,16,41,13,50.0,11,7.9,13,2,6,0,2.5,5,0,3457.99,0.01,0,0.32,0,0,0,0,1,0,0,0,0,1,0,0,0,0,0,1,0,0,0,0,0,1,0,0,0,0,0,1,0,0,0,1,0,0,1,0,0,0,1,0,0,1,0,0,0,0,1
CLI-002590,91837.0,16,181,80,44.2,5,4.2,12,4,7,3,7.5,3,0,8145.0,0.01,0,0.46,1,0,0,0,0,0,0,0,0,1,0,0,0,0,1,0,0,0,0,0,0,0,1,0,0,0,1,0,0,0,0,0,1,0,0,1,0,0,1,0,0,0,0,1,0,0,1
CLI-003384,1974.0,1,11,3,27.3,9,2.1,3,0,2,2,10.8,5,3,240.73,0.07,0,0.19,0,0,0,0,1,0,0,0,1,0,0,0,0,0,0,0,0,1,0,0,1,0,0,0,0,1,0,0,0,0,0,1,0,0,0,0,1,0,1,0,0,0,0,1,1,0,0
CLI-000814,1626.0,8,7,5,71.4,44,28.2,9,1,1,0,5.6,5,0,180.29,0.0,0,0.56,0,0,0,0,1,0,0,0,0,0,0,0,0,1,1,0,0,0,0,0,0,1,0,0,0,1,0,0,0,0,1,0,0,1,0,0,0,0,0,1,0,0,0,1,0,1,0
CLI-002611,89713.0,1,192,138,50.0,27,10.9,6,0,2,2,10.3,3,2,9117.22,0.07,0,0.23,0,0,0,0,1,0,0,1,0,0,0,0,0,0,0,1,0,0,0,0,0,0,1,0,0,0,1,0,0,0,0,0,1,1,0,0,0,0,0,1,0,0,0,1,1,0,0
CLI-001792,57309.0,9,80,65,81.2,55,46.4,12,0,1,0,4.7,5,2,4111.14,0.0,0,0.46,0,0,1,0,0,0,0,0,1,0,0,0,0,0,1,0,0,0,0,0,0,0,1,0,0,0,1,0,0,1,0,0,0,0,0,1,0,0,0,1,0,0,0,1,0,1,0
CLI-002439,2040.0,10,7,4,57.1,21,11.3,5,3,0,2,26.6,2,0,85.77,0.0,0,0.62,0,0,0,0,0,1,0,1,0,0,0,0,0,0,1,0,0,0,0,0,1,0,0,0,1,0,0,0,0,0,1,0,0,1,0,0,0,0,1,0,1,0,0,0,0,1,0
CLI-003786,2488.0,13,8,5,62.5,4,1.9,11,3,1,1,9.1,3,1,337.09,0.0,0,0.42,1,0,0,0,0,0,0,0,1,0,0,0,0,0,0,0,0,0,1,0,1,0,0,0,0,0,1,0,1,0,0,0,0,0,0,0,1,0,1,0,0,0,0,1,0,0,1
CLI-001414,300.0,1,1,1,100.0,14,2.4,5,0,2,0,2.9,5,2,35.87,0.07,0,0.19,0,0,0,0,1,0,0,0,1,0,0,0,0,0,0,1,0,0,0,0,1,0,0,0,0,0,1,0,1,0,0,0,0,1,0,0,0,0,1,0,0,1,0,0,1,0,0
CLI-003666,2593.0,5,10,8,80.0,45,23.1,13,1,1,5,8.7,3,1,451.68,0.01,0,0.5,0,0,0,1,0,0,0,0,0,0,1,0,0,0,0,0,0,1,0,0,1,0,0,0,0,0,1,0,0,0,0,0,1,0,1,0,0,0,1,0,0,0,0,1,0,1,0
CLI-001337,102150.0,26,58,0,0.0,0,0.0,0,0,48,2,10.5,3,0,2350.43,0.06,1,0.0,0,0,0,0,0,1,0,0,0,1,0,0,0,0,1,0,0,0,0,0,0,0,1,0,0,0,1,0,0,0,0,1,0,0,1,0,0,0,1,0,1,0,0,0,0,0,1
CLI-000683,111743.0,12,209,44,21.1,1,0.1,1,1,12,4,6.1,3,0,9733.74,0.03,0,0.04,0,0,1,0,0,0,0,0,1,0,0,0,0,0,1,0,0,0,0,0,0,0,1,0,0,0,1,0,0,0,0,1,0,0,0,0,1,0,1,0,1,0,0,0,0,1,0
CLI-004177,2816.0,1,11,8,72.7,17,5.65,9,0,2,11,19.4,2,1,245.31,0.07,0,0.56,0,1,0,0,0,0,0,0,0,1,0,0,0,0,0,0,0,1,0,0,0,1,0,0,0,1,0,0,0,0,1,0,0,1,0,0,0,0,1,0,0,0,0,1,1,0,0
CLI-004334,1230.0,7,6,3,50.0,17,5.65,4,1,1,4,20.4,2,0,149.99,0.0,0,0.25,0,0,0,1,0,0,0,0,0,0,1,0,0,0,0,1,0,0,0,0,1,0,0,0,0,1,0,0,1,0,0,0,0,0,0,0,1,0,0,1,1,0,0,0,0,1,0
CLI-003426,907.0,16,2,1,50.0,1,0.1,4,3,5,2,10.9,5,0,52.69,0.01,0,0.25,0,0,0,0,1,0,0,0,1,0,0,0,0,0,0,0,0,1,0,0,1,0,0,0,0,1,0,0,1,0,0,0,0,0,0,1,0,0,1,0,0,0,1,0,0,0,1
CLI-001600,1284.0,5,5,3,60.0,18,7.6,1,1,1,4,15.6,1,3,120.45,0.01,0,0.06,0,0,0,1,0,0,0,0,0,0,0,0,0,1,1,0,0,0,0,0,1,0,0,0,0,1,0,0,0,0,0,1,0,0,0,0,1,0,0,1,0,0,0,1,0,1,0
CLI-004542,228510.0,9,317,133,42.0,10,1.3,10,1,4,1,2.7,4,2,27867.02,0.01,0,0.25,0,1,0,0,0,0,0,0,0,1,0,0,0,0,1,0,0,0,0,0,0,0,0,1,0,0,0,1,0,1,0,0,0,0,0,1,0,1,0,0,0,0,0,1,0,1,0
CLI-002466,4209.0,13,19,9,47.4,36,11.4,3,1,0,0,10.5,5,0,570.26,0.0,0,0.19,0,0,0,0,0,1,0,0,0,1,0,0,0,0,0,0,0,1,0,0,0,1,0,0,0,1,0,0,1,0,0,0,0,0,0,0,1,1,0,0,0,1,0,0,0,0,1
CLI-000607,25642.0,1,36,25,69.4,26,8.4,7,2,0,3,15.2,3,1,900.0,0.0,0,0.44,1,0,0,0,0,0,0,0,0,0,1,0,0,0,0,0,0,0,1,0,0,1,0,0,0,1,0,0,1,0,0,0,0,1,0,0,0,1,0,0,0,0,0,1,1,0,0
CLI-000072,12064.0,1,16,9,56.2,42,31.5,13,0,1,0,8.3,4,3,774.31,0.03,0,0.5,0,0,0,0,0,0,1,0,1,0,0,0,0,0,1,0,0,0,0,0,0,1,0,0,0,0,1,0,0,0,0,0,1,0,0,1,0,0,0,1,0,1,0,0,1,0,0
CLI-002852,1178.0,11,8,0,0.0,0,0.0,0,0,42,9,26.0,2,0,102.58,0.13,1,0.0,0,0,1,0,0,0,0,0,0,1,0,0,0,0,1,0,0,0,0,0,1,0,0,0,1,0,0,0,0,0,0,1,0,0,0,0,1,0,1,0,1,0,0,0,0,1,0
CLI-001170,13628.0,7,54,10,18.5,1,0.1,0,5,11,1,18.5,4,0,615.55,0.05,0,0.0,0,0,0,0,0,1,0,0,0,0,0,0,1,0,1,0,0,0,0,0,0,1,0,0,1,0,0,0,0,1,0,0,0,0,1,0,0,0,1,0,0,0,0,1,0,1,0
CLI-000793,6417.0,14,28,14,50.0,11,3.3,1,2,6,5,17.9,3,0,355.71,0.01,0,0.12,0,0,0,0,1,0,0,0,1,0,0,0,0,0,1,0,0,0,0,0,0,1,0,0,1,0,0,0,0,0,0,0,1,0,1,0,0,0,1,0,0,0,0,1,0,0,1
CLI-000244,98113.0,7,135,63,46.7,5,1.4,8,2,9,0,3.5,5,2,9970.85,0.04,0,0.2,0,0,0,0,0,1,0,1,0,0,0,0,0,0,0,0,0,0,0,1,0,0,1,0,0,0,0,1,1,0,0,0,0,0,0,0,1,0,1,0,0,1,0,0,0,1,0
CLI-001569,239471.0,19,131,123,93.9,87,81.0,20,3,2,0,3.3,4,0,7122.88,0.0,0,0.77,1,0,0,0,0,0,0,0,1,0,0,0,0,0,1,0,0,0,0,0,0,0,1,0,0,0,1,0,0,0,0,0,1,0,0,1,0,0,1,0,0,0,1,0,0,0,1
CLI-003765,866273.0,25,547,517,94.5,88,59.0,12,5,1,2,5.2,4,0,29345.3,0.0,0,0.46,0,0,0,0,1,0,0,0,0,1,0,0,0,0,0,0,0,0,1,0,0,0,0,1,0,0,1,0,0,0,1,0,0,0,0,0,1,0,0,1,0,0,1,0,0,0,1
CLI-000084,56811.0,15,21,18,85.7,55,35.9,19,3,1,3,0.5,3,0,1732.03,0.0,0,0.48,0,0,0,0,1,0,0,1,0,0,0,0,0,0,0,0,0,0,0,1,0,1,0,0,0,0,0,1,0,0,0,0,1,0,1,0,0,0,0,1,0,1,0,0,0,0,1
CLI-002039,143233.0,14,100,45,45.0,16,5.9,14,3,3,10,4.5,2,0,7594.52,0.01,0,0.35,0,1,0,0,0,0,0,1,0,0,0,0,0,0,0,1,0,0,0,0,0,0,1,0,0,0,0,1,0,0,0,0,1,0,0,0,1,0,0,1,0,0,0,1,0,0,1
CLI-000223,534.0,7,4,1,25.0,1,0.3,2,3,13,3,21.2,3,2,46.55,0.06,0,0.25,0,0,0,0,1,0,0,0,0,0,0,0,1,0,1,0,0,0,0,0,1,0,0,0,1,0,0,0,0,0,0,0,1,0,0,0,1,1,0,0,0,1,0,0,0,1,0
CLI-000651,48814.0,21,32,23,71.9,38,18.3,13,7,1,3,5.1,3,0,1653.59,0.0,0,0.5,0,0,1,0,0,0,0,0,0,1,0,0,0,0,1,0,0,0,0,0,0,1,0,0,0,0,1,0,0,0,0,1,0,0,1,0,0,0,0,1,0,0,0,1,0,0,1
CLI-004705,125497.0,1,144,0,0.0,0,0.0,0,0,30,0,5.0,5,1,4936.95,1.0,1,0.0,0,0,0,0,1,0,0,0,0,1,0,0,0,0,0,0,1,0,0,0,0,0,0,1,0,0,1,0,0,0,0,0,1,1,0,0,0,1,0,0,1,0,0,0,1,0,0
CLI-001746,202388.0,5,689,379,55.0,1,0.1,8,2,13,9,10.4,1,0,24681.42,0.09,0,0.31,0,1,0,0,0,0,0,1,0,0,0,0,0,0,1,0,0,0,0,0,0,0,0,1,0,0,1,0,0,1,0,0,0,0,1,0,0,0,1,0,0,0,0,1,0,1,0
CLI-000570,195272.0,7,212,123,58.0,20,6.6,12,3,1,7,8.6,1,0,11339.84,0.0,0,0.46,0,0,1,0,0,0,0,0,0,0,0,0,1,0,1,0,0,0,0,0,0,0,1,0,0,0,1,0,0,0,1,0,0,1,0,0,0,1,0,0,1,0,0,0,0,1,0
CLI-000841,4594.0,20,7,4,57.1,19,6.8,4,4,2,1,21.2,5,0,93.37,0.0,0,0.5,0,0,0,0,0,0,1,0,0,0,0,0,0,1,1,0,0,0,0,0,0,1,0,0,1,0,0,0,0,0,0,1,0,1,0,0,0,0,1,0,0,0,1,0,0,0,1
CLI-001671,300.0,1,4,3,75.0,73,11.9,6,0,1,7,31.8,2,4,50.01,0.03,0,0.75,0,1,0,0,0,0,0,0,0,1,0,0,0,0,1,0,0,0,0,0,1,0,0,0,1,0,0,0,0,1,0,0,0,0,0,1,0,0,0,1,0,0,0,1,1,0,0
CLI-004916,9357.0,9,30,0,0.0,0,0.0,0,0,45,5,10.0,4,0,1426.31,0.17,1,0.0,0,0,0,1,0,0,0,0,0,0,0,0,0,1,1,0,0,0,0,0,0,0,1,0,0,0,1,0,0,0,1,0,0,0,0,1,0,1,0,0,0,0,0,1,0,1,0
CLI-001145,66863.0,14,149,36,24.2,2,0.1,3,4,5,12,18.9,2,0,3136.15,0.01,0,0.19,0,1,0,0,0,0,0,0,0,0,0,1,0,0,1,0,0,0,0,0,0,0,1,0,0,1,0,0,1,0,0,0,0,0,1,0,0,1,0,0,1,0,0,0,0,0,1
CLI-003407,899.0,6,11,5,45.5,23,9.9,8,0,2,4,14.7,3,0,219.22,0.01,0,0.5,0,0,0,1,0,0,0,0,0,0,0,0,0,1,1,0,0,0,0,0,1,0,0,0,0,1,0,0,0,0,0,1,0,0,0,1,0,1,0,0,0,0,0,1,0,1,0
CLI-004234,8494.0,18,24,6,25.0,1,0.3,1,8,30,0,22.4,4,0,295.95,0.06,1,0.12,0,0,0,1,0,0,0,0,0,0,0,0,1,0,1,0,0,0,0,0,0,1,0,0,1,0,0,0,0,0,0,0,1,0,0,1,0,1,0,0,0,0,0,1,0,0,1
CLI-002840,25275.0,18,51,0,0.0,0,0.0,0,0,84,5,16.2,3,0,1340.16,0.16,1,0.0,0,0,0,0,0,0,1,1,0,0,0,0,0,0,1,0,0,0,0,0,0,1,0,0,0,1,0,0,0,0,0,0,1,1,0,0,0,0,1,0,0,0,0,1,0,0,1
CLI-000052,2872.0,3,8,7,87.5,106,95.1,16,0,1,0,6.6,4,0,291.88,0.01,0,0.62,0,0,0,1,0,0,0,0,0,0,0,0,1,0,1,0,0,0,0,0,0,1,0,0,0,0,1,0,0,1,0,0,0,0,0,0,1,0,1,0,0,0,0,1,1,0,0
CLI-002282,14135.0,9,10,9,90.0,80,51.4,15,0,0,0,3.0,5,2,522.37,0.0,0,0.58,0,0,0,0,0,1,0,0,0,0,1,0,0,0,0,0,1,0,0,0,0,1,0,0,0,0,1,0,1,0,0,0,0,0,0,0,1,1,0,0,0,1,0,0,0,1,0
CLI-004121,1455.0,12,4,2,50.0,27,11.4,3,6,1,0,16.9,4,0,52.19,0.0,0,0.38,0,1,0,0,0,0,0,0,0,0,0,0,0,1,1,0,0,0,0,0,1,0,0,0,1,0,0,0,0,0,1,0,0,0,1,0,0,1,0,0,0,0,0,1,0,1,0
CLI-004513,28656.0,23,36,0,0.0,0,0.0,0,0,46,2,3.9,3,0,1397.83,0.07,1,0.0,0,0,1,0,0,0,0,0,0,0,0,0,1,0,1,0,0,0,0,0,0,1,0,0,0,0,1,0,0,0,1,0,0,0,0,1,0,0,0,1,1,0,0,0,0,0,1
CLI-002752,6748.0,18,11,0,0.0,0,0.0,0,0,36,3,10.5,3,0,293.89,0.07,1,0.0,0,0,0,1,0,0,0,0,0,0,0,0,1,0,0,0,0,0,1,0,1,0,0,0,0,1,0,0,0,0,1,0,0,0,0,1,0,0,1,0,1,0,0,0,0,0,1
CLI-000222,14892.0,7,118,72,61.0,33,23.6,6,0,1,5,20.0,3,0,2270.15,0.0,0,0.38,1,0,0,0,0,0,0,0,0,1,0,0,0,0,0,0,0,1,0,0,0,0,1,0,0,1,0,0,0,0,1,0,0,0,0,0,1,0,1,0,0,0,0,1,0,1,0
CLI-004640,61966.0,20,46,27,58.7,46,14.9,17,5,0,0,10.5,4,0,2361.5,0.0,0,0.65,0,0,0,0,1,0,0,0,0,0,0,0,0,1,0,1,0,0,0,0,0,0,1,0,0,0,1,0,0,0,0,1,0,1,0,0,0,1,0,0,0,0,0,1,0,0,1
CLI-003180,19909.0,5,36,12,33.3,4,0.8,5,1,5,5,15.2,3,0,867.1,0.03,0,0.31,0,0,1,0,0,0,0,0,0,0,1,0,0,0,0,0,0,1,0,0,0,1,0,0,0,1,0,0,0,0,1,0,0,0,0,0,1,0,0,1,0,0,0,1,0,1,0
CLI-003246,180844.0,18,53,25,47.2,20,11.3,6,4,3,2,5.2,4,0,2346.19,0.01,0,0.23,0,1,0,0,0,0,0,0,0,0,0,1,0,0,1,0,0,0,0,0,0,1,0,0,0,0,1,0,0,0,0,1,0,1,0,0,0,0,1,0,0,0,1,0,0,0,1
CLI-002939,151896.0,4,95,56,58.9,38,10.5,20,0,0,8,3.3,2,1,7409.56,0.0,0,0.5,0,0,0,0,1,0,0,0,0,1,0,0,0,0,0,1,0,0,0,0,0,0,1,0,0,0,0,1,0,1,0,0,0,0,1,0,0,1,0,0,0,0,0,1,0,1,0
CLI-004366,300.0,13,7,3,42.9,14,3.4,1,2,1,5,25.4,3,0,60.7,0.0,0,0.12,0,0,0,0,0,0,1,0,0,0,0,0,1,0,1,0,0,0,0,0,1,0,0,0,1,0,0,0,1,0,0,0,0,0,1,0,0,1,0,0,0,1,0,0,0,0,1
CLI-004130,19108.0,9,54,11,20.4,1,0.3,1,1,2,1,16.9,5,0,613.21,0.01,0,0.12,0,0,0,0,0,0,1,0,0,0,0,1,0,0,0,0,0,0,0,1,0,1,0,0,1,0,0,0,0,1,0,0,0,0,1,0,0,0,0,1,1,0,0,0,0,1,0
CLI-000690,2116.0,3,7,2,28.6,1,5.65,4,0,5,2,6.6,3,0,315.0,0.06,0,0.15,0,0,0,0,1,0,0,0,1,0,0,0,0,0,0,0,0,0,0,1,0,1,0,0,0,0,1,0,0,0,1,0,0,0,0,1,0,0,0,1,0,0,0,1,1,0,0
CLI-001947,51334.0,11,97,59,50.0,14,9.1,3,3,3,10,20.3,2,2,2504.11,0.01,0,0.19,0,0,1,0,0,0,0,1,0,0,0,0,0,0,1,0,0,0,0,0,0,0,1,0,0,1,0,0,0,1,0,0,0,0,0,0,1,0,1,0,1,0,0,0,0,1,0
CLI-004066,325912.0,23,130,56,43.1,4,0.2,16,1,1,0,2.5,4,0,9693.99,0.0,0,0.4,0,0,0,0,0,1,0,0,0,1,0,0,0,0,1,0,0,0,0,0,0,0,1,0,0,0,0,1,1,0,0,0,0,0,1,0,0,1,0,0,0,0,0,1,0,0,1
CLI-004855,37082.0,20,41,4,9.8,1,5.65,1,6,5,0,1.1,5,0,1051.68,0.01,0,0.06,0,0,0,0,0,1,0,1,0,0,0,0,0,0,1,0,0,0,0,0,0,1,0,0,0,1,0,0,0,0,1,0,0,1,0,0,0,1,0,0,0,0,0,1,0,0,1
CLI-001114,613.0,7,8,2,25.0,4,0.2,3,1,17,1,22.9,3,0,83.11,0.08,0,0.38,0,0,1,0,0,0,0,0,1,0,0,0,0,0,0,0,0,0,0,1,1,0,0,0,1,0,0,0,0,0,0,1,0,0,1,0,0,0,1,0,0,0,0,1,0,1,0
CLI-000823,4005.0,1,13,7,53.8,24,5.65,5,0,1,5,15.7,2,3,257.06,0.03,0,0.31,0,0,0,0,0,1,0,0,0,0,1,0,0,0,0,0,0,1,0,0,0,1,0,0,0,1,0,0,0,0,0,1,0,0,0,1,0,0,1,0,1,0,0,0,1,0,0
CLI-004970,103191.0,2,417,103,24.7,1,0.1,7,2,2,5,4.4,3,0,33360.0,0.03,0,0.18,0,0,0,0,0,0,1,0,0,0,0,0,1,0,1,0,0,0,0,0,0,0,0,1,0,0,0,1,1,0,0,0,0,0,0,1,0,0,1,0,1,0,0,0,1,0,0
CLI-003582,5311.0,10,12,7,58.3,19,14.2,11,2,0,1,14.2,4,1,323.83,0.0,0,0.69,1,0,0,0,0,0,0,0,0,1,0,0,0,0,1,0,0,0,0,0,0,1,0,0,0,1,0,0,0,0,0,1,0,0,0,0,1,0,1,0,0,0,0,1,0,1,0
CLI-000403,2213.0,19,4,1,25.0,7,2.0,2,2,4,4,33.4,2,0,48.19,0.01,0,0.25,0,0,0,1,0,0,0,0,0,0,0,0,1,0,0,0,0,1,0,0,1,0,0,0,1,0,0,0,0,1,0,0,0,0,0,0,1,0,0,1,0,0,0,1,0,0,1
CLI-001875,17595.0,1,22,13,59.1,25,16.8,17,1,2,1,1.4,3,3,1788.1,0.07,0,0.42,0,1,0,0,0,0,0,1,0,0,0,0,0,0,1,0,0,0,0,0,0,1,0,0,0,0,0,1,0,0,0,1,0,0,1,0,0,1,0,0,0,0,0,1,1,0,0
CLI-000155,55028.0,5,75,0,0.0,0,0.0,0,0,67,2,4.0,3,0,5592.26,0.45,1,0.0,0,0,1,0,0,0,0,0,0,0,0,0,0,1,1,0,0,0,0,0,0,0,1,0,0,0,0,1,1,0,0,0,0,0,0,0,1,0,0,1,1,0,0,0,0,1,0
CLI-004967,144848.0,11,117,0,0.0,0,0.0,0,0,32,0,4.5,3,0,9813.56,0.1,1,0.0,1,0,0,0,0,0,0,0,0,0,0,0,1,0,1,0,0,0,0,0,0,0,1,0,0,0,0,1,0,0,1,0,0,0,0,1,0,0,0,1,1,0,0,0,0,1,0
CLI-000866,767.0,8,7,1,14.3,1,0.4,2,1,30,3,18.7,2,1,155.96,0.12,1,0.12,0,0,0,0,1,0,0,0,0,0,0,0,1,0,0,0,0,0,1,0,1,0,0,0,0,1,0,0,0,0,0,0,1,0,0,1,0,0,1,0,1,0,0,0,0,1,0
CLI-001258,22973.0,1,36,14,38.9,7,2.1,5,1,6,0,10.5,5,2,778.22,0.2,0,0.31,0,0,1,0,0,0,0,0,0,0,0,1,0,0,1,0,0,0,0,0,0,1,0,0,0,1,0,0,1,0,0,0,0,0,0,1,0,0,0,1,0,0,0,1,1,0,0
CLI-002286,22594.0,16,23,6,26.1,1,5.65,3,7,2,0,12.2,3,0,586.26,0.0,0,0.19,0,0,1,0,0,0,0,0,0,1,0,0,0,0,0,0,0,1,0,0,0,1,0,0,0,1,0,0,0,0,1,0,0,1,0,0,0,0,0,1,0,0,0,1,0,0,1
CLI-004005,2337.0,1,24,10,41.7,15,11.2,4,0,1,0,15.3,5,1,237.47,0.03,0,0.5,0,0,1,0,0,0,0,0,1,0,0,0,0,0,1,0,0,0,0,0,0,1,0,0,1,0,0,0,0,0,0,1,0,0,0,1,0,0,1,0,0,0,0,1,1,0,0
CLI-001869,3517.0,6,9,5,55.6,28,11.4,14,0,1,4,2.0,4,0,612.77,0.01,0,0.35,0,1,0,0,0,0,0,0,1,0,0,0,0,0,1,0,0,0,0,0,1,0,0,0,0,0,0,1,0,0,0,1,0,1,0,0,0,0,0,1,0,1,0,0,0,1,0
CLI-000144,5603.0,12,10,2,20.0,1,5.65,10,2,3,4,8.6,2,0,455.52,0.01,0,0.38,1,0,0,0,0,0,0,0,0,0,0,1,0,0,0,0,0,1,0,0,1,0,0,0,0,0,1,0,0,0,1,0,0,0,1,0,0,0,1,0,0,0,0,1,0,1,0
CLI-001395,348964.0,18,144,110,76.4,52,43.1,16,5,3,5,9.6,1,0,6447.97,0.01,0,0.62,0,0,0,0,0,1,0,0,0,0,1,0,0,0,1,0,0,0,0,0,0,0,1,0,0,0,1,0,1,0,0,0,0,1,0,0,0,1,0,0,1,0,0,0,0,0,1
CLI-002411,15196.0,2,46,20,50.0,14,1.7,10,0,0,6,10.5,2,1,2059.02,0.0,0,0.38,0,0,0,0,0,1,0,1,0,0,0,0,0,0,0,0,0,0,0,1,0,1,0,0,0,0,1,0,0,0,0,1,0,1,0,0,0,0,0,1,1,0,0,0,1,0,0
CLI-001436,634.0,23,4,2,50.0,23,8.2,3,9,0,4,23.9,3,0,59.43,0.0,0,0.38,0,0,0,1,0,0,0,1,0,0,0,0,0,0,1,0,0,0,0,0,1,0,0,0,1,0,0,0,1,0,0,0,0,0,1,0,0,0,1,0,0,0,0,1,0,0,1
CLI-003132,18510.0,5,52,11,21.2,1,0.1,3,1,8,1,10.5,3,1,2257.29,0.05,0,0.12,0,0,0,0,0,0,1,0,1,0,0,0,0,0,1,0,0,0,0,0,0,1,0,0,0,0,1,0,0,1,0,0,0,1,0,0,0,1,0,0,0,0,0,1,0,1,0
CLI-004127,4862.0,5,10,6,60.0,16,7.6,1,0,2,12,43.0,1,0,134.75,0.01,0,0.12,0,0,0,1,0,0,0,1,0,0,0,0,0,0,1,0,0,0,0,0,1,0,0,0,1,0,0,0,0,0,0,1,0,0,0,1,0,0,1,0,0,0,0,1,0,1,0
CLI-000332,2638.0,1,9,5,55.6,16,0.8,3,0,2,1,10.3,4,2,201.07,0.07,0,0.19,0,0,0,1,0,0,0,0,1,0,0,0,0,0,1,0,0,0,0,0,1,0,0,0,0,1,0,0,1,0,0,0,0,0,0,1,0,1,0,0,0,1,0,0,1,0,0
CLI-003698,40758.0,11,124,24,19.4,2,0.8,2,0,1,4,25.7,3,0,1506.21,0.0,0,0.25,0,0,1,0,0,0,0,0,1,0,0,0,0,0,1,0,0,0,0,0,0,0,1,0,1,0,0,0,0,0,0,1,0,0,0,0,1,0,1,0,1,0,0,0,0,1,0
CLI-004773,2919.0,22,1,1,100.0,17,9.2,5,7,1,2,8.8,4,0,29.66,0.0,0,0.31,0,0,0,0,0,0,1,0,0,0,0,0,1,0,1,0,0,0,0,0,1,0,0,0,0,1,0,0,0,0,1,0,0,0,0,0,1,1,0,0,0,0,0,1,0,0,1
CLI-003776,3076.0,12,9,4,44.4,17,2.3,2,1,3,4,29.0,3,0,117.23,0.01,0,0.25,0,0,0,0,0,1,0,0,1,0,0,0,0,0,0,1,0,0,0,0,1,0,0,0,1,0,0,0,0,1,0,0,0,0,0,0,1,0,1,0,0,0,0,1,0,1,0
CLI-003899,735.0,18,7,5,71.4,30,8.8,3,5,2,0,22.2,3,0,74.66,0.0,0,0.38,1,0,0,0,0,0,0,0,0,0,0,0,0,1,1,0,0,0,0,0,1,0,0,0,1,0,0,0,0,1,0,0,0,1,0,0,0,0,1,0,0,0,0,1,0,0,1
CLI-001006,700.0,5,4,2,50.0,1,0.3,2,1,13,3,13.1,2,5,94.88,0.09,0,0.12,0,0,0,0,0,0,1,0,0,1,0,0,0,0,0,0,0,1,0,0,1,0,0,0,0,1,0,0,0,0,0,0,1,0,0,1,0,0,0,1,1,0,0,0,0,1,0
CLI-000727,7323.0,14,15,6,40.0,4,2.6,12,3,30,2,10.5,3,0,686.93,0.07,1,0.46,0,0,0,0,0,1,0,0,0,0,0,1,0,0,0,0,0,0,0,1,0,1,0,0,0,0,1,0,0,1,0,0,0,0,1,0,0,0,0,1,0,0,0,1,0,0,1
CLI-000163,4367.0,32,11,5,45.5,7,1.9,6,7,22,0,6.7,4,0,231.55,0.02,0,0.38,0,0,0,0,0,0,1,0,1,0,0,0,0,0,1,0,0,0,0,0,1,0,0,0,0,1,0,0,0,0,1,0,0,0,0,1,0,0,0,1,0,1,0,0,0,0,1
CLI-003611,100117.0,15,56,16,28.6,1,0.4,4,5,1,4,4.2,4,0,3590.98,0.0,0,0.1,0,0,0,0,0,1,0,1,0,0,0,0,0,0,0,0,0,0,1,0,0,1,0,0,0,0,0,1,0,0,0,0,1,0,0,0,1,0,0,1,0,0,1,0,0,0,1
CLI-002679,552.0,12,6,4,66.7,28,8.8,3,1,1,3,32.8,2,0,67.36,0.0,0,0.38,0,0,1,0,0,0,0,1,0,0,0,0,0,0,1,0,0,0,0,0,1,0,0,0,1,0,0,0,0,1,0,0,0,0,1,0,0,0,1,0,1,0,0,0,0,1,0
CLI-003701,45271.0,19,188,75,39.9,9,0.8,3,6,0,3,10.5,2,0,2300.34,0.0,0,0.38,0,1,0,0,0,0,0,0,0,0,0,1,0,0,0,0,0,1,0,0,0,0,1,0,1,0,0,0,0,1,0,0,0,1,0,0,0,0,1,0,0,0,0,1,0,0,1
CLI-003730,10245.0,7,44,31,70.5,34,15.0,11,0,0,0,1.9,5,1,1784.8,0.0,0,0.42,0,0,0,0,0,1,0,0,0,0,0,1,0,0,0,0,0,1,0,0,0,1,0,0,0,0,1,0,0,1,0,0,0,0,0,1,0,0,0,1,0,0,0,1,0,1,0
CLI-001885,17358.0,1,53,15,28.3,1,0.1,2,0,30,0,0.5,5,3,1924.44,1.0,1,0.08,0,1,0,0,0,0,0,0,0,0,1,0,0,0,1,0,0,0,0,0,0,0,1,0,0,0,1,0,0,0,1,0,0,1,0,0,0,0,0,1,0,0,0,1,1,0,0
CLI-000647,15378.0,12,5,2,40.0,31,17.4,17,1,0,1,3.9,3,0,293.03,0.0,0,0.65,0,0,0,0,1,0,0,0,1,0,0,0,0,0,1,0,0,0,0,0,1,0,0,0,0,0,1,0,1,0,0,0,0,0,1,0,0,0,0,1,0,0,0,1,0,1,0
CLI-002252,167486.0,26,191,49,25.7,2,1.1,3,4,7,2,4.7,3,0,8170.07,0.01,0,0.12,0,0,0,0,1,0,0,0,0,0,0,0,1,0,0,0,1,0,0,0,0,0,1,0,0,0,1,0,1,0,0,0,0,1,0,0,0,0,1,0,0,0,0,1,0,0,1
CLI-001403,2208.0,17,7,4,57.1,10,3.4,2,0,4,1,9.6,3,1,149.57,0.01,0,0.12,0,1,0,0,0,0,0,0,0,0,0,1,0,0,0,0,0,0,1,0,1,0,0,0,0,1,0,0,0,0,0,0,1,0,0,0,1,0,1,0,0,1,0,0,0,0,1
CLI-004932,25199.0,16,19,15,78.9,52,18.0,11,7,0,3,10.5,3,0,1059.69,0.0,0,0.42,0,0,0,1,0,0,0,1,0,0,0,0,0,0,1,0,0,0,0,0,0,1,0,0,0,0,1,0,0,1,0,0,0,0,1,0,0,0,0,1,0,0,0,1,0,0,1
CLI-002854,2239.0,7,29,6,20.7,1,0.1,2,2,30,0,10.5,5,1,303.39,0.14,1,0.25,0,0,0,0,1,0,0,0,0,0,1,0,0,0,1,0,0,0,0,0,0,1,0,0,1,0,0,0,0,1,0,0,0,0,0,0,1,0,0,1,1,0,0,0,0,1,0
CLI-002839,7513.0,6,50,27,54.0,18,5.6,3,2,0,3,23.6,3,0,704.8,0.0,0,0.38,0,0,0,0,0,1,0,0,0,1,0,0,0,0,0,0,0,0,1,0,0,1,0,0,1,0,0,0,0,1,0,0,0,0,0,1,0,0,1,0,0,0,0,1,0,1,0
CLI-004837,56192.0,9,46,18,39.1,1,0.5,6,3,2,3,12.8,2,0,2015.48,0.01,0,0.23,0,0,0,1,0,0,0,0,0,0,0,1,0,0,0,0,0,1,0,0,0,1,0,0,0,0,1,0,0,0,1,0,0,0,0,0,1,0,0,1,1,0,0,0,0,1,0
CLI-000149,995.0,19,6,2,33.3,5,2.6,4,4,1,1,19.7,4,0,71.36,0.0,0,0.5,1,0,0,0,0,0,0,0,0,0,1,0,0,0,0,0,0,0,0,1,1,0,0,0,1,0,0,0,1,0,0,0,0,1,0,0,0,1,0,0,0,0,1,0,0,0,1
CLI-004950,1332.0,13,4,2,50.0,23,15.1,5,2,1,6,19.9,3,1,108.31,0.0,0,0.31,0,0,0,1,0,0,0,0,1,0,0,0,0,0,1,0,0,0,0,0,1,0,0,0,0,1,0,0,1,0,0,0,0,0,0,1,0,0,1,0,1,0,0,0,0,0,1
CLI-003414,1143.0,10,4,0,0.0,0,0.0,0,2,91,5,10.9,3,0,99.57,0.3,1,0.0,0,1,0,0,0,0,0,0,0,1,0,0,0,0,1,0,0,0,0,0,1,0,0,0,0,1,0,0,0,1,0,0,0,0,1,0,0,0,0,1,1,0,0,0,0,1,0
CLI-004715,19753.0,26,33,3,9.1,1,0.1,4,6,19,0,0.9,3,0,963.58,0.02,0,0.25,0,0,1,0,0,0,0,1,0,0,0,0,0,0,0,0,0,0,1,0,0,1,0,0,0,1,0,0,0,0,0,1,0,0,0,0,1,0,0,1,1,0,0,0,0,0,1
CLI-000478,2655.0,14,10,3,50.0,12,0.6,6,2,5,3,12.6,4,0,215.86,0.01,0,0.38,0,0,0,0,0,0,1,0,1,0,0,0,0,0,1,0,0,0,0,0,1,0,0,0,0,1,0,0,0,1,0,0,0,1,0,0,0,0,1,0,0,0,0,1,0,0,1
CLI-002068,75435.0,1,118,34,28.8,5,4.1,4,0,1,2,10.1,2,3,5749.65,0.03,0,0.15,1,0,0,0,0,0,0,0,1,0,0,0,0,0,0,0,0,1,0,0,0,0,1,0,0,0,1,0,0,1,0,0,0,1,0,0,0,0,0,1,0,0,0,1,1,0,0
CLI-003509,16178.0,7,57,41,71.9,23,15.6,5,1,1,0,3.7,5,0,2466.12,0.0,0,0.19,0,0,0,0,1,0,0,0,0,1,0,0,0,0,0,1,0,0,0,0,0,1,0,0,0,0,1,0,0,0,0,0,1,1,0,0,0,0,0,1,0,0,0,1,0,1,0
CLI-004779,8134.0,5,10,8,80.0,45,24.3,7,2,1,3,15.5,3,0,248.0,0.01,0,0.44,0,1,0,0,0,0,0,0,0,1,0,0,0,0,1,0,0,0,0,0,1,0,0,0,0,1,0,0,1,0,0,0,0,0,0,0,1,0,1,0,0,1,0,0,0,1,0
CLI-002280,500.0,1,2,1,50.0,18,5.8,3,0,3,1,10.9,5,3,50.0,0.1,0,0.19,1,0,0,0,0,0,0,0,0,1,0,0,0,0,0,0,0,0,1,0,1,0,0,0,0,1,0,0,0,0,0,0,1,0,1,0,0,0,0,1,0,0,0,1,1,0,0
CLI-002456,316017.0,27,78,72,50.0,63,44.5,11,4,2,1,3.3,3,0,4817.33,0.0,0,0.42,0,1,0,0,0,0,0,0,0,0,0,0,0,1,1,0,0,0,0,0,0,0,1,0,0,0,1,0,0,0,0,1,0,0,0,1,0,0,1,0,0,0,0,1,0,0,1
CLI-000369,88159.0,16,58,30,51.7,26,14.8,6,3,1,5,9.3,3,0,2905.7,0.0,0,0.23,1,0,0,0,0,0,0,0,0,0,0,0,0,1,1,0,0,0,0,0,0,1,0,0,0,0,1,0,1,0,0,0,0,0,0,1,0,0,0,1,0,1,0,0,0,0,1
CLI-000896,1466.0,10,11,6,54.5,23,11.5,2,10,6,1,20.4,5,0,127.66,0.02,0,0.25,1,0,0,0,0,0,0,1,0,0,0,0,0,0,1,0,0,0,0,0,1,0,0,0,1,0,0,0,0,0,0,0,1,1,0,0,0,0,0,1,0,0,0,1,0,1,0
CLI-002804,980.0,11,6,3,50.0,24,10.5,4,2,1,4,32.9,3,0,62.91,0.0,0,0.5,0,0,0,1,0,0,0,0,0,0,0,0,0,1,1,0,0,0,0,0,1,0,0,0,1,0,0,0,0,0,1,0,0,1,0,0,0,0,0,1,0,1,0,0,0,1,0
CLI-004020,3356.0,4,8,5,62.5,24,10.3,3,3,2,3,22.5,4,1,110.61,0.02,0,0.38,0,0,0,1,0,0,0,0,0,0,1,0,0,0,1,0,0,0,0,0,1,0,0,0,1,0,0,0,0,0,0,0,1,1,0,0,0,0,0,1,0,0,0,1,0,1,0
CLI-000205,12449.0,15,41,18,43.9,8,2.1,2,2,5,5,20.6,3,0,1025.0,0.01,0,0.12,0,1,0,0,0,0,0,0,0,0,0,1,0,0,1,0,0,0,0,0,0,1,0,0,0,1,0,0,1,0,0,0,0,1,0,0,0,0,1,0,0,0,0,1,0,0,1
CLI-001432,2029.0,12,7,1,14.3,1,0.1,1,3,30,2,13.5,3,1,154.67,0.08,1,0.06,0,1,0,0,0,0,0,0,1,0,0,0,0,0,1,0,0,0,0,0,1,0,0,0,0,1,0,0,0,0,1,0,0,1,0,0,0,1,0,0,0,0,0,1,0,1,0
CLI-004444,25717.0,9,54,23,42.6,25,13.1,9,2,1,4,11.3,1,0,2240.13,0.0,0,0.35,0,0,0,1,0,0,0,0,0,1,0,0,0,0,1,0,0,0,0,0,0,1,0,0,0,0,1,0,0,0,0,1,0,1,0,0,0,1,0,0,0,0,0,1,0,1,0
CLI-004491,5908.0,9,7,5,71.4,54,39.4,15,1,4,3,9.5,2,0,360.25,0.01,0,0.58,0,0,0,0,0,1,0,0,0,1,0,0,0,0,0,0,0,0,0,1,0,1,0,0,0,0,1,0,0,1,0,0,0,0,1,0,0,0,0,1,0,0,0,1,0,1,0
CLI-000258,2282.0,2,31,11,35.5,15,5.65,8,0,1,4,11.9,3,1,556.56,0.02,0,0.5,1,0,0,0,0,0,0,1,0,0,0,0,0,0,1,0,0,0,0,0,0,1,0,0,0,1,0,0,1,0,0,0,0,0,0,1,0,0,1,0,0,0,0,1,1,0,0
CLI-001988,32206.0,1,32,18,56.2,31,11.1,8,0,3,2,9.4,3,1,1454.63,0.1,0,0.31,0,0,1,0,0,0,0,0,0,0,0,0,1,0,1,0,0,0,0,0,0,1,0,0,0,0,1,0,1,0,0,0,0,0,1,0,0,0,1,0,0,0,0,1,1,0,0
CLI-004102,1491241.0,23,527,171,32.4,10,5.65,9,7,7,1,0.5,5,0,27554.34,0.01,0,0.35,0,0,0,1,0,0,0,1,0,0,0,0,0,0,1,0,0,0,0,0,0,0,0,1,0,0,1,0,0,0,0,0,1,0,0,0,1,0,1,0,0,0,1,0,0,0,1
CLI-001488,578940.0,19,618,54,8.7,1,0.1,1,2,10,4,6.1,2,0,24345.66,0.02,0,0.04,0,0,1,0,0,0,0,0,0,0,1,0,0,0,0,0,0,1,0,0,0,0,0,1,0,0,1,0,0,0,0,1,0,1,0,0,0,0,1,0,0,0,0,1,0,0,1
CLI-001111,139207.0,21,55,35,63.6,52,14.6,6,2,1,4,11.4,3,0,1414.71,0.0,0,0.38,0,0,0,0,0,1,0,0,0,0,0,0,0,1,0,0,1,0,0,0,0,1,0,0,0,1,0,0,0,0,0,1,0,0,0,1,0,1,0,0,0,0,0,1,0,0,1
CLI-002400,38168.0,22,42,13,31.0,1,0.1,5,6,30,0,0.5,5,0,1723.95,0.05,1,0.19,0,0,0,1,0,0,0,1,0,0,0,0,0,0,1,0,0,0,0,0,0,1,0,0,0,0,1,0,0,0,0,0,1,1,0,0,0,0,0,1,0,0,0,1,0,0,1
CLI-000518,6305.0,7,15,2,13.3,1,0.3,5,4,4,4,10.9,4,2,384.47,0.02,0,0.31,0,1,0,0,0,0,0,0,0,1,0,0,0,0,1,0,0,0,0,0,0,1,0,0,0,1,0,0,1,0,0,0,0,1,0,0,0,0,0,1,0,0,0,1,0,1,0
CLI-000993,300.0,4,2,0,0.0,0,0.0,0,0,68,3,16.9,3,0,16.99,0.57,1,0.0,0,1,0,0,0,0,0,0,0,1,0,0,0,0,1,0,0,0,0,0,1,0,0,0,1,0,0,0,0,0,0,0,1,0,0,0,1,1,0,0,1,0,0,0,0,1,0
CLI-003947,13243.0,20,42,25,59.5,27,5.6,5,4,0,2,10.5,4,0,1076.69,0.0,0,0.31,0,0,0,1,0,0,0,0,0,0,0,1,0,0,1,0,0,0,0,0,0,1,0,0,0,1,0,0,1,0,0,0,0,0,1,0,0,1,0,0,0,0,0,1,0,0,1
CLI-001397,9309.0,27,14,10,71.4,48,29.1,4,5,0,3,9.4,3,0,378.4,0.0,0,0.25,0,1,0,0,0,0,0,0,1,0,0,0,0,0,1,0,0,0,0,0,0,1,0,0,0,1,0,0,0,0,1,0,0,0,0,0,1,1,0,0,0,0,1,0,0,0,1
CLI-001232,1316557.0,1,677,329,48.6,11,5.8,12,0,1,1,0.5,4,5,59465.08,0.03,0,0.3,1,0,0,0,0,0,0,1,0,0,0,0,0,0,1,0,0,0,0,0,0,0,0,1,0,0,0,1,1,0,0,0,0,0,0,1,0,0,0,1,0,0,0,1,1,0,0
CLI-002296,15888.0,18,43,0,0.0,0,0.0,0,0,115,1,10.5,3,0,842.43,0.21,1,0.0,0,1,0,0,0,0,0,0,0,0,0,1,0,0,1,0,0,0,0,0,0,1,0,0,0,1,0,0,0,0,0,1,0,0,0,1,0,0,0,1,0,0,0,1,0,0,1
CLI-004236,6781.0,3,37,6,16.2,8,3.0,2,1,0,1,34.1,2,2,435.26,0.0,0,0.25,0,0,1,0,0,0,0,0,0,0,1,0,0,0,1,0,0,0,0,0,0,1,0,0,1,0,0,0,1,0,0,0,0,1,0,0,0,1,0,0,1,0,0,0,1,0,0
CLI-000857,13110.0,26,43,20,46.5,5,5.65,4,10,7,0,7.9,4,0,888.24,0.01,0,0.25,0,0,0,0,0,1,0,0,0,0,1,0,0,0,0,0,0,0,0,1,0,1,0,0,0,1,0,0,0,1,0,0,0,1,0,0,0,0,0,1,0,0,1,0,0,0,1
CLI-002302,949.0,9,2,1,50.0,6,1.9,5,3,1,4,9.2,3,0,82.65,0.0,0,0.19,0,0,0,0,0,1,0,0,0,0,1,0,0,0,0,0,1,0,0,0,1,0,0,0,0,0,1,0,1,0,0,0,0,0,0,1,0,0,1,0,0,0,0,1,0,1,0
CLI-002543,17335.0,12,26,13,50.0,29,10.0,8,4,3,1,4.6,5,0,1112.64,0.01,0,0.31,0,0,0,0,0,0,1,0,0,1,0,0,0,0,0,0,0,0,0,1,0,1,0,0,0,0,1,0,1,0,0,0,0,0,0,0,1,0,0,1,0,0,1,0,0,1,0
CLI-004090,863.0,13,7,4,57.1,9,2.7,2,5,5,3,25.3,4,0,80.97,0.01,0,0.25,1,0,0,0,0,0,0,0,0,1,0,0,0,0,1,0,0,0,0,0,1,0,0,0,1,0,0,0,1,0,0,0,0,0,0,0,1,0,0,1,0,0,0,1,0,0,1
CLI-000224,5758.0,4,51,36,70.6,24,11.4,7,0,0,3,10.5,4,0,1003.18,0.0,0,0.44,0,0,1,0,0,0,0,1,0,0,0,0,0,0,1,0,0,0,0,0,0,1,0,0,0,1,0,0,0,1,0,0,0,0,0,1,0,1,0,0,0,0,0,1,0,1,0
CLI-002808,10027.0,15,44,3,6.8,1,0.1,0,3,23,3,24.2,3,0,643.55,0.05,0,0.0,0,0,0,0,0,1,0,1,0,0,0,0,0,0,1,0,0,0,0,0,0,1,0,0,1,0,0,0,0,0,0,1,0,0,1,0,0,0,0,1,1,0,0,0,0,0,1
CLI-000537,4684.0,18,9,6,66.7,33,1.8,5,3,2,1,7.9,3,0,204.0,0.0,0,0.31,1,0,0,0,0,0,0,0,0,0,0,0,0,1,1,0,0,0,0,0,1,0,0,0,0,1,0,0,0,0,0,1,0,0,1,0,0,1,0,0,0,1,0,0,0,0,1
CLI-004469,369.0,8,4,2,50.0,16,7.6,2,1,4,0,10.5,4,0,49.98,0.02,0,0.25,0,0,1,0,0,0,0,0,0,1,0,0,0,0,1,0,0,0,0,0,1,0,0,0,1,0,0,0,0,0,0,0,1,1,0,0,0,0,0,1,0,1,0,0,0,1,0
CLI-000603,47945.0,8,67,43,64.2,27,9.4,19,2,1,0,2.5,5,0,4872.48,0.0,0,0.48,0,0,0,0,0,1,0,0,0,0,0,0,1,0,1,0,0,0,0,0,0,0,1,0,0,0,0,1,0,0,0,1,0,0,0,0,1,1,0,0,0,0,0,1,0,1,0
CLI-003729,58596.0,9,214,91,42.5,7,1.1,4,3,10,1,12.6,5,3,4466.14,0.04,0,0.25,0,0,0,1,0,0,0,0,0,1,0,0,0,0,1,0,0,0,0,0,0,0,1,0,0,1,0,0,1,0,0,0,0,0,1,0,0,0,1,0,0,0,0,1,0,1,0
CLI-004203,1911.0,12,9,7,77.8,53,36.2,16,2,1,0,7.5,3,1,291.33,0.0,0,0.62,0,0,0,0,0,0,1,0,0,0,0,0,0,1,0,0,0,0,0,1,1,0,0,0,0,0,1,0,0,0,0,1,0,0,1,0,0,1,0,0,0,0,0,1,0,1,0
CLI-001983,4336.0,14,7,5,71.4,63,5.65,11,3,0,0,11.6,4,0,170.57,0.0,0,0.69,0,0,0,0,1,0,0,0,0,1,0,0,0,0,1,0,0,0,0,0,1,0,0,0,0,1,0,0,0,1,0,0,0,0,0,1,0,0,0,1,0,0,0,1,0,0,1
CLI-003935,38739.0,8,57,40,70.2,51,2.6,13,0,0,1,0.5,5,0,2486.47,0.0,0,0.5,0,1,0,0,0,0,0,0,0,0,0,0,0,1,1,0,0,0,0,0,0,1,0,0,0,0,1,0,0,0,1,0,0,1,0,0,0,1,0,0,0,0,0,1,0,1,0
CLI-002940,413.0,7,2,1,50.0,12,8.6,3,2,10,1,15.7,4,0,21.89,0.05,0,0.38,0,0,1,0,0,0,0,0,0,0,1,0,0,0,1,0,0,0,0,0,1,0,0,0,1,0,0,0,0,0,0,1,0,0,0,0,1,0,1,0,0,0,0,1,0,1,0
CLI-001541,8466.0,7,30,0,0.0,0,0.0,0,0,103,3,7.1,4,1,1147.16,0.49,1,0.0,1,0,0,0,0,0,0,1,0,0,0,0,0,0,0,0,0,0,0,1,0,1,0,0,0,0,1,0,0,0,1,0,0,0,1,0,0,0,0,1,0,0,0,1,0,1,0
CLI-001595,22601.0,7,56,19,33.9,7,0.4,0,2,0,2,12.4,3,0,1312.47,0.0,0,0.0,0,0,0,0,0,1,0,0,0,1,0,0,0,0,1,0,0,0,0,0,0,1,0,0,0,1,0,0,0,0,0,1,0,0,0,0,1,1,0,0,0,1,0,0,0,1,0
CLI-001456,16451.0,13,29,13,44.8,3,1.1,4,1,1,2,15.6,4,0,691.8,0.0,0,0.25,0,0,0,0,1,0,0,0,0,0,0,0,1,0,0,1,0,0,0,0,0,1,0,0,0,1,0,0,0,0,0,1,0,0,0,1,0,1,0,0,0,1,0,0,0,0,1
CLI-003034,5928.0,12,9,8,88.9,55,31.0,4,0,0,0,22.0,4,0,85.05,0.0,0,0.5,0,0,0,1,0,0,0,1,0,0,0,0,0,0,0,1,0,0,0,0,1,0,0,0,1,0,0,0,1,0,0,0,0,0,0,1,0,1,0,0,0,0,0,1,0,1,0
CLI-001790,4231.0,11,39,19,48.7,5,1.8,1,1,0,8,38.2,3,0,469.07,0.0,0,0.12,0,0,1,0,0,0,0,0,0,1,0,0,0,0,1,0,0,0,0,0,0,1,0,0,1,0,0,0,0,0,0,0,1,0,0,0,1,0,0,1,1,0,0,0,0,1,0
CLI-004184,7874.0,2,23,14,60.9,42,9.1,5,3,1,1,28.4,3,2,300.06,0.02,0,0.62,0,1,0,0,0,0,0,0,0,0,0,0,0,1,1,0,0,0,0,0,0,1,0,0,1,0,0,0,0,0,0,0,1,0,1,0,0,0,0,1,0,1,0,0,1,0,0
CLI-001976,18789.0,7,26,22,84.6,40,27.6,6,2,2,3,12.8,4,1,694.36,0.01,0,0.38,0,0,1,0,0,0,0,1,0,0,0,0,0,0,1,0,0,0,0,0,0,1,0,0,0,1,0,0,0,0,1,0,0,0,1,0,0,1,0,0,0,1,0,0,0,1,0
CLI-004278,1168922.0,10,398,216,54.3,47,24.2,13,3,1,3,10.5,3,1,18513.18,0.0,0,0.5,0,1,0,0,0,0,0,0,0,0,1,0,0,0,0,1,0,0,0,0,0,0,0,1,0,0,1,0,0,1,0,0,0,1,0,0,0,1,0,0,0,0,0,1,0,1,0
CLI-001783,657.0,4,10,1,10.0,1,0.2,1,1,10,1,23.9,3,4,100.21,0.08,0,0.12,0,0,0,1,0,0,0,0,0,1,0,0,0,0,1,0,0,0,0,0,1,0,0,0,1,0,0,0,0,0,0,0,1,0,0,0,1,0,1,0,1,0,0,0,0,1,0
CLI-003739,201385.0,14,535,133,24.9,1,0.3,2,3,6,3,14.2,4,1,14446.57,0.01,0,0.12,0,0,0,0,0,1,0,0,0,1,0,0,0,0,1,0,0,0,0,0,0,0,0,1,0,1,0,0,0,1,0,0,0,0,0,0,1,1,0,0,1,0,0,0,0,0,1
CLI-004819,19805.0,14,57,27,47.4,17,9.7,4,5,0,6,16.4,3,0,1509.54,0.0,0,0.25,0,0,0,1,0,0,0,0,0,1,0,0,0,0,1,0,0,0,0,0,0,1,0,0,0,1,0,0,0,0,0,1,0,0,0,1,0,0,0,1,0,1,0,0,0,0,1
CLI-000878,18340.0,14,49,34,69.4,41,32.2,3,6,2,5,29.6,3,0,657.82,0.0,0,0.38,0,0,0,0,1,0,0,0,0,0,0,1,0,0,1,0,0,0,0,0,0,1,0,0,1,0,0,0,0,1,0,0,0,0,0,0,1,1,0,0,0,0,0,1,0,0,1
CLI-002322,48476.0,16,36,30,83.3,48,26.0,15,8,0,5,11.2,2,0,2038.54,0.0,0,0.58,1,0,0,0,0,0,0,0,0,1,0,0,0,0,1,0,0,0,0,0,0,1,0,0,0,0,1,0,0,0,1,0,0,0,1,0,0,0,1,0,1,0,0,0,0,0,1
CLI-004244,59836.0,5,153,109,71.2,22,7.2,11,2,2,4,10.5,4,0,6633.72,0.01,0,0.42,0,0,0,0,0,1,0,0,0,0,1,0,0,0,1,0,0,0,0,0,0,0,1,0,0,0,1,0,0,0,0,0,1,1,0,0,0,1,0,0,0,0,0,1,0,1,0
CLI-001245,3386.0,12,11,2,18.2,1,0.4,2,6,11,3,22.2,4,0,158.82,0.03,0,0.25,0,1,0,0,0,0,0,0,1,0,0,0,0,0,1,0,0,0,0,0,1,0,0,0,1,0,0,0,0,0,0,1,0,1,0,0,0,0,0,1,0,0,0,1,0,1,0
CLI-000550,136794.0,1,237,109,46.0,19,7.1,5,0,1,0,3.3,5,1,11121.49,0.03,0,0.19,0,0,0,0,0,0,1,0,0,1,0,0,0,0,1,0,0,0,0,0,0,0,0,1,0,0,1,0,0,0,0,1,0,0,1,0,0,1,0,0,0,0,0,1,1,0,0
CLI-002532,243614.0,6,167,69,41.3,11,5.65,12,1,2,3,6.4,4,0,8488.3,0.01,0,0.46,0,0,0,0,1,0,0,0,0,0,0,0,0,1,1,0,0,0,0,0,0,0,1,0,0,0,1,0,0,0,1,0,0,0,1,0,0,1,0,0,0,0,0,1,0,1,0
CLI-000341,2824.0,18,8,5,62.5,30,20.1,4,5,2,4,28.6,3,0,118.77,0.0,0,0.5,0,0,1,0,0,0,0,0,0,0,0,0,1,0,0,0,1,0,0,0,1,0,0,0,1,0,0,0,0,0,0,1,0,0,0,1,0,0,0,1,0,0,0,1,0,0,1
CLI-004303,269214.0,8,183,83,45.4,16,11.8,9,2,5,3,3.1,3,1,7816.91,0.02,0,0.35,0,0,0,0,1,0,0,0,0,0,0,0,0,1,1,0,0,0,0,0,0,0,1,0,0,0,1,0,1,0,0,0,0,0,1,0,0,1,0,0,0,1,0,0,0,1,0
CLI-003669,190278.0,12,468,101,21.6,2,0.4,7,3,0,1,2.4,4,0,29005.74,0.0,0,0.18,0,0,0,0,1,0,0,0,0,1,0,0,0,0,1,0,0,0,0,0,0,0,0,1,0,0,0,1,0,1,0,0,0,1,0,0,0,0,0,1,1,0,0,0,0,1,0
CLI-002537,104785.0,1,158,0,0.0,0,0.0,0,0,30,2,1.9,2,2,10648.88,1.0,1,0.0,0,1,0,0,0,0,0,0,0,0,0,0,0,1,1,0,0,0,0,0,0,0,0,1,0,0,0,1,1,0,0,0,0,0,0,1,0,0,0,1,1,0,0,0,1,0,0
CLI-004806,1934.0,1,57,13,22.8,1,0.4,1,0,2,5,24.0,1,2,589.63,0.07,0,0.12,1,0,0,0,0,0,0,0,0,0,0,0,0,1,0,1,0,0,0,0,0,1,0,0,1,0,0,0,0,0,0,1,0,0,0,0,1,0,0,1,1,0,0,0,1,0,0
CLI-003389,1396.0,23,2,1,50.0,27,8.9,3,2,1,0,20.0,5,0,24.0,0.0,0,0.38,1,0,0,0,0,0,0,0,0,0,1,0,0,0,1,0,0,0,0,0,1,0,0,0,1,0,0,0,0,0,0,0,1,1,0,0,0,0,0,1,0,1,0,0,0,0,1
CLI-000785,8163.0,8,42,9,21.4,4,2.1,7,5,0,1,3.7,4,0,1890.0,0.0,0,0.27,0,0,0,0,1,0,0,0,0,1,0,0,0,0,0,1,0,0,0,0,0,1,0,0,0,0,1,0,0,1,0,0,0,0,0,0,1,0,0,1,0,0,0,1,0,1,0
CLI-000803,10456.0,5,13,6,46.2,19,11.1,6,1,1,7,6.7,3,2,607.21,0.01,0,0.23,0,0,0,0,0,0,1,0,0,0,0,1,0,0,1,0,0,0,0,0,0,1,0,0,0,0,1,0,1,0,0,0,0,1,0,0,0,1,0,0,0,0,0,1,0,1,0
CLI-003845,16705.0,10,20,4,20.0,1,0.1,6,2,17,4,9.9,2,1,926.0,0.06,0,0.23,0,0,0,0,0,0,1,0,0,0,0,0,1,0,0,0,0,1,0,0,0,1,0,0,0,0,1,0,0,0,1,0,0,0,0,1,0,1,0,0,0,0,0,1,0,1,0
CLI-003153,1903.0,5,6,3,50.0,20,1.0,9,0,3,3,10.5,3,0,116.03,0.02,0,0.56,0,0,1,0,0,0,0,1,0,0,0,0,0,0,0,0,0,1,0,0,0,1,0,0,0,1,0,0,0,0,0,0,1,1,0,0,0,1,0,0,0,0,0,1,0,1,0
CLI-003538,57016.0,19,43,27,62.8,33,24.6,6,5,1,0,2.3,5,0,1139.87,0.0,0,0.38,0,0,0,0,1,0,0,0,1,0,0,0,0,0,1,0,0,0,0,0,0,0,1,0,0,1,0,0,0,0,0,0,1,0,0,1,0,0,1,0,0,0,0,1,0,0,1
CLI-003209,21083.0,19,39,27,69.2,58,48.1,6,3,0,2,10.5,3,1,1117.87,0.0,0,0.38,0,0,0,1,0,0,0,0,0,0,0,0,1,0,0,0,0,1,0,0,0,1,0,0,0,1,0,0,1,0,0,0,0,0,0,0,1,1,0,0,0,0,0,1,0,0,1
CLI-000281,1322.0,6,6,3,50.0,15,5.65,2,0,7,3,18.6,5,1,76.8,0.04,0,0.25,1,0,0,0,0,0,0,1,0,0,0,0,0,0,1,0,0,0,0,0,1,0,0,0,1,0,0,0,0,0,0,1,0,0,0,1,0,0,0,1,0,0,0,1,0,1,0
CLI-003745,2667.0,7,10,3,30.0,15,6.8,1,0,1,4,21.0,1,1,191.3,0.0,0,0.06,0,0,0,0,1,0,0,0,0,0,0,0,0,1,0,0,1,0,0,0,1,0,0,0,0,1,0,0,0,0,0,0,1,1,0,0,0,0,1,0,0,0,0,1,0,1,0
CLI-001313,459566.0,1,472,236,50.0,15,10.9,19,0,3,4,10.5,1,4,40031.84,0.1,0,0.48,0,0,0,0,0,1,0,0,0,1,0,0,0,0,0,0,0,0,1,0,0,0,0,1,0,0,0,1,0,1,0,0,0,0,1,0,0,1,0,0,0,0,0,1,1,0,0
CLI-001172,5263.0,15,2,2,100.0,83,35.0,29,0,1,2,5.2,4,0,178.28,0.0,0,0.72,0,0,0,0,1,0,0,0,0,1,0,0,0,0,1,0,0,0,0,0,1,0,0,0,0,0,0,1,0,1,0,0,0,1,0,0,0,0,1,0,0,1,0,0,0,0,1
CLI-001491,620.0,18,7,4,57.1,20,11.3,3,2,2,0,11.7,4,0,83.97,0.0,0,0.38,0,0,0,0,1,0,0,0,1,0,0,0,0,0,1,0,0,0,0,0,1,0,0,0,1,0,0,0,0,0,1,0,0,0,0,0,1,0,0,1,0,0,0,1,0,0,1
CLI-004272,64198.0,7,124,39,31.5,2,0.4,2,1,30,1,6.1,5,1,3403.91,0.14,1,0.12,0,0,0,0,0,1,0,0,0,1,0,0,0,0,1,0,0,0,0,0,0,0,1,0,0,1,0,0,0,0,0,0,1,1,0,0,0,0,0,1,0,0,0,1,0,1,0
CLI-004722,2242.0,11,8,4,50.0,24,11.4,5,3,0,9,13.2,3,1,151.9,0.0,0,0.31,0,0,0,0,0,0,1,0,0,0,0,1,0,0,1,0,0,0,0,0,1,0,0,0,0,1,0,0,0,0,0,0,1,0,0,0,1,1,0,0,1,0,0,0,0,1,0
CLI-002728,29305.0,13,58,8,13.8,1,0.5,4,1,30,2,15.5,1,1,1553.81,0.08,1,0.25,0,1,0,0,0,0,0,0,0,1,0,0,0,0,0,0,0,1,0,0,0,1,0,0,0,1,0,0,0,0,1,0,0,0,0,0,1,0,1,0,1,0,0,0,0,0,1
CLI-003880,260951.0,11,482,240,49.8,32,17.8,23,4,0,2,1.1,3,0,35359.24,0.0,0,0.57,0,0,0,0,0,0,1,0,0,0,1,0,0,0,1,0,0,0,0,0,0,0,0,1,0,0,0,1,0,1,0,0,0,0,1,0,0,0,0,1,0,0,0,1,0,1,0
CLI-002250,585.0,16,1,1,100.0,1,0.2,2,2,4,4,10.5,4,0,15.19,0.01,0,0.25,0,0,0,0,0,0,1,0,0,0,1,0,0,0,0,0,1,0,0,0,1,0,0,0,1,0,0,0,0,0,0,1,0,1,0,0,0,0,1,0,0,0,0,1,0,0,1
CLI-003704,2677.0,21,11,9,81.8,33,5.65,2,3,0,1,15.0,4,0,141.93,0.0,0,0.25,0,0,0,0,1,0,0,0,0,0,0,0,0,1,1,0,0,0,0,0,1,0,0,0,1,0,0,0,0,0,0,1,0,0,0,0,1,1,0,0,0,0,0,1,0,0,1
CLI-000883,5105.0,13,9,3,33.3,4,1.8,3,7,2,3,17.1,2,0,200.82,0.01,0,0.19,1,0,0,0,0,0,0,0,1,0,0,0,0,0,0,0,0,0,1,0,1,0,0,0,0,1,0,0,0,0,0,0,1,0,0,1,0,1,0,0,1,0,0,0,0,0,1
CLI-003504,3633.0,1,32,0,0.0,0,0.0,0,0,30,2,16.3,2,1,340.78,1.0,1,0.0,0,0,0,1,0,0,0,1,0,0,0,0,0,0,1,0,0,0,0,0,0,1,0,0,1,0,0,0,0,0,0,1,0,1,0,0,0,1,0,0,1,0,0,0,1,0,0
CLI-001554,1382.0,8,11,5,50.0,10,3.6,2,0,1,2,22.5,3,2,120.37,0.0,0,0.25,0,0,0,1,0,0,0,0,0,0,0,1,0,0,0,0,0,0,1,0,1,0,0,0,1,0,0,0,0,1,0,0,0,0,1,0,0,1,0,0,0,0,0,1,0,1,0
CLI-001281,8494.0,6,55,22,40.0,29,11.6,8,1,1,5,10.5,3,2,1479.83,0.01,0,0.5,1,0,0,0,0,0,0,0,1,0,0,0,0,0,0,0,0,0,1,0,0,1,0,0,0,1,0,0,0,0,1,0,0,0,0,1,0,0,0,1,0,0,0,1,0,1,0
CLI-003568,300.0,1,1,1,50.0,37,9.9,7,1,1,0,10.5,4,2,39.83,0.03,0,0.27,0,0,0,1,0,0,0,0,0,0,0,0,0,1,0,0,0,0,0,1,1,0,0,0,0,0,1,0,0,0,0,0,1,0,1,0,0,1,0,0,0,0,0,1,1,0,0
CLI-000113,22542.0,7,46,0,0.0,0,0.0,0,0,38,6,13.3,3,0,1195.21,0.18,1,0.0,0,0,0,0,0,0,1,0,0,0,0,1,0,0,0,1,0,0,0,0,0,1,0,0,0,1,0,0,0,0,0,0,1,0,0,0,1,0,0,1,0,0,0,1,0,1,0
CLI-001911,300.0,1,2,2,100.0,49,28.9,4,0,1,3,32.7,3,3,23.37,0.03,0,0.5,0,0,0,0,1,0,0,0,0,0,1,0,0,0,1,0,0,0,0,0,1,0,0,0,1,0,0,0,0,1,0,0,0,0,1,0,0,0,1,0,0,1,0,0,1,0,0
CLI-000070,133710.0,10,69,11,15.9,3,1.5,4,2,5,0,10.5,5,0,3397.11,0.02,0,0.15,1,0,0,0,0,0,0,0,0,0,1,0,0,0,0,0,0,0,1,0,0,0,1,0,0,0,1,0,0,0,0,1,0,0,0,1,0,0,1,0,1,0,0,0,0,1,0
CLI-004693,3328.0,1,8,4,50.0,21,7.9,6,0,1,1,17.4,3,1,213.59,0.03,0,0.38,1,0,0,0,0,0,0,0,0,1,0,0,0,0,0,0,1,0,0,0,0,1,0,0,0,1,0,0,0,0,1,0,0,0,1,0,0,1,0,0,0,0,0,1,1,0,0
CLI-000082,29561.0,18,55,22,40.0,11,6.8,5,6,0,2,13.1,2,0,1386.53,0.0,0,0.31,0,0,0,0,0,1,0,0,0,0,0,0,1,0,1,0,0,0,0,0,0,1,0,0,0,1,0,0,1,0,0,0,0,1,0,0,0,0,0,1,1,0,0,0,0,0,1
CLI-000631,8097.0,1,29,5,17.2,1,0.1,3,0,1,1,0.7,3,3,1097.2,0.03,0,0.12,0,0,1,0,0,0,0,0,0,0,1,0,0,0,0,0,0,0,0,1,0,1,0,0,0,0,1,0,0,1,0,0,0,1,0,0,0,0,1,0,0,0,0,1,1,0,0
CLI-000514,804526.0,1,418,141,33.7,2,0.9,15,0,17,2,0.5,5,2,31649.35,0.57,0,0.38,1,0,0,0,0,0,0,1,0,0,0,0,0,0,1,0,0,0,0,0,0,0,0,1,0,0,0,1,0,0,1,0,0,0,0,0,1,0,1,0,0,0,0,1,1,0,0
CLI-001409,2212.0,20,7,5,71.4,40,12.0,1,8,2,2,10.5,5,0,84.0,0.0,0,0.12,0,0,0,0,0,1,0,1,0,0,0,0,0,0,1,0,0,0,0,0,1,0,0,0,1,0,0,0,1,0,0,0,0,0,1,0,0,0,1,0,0,0,1,0,0,0,1
CLI-003847,2276.0,16,5,3,60.0,17,2.0,9,6,1,0,2.9,5,0,198.27,0.0,0,0.35,0,0,0,1,0,0,0,0,0,0,0,1,0,0,1,0,0,0,0,0,1,0,0,0,0,0,1,0,0,0,0,0,1,1,0,0,0,0,1,0,0,0,0,1,0,0,1
CLI-004658,36903.0,20,29,20,69.0,19,14.9,11,7,4,2,6.4,3,0,1406.36,0.01,0,0.42,0,0,0,0,0,1,0,0,0,0,1,0,0,0,1,0,0,0,0,0,0,1,0,0,0,0,1,0,1,0,0,0,0,0,0,0,1,1,0,0,0,1,0,0,0,0,1
CLI-000030,26832.0,15,95,70,73.7,42,27.9,2,4,1,5,22.0,5,0,1487.34,0.0,0,0.25,0,0,0,0,1,0,0,1,0,0,0,0,0,0,0,0,0,0,1,0,0,0,1,0,1,0,0,0,0,0,0,1,0,0,0,1,0,1,0,0,0,0,0,1,0,0,1
CLI-003919,3767.0,14,10,5,50.0,1,5.65,0,1,19,1,18.3,3,0,131.24,0.05,0,0.0,0,0,0,0,0,1,0,0,0,0,0,0,1,0,1,0,0,0,0,0,1,0,0,0,1,0,0,0,0,0,0,0,1,0,0,1,0,1,0,0,0,0,0,1,0,0,1
CLI-004791,99445.0,14,86,61,70.9,36,12.0,7,3,1,2,10.5,3,0,4491.65,0.0,0,0.27,0,0,1,0,0,0,0,0,1,0,0,0,0,0,0,0,1,0,0,0,0,0,1,0,0,0,1,0,1,0,0,0,0,0,0,0,1,0,0,1,0,0,0,1,0,0,1
CLI-000200,4701.0,14,15,12,80.0,34,20.3,4,3,0,5,14.4,3,0,382.21,0.0,0,0.25,0,0,1,0,0,0,0,0,0,0,0,0,1,0,1,0,0,0,0,0,0,1,0,0,0,1,0,0,1,0,0,0,0,0,0,0,1,0,1,0,0,0,0,1,0,0,1
CLI-004338,1091.0,22,7,5,71.4,53,24.5,3,2,2,0,23.0,3,0,95.0,0.0,0,0.38,0,0,0,1,0,0,0,0,0,0,0,0,1,0,0,0,0,0,0,1,1,0,0,0,1,0,0,0,0,0,0,0,1,0,0,0,1,1,0,0,0,0,0,1,0,0,1
CLI-001180,39565.0,8,57,23,50.0,3,1.0,1,2,20,1,7.5,4,2,2412.47,0.08,0,0.04,0,0,0,1,0,0,0,0,0,0,0,1,0,0,1,0,0,0,0,0,0,1,0,0,0,0,1,0,1,0,0,0,0,0,0,1,0,0,1,0,0,0,0,1,0,1,0
CLI-001438,151253.0,18,106,61,57.5,28,13.9,7,1,1,4,7.1,4,0,5764.21,0.0,0,0.27,0,0,0,0,0,1,0,0,0,1,0,0,0,0,0,0,0,0,1,0,0,0,1,0,0,0,1,0,0,0,0,1,0,1,0,0,0,0,0,1,0,0,0,1,0,0,1
CLI-004474,5537.0,9,29,2,6.9,1,0.1,1,1,2,14,13.9,1,1,1125.49,0.01,0,0.04,0,0,0,0,1,0,0,0,0,1,0,0,0,0,1,0,0,0,0,0,0,1,0,0,0,0,1,0,0,0,1,0,0,0,0,0,1,0,0,1,0,0,0,1,0,1,0
CLI-000806,300.0,13,1,1,100.0,39,4.3,1,2,1,1,20.7,4,0,12.01,0.0,0,0.12,1,0,0,0,0,0,0,0,0,1,0,0,0,0,0,0,0,0,0,1,1,0,0,0,1,0,0,0,1,0,0,0,0,0,0,1,0,1,0,0,0,1,0,0,0,0,1
CLI-000540,7890.0,1,14,8,57.1,36,26.8,9,0,0,4,15.6,3,1,320.73,0.0,0,0.56,1,0,0,0,0,0,0,0,0,1,0,0,0,0,1,0,0,0,0,0,0,1,0,0,0,1,0,0,0,0,0,1,0,0,0,1,0,0,1,0,0,1,0,0,1,0,0
CLI-004387,2681.0,2,15,12,80.0,72,43.3,5,0,2,0,10.5,5,1,155.69,0.03,0,0.62,0,0,0,0,0,1,0,0,0,0,1,0,0,0,1,0,0,0,0,0,0,1,0,0,1,0,0,0,0,0,0,0,1,0,1,0,0,0,0,1,0,0,0,1,1,0,0
CLI-000001,1644.0,11,4,0,0.0,0,0.0,0,0,73,4,17.8,2,0,77.11,0.22,1,0.0,0,1,0,0,0,0,0,1,0,0,0,0,0,0,1,0,0,0,0,0,1,0,0,0,0,1,0,0,1,0,0,0,0,0,1,0,0,0,1,0,1,0,0,0,0,1,0
CLI-000848,1623.0,9,9,1,11.1,1,0.2,3,1,18,0,0.5,5,0,179.91,0.07,0,0.19,0,0,0,0,0,0,1,1,0,0,0,0,0,0,1,0,0,0,0,0,1,0,0,0,0,1,0,0,1,0,0,0,0,0,0,0,1,0,0,1,0,0,0,1,0,1,0
CLI-002667,536.0,16,4,2,50.0,34,25.6,5,0,1,0,23.6,3,0,46.68,0.0,0,0.62,0,0,1,0,0,0,0,0,0,0,1,0,0,0,0,0,0,0,0,1,1,0,0,0,1,0,0,0,0,0,0,0,1,0,0,0,1,1,0,0,0,0,0,1,0,0,1
CLI-004814,10304.0,9,52,21,50.0,6,2.4,0,2,0,2,10.5,2,2,546.33,0.0,0,0.0,0,0,0,0,0,0,1,1,0,0,0,0,0,0,1,0,0,0,0,0,0,1,0,0,1,0,0,0,1,0,0,0,0,0,0,1,0,0,1,0,0,0,0,1,0,1,0
CLI-001324,15671.0,7,18,7,38.9,11,0.6,6,2,5,0,4.2,4,2,502.92,0.02,0,0.38,0,0,0,1,0,0,0,0,1,0,0,0,0,0,0,0,0,0,0,1,0,1,0,0,0,1,0,0,0,0,0,1,0,0,1,0,0,1,0,0,0,0,0,1,0,1,0
CLI-002458,3832.0,8,9,5,55.6,35,16.9,13,3,0,1,3.5,3,1,389.45,0.0,0,0.5,0,0,0,1,0,0,0,0,0,1,0,0,0,0,0,0,0,1,0,0,1,0,0,0,0,0,1,0,1,0,0,0,0,0,0,0,1,0,1,0,0,1,0,0,0,1,0
CLI-003226,7674.0,17,10,2,20.0,1,0.1,1,0,16,7,6.0,3,0,425.4,0.03,0,0.04,0,0,0,0,0,0,1,0,1,0,0,0,0,0,1,0,0,0,0,0,1,0,0,0,0,0,1,0,0,1,0,0,0,0,0,1,0,0,0,1,0,0,0,1,0,0,1
CLI-004027,132688.0,8,204,93,45.6,17,5.65,4,2,5,0,7.0,5,0,5393.84,0.02,0,0.25,0,0,0,0,0,1,0,0,0,1,0,0,0,0,0,0,0,0,1,0,0,0,1,0,0,1,0,0,0,0,0,0,1,0,0,1,0,1,0,0,0,1,0,0,0,1,0
CLI-002682,959.0,1,5,1,20.0,1,0.1,0,0,11,9,35.1,1,0,61.58,0.37,0,0.0,0,0,1,0,0,0,0,1,0,0,0,0,0,0,1,0,0,0,0,0,1,0,0,0,1,0,0,0,0,0,0,0,1,0,0,0,1,0,1,0,0,0,0,1,1,0,0
CLI-003183,1200.0,1,8,4,50.0,7,5.65,4,0,16,5,33.6,2,4,86.09,0.53,0,0.5,0,0,1,0,0,0,0,1,0,0,0,0,0,0,0,0,0,1,0,0,1,0,0,0,1,0,0,0,1,0,0,0,0,0,0,0,1,0,0,1,0,0,0,1,1,0,0
CLI-001962,48011.0,10,53,50,94.3,115,106.5,13,1,3,0,10.1,4,0,1245.74,0.01,0,0.81,0,1,0,0,0,0,0,0,0,1,0,0,0,0,1,0,0,0,0,0,0,1,0,0,0,1,0,0,0,0,1,0,0,0,0,0,1,0,1,0,0,0,0,1,0,1,0
CLI-000786,4044.0,1,10,8,80.0,57,29.4,7,0,0,2,12.3,3,2,274.0,0.0,0,0.44,1,0,0,0,0,0,0,1,0,0,0,0,0,0,1,0,0,0,0,0,0,1,0,0,0,1,0,0,1,0,0,0,0,0,0,1,0,1,0,0,0,1,0,0,1,0,0
CLI-004249,81862.0,1,430,73,17.0,1,5.65,4,0,9,4,16.5,2,3,9075.64,0.3,0,0.25,0,0,1,0,0,0,0,0,0,1,0,0,0,0,1,0,0,0,0,0,0,0,0,1,0,1,0,0,0,1,0,0,0,0,1,0,0,0,0,1,1,0,0,0,1,0,0
CLI-000016,21200.0,1,136,20,14.7,1,0.2,4,0,26,2,4.9,3,3,3693.38,0.87,0,0.15,0,0,1,0,0,0,0,0,0,0,0,0,1,0,0,1,0,0,0,0,0,0,1,0,0,0,1,0,0,1,0,0,0,0,0,1,0,0,0,1,0,0,0,1,1,0,0
CLI-002080,54705.0,1,278,125,45.0,12,4.6,1,0,7,0,12.9,5,1,3511.22,0.23,0,0.12,0,0,0,0,1,0,0,0,0,0,0,1,0,0,0,1,0,0,0,0,0,0,0,1,1,0,0,0,0,0,1,0,0,0,0,1,0,1,0,0,0,0,0,1,1,0,0
CLI-001149,12258.0,6,11,9,81.8,68,34.7,3,3,2,3,10.5,4,1,155.72,0.01,0,0.38,0,1,0,0,0,0,0,0,0,0,0,0,1,0,1,0,0,0,0,0,1,0,0,0,1,0,0,0,0,0,1,0,0,0,1,0,0,1,0,0,0,0,1,0,0,1,0
CLI-000247,2755.0,12,32,20,50.0,18,0.9,6,3,0,3,10.5,3,0,480.0,0.0,0,0.38,0,0,0,0,1,0,0,0,1,0,0,0,0,0,1,0,0,0,0,0,0,1,0,0,0,1,0,0,1,0,0,0,0,1,0,0,0,0,0,1,0,0,0,1,0,1,0
CLI-001987,414.0,29,1,1,100.0,39,12.2,1,8,1,6,38.5,3,0,15.3,0.0,0,0.12,0,0,0,0,1,0,0,0,0,0,0,0,1,0,1,0,0,0,0,0,1,0,0,0,1,0,0,0,1,0,0,0,0,0,0,0,1,1,0,0,0,1,0,0,0,0,1
CLI-001637,29612.0,2,38,15,39.5,10,2.7,2,0,1,2,12.3,4,3,1128.49,0.02,0,0.12,1,0,0,0,0,0,0,0,0,0,0,0,1,0,0,0,0,0,0,1,0,1,0,0,0,1,0,0,0,0,1,0,0,0,0,0,1,0,1,0,0,0,0,1,1,0,0
CLI-001216,617.0,15,2,1,50.0,1,0.1,3,4,7,5,21.6,3,1,22.13,0.02,0,0.38,0,0,0,0,1,0,0,0,1,0,0,0,0,0,0,0,0,0,0,1,1,0,0,0,1,0,0,0,1,0,0,0,0,0,1,0,0,0,1,0,0,0,0,1,0,0,1
CLI-002656,323.0,6,6,1,16.7,1,0.1,0,0,30,9,40.9,2,0,56.26,0.17,1,0.0,0,1,0,0,0,0,0,1,0,0,0,0,0,0,0,0,0,1,0,0,1,0,0,0,1,0,0,0,1,0,0,0,0,0,0,1,0,0,1,0,1,0,0,0,0,1,0
CLI-003971,47337.0,23,46,25,54.3,36,15.1,7,4,0,6,16.9,3,0,1202.66,0.0,0,0.44,0,0,0,1,0,0,0,0,0,1,0,0,0,0,0,0,0,0,0,1,0,1,0,0,0,1,0,0,0,0,0,1,0,0,1,0,0,0,1,0,0,0,0,1,0,0,1
CLI-002610,172797.0,32,29,17,58.6,31,12.2,16,6,1,4,9.6,4,0,1756.07,0.0,0,0.62,0,0,0,0,0,0,1,0,0,0,1,0,0,0,0,0,0,0,1,0,0,1,0,0,0,0,1,0,0,0,1,0,0,0,1,0,0,0,0,1,0,0,0,1,0,0,1
CLI-002581,13086.0,17,13,10,50.0,44,6.7,15,2,1,3,8.7,2,0,638.33,0.0,0,0.58,0,0,0,0,0,0,1,1,0,0,0,0,0,0,1,0,0,0,0,0,0,1,0,0,0,0,1,0,0,0,0,1,0,0,1,0,0,0,0,1,0,0,0,1,0,0,1
CLI-002046,1003916.0,4,844,533,63.2,14,3.5,22,1,0,2,3.7,4,2,68015.99,0.0,0,0.55,0,0,0,0,0,0,1,1,0,0,0,0,0,0,1,0,0,0,0,0,0,0,0,1,0,0,0,1,0,0,0,1,0,1,0,0,0,1,0,0,0,0,0,1,0,1,0
CLI-000435,561.0,5,2,1,50.0,31,16.2,3,0,1,2,21.9,4,1,28.49,0.01,0,0.38,0,0,0,1,0,0,0,1,0,0,0,0,0,0,1,0,0,0,0,0,1,0,0,0,1,0,0,0,0,0,0,1,0,0,0,1,0,0,1,0,0,0,0,1,0,1,0
CLI-002111,32106.0,1,16,14,87.5,55,31.4,15,1,2,2,1.7,2,1,1350.11,0.07,0,0.38,0,0,0,0,1,0,0,0,0,1,0,0,0,0,1,0,0,0,0,0,0,1,0,0,0,0,0,1,0,1,0,0,0,0,0,1,0,0,1,0,1,0,0,0,1,0,0
CLI-000873,58705.0,21,70,40,57.1,17,6.4,10,2,4,4,5.6,3,0,3254.13,0.01,0,0.38,0,0,1,0,0,0,0,1,0,0,0,0,0,0,1,0,0,0,0,0,0,0,1,0,0,0,1,0,0,0,1,0,0,0,0,0,1,1,0,0,0,0,0,1,0,0,1
CLI-003602,2638.0,13,22,7,31.8,1,0.6,3,3,3,1,19.7,4,0,268.08,0.01,0,0.38,1,0,0,0,0,0,0,0,0,1,0,0,0,0,1,0,0,0,0,0,0,1,0,0,1,0,0,0,0,1,0,0,0,0,0,0,1,0,0,1,0,0,1,0,0,0,1
CLI-003623,139998.0,8,397,54,13.6,1,0.1,6,0,1,1,1.3,4,0,28454.81,0.0,0,0.15,0,0,0,0,1,0,0,0,0,0,1,0,0,0,0,0,0,0,1,0,0,0,0,1,0,0,0,1,1,0,0,0,0,0,0,0,1,1,0,0,0,0,0,1,0,1,0
CLI-000999,17180.0,11,37,14,37.8,9,2.4,9,2,4,4,9.2,3,0,952.33,0.01,0,0.56,0,0,0,0,0,1,0,0,0,0,0,1,0,0,0,0,1,0,0,0,0,1,0,0,0,1,0,0,0,0,1,0,0,0,0,0,1,0,1,0,1,0,0,0,0,1,0
CLI-001026,32532.0,1,24,4,16.7,4,1.6,3,0,0,5,16.2,2,3,515.23,0.0,0,0.19,0,0,0,0,1,0,0,0,0,0,1,0,0,0,1,0,0,0,0,0,0,1,0,0,0,1,0,0,0,0,0,0,1,0,1,0,0,1,0,0,1,0,0,0,1,0,0
CLI-002258,1431.0,20,11,8,72.7,55,17.0,3,7,3,4,21.8,4,0,134.21,0.0,0,0.38,0,1,0,0,0,0,0,1,0,0,0,0,0,0,1,0,0,0,0,0,1,0,0,0,1,0,0,0,0,0,1,0,0,0,0,0,1,0,0,1,0,0,0,1,0,0,1
CLI-001871,9326.0,6,42,22,52.4,20,9.8,2,3,0,2,28.4,3,1,516.96,0.0,0,0.25,0,0,0,0,0,1,0,1,0,0,0,0,0,0,1,0,0,0,0,0,0,1,0,0,1,0,0,0,1,0,0,0,0,1,0,0,0,1,0,0,0,0,0,1,0,1,0
CLI-003542,232267.0,8,179,73,40.8,19,1.0,0,0,1,0,4.0,5,2,4496.08,0.0,0,0.0,0,1,0,0,0,0,0,0,0,0,1,0,0,0,0,1,0,0,0,0,0,0,1,0,0,1,0,0,0,0,0,1,0,0,0,0,1,1,0,0,0,0,0,1,0,1,0
CLI-000667,410746.0,7,168,157,93.5,72,41.8,34,1,2,0,2.5,4,1,14732.63,0.01,0,0.85,0,0,1,0,0,0,0,1,0,0,0,0,0,0,1,0,0,0,0,0,0,0,1,0,0,0,0,1,0,1,0,0,0,0,0,1,0,1,0,0,0,0,0,1,0,1,0
CLI-004830,287737.0,14,834,290,34.8,5,0.8,5,6,2,0,5.0,3,0,19494.35,0.0,0,0.31,0,0,1,0,0,0,0,1,0,0,0,0,0,0,1,0,0,0,0,0,0,0,0,1,0,1,0,0,0,1,0,0,0,0,1,0,0,0,1,0,0,0,0,1,0,0,1
CLI-003262,9675.0,13,12,8,50.0,13,0.7,14,0,1,5,11.6,4,0,536.3,0.0,0,0.54,0,0,0,0,1,0,0,0,0,0,1,0,0,0,0,0,0,0,1,0,0,1,0,0,0,0,1,0,0,0,0,0,1,1,0,0,0,0,1,0,0,0,0,1,0,0,1
CLI-003355,6642.0,23,12,7,58.3,35,24.1,3,2,1,3,12.8,3,0,385.71,0.0,0,0.19,0,1,0,0,0,0,0,0,0,1,0,0,0,0,0,0,0,1,0,0,0,1,0,0,0,1,0,0,0,1,0,0,0,0,0,0,1,1,0,0,0,1,0,0,0,0,1
CLI-004198,1740.0,22,11,9,81.8,64,36.2,6,3,1,2,35.6,3,0,163.23,0.0,0,0.75,0,0,0,0,1,0,0,0,1,0,0,0,0,0,0,0,1,0,0,0,1,0,0,0,1,0,0,0,1,0,0,0,0,0,0,0,1,0,1,0,0,0,0,1,0,0,1
CLI-003972,34271.0,8,9,4,44.4,5,5.65,11,3,12,3,9.5,3,1,485.97,0.05,0,0.42,0,0,0,0,0,1,0,0,1,0,0,0,0,0,1,0,0,0,0,0,0,1,0,0,0,0,1,0,1,0,0,0,0,0,1,0,0,0,1,0,0,1,0,0,0,1,0
CLI-000425,29349.0,10,24,19,50.0,30,9.0,8,2,1,5,10.5,2,0,1084.59,0.0,0,0.31,0,1,0,0,0,0,0,0,0,1,0,0,0,0,1,0,0,0,0,0,0,1,0,0,0,0,1,0,0,0,1,0,0,0,0,0,1,0,1,0,1,0,0,0,0,1,0
CLI-000099,300.0,14,7,5,71.4,45,28.3,4,3,0,1,22.1,3,1,62.76,0.0,0,0.5,0,0,0,0,0,1,0,0,0,0,1,0,0,0,1,0,0,0,0,0,1,0,0,0,1,0,0,0,1,0,0,0,0,1,0,0,0,0,1,0,0,0,0,1,0,0,1
CLI-000476,19083.0,5,34,31,91.2,71,32.2,10,0,1,2,8.0,4,2,1057.81,0.01,0,0.62,0,0,0,1,0,0,0,0,0,1,0,0,0,0,0,0,0,0,0,1,0,1,0,0,0,1,0,0,0,0,0,1,0,0,0,0,1,0,1,0,0,1,0,0,0,1,0
CLI-000913,13285.0,5,24,22,91.7,90,57.5,8,1,1,3,16.0,2,0,623.11,0.01,0,0.5,0,1,0,0,0,0,0,0,0,1,0,0,0,0,0,0,1,0,0,0,0,1,0,0,0,1,0,0,0,0,0,1,0,0,1,0,0,0,1,0,0,0,0,1,0,1,0
CLI-002355,43158.0,10,43,31,72.1,29,4.0,15,3,1,3,4.8,3,1,2024.31,0.0,0,0.58,0,0,0,0,1,0,0,0,0,0,0,0,0,1,1,0,0,0,0,0,0,1,0,0,0,0,1,0,1,0,0,0,0,0,0,1,0,0,1,0,0,0,0,1,0,1,0
CLI-004147,7727.0,16,18,15,83.3,53,40.5,8,3,0,1,10.5,4,0,495.95,0.0,0,0.5,0,0,0,0,1,0,0,0,0,1,0,0,0,0,1,0,0,0,0,0,0,1,0,0,0,1,0,0,0,0,0,0,1,0,0,1,0,1,0,0,0,0,0,1,0,0,1
CLI-003661,1389.0,1,8,4,50.0,23,14.6,3,0,0,0,20.9,4,0,94.12,0.0,0,0.38,0,0,0,1,0,0,0,0,0,1,0,0,0,0,1,0,0,0,0,0,1,0,0,0,1,0,0,0,1,0,0,0,0,0,0,1,0,0,1,0,0,0,0,1,1,0,0
CLI-003111,1021.0,30,11,3,27.3,1,0.4,3,2,0,8,35.3,3,0,103.81,0.0,0,0.38,0,0,0,0,1,0,0,0,0,0,0,1,0,0,1,0,0,0,0,0,1,0,0,0,1,0,0,0,0,1,0,0,0,0,1,0,0,0,0,1,1,0,0,0,0,0,1
CLI-002050,725200.0,17,619,120,19.4,3,0.4,10,5,2,8,2.6,2,0,55274.4,0.0,0,0.25,0,0,0,0,1,0,0,0,0,0,1,0,0,0,1,0,0,0,0,0,0,0,0,1,0,0,0,1,0,0,1,0,0,0,0,1,0,0,0,1,0,0,0,1,0,0,1
CLI-003633,39234.0,21,32,21,65.6,18,4.8,2,3,3,0,5.3,5,0,976.45,0.0,0,0.12,0,0,0,0,1,0,0,0,0,1,0,0,0,0,1,0,0,0,0,0,0,1,0,0,0,1,0,0,0,0,1,0,0,0,1,0,0,0,1,0,0,0,1,0,0,0,1
CLI-001292,32088.0,8,53,5,9.4,1,0.1,3,1,0,3,10.5,3,0,2608.78,0.0,0,0.12,1,0,0,0,0,0,0,1,0,0,0,0,0,0,1,0,0,0,0,0,0,1,0,0,0,0,1,0,0,0,1,0,0,0,0,1,0,1,0,0,0,0,0,1,0,1,0
CLI-002773,75263.0,10,84,59,70.2,45,9.6,7,4,2,1,12.2,5,1,2086.0,0.01,0,0.44,0,0,0,1,0,0,0,0,1,0,0,0,0,0,1,0,0,0,0,0,0,0,1,0,0,1,0,0,0,0,0,0,1,0,0,1,0,1,0,0,0,0,1,0,0,1,0
CLI-001941,2345.0,20,7,5,71.4,32,14.3,10,3,0,4,17.6,4,0,178.71,0.0,0,0.62,0,0,0,0,1,0,0,1,0,0,0,0,0,0,0,0,0,0,0,1,0,1,0,0,0,1,0,0,1,0,0,0,0,0,0,1,0,0,1,0,0,0,0,1,0,0,1
CLI-003931,28708.0,19,42,8,19.0,4,1.5,4,8,11,0,8.1,4,0,1060.91,0.02,0,0.25,0,0,0,0,0,0,1,0,0,1,0,0,0,0,0,0,0,1,0,0,0,1,0,0,0,1,0,0,0,0,0,1,0,0,0,1,0,0,1,0,1,0,0,0,0,0,1
CLI-000813,614.0,1,11,1,9.1,1,0.1,0,0,2,3,25.9,3,3,93.65,0.07,0,0.0,0,0,0,0,0,1,0,0,0,0,0,0,0,1,0,1,0,0,0,0,1,0,0,0,1,0,0,0,1,0,0,0,0,1,0,0,0,0,1,0,0,0,0,1,1,0,0
CLI-002637,61375.0,9,617,294,47.6,28,16.4,6,5,0,2,14.2,3,2,14969.49,0.0,0,0.38,0,0,0,0,0,0,1,1,0,0,0,0,0,0,1,0,0,0,0,0,0,0,0,1,0,1,0,0,1,0,0,0,0,0,0,1,0,0,0,1,0,0,0,1,0,1,0
CLI-001084,14752.0,1,116,20,17.2,1,0.2,4,1,1,0,3.0,3,0,2998.43,0.03,0,0.25,0,0,0,0,0,0,1,0,0,0,0,1,0,0,1,0,0,0,0,0,0,0,1,0,0,1,0,0,0,1,0,0,0,1,0,0,0,0,0,1,0,0,0,1,1,0,0
CLI-003458,300.0,16,2,1,50.0,5,1.2,2,2,1,0,0.5,5,0,24.52,0.0,0,0.25,1,0,0,0,0,0,0,0,0,0,0,1,0,0,0,0,0,1,0,0,1,0,0,0,1,0,0,0,0,0,1,0,0,1,0,0,0,1,0,0,0,0,1,0,0,0,1
CLI-003232,205505.0,1,218,73,33.5,9,2.4,16,0,1,1,1.3,3,4,16707.69,0.03,0,0.4,0,0,0,0,0,0,1,0,0,1,0,0,0,0,1,0,0,0,0,0,0,0,0,1,0,0,0,1,1,0,0,0,0,0,1,0,0,0,0,1,0,1,0,0,1,0,0
CLI-004927,3646.0,2,54,0,0.0,0,0.0,0,0,60,0,24.3,5,2,555.83,1.0,1,0.0,1,0,0,0,0,0,0,0,0,1,0,0,0,0,1,0,0,0,0,0,0,1,0,0,1,0,0,0,0,0,0,1,0,1,0,0,0,0,1,0,1,0,0,0,1,0,0
CLI-002954,199166.0,25,170,131,77.1,40,10.0,3,3,0,5,5.7,3,0,8674.47,0.0,0,0.12,0,0,0,1,0,0,0,0,0,1,0,0,0,0,1,0,0,0,0,0,0,0,1,0,0,0,1,0,0,0,1,0,0,0,0,0,1,0,0,1,0,0,0,1,0,0,1
CLI-002999,35417.0,19,44,21,47.7,11,4.0,10,3,1,5,8.4,3,0,2159.6,0.0,0,0.38,0,0,0,0,0,1,0,0,0,0,1,0,0,0,1,0,0,0,0,0,0,0,1,0,0,0,1,0,0,1,0,0,0,0,0,0,1,1,0,0,0,1,0,0,0,0,1
CLI-004991,386480.0,8,829,341,41.1,14,5.65,15,2,2,3,7.5,3,0,39276.39,0.01,0,0.58,1,0,0,0,0,0,0,0,0,1,0,0,0,0,0,1,0,0,0,0,0,0,0,1,0,0,1,0,0,0,1,0,0,0,0,0,1,0,0,1,0,1,0,0,0,1,0
CLI-003852,163668.0,22,184,118,64.1,34,5.3,10,6,0,3,15.8,4,0,5394.46,0.0,0,0.62,0,0,0,0,1,0,0,0,0,1,0,0,0,0,1,0,0,0,0,0,0,0,1,0,0,1,0,0,0,1,0,0,0,1,0,0,0,1,0,0,0,0,0,1,0,0,1
CLI-004940,6495.0,3,10,7,70.0,36,20.0,8,0,1,1,13.6,4,4,316.83,0.01,0,0.5,1,0,0,0,0,0,0,0,0,1,0,0,0,0,0,1,0,0,0,0,1,0,0,0,0,1,0,0,0,0,0,1,0,0,1,0,0,0,0,1,0,1,0,0,1,0,0
CLI-000597,58315.0,15,41,23,56.1,35,23.5,13,7,0,1,5.0,5,0,2031.89,0.0,0,0.5,0,0,0,0,0,1,0,1,0,0,0,0,0,0,1,0,0,0,0,0,0,0,1,0,0,0,1,0,1,0,0,0,0,0,0,0,1,1,0,0,0,0,0,1,0,0,1
CLI-002155,2720.0,11,5,4,80.0,69,51.0,7,0,0,4,9.6,4,0,125.0,0.0,0,0.44,0,0,1,0,0,0,0,0,0,0,0,0,0,1,1,0,0,0,0,0,1,0,0,0,0,1,0,0,1,0,0,0,0,0,1,0,0,1,0,0,0,0,0,1,0,1,0
CLI-002723,530.0,9,6,2,33.3,1,0.1,2,3,30,1,15.5,4,0,71.87,0.11,1,0.25,0,0,0,0,1,0,0,0,0,0,0,0,0,1,0,0,0,0,0,1,1,0,0,0,1,0,0,0,1,0,0,0,0,1,0,0,0,0,1,0,0,1,0,0,0,1,0
CLI-000230,435.0,6,2,1,50.0,19,16.2,4,0,0,2,10.5,4,0,25.28,0.0,0,0.5,0,0,0,0,0,1,0,0,1,0,0,0,0,0,0,0,0,0,0,1,1,0,0,0,1,0,0,0,1,0,0,0,0,0,1,0,0,0,0,1,0,0,0,1,0,1,0
CLI-004653,8753.0,16,11,2,18.2,1,0.2,2,2,3,3,25.5,3,0,148.25,0.01,0,0.25,0,0,0,0,0,0,1,0,0,1,0,0,0,0,1,0,0,0,0,0,1,0,0,0,1,0,0,0,0,0,0,0,1,0,0,0,1,0,0,1,0,0,0,1,0,0,1
CLI-002410,3350.0,16,9,6,66.7,49,28.8,8,5,1,4,10.5,4,0,204.28,0.0,0,0.5,0,0,0,0,0,1,0,0,0,0,0,1,0,0,0,1,0,0,0,0,1,0,0,0,0,1,0,0,0,0,0,1,0,0,0,1,0,0,0,1,0,0,0,1,0,0,1
CLI-002055,51507.0,5,17,10,58.8,35,19.1,28,0,3,3,4.6,4,2,1395.86,0.02,0,0.7,0,1,0,0,0,0,0,0,0,1,0,0,0,0,0,0,0,0,1,0,0,1,0,0,0,0,0,1,0,0,1,0,0,1,0,0,0,1,0,0,0,0,0,1,0,1,0
CLI-000755,22082.0,8,32,0,0.0,0,0.0,0,0,31,1,7.6,5,1,1035.72,0.13,1,0.0,0,0,0,1,0,0,0,0,0,0,0,0,0,1,1,0,0,0,0,0,0,1,0,0,0,1,0,0,0,0,0,0,1,0,1,0,0,0,0,1,1,0,0,0,0,1,0
CLI-002943,79853.0,19,44,28,63.6,30,14.4,10,3,0,0,2.3,4,0,2264.69,0.0,0,0.38,1,0,0,0,0,0,0,1,0,0,0,0,0,0,1,0,0,0,0,0,0,0,1,0,0,0,1,0,0,0,0,0,1,1,0,0,0,1,0,0,0,0,1,0,0,0,1
CLI-001623,1779.0,14,5,1,20.0,1,0.2,3,1,13,4,11.6,3,0,120.54,0.03,0,0.19,0,0,0,0,0,0,1,0,0,1,0,0,0,0,1,0,0,0,0,0,1,0,0,0,0,1,0,0,1,0,0,0,0,1,0,0,0,0,0,1,1,0,0,0,0,0,1
CLI-001428,8780.0,19,11,3,27.3,5,3.0,2,5,1,0,11.9,4,0,159.81,0.0,0,0.25,0,1,0,0,0,0,0,1,0,0,0,0,0,0,0,0,0,0,0,1,1,0,0,0,1,0,0,0,0,0,1,0,0,1,0,0,0,0,1,0,0,0,0,1,0,0,1
CLI-001784,701.0,1,7,5,71.4,44,20.8,7,0,0,4,11.6,3,0,142.55,0.0,0,0.44,0,0,0,0,1,0,0,0,0,1,0,0,0,0,1,0,0,0,0,0,1,0,0,0,0,1,0,0,0,1,0,0,0,1,0,0,0,0,0,1,0,0,0,1,1,0,0
CLI-003453,20220.0,22,16,15,93.8,114,99.1,14,8,1,1,6.3,5,0,524.65,0.0,0,0.88,1,0,0,0,0,0,0,0,0,1,0,0,0,0,1,0,0,0,0,0,0,1,0,0,0,1,0,0,1,0,0,0,0,0,1,0,0,0,1,0,0,0,1,0,0,0,1
CLI-002809,55758.0,10,58,36,62.1,29,16.1,14,3,1,1,7.8,3,0,2610.0,0.0,0,0.54,0,0,0,0,0,0,1,0,0,1,0,0,0,0,1,0,0,0,0,0,0,1,0,0,0,0,1,0,1,0,0,0,0,0,1,0,0,0,1,0,0,0,0,1,0,1,0
CLI-001833,3397.0,17,38,22,57.9,30,18.6,1,2,2,0,3.1,5,0,414.22,0.0,0,0.12,1,0,0,0,0,0,0,0,1,0,0,0,0,0,0,1,0,0,0,0,0,1,0,0,1,0,0,0,1,0,0,0,0,0,0,0,1,0,1,0,0,0,1,0,0,0,1
CLI-000292,300.0,11,1,1,100.0,77,39.3,7,2,0,9,19.6,1,1,25.16,0.0,0,0.44,0,0,0,0,1,0,0,0,0,0,1,0,0,0,1,0,0,0,0,0,1,0,0,0,0,1,0,0,0,0,1,0,0,0,0,1,0,0,1,0,0,0,0,1,0,1,0
CLI-001755,1092.0,10,8,3,37.5,8,4.6,2,2,0,1,10.5,3,0,95.1,0.0,0,0.25,1,0,0,0,0,0,0,1,0,0,0,0,0,0,0,1,0,0,0,0,1,0,0,0,1,0,0,0,0,0,0,0,1,0,0,1,0,0,0,1,0,0,0,1,0,1,0
CLI-000800,1523.0,1,11,5,45.5,1,0.3,9,0,11,4,6.7,2,0,464.47,0.37,0,0.35,0,0,1,0,0,0,0,0,0,1,0,0,0,0,0,1,0,0,0,0,0,1,0,0,0,0,1,0,0,0,0,0,1,0,0,1,0,0,0,1,1,0,0,0,1,0,0
CLI-001960,10710.0,26,20,0,0.0,0,0.0,0,0,53,0,1.2,5,0,567.89,0.07,1,0.0,0,0,0,1,0,0,0,0,0,1,0,0,0,0,0,0,0,1,0,0,0,1,0,0,0,1,0,0,0,0,0,0,1,0,0,1,0,0,0,1,0,0,0,1,0,0,1
CLI-003235,1752.0,2,8,6,75.0,89,21.0,10,1,0,0,13.2,4,0,237.43,0.0,0,0.62,0,0,0,0,0,1,0,0,0,0,0,0,0,1,1,0,0,0,0,0,1,0,0,0,0,1,0,0,0,1,0,0,0,0,0,1,0,0,1,0,0,0,0,1,1,0,0
CLI-003441,1064.0,11,2,2,100.0,56,35.2,9,1,4,1,12.3,3,3,51.89,0.01,0,0.56,0,0,0,0,0,0,1,0,0,0,0,0,0,1,0,0,0,1,0,0,1,0,0,0,0,1,0,0,0,0,1,0,0,1,0,0,0,1,0,0,0,0,0,1,0,1,0
CLI-003650,1130.0,17,3,2,66.7,41,33.6,3,4,0,0,16.1,5,0,38.27,0.0,0,0.38,0,0,0,0,0,1,0,0,0,0,1,0,0,0,1,0,0,0,0,0,1,0,0,0,1,0,0,0,0,0,0,0,1,0,0,1,0,0,0,1,0,0,1,0,0,0,1
CLI-004812,161413.0,5,181,70,38.7,1,0.2,6,1,7,3,4.8,4,1,8145.0,0.05,0,0.23,0,0,1,0,0,0,0,1,0,0,0,0,0,0,1,0,0,0,0,0,0,0,0,1,0,0,1,0,0,1,0,0,0,0,0,0,1,1,0,0,0,0,0,1,0,1,0
CLI-003419,1878.0,7,5,4,80.0,29,7.5,5,0,1,0,8.9,5,1,120.57,0.0,0,0.31,0,1,0,0,0,0,0,0,0,0,0,0,0,1,1,0,0,0,0,0,1,0,0,0,0,1,0,0,0,0,1,0,0,0,1,0,0,1,0,0,0,0,0,1,0,1,0
CLI-004644,890.0,1,6,3,50.0,13,5.1,2,0,3,4,27.7,3,0,67.87,0.1,0,0.25,0,1,0,0,0,0,0,0,0,0,0,1,0,0,0,0,0,0,0,1,1,0,0,0,1,0,0,0,0,0,0,0,1,0,0,0,1,0,0,1,0,0,0,1,1,0,0
CLI-001327,2415.0,1,9,7,77.8,45,15.9,2,0,0,5,26.8,4,0,109.08,0.0,0,0.25,0,0,0,1,0,0,0,0,0,0,0,0,0,1,0,0,0,1,0,0,1,0,0,0,1,0,0,0,0,1,0,0,0,0,0,1,0,1,0,0,0,1,0,0,1,0,0
CLI-001757,17123.0,20,58,22,37.9,4,0.5,5,2,4,2,15.8,2,0,1392.14,0.01,0,0.31,0,0,0,0,0,1,0,1,0,0,0,0,0,0,0,1,0,0,0,0,0,1,0,0,0,1,0,0,1,0,0,0,0,0,0,1,0,0,0,1,1,0,0,0,0,0,1
CLI-002082,104220.0,17,55,44,80.0,28,18.4,23,6,0,5,4.9,5,0,4707.33,0.0,0,0.57,0,0,0,0,0,0,1,0,1,0,0,0,0,0,1,0,0,0,0,0,0,1,0,0,0,0,0,1,0,0,1,0,0,0,1,0,0,0,0,1,0,0,1,0,0,0,1
CLI-002117,1155.0,5,1,1,100.0,51,22.4,4,2,1,3,23.2,3,3,11.74,0.01,0,0.5,0,0,0,0,1,0,0,0,0,1,0,0,0,0,0,0,0,1,0,0,1,0,0,0,1,0,0,0,1,0,0,0,0,0,0,1,0,0,0,1,0,0,0,1,0,1,0
CLI-001612,7018.0,12,4,2,50.0,30,9.7,1,3,2,3,4.6,4,0,194.51,0.01,0,0.04,0,0,1,0,0,0,0,1,0,0,0,0,0,0,1,0,0,0,0,0,1,0,0,0,0,0,1,0,1,0,0,0,0,0,1,0,0,1,0,0,0,0,0,1,0,1,0
CLI-002204,3082.0,1,6,3,50.0,32,11.0,11,0,1,0,1.6,5,1,250.53,0.03,0,0.42,0,0,0,0,1,0,0,0,0,0,0,1,0,0,0,0,0,1,0,0,0,1,0,0,0,0,1,0,1,0,0,0,0,0,0,1,0,1,0,0,0,0,0,1,1,0,0
CLI-002167,372348.0,23,205,120,58.5,21,5.65,15,2,2,9,8.3,1,1,9871.37,0.0,0,0.58,1,0,0,0,0,0,0,0,0,1,0,0,0,0,1,0,0,0,0,0,0,0,1,0,0,0,1,0,0,0,0,1,0,0,0,0,1,0,0,1,0,0,0,1,0,0,1
CLI-004845,1817.0,9,4,2,50.0,9,5.7,3,2,2,1,6.7,3,0,110.79,0.01,0,0.19,0,0,0,0,0,1,0,1,0,0,0,0,0,0,0,0,0,0,0,1,1,0,0,0,0,1,0,0,0,1,0,0,0,1,0,0,0,0,1,0,0,0,0,1,0,1,0
CLI-003520,14919.0,5,37,21,56.8,18,8.8,7,2,1,0,11.3,4,0,827.0,0.01,0,0.44,0,0,1,0,0,0,0,0,0,1,0,0,0,0,1,0,0,0,0,0,0,1,0,0,0,1,0,0,0,0,1,0,0,0,0,0,1,0,0,1,0,0,0,1,0,1,0
CLI-004313,24432.0,10,102,0,0.0,0,0.0,0,0,82,6,26.7,2,0,1103.52,0.27,1,0.0,0,0,0,0,0,1,0,1,0,0,0,0,0,0,0,0,1,0,0,0,0,0,1,0,1,0,0,0,0,0,0,0,1,1,0,0,0,0,0,1,1,0,0,0,0,1,0
CLI-002254,1011.0,13,13,0,0.0,0,0.0,0,0,57,5,18.0,2,0,308.37,0.15,1,0.0,0,0,0,0,0,0,1,0,0,1,0,0,0,0,1,0,0,0,0,0,0,1,0,0,0,1,0,0,1,0,0,0,0,0,1,0,0,0,1,0,1,0,0,0,0,0,1
CLI-003408,4216.0,4,8,6,75.0,83,44.6,6,1,0,7,10.5,4,1,200.0,0.0,0,0.38,0,0,0,0,1,0,0,0,0,0,0,1,0,0,1,0,0,0,0,0,1,0,0,0,0,1,0,0,1,0,0,0,0,0,1,0,0,0,1,0,1,0,0,0,0,1,0
CLI-000380,1438.0,18,11,2,18.2,3,1.1,1,2,3,3,25.3,4,0,134.9,0.01,0,0.12,0,0,0,1,0,0,0,0,0,0,1,0,0,0,0,0,0,1,0,0,1,0,0,0,1,0,0,0,0,0,0,1,0,1,0,0,0,1,0,0,0,0,0,1,0,0,1
CLI-003597,38241.0,1,54,15,27.8,2,0.6,14,0,9,1,3.7,4,4,3886.31,0.3,0,0.35,0,0,0,0,0,1,0,1,0,0,0,0,0,0,1,0,0,0,0,0,0,1,0,0,0,0,0,1,1,0,0,0,0,1,0,0,0,0,0,1,0,0,0,1,1,0,0
CLI-004368,10934.0,18,52,13,25.0,3,0.7,6,5,0,2,7.1,4,0,1111.18,0.0,0,0.38,0,1,0,0,0,0,0,0,1,0,0,0,0,0,1,0,0,0,0,0,0,1,0,0,0,1,0,0,0,1,0,0,0,0,0,1,0,0,0,1,0,0,0,1,0,0,1
CLI-004636,66481.0,1,59,44,74.6,26,18.8,16,0,1,3,2.5,3,0,3860.71,0.03,0,0.4,0,0,0,0,0,0,1,0,0,0,1,0,0,0,1,0,0,0,0,0,0,1,0,0,0,0,0,1,0,0,0,1,0,0,0,0,1,1,0,0,0,0,0,1,1,0,0
CLI-001668,37248.0,8,37,14,37.8,3,1.6,5,2,2,7,6.7,2,0,1566.34,0.01,0,0.19,0,0,0,0,0,1,0,0,0,0,0,1,0,0,1,0,0,0,0,0,0,1,0,0,0,0,1,0,0,0,0,0,1,0,1,0,0,0,0,1,0,0,0,1,0,1,0
CLI-004969,6068.0,12,35,6,17.1,1,0.5,4,1,30,0,6.9,4,0,924.98,0.08,1,0.25,0,0,0,0,0,0,1,1,0,0,0,0,0,0,1,0,0,0,0,0,0,1,0,0,0,1,0,0,1,0,0,0,0,0,0,1,0,1,0,0,0,0,0,1,0,1,0
CLI-003080,4532.0,17,33,28,84.8,95,70.6,12,6,0,1,4.4,3,0,1381.69,0.0,0,0.46,0,0,1,0,0,0,0,0,0,1,0,0,0,0,1,0,0,0,0,0,0,1,0,0,0,0,1,0,0,1,0,0,0,1,0,0,0,0,1,0,0,0,1,0,0,0,1
CLI-002424,4778.0,6,11,6,54.5,17,2.4,6,2,1,1,9.5,3,0,264.86,0.01,0,0.38,1,0,0,0,0,0,0,0,0,0,1,0,0,0,0,0,0,0,0,1,1,0,0,0,0,1,0,0,1,0,0,0,0,1,0,0,0,0,0,1,0,1,0,0,0,1,0
CLI-000563,237267.0,25,95,65,68.4,57,23.2,13,5,1,0,4.2,3,0,5166.96,0.0,0,0.5,0,0,0,1,0,0,0,0,0,0,0,0,0,1,1,0,0,0,0,0,0,0,1,0,0,0,1,0,0,0,1,0,0,0,0,1,0,0,1,0,0,0,1,0,0,0,1
CLI-002435,25078.0,5,59,47,50.0,57,35.0,5,1,3,0,10.5,5,1,1529.13,0.02,0,0.31,0,0,0,0,0,0,1,0,1,0,0,0,0,0,1,0,0,0,0,0,0,1,0,0,0,1,0,0,0,0,0,0,1,0,0,0,1,0,0,1,0,0,0,1,0,1,0
CLI-000569,2378.0,14,10,2,20.0,5,1.1,1,3,2,1,20.0,3,0,131.82,0.0,0,0.12,0,0,0,0,1,0,0,1,0,0,0,0,0,0,0,0,0,0,0,1,0,1,0,0,1,0,0,0,0,0,1,0,0,0,1,0,0,0,0,1,0,0,0,1,0,0,1
CLI-001627,2418.0,33,2,1,50.0,25,21.7,14,4,2,4,8.4,2,0,92.15,0.0,0,0.54,0,1,0,0,0,0,0,0,0,0,0,0,0,1,1,0,0,0,0,0,1,0,0,0,0,0,1,0,0,1,0,0,0,1,0,0,0,0,1,0,1,0,0,0,0,0,1
CLI-004367,2881.0,1,20,12,60.0,39,18.3,4,0,2,8,16.0,2,2,439.21,0.07,0,0.25,0,0,0,1,0,0,0,0,1,0,0,0,0,0,1,0,0,0,0,0,0,1,0,0,0,1,0,0,0,0,0,0,1,0,0,0,1,0,1,0,0,0,0,1,1,0,0
CLI-003841,8399.0,10,13,12,92.3,107,72.6,18,4,0,6,10.5,4,0,512.14,0.0,0,0.69,0,0,0,0,0,1,0,0,0,0,0,1,0,0,0,1,0,0,0,0,0,1,0,0,0,0,1,0,1,0,0,0,0,1,0,0,0,1,0,0,0,0,1,0,0,1,0
CLI-002276,31142.0,4,45,12,26.7,1,5.65,15,2,1,5,4.3,3,3,3797.79,0.01,0,0.38,0,1,0,0,0,0,0,0,0,0,0,0,1,0,1,0,0,0,0,0,0,1,0,0,0,0,0,1,0,0,0,0,1,1,0,0,0,0,0,1,0,0,0,1,0,1,0
CLI-004943,300.0,1,4,1,25.0,5,1.5,2,0,5,10,43.5,1,3,44.01,0.17,0,0.25,0,1,0,0,0,0,0,1,0,0,0,0,0,0,1,0,0,0,0,0,1,0,0,0,1,0,0,0,0,0,1,0,0,1,0,0,0,1,0,0,1,0,0,0,1,0,0
CLI-004038,124859.0,19,107,59,55.1,30,21.9,13,2,0,3,9.3,2,0,4758.36,0.0,0,0.5,0,0,0,0,0,0,1,0,0,1,0,0,0,0,1,0,0,0,0,0,0,0,1,0,0,0,1,0,0,1,0,0,0,0,0,1,0,1,0,0,1,0,0,0,0,0,1
CLI-002853,24111.0,13,107,29,27.1,5,0.2,6,2,15,2,5.4,4,1,2673.08,0.04,0,0.38,0,1,0,0,0,0,0,0,0,1,0,0,0,0,1,0,0,0,0,0,0,0,1,0,0,1,0,0,0,1,0,0,0,0,1,0,0,1,0,0,0,1,0,0,0,0,1
CLI-002484,511.0,16,2,1,50.0,25,16.1,10,2,0,2,15.0,4,0,44.5,0.0,0,0.62,0,0,0,0,0,1,0,0,1,0,0,0,0,0,0,0,0,0,1,0,1,0,0,0,0,1,0,0,1,0,0,0,0,0,1,0,0,0,0,1,0,0,0,1,0,0,1
CLI-002313,1879.0,24,2,1,50.0,7,1.8,6,6,3,5,14.7,2,0,61.93,0.0,0,0.38,0,0,0,1,0,0,0,0,0,1,0,0,0,0,1,0,0,0,0,0,1,0,0,0,0,1,0,0,0,0,0,1,0,1,0,0,0,0,1,0,0,0,0,1,0,0,1
CLI-000170,992.0,3,25,22,88.0,71,45.5,3,0,0,3,27.2,3,3,241.98,0.0,0,0.38,0,1,0,0,0,0,0,1,0,0,0,0,0,0,0,0,0,1,0,0,0,1,0,0,1,0,0,0,0,1,0,0,0,0,0,1,0,0,0,1,0,0,0,1,1,0,0
CLI-004895,30164.0,1,19,15,78.9,69,45.0,17,0,5,11,6.3,3,3,1021.8,0.17,0,0.65,0,0,1,0,0,0,0,0,0,0,0,0,0,1,0,1,0,0,0,0,0,1,0,0,0,0,1,0,0,1,0,0,0,0,1,0,0,1,0,0,0,0,0,1,1,0,0
CLI-002347,3646.0,17,10,0,0.0,0,0.0,0,0,35,0,5.2,5,0,134.75,0.07,1,0.0,0,0,0,1,0,0,0,0,0,1,0,0,0,0,1,0,0,0,0,0,1,0,0,0,1,0,0,0,1,0,0,0,0,0,1,0,0,1,0,0,0,0,0,1,0,0,1
CLI-000336,15384.0,1,35,15,42.9,20,9.1,23,0,0,5,2.6,3,2,2680.07,0.0,0,0.57,0,0,1,0,0,0,0,0,1,0,0,0,0,0,1,0,0,0,0,0,0,0,1,0,0,0,0,1,1,0,0,0,0,0,0,0,1,0,1,0,0,1,0,0,1,0,0
CLI-004178,8155.0,16,56,48,85.7,74,54.0,4,7,1,0,0.5,5,0,672.0,0.0,0,0.5,0,0,0,0,0,0,1,0,1,0,0,0,0,0,1,0,0,0,0,0,0,1,0,0,1,0,0,0,0,1,0,0,0,0,0,0,1,0,0,1,0,0,1,0,0,0,1
CLI-003788,528.0,19,4,3,75.0,57,29.4,4,2,1,3,14.5,3,0,107.37,0.0,0,0.25,0,0,0,1,0,0,0,0,1,0,0,0,0,0,0,0,0,1,0,0,1,0,0,0,0,1,0,0,0,1,0,0,0,0,0,0,1,0,1,0,0,1,0,0,0,0,1
CLI-004584,737.0,1,8,5,62.5,35,20.7,3,0,1,1,10.5,4,2,99.86,0.03,0,0.38,0,0,0,1,0,0,0,1,0,0,0,0,0,0,1,0,0,0,0,0,1,0,0,0,1,0,0,0,0,1,0,0,0,0,0,0,1,1,0,0,0,0,0,1,1,0,0
CLI-000493,46189.0,15,52,21,40.4,5,1.4,1,3,1,2,25.4,3,0,599.23,0.0,0,0.12,1,0,0,0,0,0,0,1,0,0,0,0,0,0,1,0,0,0,0,0,0,1,0,0,1,0,0,0,0,0,0,1,0,0,0,0,1,0,0,1,0,0,0,1,0,0,1
CLI-002568,67749.0,7,56,34,60.7,40,22.9,2,3,0,6,5.7,3,0,2665.2,0.0,0,0.08,0,0,0,1,0,0,0,0,1,0,0,0,0,0,0,0,0,0,1,0,0,1,0,0,0,0,1,0,0,0,1,0,0,0,1,0,0,0,1,0,0,0,0,1,0,1,0
CLI-004235,365.0,11,1,0,0.0,0,0.0,0,0,39,4,23.6,4,0,12.35,0.12,1,0.0,0,0,0,0,1,0,0,0,0,0,0,0,1,0,1,0,0,0,0,0,1,0,0,0,1,0,0,0,1,0,0,0,0,0,1,0,0,1,0,0,1,0,0,0,0,1,0
CLI-004004,23396.0,10,21,14,66.7,20,11.7,6,4,1,5,18.0,2,1,634.05,0.0,0,0.38,0,1,0,0,0,0,0,0,0,0,0,0,0,1,1,0,0,0,0,0,0,1,0,0,0,1,0,0,0,0,0,1,0,0,0,1,0,0,1,0,0,0,0,1,0,1,0
CLI-003046,3618.0,11,10,6,60.0,24,15.4,6,3,5,1,10.0,5,2,259.57,0.02,0,0.38,1,0,0,0,0,0,0,0,0,1,0,0,0,0,0,0,0,0,1,0,1,0,0,0,0,1,0,0,0,0,1,0,0,0,0,1,0,0,0,1,0,0,1,0,0,1,0
CLI-004138,1435.0,18,6,2,33.3,3,0.2,1,3,27,2,24.3,5,0,69.98,0.05,0,0.12,0,1,0,0,0,0,0,0,1,0,0,0,0,0,0,0,0,0,0,1,1,0,0,0,1,0,0,0,0,1,0,0,0,0,0,0,1,1,0,0,0,0,0,1,0,0,1
CLI-002016,259438.0,11,86,81,94.2,101,46.6,19,3,0,0,7.3,5,0,4867.51,0.0,0,0.73,0,0,0,1,0,0,0,0,0,1,0,0,0,0,1,0,0,0,0,0,0,0,1,0,0,0,1,0,0,0,0,0,1,1,0,0,0,0,0,1,0,0,0,1,0,1,0
CLI-002944,44441.0,20,39,14,35.9,1,0.2,4,2,2,3,13.6,4,0,903.27,0.0,0,0.25,0,1,0,0,0,0,0,0,0,1,0,0,0,0,0,0,0,0,0,1,0,1,0,0,0,1,0,0,0,0,0,1,0,0,0,0,1,0,1,0,0,0,0,1,0,0,1
CLI-004900,10320.0,21,9,6,66.7,14,2.2,7,4,1,2,12.8,3,0,251.7,0.0,0,0.44,0,0,0,0,0,0,1,0,0,0,0,0,1,0,0,0,0,1,0,0,1,0,0,0,0,1,0,0,0,0,1,0,0,0,1,0,0,1,0,0,0,1,0,0,0,0,1
CLI-004237,9133.0,18,16,0,0.0,0,0.0,0,0,50,0,22.1,4,0,179.64,0.09,1,0.0,0,1,0,0,0,0,0,0,0,0,0,0,0,1,0,0,1,0,0,0,0,1,0,0,1,0,0,0,1,0,0,0,0,0,0,0,1,0,1,0,1,0,0,0,0,0,1
CLI-001162,300.0,1,1,1,100.0,58,37.8,9,1,1,7,10.5,4,5,19.41,0.03,0,0.56,0,0,0,0,1,0,0,0,1,0,0,0,0,0,0,0,0,0,0,1,1,0,0,0,0,1,0,0,0,0,1,0,0,0,0,0,1,0,0,1,1,0,0,0,1,0,0
CLI-003804,1074.0,10,6,5,83.3,74,37.8,3,1,2,1,25.4,3,1,77.02,0.01,0,0.38,0,0,0,0,1,0,0,0,0,0,1,0,0,0,0,0,0,1,0,0,1,0,0,0,1,0,0,0,0,1,0,0,0,0,0,1,0,0,1,0,0,0,0,1,0,1,0
CLI-000516,5565.0,3,7,3,42.9,14,5.7,2,1,1,3,32.1,3,1,91.71,0.01,0,0.25,0,0,0,0,1,0,0,0,0,0,0,1,0,0,1,0,0,0,0,0,1,0,0,0,1,0,0,0,0,0,0,0,1,1,0,0,0,0,0,1,0,1,0,0,1,0,0
CLI-003231,50580.0,6,43,21,48.8,47,27.2,10,0,1,4,15.1,3,1,1101.49,0.01,0,0.62,1,0,0,0,0,0,0,0,1,0,0,0,0,0,1,0,0,0,0,0,0,1,0,0,0,1,0,0,1,0,0,0,0,0,0,1,0,0,1,0,0,1,0,0,0,1,0
CLI-002527,105514.0,6,51,0,0.0,0,0.0,0,0,95,4,5.0,3,2,2523.04,0.53,1,0.0,0,1,0,0,0,0,0,0,0,0,0,1,0,0,0,1,0,0,0,0,0,0,1,0,0,0,1,0,0,1,0,0,0,1,0,0,0,0,1,0,1,0,0,0,0,1,0
CLI-000278,2000000.0,23,717,564,78.7,49,41.1,16,3,4,0,0.5,5,0,69463.25,0.01,0,0.4,0,0,0,0,0,1,0,0,0,1,0,0,0,0,1,0,0,0,0,0,0,0,0,1,0,0,0,1,1,0,0,0,0,0,1,0,0,0,1,0,0,0,1,0,0,0,1
CLI-004732,2247.0,1,3,2,66.7,35,5.65,7,0,2,4,11.5,5,3,83.02,0.07,0,0.44,1,0,0,0,0,0,0,0,1,0,0,0,0,0,0,0,0,0,0,1,1,0,0,0,0,1,0,0,0,1,0,0,0,0,1,0,0,0,0,1,0,1,0,0,1,0,0
CLI-000728,51025.0,5,156,16,10.3,1,0.4,6,2,30,7,2.7,3,1,10370.87,0.2,1,0.15,0,0,0,0,0,0,1,1,0,0,0,0,0,0,1,0,0,0,0,0,0,0,1,0,0,0,0,1,0,1,0,0,0,0,0,1,0,0,0,1,0,0,0,1,0,1,0
CLI-000378,19009.0,6,9,6,66.7,28,12.5,8,1,3,2,13.1,4,2,313.26,0.02,0,0.5,0,0,0,0,0,0,1,1,0,0,0,0,0,0,1,0,0,0,0,0,1,0,0,0,0,1,0,0,0,0,1,0,0,1,0,0,0,0,1,0,0,0,0,1,0,1,0
CLI-004376,1521.0,13,11,5,45.5,8,1.3,3,2,8,0,0.5,5,0,132.51,0.02,0,0.38,0,0,0,0,1,0,0,0,0,0,1,0,0,0,1,0,0,0,0,0,1,0,0,0,1,0,0,0,0,0,1,0,0,0,1,0,0,1,0,0,0,1,0,0,0,0,1
CLI-003391,300.0,11,1,1,100.0,4,3.4,4,2,8,0,11.4,5,0,10.22,0.02,0,0.5,0,0,0,1,0,0,0,1,0,0,0,0,0,0,0,0,0,0,0,1,1,0,0,0,1,0,0,0,1,0,0,0,0,0,0,1,0,1,0,0,0,0,0,1,0,1,0
CLI-000193,7692.0,3,33,2,6.1,1,0.2,0,0,9,4,14.2,3,1,586.3,0.1,0,0.0,0,0,1,0,0,0,0,0,0,1,0,0,0,0,1,0,0,0,0,0,0,1,0,0,0,1,0,0,0,0,0,0,1,0,0,0,1,1,0,0,0,0,0,1,1,0,0
CLI-000783,1779.0,6,10,2,20.0,1,0.1,2,1,0,6,17.9,4,1,197.18,0.0,0,0.12,0,0,0,0,1,0,0,0,0,1,0,0,0,0,1,0,0,0,0,0,1,0,0,0,0,1,0,0,0,0,0,1,0,0,0,1,0,0,0,1,0,0,0,1,0,1,0
CLI-004552,3496.0,5,10,5,50.0,19,13.8,11,2,0,0,5.8,5,0,355.29,0.0,0,0.42,1,0,0,0,0,0,0,0,0,0,0,1,0,0,0,0,1,0,0,0,1,0,0,0,0,0,1,0,0,1,0,0,0,0,1,0,0,0,1,0,0,1,0,0,0,1,0
CLI-002545,25787.0,4,49,28,57.1,25,9.9,11,3,0,2,7.0,2,2,2096.48,0.0,0,0.42,0,1,0,0,0,0,0,0,1,0,0,0,0,0,0,0,0,1,0,0,0,1,0,0,0,0,1,0,0,0,1,0,0,0,0,0,1,0,0,1,1,0,0,0,0,1,0
CLI-002095,300.0,10,5,1,20.0,1,0.2,1,4,10,4,14.9,3,1,75.0,0.03,0,0.06,0,0,0,0,1,0,0,0,1,0,0,0,0,0,1,0,0,0,0,0,1,0,0,0,0,1,0,0,0,1,0,0,0,0,0,1,0,1,0,0,1,0,0,0,0,1,0
CLI-001609,3534.0,5,43,25,58.1,14,3.9,3,0,1,0,6.9,5,1,538.66,0.01,0,0.38,1,0,0,0,0,0,0,0,1,0,0,0,0,0,1,0,0,0,0,0,0,1,0,0,1,0,0,0,1,0,0,0,0,0,0,1,0,1,0,0,0,1,0,0,0,1,0
CLI-001213,2867.0,4,6,5,83.3,49,21.1,8,0,2,3,10.5,2,1,158.91,0.02,0,0.5,1,0,0,0,0,0,0,0,0,0,0,1,0,0,1,0,0,0,0,0,1,0,0,0,0,1,0,0,0,0,1,0,0,0,1,0,0,0,0,1,0,0,0,1,0,1,0
CLI-001572,159397.0,20,195,91,46.7,24,19.3,14,6,0,4,5.6,4,0,12149.17,0.0,0,0.35,0,0,0,0,0,1,0,0,1,0,0,0,0,0,0,0,0,0,0,1,0,0,1,0,0,0,0,1,0,1,0,0,0,1,0,0,0,1,0,0,0,0,1,0,0,0,1
CLI-004061,3678.0,10,9,6,66.7,45,29.6,8,2,1,1,8.1,4,0,236.09,0.0,0,0.5,0,0,0,0,0,0,1,0,0,1,0,0,0,0,1,0,0,0,0,0,0,1,0,0,0,1,0,0,1,0,0,0,0,0,0,1,0,0,0,1,0,1,0,0,0,1,0
CLI-004283,96371.0,11,144,65,45.1,23,1.4,14,3,1,2,3.9,3,0,6913.28,0.0,0,0.54,0,0,0,0,0,1,0,0,0,0,1,0,0,0,0,0,0,0,1,0,0,0,1,0,0,0,1,0,0,0,0,1,0,1,0,0,0,0,0,1,0,1,0,0,0,1,0
CLI-000637,12917.0,5,44,36,81.8,42,35.7,16,0,0,6,9.5,1,0,1980.0,0.0,0,0.62,0,1,0,0,0,0,0,0,0,1,0,0,0,0,0,1,0,0,0,0,0,0,1,0,0,0,1,0,0,0,0,1,0,0,1,0,0,0,1,0,0,0,0,1,0,1,0
CLI-002549,7669.0,1,10,5,50.0,6,5.65,4,0,1,2,5.3,4,0,519.58,0.03,0,0.15,0,0,0,0,0,1,0,0,0,0,0,0,1,0,1,0,0,0,0,0,1,0,0,0,0,0,1,0,1,0,0,0,0,1,0,0,0,1,0,0,0,0,0,1,1,0,0
CLI-003056,27278.0,1,45,15,33.3,13,3.0,5,0,1,4,15.7,3,1,1125.0,0.03,0,0.31,0,0,0,0,0,1,0,0,0,0,0,0,1,0,1,0,0,0,0,0,0,1,0,0,0,1,0,0,0,0,1,0,0,0,0,1,0,0,1,0,0,1,0,0,1,0,0
CLI-002762,203757.0,8,130,96,73.8,54,30.5,15,1,1,1,0.9,5,3,11294.73,0.0,0,0.38,0,0,0,0,0,1,0,0,1,0,0,0,0,0,0,0,0,0,1,0,0,0,1,0,0,0,0,1,1,0,0,0,0,0,1,0,0,0,0,1,0,0,0,1,0,1,0
CLI-000214,490249.0,4,876,594,67.8,10,3.6,7,0,0,2,9.1,5,2,24911.02,0.0,0,0.44,0,0,0,1,0,0,0,0,1,0,0,0,0,0,1,0,0,0,0,0,0,0,0,1,0,1,0,0,0,0,0,0,1,0,0,0,1,0,1,0,0,1,0,0,0,1,0
CLI-002618,12728.0,8,37,24,64.9,43,3.8,4,3,1,1,10.5,4,3,517.41,0.0,0,0.5,0,0,0,1,0,0,0,0,0,0,0,1,0,0,1,0,0,0,0,0,0,1,0,0,1,0,0,0,0,1,0,0,0,1,0,0,0,0,1,0,0,0,1,0,0,1,0
CLI-004511,300.0,2,1,1,100.0,48,5.65,4,1,0,0,9.4,4,2,11.55,0.0,0,0.5,0,0,0,1,0,0,0,0,0,0,0,0,0,1,0,0,0,0,0,1,1,0,0,0,1,0,0,0,1,0,0,0,0,1,0,0,0,1,0,0,0,0,0,1,1,0,0
CLI-002119,3558.0,6,9,6,66.7,4,1.0,3,0,5,0,11.9,5,1,114.17,0.03,0,0.38,0,0,0,0,1,0,0,0,0,0,0,1,0,0,1,0,0,0,0,0,1,0,0,0,1,0,0,0,0,0,0,1,0,0,1,0,0,1,0,0,0,1,0,0,0,1,0
CLI-004182,92757.0,6,140,115,82.1,78,45.8,19,0,1,0,5.8,5,0,6654.05,0.01,0,0.73,0,0,1,0,0,0,0,0,1,0,0,0,0,0,0,1,0,0,0,0,0,0,1,0,0,0,1,0,0,0,0,0,1,0,0,1,0,0,0,1,0,0,0,1,0,1,0
CLI-000788,14762.0,16,37,1,2.7,1,0.1,0,6,30,1,10.9,4,0,720.09,0.06,1,0.0,1,0,0,0,0,0,0,0,0,0,1,0,0,0,0,1,0,0,0,0,0,1,0,0,0,1,0,0,0,1,0,0,0,0,0,1,0,0,1,0,1,0,0,0,0,0,1
CLI-001151,1202935.0,6,743,354,50.0,26,13.1,20,2,0,2,10.5,4,0,58679.76,0.0,0,0.5,1,0,0,0,0,0,0,0,1,0,0,0,0,0,0,0,1,0,0,0,0,0,0,1,0,0,0,1,0,0,0,1,0,0,0,0,1,0,0,1,0,0,0,1,0,1,0
CLI-002212,79280.0,10,210,122,58.1,33,9.4,10,1,0,0,2.3,3,1,6905.92,0.0,0,0.38,0,0,0,0,0,1,0,0,0,0,0,1,0,0,1,0,0,0,0,0,0,0,1,0,0,0,1,0,0,0,0,1,0,0,1,0,0,0,0,1,0,0,0,1,0,1,0
CLI-000641,766217.0,9,628,227,36.1,19,9.4,17,2,2,2,2.9,4,1,51911.72,0.01,0,0.42,0,0,0,1,0,0,0,0,0,0,0,0,1,0,0,0,0,1,0,0,0,0,0,1,0,0,0,1,0,0,1,0,0,1,0,0,0,0,1,0,0,0,0,1,0,1,0
CLI-000161,300.0,5,2,1,50.0,16,4.8,3,0,0,0,20.7,4,0,19.91,0.0,0,0.38,1,0,0,0,0,0,0,0,0,0,0,0,0,1,0,0,0,0,1,0,1,0,0,0,1,0,0,0,0,0,0,0,1,0,0,1,0,0,0,1,0,0,0,1,0,1,0
CLI-001954,4646.0,12,43,33,76.7,56,35.3,7,2,0,0,8.9,4,3,944.29,0.0,0,0.44,0,0,1,0,0,0,0,1,0,0,0,0,0,0,1,0,0,0,0,0,0,1,0,0,0,1,0,0,1,0,0,0,0,0,0,1,0,0,0,1,0,0,0,1,0,1,0
CLI-001956,1522.0,4,7,5,71.4,47,35.8,5,1,4,0,10.7,4,1,154.7,0.03,0,0.31,0,0,0,1,0,0,0,0,1,0,0,0,0,0,1,0,0,0,0,0,1,0,0,0,0,1,0,0,0,1,0,0,0,0,0,0,1,0,0,1,0,1,0,0,0,1,0
CLI-001795,317437.0,8,196,90,45.9,11,3.1,6,0,1,5,10.5,2,0,8798.14,0.0,0,0.23,0,0,0,0,0,1,0,0,0,0,1,0,0,0,0,0,1,0,0,0,0,0,1,0,0,0,1,0,0,0,0,1,0,0,0,0,1,1,0,0,0,0,0,1,0,1,0
CLI-000917,261187.0,16,198,92,46.5,18,10.8,15,1,0,1,2.5,4,0,8847.81,0.0,0,0.58,0,0,0,0,0,1,0,1,0,0,0,0,0,0,0,0,0,0,1,0,0,0,1,0,0,0,1,0,1,0,0,0,0,0,1,0,0,0,0,1,0,0,0,1,0,0,1
CLI-002143,46236.0,8,57,29,50.9,5,1.6,5,1,2,3,7.9,4,2,2451.54,0.01,0,0.19,0,0,0,0,1,0,0,0,0,1,0,0,0,0,0,1,0,0,0,0,0,1,0,0,0,0,1,0,0,0,0,1,0,0,0,0,1,0,1,0,0,1,0,0,0,1,0
CLI-000359,827.0,16,6,1,16.7,1,0.1,1,6,6,6,37.2,1,0,67.23,0.01,0,0.12,0,0,1,0,0,0,0,0,1,0,0,0,0,0,0,0,0,0,0,1,1,0,0,0,1,0,0,0,0,0,1,0,0,0,0,1,0,1,0,0,0,0,0,1,0,0,1
CLI-001563,30656.0,10,65,27,41.5,2,0.4,4,1,30,4,9.9,4,0,1699.35,0.1,1,0.25,0,0,0,0,0,0,1,1,0,0,0,0,0,0,0,0,0,0,0,1,0,0,1,0,0,1,0,0,0,0,0,0,1,0,0,1,0,1,0,0,0,0,0,1,0,1,0
CLI-000133,23248.0,20,38,19,50.0,10,2.4,4,5,11,4,18.1,2,0,914.55,0.02,0,0.25,0,1,0,0,0,0,0,0,0,0,0,0,1,0,1,0,0,0,0,0,0,1,0,0,0,1,0,0,0,0,1,0,0,0,0,1,0,0,1,0,1,0,0,0,0,0,1
CLI-001560,621.0,16,2,1,50.0,8,3.2,4,5,1,6,10.5,3,0,25.24,0.0,0,0.5,0,0,0,0,0,0,1,0,1,0,0,0,0,0,0,0,0,1,0,0,1,0,0,0,1,0,0,0,0,0,0,1,0,0,0,0,1,0,0,1,0,0,0,1,0,0,1
CLI-002815,2000000.0,14,489,328,67.1,63,53.7,12,2,2,4,7.6,3,0,26032.83,0.0,0,0.46,0,0,0,0,0,1,0,0,0,0,0,1,0,0,1,0,0,0,0,0,0,0,0,1,0,0,1,0,0,0,0,0,1,0,0,0,1,0,1,0,0,1,0,0,0,0,1
CLI-000859,19577.0,1,46,18,39.1,11,2.7,3,0,2,1,6.5,3,4,994.76,0.07,0,0.19,0,0,1,0,0,0,0,0,0,1,0,0,0,0,1,0,0,0,0,0,0,1,0,0,0,1,0,0,1,0,0,0,0,0,0,0,1,0,1,0,0,1,0,0,1,0,0
CLI-001634,199088.0,6,195,34,17.4,1,0.4,11,0,25,0,10.5,3,2,12139.53,0.14,0,0.28,0,0,0,0,0,1,0,1,0,0,0,0,0,0,1,0,0,0,0,0,0,0,1,0,0,0,0,1,0,0,0,1,0,0,0,1,0,1,0,0,0,0,0,1,0,1,0
CLI-001818,1581.0,17,18,9,50.0,5,2.1,3,2,4,0,24.2,4,0,214.19,0.01,0,0.38,0,0,0,1,0,0,0,0,0,0,0,0,1,0,1,0,0,0,0,0,0,1,0,0,1,0,0,0,0,0,0,1,0,0,0,0,1,1,0,0,0,0,0,1,0,0,1
CLI-000768,300.0,1,1,1,100.0,81,26.4,2,2,0,0,19.0,4,5,10.98,0.0,0,0.25,0,0,0,0,0,1,0,1,0,0,0,0,0,0,1,0,0,0,0,0,1,0,0,0,1,0,0,0,0,0,0,1,0,1,0,0,0,0,1,0,0,1,0,0,1,0,0
CLI-002096,5472.0,3,10,4,40.0,9,1.7,6,0,1,0,0.5,5,0,230.11,0.01,0,0.38,0,1,0,0,0,0,0,0,1,0,0,0,0,0,1,0,0,0,0,0,1,0,0,0,0,1,0,0,0,0,1,0,0,0,1,0,0,0,1,0,0,1,0,0,1,0,0
CLI-001985,69006.0,13,72,12,16.7,1,0.1,0,3,1,0,10.7,4,0,1717.41,0.0,0,0.0,0,0,0,1,0,0,0,0,0,1,0,0,0,0,0,0,0,0,0,1,0,0,1,0,0,1,0,0,0,1,0,0,0,1,0,0,0,1,0,0,1,0,0,0,0,0,1
CLI-004479,22238.0,4,82,41,50.0,14,4.6,5,2,4,0,4.2,5,0,4519.85,0.03,0,0.12,0,0,1,0,0,0,0,0,0,0,0,1,0,0,0,1,0,0,0,0,0,0,1,0,0,0,0,1,0,1,0,0,0,0,0,1,0,1,0,0,0,1,0,0,0,1,0
CLI-003989,1445.0,5,7,1,50.0,2,0.6,8,1,0,1,11.3,4,1,160.22,0.0,0,0.5,0,0,0,1,0,0,0,1,0,0,0,0,0,0,1,0,0,0,0,0,0,1,0,0,0,1,0,0,0,0,1,0,0,0,0,0,1,0,1,0,0,0,0,1,0,1,0
CLI-000854,300.0,23,4,1,25.0,1,0.1,0,11,4,4,26.7,3,0,40.34,0.01,0,0.0,1,0,0,0,0,0,0,0,0,0,1,0,0,0,0,0,0,1,0,0,1,0,0,0,1,0,0,0,0,0,1,0,0,0,0,0,1,0,0,1,0,0,0,1,0,0,1
CLI-002377,9879.0,10,26,15,57.7,1,0.1,5,2,19,0,4.3,3,0,1003.94,0.06,0,0.19,0,0,0,0,1,0,0,0,1,0,0,0,0,0,1,0,0,0,0,0,0,1,0,0,0,0,1,0,0,0,0,0,1,0,0,0,1,0,0,1,0,1,0,0,0,1,0
CLI-001391,3996.0,19,10,6,60.0,30,8.6,3,2,0,1,25.3,2,0,157.2,0.0,0,0.38,0,0,1,0,0,0,0,0,0,1,0,0,0,0,0,0,0,0,0,1,0,1,0,0,1,0,0,0,0,0,1,0,0,0,0,1,0,1,0,0,0,0,0,1,0,0,1
CLI-000126,148475.0,3,49,37,75.5,30,23.9,14,0,4,5,4.2,2,1,4115.17,0.04,0,0.35,0,1,0,0,0,0,0,0,0,0,0,1,0,0,0,0,0,1,0,0,0,0,1,0,0,0,0,1,0,1,0,0,0,0,0,1,0,0,0,1,0,0,0,1,1,0,0
CLI-001367,1837.0,26,4,2,50.0,17,9.8,3,5,0,0,23.3,3,0,50.92,0.0,0,0.38,0,0,0,1,0,0,0,0,0,0,1,0,0,0,0,0,0,1,0,0,1,0,0,0,1,0,0,0,0,0,1,0,0,0,0,1,0,1,0,0,0,1,0,0,0,0,1
CLI-002684,338317.0,22,320,165,51.6,23,13.5,2,8,1,1,6.4,3,0,9376.87,0.0,0,0.12,0,1,0,0,0,0,0,0,0,0,0,1,0,0,1,0,0,0,0,0,0,0,0,1,0,1,0,0,1,0,0,0,0,0,0,0,1,0,1,0,0,0,0,1,0,0,1
CLI-004516,1356.0,1,10,4,40.0,1,5.65,4,0,6,0,4.9,5,1,206.64,0.2,0,0.25,0,1,0,0,0,0,0,0,0,1,0,0,0,0,1,0,0,0,0,0,1,0,0,0,0,1,0,0,0,1,0,0,0,0,0,0,1,0,0,1,0,1,0,0,1,0,0
CLI-000748,24912.0,1,46,36,78.3,49,28.5,15,0,0,0,2.1,5,1,2025.39,0.0,0,0.58,1,0,0,0,0,0,0,0,0,0,0,0,0,1,0,0,0,1,0,0,0,1,0,0,0,0,1,0,1,0,0,0,0,0,0,1,0,0,0,1,0,0,0,1,1,0,0
CLI-000022,26232.0,20,18,11,61.1,34,8.7,24,3,3,0,0.5,4,0,1683.72,0.0,0,0.6,1,0,0,0,0,0,0,1,0,0,0,0,0,0,1,0,0,0,0,0,0,1,0,0,0,0,0,1,0,1,0,0,0,0,1,0,0,0,1,0,0,0,1,0,0,0,1
CLI-000528,31068.0,7,53,12,22.6,1,0.8,6,0,1,2,7.1,3,1,2368.02,0.0,0,0.23,1,0,0,0,0,0,0,0,1,0,0,0,0,0,1,0,0,0,0,0,0,1,0,0,0,0,1,0,0,0,0,0,1,0,1,0,0,1,0,0,1,0,0,0,0,1,0
CLI-001009,214381.0,14,169,141,83.4,53,30.3,7,3,1,2,16.1,4,0,4668.57,0.0,0,0.44,0,0,1,0,0,0,0,1,0,0,0,0,0,0,0,0,0,0,1,0,0,0,1,0,0,1,0,0,1,0,0,0,0,1,0,0,0,0,1,0,0,0,0,1,0,0,1
CLI-000277,1645.0,10,7,0,0.0,0,0.0,0,0,78,4,10.6,2,0,133.78,0.26,1,0.0,1,0,0,0,0,0,0,0,0,0,0,0,1,0,0,0,0,0,0,1,0,1,0,0,0,1,0,0,0,0,0,1,0,0,0,1,0,1,0,0,0,0,0,1,0,1,0
CLI-003417,19385.0,19,26,19,73.1,62,34.2,4,1,1,1,10.5,4,0,815.2,0.0,0,0.25,0,0,0,0,1,0,0,0,0,0,1,0,0,0,1,0,0,0,0,0,0,1,0,0,0,1,0,0,0,1,0,0,0,0,0,0,1,1,0,0,0,1,0,0,0,0,1
CLI-001824,2654.0,5,48,6,12.5,1,0.1,1,2,4,7,10.5,4,1,539.36,0.03,0,0.12,0,0,0,0,0,1,0,0,0,1,0,0,0,0,1,0,0,0,0,0,0,1,0,0,1,0,0,0,0,0,1,0,0,0,0,0,1,0,1,0,0,0,0,1,0,1,0
CLI-001311,30936.0,1,33,16,48.5,4,2.3,2,0,19,1,3.5,3,3,857.44,0.63,0,0.12,0,0,0,0,0,0,1,0,0,0,0,0,1,0,0,0,0,0,0,1,0,1,0,0,0,1,0,0,0,0,0,0,1,0,0,0,1,0,0,1,0,0,0,1,1,0,0
CLI-002311,27404.0,1,32,12,37.5,1,0.1,9,0,30,2,10.5,2,3,1591.43,1.0,1,0.35,1,0,0,0,0,0,0,0,0,1,0,0,0,0,1,0,0,0,0,0,0,1,0,0,0,0,1,0,0,1,0,0,0,1,0,0,0,1,0,0,1,0,0,0,1,0,0
CLI-001402,1731.0,18,15,8,53.3,23,10.5,4,5,0,4,17.2,3,0,351.82,0.0,0,0.25,0,0,0,0,0,0,1,1,0,0,0,0,0,0,1,0,0,0,0,0,0,1,0,0,0,1,0,0,1,0,0,0,0,0,1,0,0,0,0,1,0,0,0,1,0,0,1
CLI-003925,12717.0,14,15,13,86.7,46,38.4,14,0,1,0,3.0,4,0,674.29,0.0,0,0.54,0,0,1,0,0,0,0,0,0,0,0,0,0,1,1,0,0,0,0,0,0,1,0,0,0,0,1,0,1,0,0,0,0,0,0,1,0,0,0,1,0,0,0,1,0,0,1
CLI-002490,1267.0,23,10,5,50.0,1,5.65,5,3,30,3,11.0,4,0,257.56,0.04,1,0.31,0,0,0,0,0,1,0,0,0,0,1,0,0,0,1,0,0,0,0,0,1,0,0,0,0,1,0,0,0,0,0,1,0,0,0,0,1,1,0,0,0,0,0,1,0,0,1
CLI-004163,11868.0,1,21,9,42.9,14,8.4,4,0,4,3,14.2,3,0,556.68,0.13,0,0.25,0,0,1,0,0,0,0,0,1,0,0,0,0,0,0,1,0,0,0,0,0,1,0,0,0,1,0,0,0,0,0,0,1,0,0,1,0,0,0,1,0,0,0,1,1,0,0
CLI-001724,741.0,3,5,2,40.0,23,11.6,3,0,3,0,14.8,4,0,56.49,0.03,0,0.38,0,1,0,0,0,0,0,0,0,1,0,0,0,0,0,0,0,1,0,0,1,0,0,0,1,0,0,0,0,0,0,0,1,0,1,0,0,0,0,1,0,0,0,1,1,0,0
CLI-002706,22628.0,15,30,21,50.0,41,8.0,12,4,2,6,10.3,1,0,1149.8,0.0,0,0.46,0,0,1,0,0,0,0,0,0,0,1,0,0,0,1,0,0,0,0,0,0,1,0,0,0,0,1,0,0,0,1,0,0,1,0,0,0,1,0,0,1,0,0,0,0,0,1
CLI-002434,13782.0,1,44,28,63.6,63,30.9,4,0,1,0,18.2,5,7,525.21,0.03,0,0.5,1,0,0,0,0,0,0,0,0,0,1,0,0,0,1,0,0,0,0,0,0,1,0,0,1,0,0,0,1,0,0,0,0,0,0,1,0,0,0,1,0,0,0,1,1,0,0
CLI-003091,68675.0,11,142,93,65.5,25,7.2,7,2,0,4,12.1,4,0,3489.6,0.0,0,0.44,0,0,1,0,0,0,0,0,0,0,0,0,1,0,0,0,0,0,0,1,0,0,1,0,0,1,0,0,0,1,0,0,0,0,0,1,0,1,0,0,0,1,0,0,0,1,0
CLI-000675,289883.0,14,201,153,76.1,54,31.1,19,2,2,0,0.5,4,0,15370.25,0.0,0,0.48,0,0,0,0,0,0,1,0,1,0,0,0,0,0,0,1,0,0,0,0,0,0,1,0,0,0,0,1,0,0,0,1,0,0,0,0,1,1,0,0,0,0,0,1,0,0,1
CLI-003253,11326.0,4,50,35,70.0,48,38.0,17,0,1,0,4.7,5,1,1973.21,0.01,0,0.65,0,0,0,0,1,0,0,0,0,0,0,0,0,1,0,0,0,0,1,0,0,1,0,0,0,0,1,0,1,0,0,0,0,0,0,1,0,1,0,0,0,0,0,1,0,1,0
CLI-001102,9704.0,9,24,17,70.8,52,12.5,3,3,0,2,25.5,3,1,394.48,0.0,0,0.38,0,0,0,0,1,0,0,0,0,0,1,0,0,0,1,0,0,0,0,0,0,1,0,0,1,0,0,0,0,1,0,0,0,0,0,1,0,0,1,0,0,0,0,1,0,1,0
CLI-000589,10325.0,2,10,8,80.0,33,14.9,12,1,3,1,5.6,3,2,503.67,0.05,0,0.46,0,0,0,0,0,0,1,0,0,0,0,1,0,0,1,0,0,0,0,0,1,0,0,0,0,0,1,0,0,0,0,1,0,0,0,0,1,0,0,1,0,0,0,1,1,0,0
CLI-002348,83663.0,12,48,42,87.5,67,39.8,11,2,1,3,7.5,4,1,2372.74,0.0,0,0.42,1,0,0,0,0,0,0,0,0,0,0,0,0,1,1,0,0,0,0,0,0,1,0,0,0,0,1,0,0,1,0,0,0,0,0,0,1,0,1,0,0,0,0,1,0,1,0
CLI-000855,2329.0,17,9,2,22.2,5,2.0,3,3,5,1,22.0,4,0,118.36,0.01,0,0.38,0,0,1,0,0,0,0,0,0,0,1,0,0,0,1,0,0,0,0,0,1,0,0,0,1,0,0,0,0,1,0,0,0,0,0,1,0,1,0,0,0,0,0,1,0,0,1
CLI-000707,2669.0,19,10,3,30.0,2,0.1,1,7,21,2,15.5,3,0,98.64,0.04,0,0.12,0,1,0,0,0,0,0,1,0,0,0,0,0,0,1,0,0,0,0,0,1,0,0,0,1,0,0,0,0,1,0,0,0,0,0,1,0,0,0,1,0,1,0,0,0,0,1
CLI-002251,2434.0,6,8,2,25.0,2,5.65,3,0,6,0,18.3,5,0,98.95,0.03,0,0.38,0,0,0,0,1,0,0,0,0,1,0,0,0,0,0,0,1,0,0,0,1,0,0,0,1,0,0,0,0,1,0,0,0,1,0,0,0,0,0,1,0,1,0,0,0,1,0
CLI-003425,320.0,8,1,1,100.0,2,0.3,1,0,4,0,16.5,4,1,10.02,0.02,0,0.12,0,1,0,0,0,0,0,0,0,0,0,1,0,0,1,0,0,0,0,0,1,0,0,0,1,0,0,0,0,0,1,0,0,1,0,0,0,0,0,1,0,0,0,1,0,1,0
CLI-004754,797.0,9,1,1,100.0,36,9.0,10,2,1,5,6.0,4,1,40.48,0.0,0,0.38,0,0,1,0,0,0,0,0,0,0,0,0,0,1,1,0,0,0,0,0,1,0,0,0,0,0,1,0,0,0,0,1,0,0,0,1,0,0,0,1,0,0,0,1,0,1,0
CLI-002083,2685.0,4,8,3,37.5,1,0.1,3,1,2,3,25.7,2,0,88.49,0.02,0,0.38,0,0,0,1,0,0,0,0,0,0,0,1,0,0,1,0,0,0,0,0,1,0,0,0,1,0,0,0,1,0,0,0,0,0,1,0,0,1,0,0,1,0,0,0,0,1,0
CLI-000368,1365.0,11,24,11,45.8,22,5.65,3,0,0,0,8.9,5,0,288.0,0.0,0,0.38,0,0,0,0,1,0,0,0,0,1,0,0,0,0,1,0,0,0,0,0,0,1,0,0,1,0,0,0,1,0,0,0,0,0,0,1,0,0,0,1,0,1,0,0,0,1,0
CLI-004172,300935.0,15,183,64,35.0,12,2.0,7,4,1,4,8.1,3,0,7978.13,0.0,0,0.27,0,0,0,1,0,0,0,0,1,0,0,0,0,0,0,0,1,0,0,0,0,0,1,0,0,0,1,0,0,0,0,1,0,1,0,0,0,0,0,1,0,1,0,0,0,0,1
CLI-001900,300.0,1,1,1,100.0,1,0.4,5,2,7,0,13.7,4,3,19.81,0.23,0,0.31,0,1,0,0,0,0,0,0,0,1,0,0,0,0,1,0,0,0,0,0,1,0,0,0,0,1,0,0,0,0,0,0,1,0,0,1,0,0,0,1,0,0,0,1,1,0,0
CLI-003569,149692.0,6,173,156,90.2,93,48.7,16,1,1,6,3.6,3,1,15212.65,0.01,0,0.4,0,0,1,0,0,0,0,0,0,0,0,1,0,0,1,0,0,0,0,0,0,0,0,1,0,0,0,1,0,0,0,1,0,0,0,0,1,0,0,1,0,1,0,0,0,1,0
CLI-000816,95284.0,17,38,7,18.4,1,0.2,5,1,9,0,10.5,2,0,2003.44,0.02,0,0.19,0,1,0,0,0,0,0,0,0,0,0,0,0,1,1,0,0,0,0,0,0,0,1,0,0,0,1,0,0,0,0,0,1,0,0,1,0,0,1,0,0,0,0,1,0,0,1
CLI-003027,130170.0,13,169,117,69.2,24,9.6,8,4,1,1,9.3,4,0,8819.12,0.0,0,0.31,0,0,0,0,0,0,1,0,0,0,0,1,0,0,1,0,0,0,0,0,0,0,1,0,0,0,1,0,0,0,0,0,1,0,1,0,0,0,1,0,0,0,0,1,0,0,1
CLI-004772,678.0,18,2,1,50.0,14,1.3,7,1,1,3,10.5,4,0,51.66,0.0,0,0.44,0,1,0,0,0,0,0,1,0,0,0,0,0,0,0,0,0,0,0,1,1,0,0,0,0,1,0,0,0,1,0,0,0,0,0,0,1,0,1,0,0,1,0,0,0,0,1
CLI-000418,143319.0,1,209,134,64.1,25,5.65,11,0,1,3,2.6,5,0,14564.98,0.03,0,0.28,0,0,1,0,0,0,0,1,0,0,0,0,0,0,0,0,0,1,0,0,0,0,1,0,0,0,0,1,1,0,0,0,0,1,0,0,0,0,0,1,0,0,0,1,1,0,0
CLI-003654,20709.0,21,45,14,31.1,3,0.5,9,4,10,3,12.8,3,0,1010.19,0.02,0,0.56,0,0,0,0,0,1,0,0,0,1,0,0,0,0,1,0,0,0,0,0,0,1,0,0,0,1,0,0,0,0,1,0,0,0,0,0,1,0,0,1,0,1,0,0,0,0,1
CLI-001141,3995.0,19,11,8,72.7,43,32.6,7,2,2,1,14.7,3,0,270.66,0.0,0,0.44,0,0,0,1,0,0,0,0,1,0,0,0,0,0,1,0,0,0,0,0,0,1,0,0,0,1,0,0,0,0,0,1,0,1,0,0,0,1,0,0,0,0,0,1,0,0,1
CLI-001343,43089.0,14,26,14,53.8,19,9.0,10,2,1,1,1.5,4,0,1695.1,0.0,0,0.25,0,0,0,0,0,0,1,0,0,0,1,0,0,0,1,0,0,0,0,0,0,1,0,0,0,0,0,1,0,0,1,0,0,1,0,0,0,1,0,0,0,0,0,1,0,0,1
CLI-000980,19778.0,5,80,48,60.0,25,10.0,6,0,2,1,7.7,5,1,3014.95,0.01,0,0.23,0,1,0,0,0,0,0,1,0,0,0,0,0,0,0,1,0,0,0,0,0,0,1,0,0,0,1,0,0,0,0,1,0,0,0,1,0,0,0,1,0,1,0,0,0,1,0
CLI-002633,412.0,2,2,1,50.0,27,5.65,5,0,0,1,12.0,5,2,45.66,0.0,0,0.31,1,0,0,0,0,0,0,1,0,0,0,0,0,0,1,0,0,0,0,0,1,0,0,0,0,1,0,0,0,0,1,0,0,0,0,0,1,0,0,1,0,1,0,0,1,0,0
CLI-001024,7916.0,11,37,24,64.9,33,5.65,5,1,0,3,9.2,4,1,965.32,0.0,0,0.31,0,0,0,0,0,1,0,1,0,0,0,0,0,0,0,0,0,0,0,1,0,1,0,0,0,1,0,0,0,1,0,0,0,0,0,1,0,0,1,0,0,1,0,0,0,1,0
CLI-003932,228340.0,1,431,399,92.6,134,170.2,15,0,1,0,7.0,5,2,21420.29,0.03,0,0.58,0,0,0,0,1,0,0,0,0,1,0,0,0,0,0,0,1,0,0,0,0,0,0,1,0,0,1,0,0,0,0,1,0,1,0,0,0,0,1,0,0,1,0,0,1,0,0
CLI-000733,24308.0,16,37,18,48.6,18,7.1,2,2,1,3,28.6,3,0,494.07,0.0,0,0.25,0,0,0,1,0,0,0,0,0,0,0,1,0,0,0,0,0,0,0,1,0,1,0,0,1,0,0,0,0,0,0,0,1,0,0,0,1,0,0,1,0,0,0,1,0,0,1
CLI-004153,122257.0,10,143,43,30.1,1,0.7,10,1,30,9,7.3,3,0,6212.26,0.1,1,0.38,0,1,0,0,0,0,0,0,1,0,0,0,0,0,0,0,1,0,0,0,0,0,1,0,0,0,1,0,0,1,0,0,0,0,0,1,0,0,0,1,0,0,0,1,0,1,0
CLI-004556,376.0,19,1,1,100.0,15,2.9,3,8,1,5,10.5,4,0,26.98,0.0,0,0.19,0,1,0,0,0,0,0,0,0,0,0,0,1,0,1,0,0,0,0,0,1,0,0,0,0,1,0,0,1,0,0,0,0,0,0,1,0,1,0,0,0,0,0,1,0,0,1
CLI-004683,19578.0,7,45,20,44.4,6,5.65,9,3,4,3,9.1,5,1,1136.91,0.02,0,0.56,0,0,0,0,0,0,1,1,0,0,0,0,0,0,1,0,0,0,0,0,0,1,0,0,0,1,0,0,0,0,0,1,0,0,0,1,0,0,0,1,0,0,1,0,0,1,0
CLI-002696,186054.0,24,64,29,45.3,6,2.4,9,6,1,3,6.8,1,0,5534.02,0.0,0,0.22,0,0,1,0,0,0,0,1,0,0,0,0,0,0,0,0,0,1,0,0,0,0,1,0,0,0,0,1,0,0,0,0,1,0,0,1,0,0,0,1,0,0,0,1,0,0,1
