client_id,churn,anciennete_mois,sieges_souscrits,utilisateurs_actifs,taux_adoption_pct,connexions_30j,heures_usage_30j,fonctionnalites_utilisees,nb_integrations,derniere_connexion_jours,tickets_support_90j,delai_reponse_support_h,csat,retards_paiement_12m,revenu_mensuel_recurrent_eur,inactivite_relative,inactif_30j,taux_fonctionnalites,polarite_csm_alerte,polarite_csm_neutre,polarite_csm_positif,polarite_csm_absent,niveau_anciennete_recent,niveau_anciennete_etabli,niveau_anciennete_ancien
CLI-003779,0,2,407,241,59.2,17,11.5,2,0,2,2,12.7,2,0,10429.35,0.03,0,0.12,0,0,0,1,1,0,0
CLI-002582,0,20,1,1,100.0,16,5.65,2,2,3,2,28.6,4,0,12.82,0.0,0,0.25,0,1,0,0,0,0,1
CLI-000205,0,15,41,18,43.9,8,2.1,2,2,5,5,20.6,3,0,1025.0,0.01,0,0.12,0,0,0,1,0,0,1
CLI-002990,0,20,10,3,30.0,3,0.8,1,9,3,2,12.3,5,0,274.77,0.0,0,0.06,0,0,0,1,0,0,1
CLI-000218,0,14,152,53,34.9,14,8.8,6,4,3,3,4.4,4,0,7015.68,0.01,0,0.23,0,0,1,0,0,0,1
CLI-000546,0,8,274,229,83.6,82,46.7,12,2,1,2,9.8,3,1,10928.3,0.0,0,0.46,0,0,0,1,0,1,0
CLI-004700,1,3,9,0,0.0,0,0.0,0,0,84,3,11.1,3,0,206.57,0.93,1,0.0,1,0,0,0,1,0,0
CLI-002440,1,18,50,0,0.0,0,0.0,0,0,92,1,5.9,4,0,2439.4,0.17,1,0.0,0,0,0,1,0,0,1
CLI-001333,0,17,25,19,76.0,63,28.0,7,7,2,1,11.1,4,0,575.68,0.0,0,0.44,0,0,1,0,0,0,1
CLI-002965,0,17,140,71,50.7,22,7.1,7,4,1,8,9.4,1,0,6590.84,0.0,0,0.27,1,0,0,0,0,0,1
CLI-001965,0,30,6,4,50.0,47,36.9,3,8,1,5,30.6,4,0,77.3,0.0,0,0.38,0,0,0,1,0,0,1
CLI-001306,0,13,8,5,62.5,20,4.3,6,5,0,5,12.2,3,0,212.93,0.0,0,0.38,0,0,0,1,0,0,1
CLI-003173,0,1,48,36,75.0,62,39.9,14,0,1,0,0.5,5,2,1755.9,0.03,0,0.54,0,1,0,0,1,0,0
CLI-004215,0,19,212,81,38.2,7,3.2,1,5,1,4,20.7,1,0,5071.61,0.0,0,0.06,1,0,0,0,0,0,1
CLI-001373,0,28,32,28,50.0,77,44.3,17,3,1,0,4.9,4,0,1898.61,0.0,0,0.65,0,0,1,0,0,0,1
CLI-003460,0,12,4,3,75.0,35,18.5,10,0,0,0,2.8,5,0,179.34,0.0,0,0.38,0,1,0,0,0,1,0
CLI-004893,0,21,50,14,28.0,1,0.4,7,4,6,0,11.4,3,0,1102.76,0.01,0,0.44,0,0,0,1,0,0,1
CLI-002953,0,2,58,20,34.5,9,1.4,5,1,1,2,14.1,3,3,1213.29,0.02,0,0.31,0,1,0,0,1,0,0
CLI-003202,0,1,16,13,81.2,30,24.3,10,0,2,2,10.5,3,0,395.76,0.07,0,0.62,0,1,0,0,1,0,0
CLI-002056,1,10,41,0,0.0,0,0.0,0,0,39,4,7.0,3,1,1332.98,0.13,1,0.0,0,0,0,1,0,1,0
CLI-004840,0,34,9,2,22.2,1,0.1,4,7,5,0,6.9,4,0,279.42,0.0,0,0.25,1,0,0,0,0,0,1
CLI-004551,1,15,39,15,38.5,18,4.6,3,1,4,4,16.8,3,1,949.17,0.01,0,0.19,0,0,0,1,0,0,1
CLI-004448,1,7,4,2,50.0,20,8.7,4,1,0,3,10.5,4,2,55.61,0.0,0,0.5,0,0,0,1,0,1,0
CLI-002841,0,1,7,4,57.1,23,5.5,4,1,1,0,16.8,5,1,67.75,0.03,0,0.5,0,0,0,1,1,0,0
CLI-003981,1,12,24,13,54.2,16,6.8,13,2,0,3,9.2,3,1,1073.14,0.0,0,0.5,0,0,0,1,0,1,0
CLI-000183,1,18,3,2,66.7,26,14.0,3,2,0,3,16.9,2,0,85.37,0.0,0,0.19,0,0,0,1,0,0,1
CLI-003301,0,10,57,25,43.9,22,2.9,4,2,4,0,6.4,5,1,1223.74,0.01,0,0.25,0,1,0,0,0,1,0
CLI-004768,0,1,738,313,42.4,19,2.3,15,0,0,1,2.6,5,0,26920.81,0.0,0,0.58,0,0,0,1,1,0,0
CLI-003888,0,18,18,8,44.4,2,1.3,9,4,20,2,12.4,2,0,473.3,0.04,0,0.56,0,0,0,1,0,0,1
CLI-000966,0,28,8,4,50.0,25,7.6,3,10,1,2,9.4,4,0,239.0,0.0,0,0.19,0,0,0,1,0,0,1
CLI-000115,0,18,48,13,27.1,5,0.9,7,9,14,1,5.7,3,0,2117.68,0.03,0,0.27,0,0,0,1,0,0,1
CLI-003596,0,8,54,41,75.9,47,28.1,6,2,3,1,9.9,5,1,1536.66,0.01,0,0.38,0,0,0,1,0,1,0
CLI-001206,0,9,31,18,58.1,28,14.3,6,3,1,6,5.2,3,1,1371.1,0.0,0,0.23,0,1,0,0,0,1,0
CLI-004099,0,6,13,10,76.9,44,41.4,24,0,0,1,3.5,5,0,1080.41,0.0,0,0.6,0,1,0,0,0,1,0
CLI-001312,0,14,3,1,33.3,11,6.2,5,3,3,0,0.5,3,0,59.59,0.01,0,0.31,0,0,0,1,0,0,1
CLI-003049,1,1,34,11,32.4,2,0.7,1,0,2,2,5.7,3,2,1022.59,0.07,0,0.04,0,0,0,1,1,0,0
CLI-001044,0,18,19,13,68.4,1,0.6,1,1,30,2,28.6,3,0,208.62,0.06,1,0.12,0,0,0,1,0,0,1
CLI-003193,0,3,21,14,66.7,54,29.2,6,0,2,3,17.8,2,2,557.74,0.02,0,0.38,0,0,0,1,1,0,0
CLI-003089,0,9,25,14,56.0,11,9.7,9,1,3,5,20.2,2,0,503.12,0.01,0,0.56,0,0,0,1,0,1,0
CLI-001724,0,3,5,2,40.0,23,11.6,3,0,3,0,14.8,4,0,56.49,0.03,0,0.38,0,0,0,1,1,0,0
CLI-002181,1,1,7,3,42.9,20,4.5,2,0,4,0,20.5,2,1,85.18,0.13,0,0.25,1,0,0,0,1,0,0
CLI-003979,0,3,64,22,34.4,9,2.5,5,1,2,2,10.5,3,2,1210.71,0.02,0,0.31,0,1,0,0,1,0,0
CLI-004865,0,6,38,19,50.0,15,1.8,12,1,1,2,2.1,4,1,2950.97,0.01,0,0.3,0,0,0,1,0,1,0
CLI-001581,1,1,6,2,33.3,18,6.8,3,0,2,2,28.0,3,3,64.11,0.07,0,0.38,0,1,0,0,1,0,0
CLI-000366,1,2,39,24,61.5,41,7.9,6,0,1,10,19.2,3,0,975.0,0.02,0,0.38,1,0,0,0,1,0,0
CLI-004002,0,10,48,37,77.1,53,43.5,7,2,1,3,13.5,3,0,1345.91,0.0,0,0.44,0,1,0,0,0,1,0
CLI-002784,0,17,7,6,85.7,35,13.2,3,6,0,0,14.6,5,0,64.93,0.0,0,0.38,0,0,1,0,0,0,1
CLI-002694,1,1,44,27,61.4,1,0.1,5,0,20,5,13.7,2,2,1045.79,0.67,0,0.31,0,0,0,1,1,0,0
CLI-000750,1,5,103,50,48.5,8,2.6,11,1,7,6,10.9,2,0,4648.77,0.05,0,0.42,0,0,0,1,0,1,0
CLI-003850,0,16,9,6,66.7,26,22.1,5,1,0,4,14.4,4,0,235.03,0.0,0,0.31,0,0,0,1,0,0,1
CLI-000387,1,8,10,6,60.0,33,14.8,4,0,1,6,32.0,2,0,129.22,0.0,0,0.5,0,0,0,1,0,1,0
CLI-003752,1,13,20,4,20.0,6,1.1,4,1,2,5,15.1,2,1,399.21,0.01,0,0.25,1,0,0,0,0,0,1
CLI-003906,1,14,7,1,14.3,1,0.3,1,3,2,0,10.5,4,0,82.2,0.0,0,0.12,0,0,0,1,0,0,1
CLI-004211,0,13,5,2,40.0,18,6.3,1,2,1,0,12.2,5,0,64.15,0.0,0,0.12,0,0,0,1,0,0,1
CLI-003366,0,21,54,18,33.3,1,0.2,2,1,3,5,10.5,4,0,1516.96,0.0,0,0.12,0,0,0,1,0,0,1
CLI-001898,0,4,32,20,62.5,16,6.2,7,0,2,3,5.8,3,0,1263.64,0.02,0,0.27,0,1,0,0,0,1,0
CLI-001862,0,10,10,5,50.0,15,5.3,0,3,1,0,10.6,3,0,179.72,0.0,0,0.0,0,1,0,0,0,1,0
CLI-003064,0,8,44,16,36.4,1,0.3,2,1,2,2,9.2,5,0,1058.24,0.01,0,0.12,0,0,0,1,0,1,0
CLI-004940,1,3,10,7,70.0,36,20.0,8,0,1,1,13.6,4,4,316.83,0.01,0,0.5,0,1,0,0,1,0,0
CLI-002722,0,27,7,2,28.6,2,0.4,1,5,4,2,32.5,1,0,85.55,0.0,0,0.12,1,0,0,0,0,0,1
CLI-001147,0,8,7,4,57.1,19,5.5,13,1,0,5,4.9,2,2,567.71,0.0,0,0.32,1,0,0,0,0,1,0
CLI-003588,1,16,24,0,0.0,0,0.0,0,0,99,5,14.8,3,0,585.96,0.21,1,0.0,1,0,0,0,0,0,1
CLI-003692,1,1,37,12,32.4,1,0.3,3,0,12,11,19.5,3,1,938.54,0.4,0,0.19,0,0,0,1,1,0,0
CLI-000624,0,1,43,13,30.2,4,0.6,7,0,0,0,9.9,3,3,874.12,0.0,0,0.44,0,0,0,1,1,0,0
CLI-000888,1,18,1,0,0.0,0,0.0,0,0,133,0,9.1,5,0,29.62,0.25,1,0.0,1,0,0,0,0,0,1
CLI-000852,0,11,99,65,65.7,37,16.6,12,5,0,3,9.0,2,0,5187.44,0.0,0,0.46,0,0,0,1,0,1,0
CLI-004374,1,7,15,11,73.3,38,15.0,8,0,1,1,19.1,2,0,437.85,0.0,0,0.5,1,0,0,0,0,1,0
CLI-001589,0,7,26,11,42.3,9,3.2,1,2,10,3,4.5,3,1,954.77,0.05,0,0.04,0,1,0,0,0,1,0
CLI-003636,0,17,10,3,30.0,4,0.2,4,5,4,0,5.6,3,0,203.87,0.01,0,0.25,0,1,0,0,0,0,1
CLI-001624,0,6,22,7,31.8,4,0.2,4,1,0,5,16.2,3,1,472.55,0.0,0,0.25,0,0,0,1,0,1,0
CLI-003200,0,20,3,1,33.3,11,4.9,3,3,2,0,23.3,3,0,31.29,0.0,0,0.38,0,0,0,1,0,0,1
CLI-000688,0,17,7,5,71.4,49,21.9,5,2,2,0,6.7,5,0,222.22,0.0,0,0.31,0,0,0,1,0,0,1
CLI-001328,0,19,48,37,77.1,51,27.5,8,6,0,0,4.8,5,0,2383.95,0.0,0,0.31,0,0,1,0,0,0,1
CLI-001692,0,14,9,6,66.7,30,2.5,3,4,0,2,21.7,5,0,99.41,0.0,0,0.38,0,0,1,0,0,0,1
CLI-001022,0,13,2,1,50.0,15,8.4,3,2,1,0,19.0,4,1,22.06,0.0,0,0.38,0,0,0,1,0,0,1
CLI-003324,0,20,6,3,50.0,30,22.6,4,6,2,1,25.2,3,0,75.18,0.0,0,0.5,0,1,0,0,0,0,1
CLI-002628,1,4,6,0,0.0,0,0.0,0,0,57,4,10.5,3,0,252.95,0.48,1,0.0,1,0,0,0,0,1,0
CLI-001190,1,10,1,1,100.0,63,32.0,23,2,1,1,0.5,3,1,75.56,0.0,0,0.57,0,0,0,1,0,1,0
CLI-003420,1,11,8,1,12.5,1,0.3,2,3,5,8,32.9,3,0,84.47,0.02,0,0.25,1,0,0,0,0,1,0
CLI-001315,0,8,167,122,73.1,15,2.2,8,2,10,0,6.9,5,0,3470.42,0.04,0,0.5,0,1,0,0,0,1,0
CLI-000236,0,15,9,7,77.8,53,37.0,8,6,1,0,9.1,4,0,210.36,0.0,0,0.5,0,0,0,1,0,0,1
CLI-003606,1,7,628,145,23.1,1,0.5,5,0,14,0,10.5,3,0,37769.54,0.07,0,0.12,1,0,0,0,0,1,0
CLI-004801,0,9,53,10,18.9,1,0.1,9,2,30,0,2.9,5,1,3241.09,0.11,1,0.22,0,0,0,1,0,1,0
CLI-001186,0,6,57,22,38.6,4,2.0,4,0,1,2,8.5,5,0,1279.7,0.01,0,0.25,0,0,0,1,0,1,0
CLI-000204,0,21,123,59,48.0,28,4.4,7,7,0,1,5.1,3,0,6211.62,0.0,0,0.27,0,0,0,1,0,0,1
CLI-000200,0,14,15,12,80.0,34,20.3,4,3,0,5,14.4,3,0,382.21,0.0,0,0.25,0,0,0,1,0,0,1
CLI-004965,0,10,1,1,100.0,1,0.3,7,2,30,0,0.5,5,1,41.5,0.1,1,0.27,0,0,0,1,0,1,0
CLI-000278,0,23,717,564,78.7,49,41.1,16,3,4,0,0.5,5,0,69463.25,0.01,0,0.4,0,0,1,0,0,0,1
CLI-000582,0,18,49,35,71.4,50,27.7,13,5,2,1,0.5,5,0,2477.78,0.0,0,0.5,0,0,1,0,0,0,1
CLI-004570,0,12,10,4,40.0,12,5.1,1,4,2,0,10.5,5,0,231.68,0.01,0,0.06,0,0,1,0,0,1,0
CLI-004604,0,5,5,4,80.0,45,33.1,15,2,0,3,5.8,4,0,190.49,0.0,0,0.58,0,0,0,1,0,1,0
CLI-001038,0,22,106,38,35.8,2,0.1,1,0,12,5,4.5,3,1,4098.69,0.02,0,0.04,0,1,0,0,0,0,1
CLI-003248,0,8,7,3,42.9,9,3.7,1,3,2,9,33.4,1,0,94.87,0.01,0,0.12,0,0,0,1,0,1,0
CLI-004393,0,5,118,104,88.1,68,20.8,17,1,0,0,0.5,4,0,5317.55,0.0,0,0.65,0,0,0,1,0,1,0
CLI-000829,0,13,19,4,21.1,1,0.4,2,2,1,1,6.3,2,0,664.18,0.0,0,0.08,1,0,0,0,0,0,1
CLI-003429,1,14,172,44,25.6,1,0.1,3,1,9,4,9.9,2,1,4954.71,0.02,0,0.19,1,0,0,0,0,0,1
CLI-001924,0,4,73,18,24.7,2,0.3,4,0,5,4,10.5,2,2,3017.21,0.04,0,0.15,0,0,0,1,0,1,0
CLI-001227,0,4,53,37,69.8,46,27.4,9,0,0,6,17.7,2,2,1141.46,0.0,0,0.56,0,0,0,1,0,1,0
CLI-000399,1,2,15,7,46.7,20,9.2,5,1,0,0,3.3,3,2,278.86,0.0,0,0.31,0,1,0,0,1,0,0
CLI-002751,0,7,23,14,60.9,23,13.7,13,3,1,2,5.9,4,1,1004.3,0.0,0,0.5,0,0,0,1,0,1,0
CLI-000214,0,4,876,594,67.8,10,3.6,7,0,0,2,9.1,5,2,24911.02,0.0,0,0.44,0,1,0,0,0,1,0
CLI-000682,0,1,8,5,62.5,31,19.4,8,2,1,3,10.7,5,0,214.69,0.03,0,0.5,0,0,0,1,1,0,0
CLI-004275,0,4,147,118,80.3,45,24.2,15,0,2,3,8.2,4,2,5995.3,0.02,0,0.58,0,0,0,1,0,1,0
CLI-002782,1,19,51,37,72.5,56,25.8,4,3,2,5,19.7,4,0,577.54,0.0,0,0.5,0,0,1,0,0,0,1
CLI-004014,0,8,6,2,33.3,1,0.1,2,2,17,1,17.9,5,1,82.36,0.07,0,0.25,0,1,0,0,0,1,0
CLI-002955,0,1,205,22,10.7,1,0.4,1,0,0,0,5.3,5,2,5535.0,0.0,0,0.04,0,0,0,1,1,0,0
CLI-002672,0,17,41,16,39.0,9,1.5,8,2,5,3,10.8,3,0,1025.0,0.01,0,0.5,0,0,0,1,0,0,1
CLI-001585,0,17,57,32,56.1,26,11.2,7,5,0,2,10.5,3,0,1597.15,0.0,0,0.44,0,1,0,0,0,0,1
CLI-004161,0,12,35,8,22.9,3,0.6,3,3,15,3,6.0,3,0,1267.55,0.04,0,0.12,0,0,0,1,0,1,0
CLI-004701,0,6,27,13,48.1,16,7.4,11,2,1,1,8.4,1,0,1205.32,0.01,0,0.42,0,0,0,1,0,1,0
CLI-000297,1,6,1,1,100.0,19,6.2,4,1,0,6,32.8,1,1,12.3,0.0,0,0.5,1,0,0,0,0,1,0
CLI-001570,1,7,8,3,37.5,3,0.9,0,1,15,1,8.0,4,0,204.35,0.07,0,0.0,0,0,0,1,0,1,0
CLI-003925,0,14,15,13,86.7,46,38.4,14,0,1,0,3.0,4,0,674.29,0.0,0,0.54,0,0,0,1,0,0,1
CLI-003660,0,12,5,2,40.0,10,8.1,4,1,1,2,12.5,5,0,46.91,0.0,0,0.5,0,1,0,0,0,1,0
CLI-004667,0,18,697,490,70.3,54,48.2,18,2,0,0,3.6,4,0,55760.0,0.0,0,0.45,0,0,0,1,0,0,1
CLI-001839,0,8,102,83,81.4,43,27.9,11,3,1,3,3.9,3,0,7810.05,0.0,0,0.28,0,0,0,1,0,1,0
CLI-003319,1,5,6,5,83.3,28,5.0,3,1,0,3,27.5,2,1,72.0,0.0,0,0.38,0,0,0,1,0,1,0
CLI-000017,1,1,76,44,57.9,18,7.5,10,0,6,0,7.3,3,1,3944.93,0.2,0,0.38,0,0,0,1,1,0,0
CLI-003269,0,10,13,8,61.5,45,23.4,18,1,1,1,2.5,3,0,988.43,0.0,0,0.45,0,0,0,1,0,1,0
CLI-000816,0,17,38,7,18.4,1,0.2,5,1,9,0,10.5,2,0,2003.44,0.02,0,0.19,0,0,0,1,0,0,1
CLI-001331,0,26,14,8,57.1,46,23.1,10,3,0,0,9.4,3,0,460.24,0.0,0,0.62,0,0,0,1,0,0,1
CLI-003271,0,12,50,40,80.0,58,29.3,6,4,2,3,32.7,3,0,623.47,0.01,0,0.75,0,0,0,1,0,1,0
CLI-001457,0,11,8,6,75.0,56,32.9,9,2,1,2,12.1,3,0,194.22,0.0,0,0.56,0,1,0,0,0,1,0
CLI-003169,0,9,56,37,66.1,43,25.7,6,7,4,1,10.5,4,0,1194.22,0.01,0,0.38,0,0,0,1,0,1,0
CLI-002771,0,12,139,71,51.1,30,10.4,17,3,0,3,6.1,4,1,10374.51,0.0,0,0.42,0,0,1,0,0,1,0
CLI-001831,1,2,11,3,27.3,6,3.3,9,0,0,5,7.7,2,1,483.27,0.0,0,0.35,0,0,0,1,1,0,0
CLI-003285,0,9,1,1,100.0,109,62.6,5,5,0,1,30.2,4,0,14.59,0.0,0,0.62,0,0,1,0,0,1,0
CLI-002447,0,12,3,0,0.0,0,0.0,0,0,34,0,14.2,4,1,40.0,0.09,1,0.0,0,0,0,1,0,1,0
CLI-000511,0,18,109,56,51.4,13,2.0,5,7,1,6,14.6,1,0,3073.04,0.0,0,0.31,1,0,0,0,0,0,1
CLI-002265,0,17,39,18,46.2,13,1.6,10,4,0,4,6.0,4,0,1726.18,0.0,0,0.38,0,0,0,1,0,0,1
CLI-000649,1,2,4,1,25.0,4,2.7,5,0,10,3,14.8,2,2,94.65,0.17,0,0.31,1,0,0,0,1,0,0
CLI-000920,0,15,7,2,28.6,12,0.6,3,4,8,7,15.1,3,0,178.75,0.02,0,0.19,1,0,0,0,0,0,1
CLI-004944,0,14,53,32,60.4,19,8.8,10,5,1,3,12.7,3,0,1575.24,0.0,0,0.62,0,1,0,0,0,0,1
CLI-001648,0,4,1,1,100.0,29,14.7,0,2,0,4,10.5,1,0,17.83,0.0,0,0.0,0,0,0,1,0,1,0
CLI-004127,1,5,10,6,60.0,16,7.6,1,0,2,12,43.0,1,0,134.75,0.01,0,0.12,0,0,0,1,0,1,0
CLI-003437,1,3,37,27,73.0,72,40.0,8,1,1,5,12.0,3,3,1709.11,0.01,0,0.31,0,0,0,1,1,0,0
CLI-001371,0,10,39,17,43.6,7,1.3,10,5,2,1,4.5,2,0,1904.54,0.01,0,0.38,0,0,0,1,0,1,0
CLI-000973,0,7,191,134,70.2,41,17.1,13,3,0,2,4.1,3,1,8978.92,0.0,0,0.5,0,0,0,1,0,1,0
CLI-000372,0,19,57,29,50.9,31,16.6,8,5,0,1,13.8,3,0,1628.95,0.0,0,0.5,0,1,0,0,0,0,1
CLI-004195,0,14,258,201,77.9,71,38.4,32,2,3,0,1.9,3,0,22929.24,0.01,0,0.8,0,0,0,1,0,0,1
CLI-001908,1,7,9,2,22.2,1,0.1,3,1,10,4,23.1,4,1,102.89,0.05,0,0.38,1,0,0,0,0,1,0
CLI-001563,1,10,65,27,41.5,2,0.4,4,1,30,4,9.9,4,0,1699.35,0.1,1,0.25,0,0,0,1,0,1,0
CLI-001424,0,16,116,63,50.0,11,2.3,9,3,4,2,5.5,2,0,4889.58,0.01,0,0.35,1,0,0,0,0,0,1
CLI-001080,1,12,7,5,71.4,25,1.3,7,2,3,4,20.4,1,0,169.55,0.01,0,0.44,1,0,0,0,0,1,0
CLI-004953,0,15,113,73,64.6,23,11.7,11,3,1,5,6.6,2,0,5264.46,0.0,0,0.42,0,0,0,1,0,0,1
CLI-000858,0,15,167,77,46.1,13,5.6,2,2,4,8,18.3,3,0,4367.65,0.01,0,0.12,1,0,0,0,0,0,1
CLI-000194,0,12,11,5,45.5,15,9.7,4,4,1,0,6.4,5,0,282.33,0.0,0,0.25,0,0,0,1,0,1,0
CLI-001652,0,8,55,21,38.2,1,0.2,0,4,4,0,8.2,5,1,622.29,0.02,0,0.0,0,0,1,0,0,1,0
CLI-000291,0,27,42,12,28.6,8,2.4,8,4,2,5,6.3,3,0,2202.05,0.0,0,0.31,0,0,0,1,0,0,1
CLI-002579,1,18,10,5,50.0,16,7.4,7,2,1,1,14.4,4,0,240.65,0.0,0,0.44,0,0,0,1,0,0,1
CLI-004849,0,16,36,6,16.7,1,0.1,1,4,12,9,7.2,1,0,1249.04,0.02,0,0.04,0,0,0,1,0,0,1
CLI-002028,1,1,28,6,21.4,1,0.3,0,0,30,6,20.3,2,5,667.62,1.0,1,0.0,0,0,0,1,1,0,0
CLI-002787,1,4,9,2,50.0,1,0.3,3,0,2,4,12.0,2,3,188.77,0.02,0,0.19,1,0,0,0,0,1,0
CLI-002190,0,10,839,568,67.7,32,12.1,15,2,3,3,4.5,4,2,61653.25,0.01,0,0.38,0,0,0,1,0,1,0
CLI-000813,1,1,11,1,9.1,1,0.1,0,0,2,3,25.9,3,3,93.65,0.07,0,0.0,0,0,0,1,1,0,0
CLI-000921,0,21,9,5,55.6,13,5.65,10,6,3,4,6.3,4,0,504.89,0.0,0,0.38,0,0,1,0,0,0,1
CLI-004385,0,6,63,12,50.0,5,3.6,11,3,0,2,6.3,3,3,2781.02,0.0,0,0.42,1,0,0,0,0,1,0
CLI-004487,0,14,704,502,71.3,23,10.3,18,7,3,1,3.1,4,0,55455.8,0.01,0,0.45,0,0,0,1,0,0,1
CLI-000263,1,1,3,1,33.3,7,3.3,2,1,3,1,15.6,4,3,29.54,0.1,0,0.25,0,1,0,0,1,0,0
CLI-003543,0,18,2,2,100.0,69,41.7,27,5,3,1,5.3,5,0,203.64,0.01,0,0.68,0,0,1,0,0,0,1
CLI-003438,1,1,44,27,61.4,33,24.7,12,0,2,4,10.5,2,2,1213.78,0.07,0,0.75,0,0,0,1,1,0,0
CLI-003493,0,4,6,4,66.7,41,29.9,3,1,2,3,33.0,2,1,74.86,0.02,0,0.38,1,0,0,0,0,1,0
CLI-003716,0,3,10,3,30.0,3,1.1,2,0,3,3,24.7,4,0,101.05,0.03,0,0.25,0,0,0,1,1,0,0
CLI-003697,0,12,50,22,44.0,18,9.5,12,3,1,0,3.9,5,1,2368.09,0.0,0,0.46,0,0,1,0,0,1,0
CLI-002290,0,14,179,111,62.0,29,9.1,13,0,1,0,9.8,4,0,8902.98,0.0,0,0.5,0,0,0,1,0,0,1
CLI-000579,1,2,5,3,60.0,35,7.7,4,0,1,4,23.5,3,0,58.42,0.02,0,0.5,0,0,0,1,1,0,0
CLI-001071,1,5,106,64,60.4,26,11.4,8,3,0,1,14.8,2,1,2756.35,0.0,0,0.5,1,0,0,0,0,1,0
CLI-003853,0,6,57,8,14.0,1,0.2,9,2,5,1,10.5,5,3,2293.98,0.03,0,0.35,1,0,0,0,0,1,0
CLI-004167,0,15,59,28,47.5,2,0.8,2,4,16,6,23.4,3,1,688.68,0.04,0,0.25,0,0,0,1,0,0,1
CLI-001354,0,17,41,17,41.5,14,8.1,4,3,2,2,13.8,3,0,1094.27,0.0,0,0.25,0,0,0,1,0,0,1
CLI-002503,0,17,139,20,14.4,1,0.1,11,5,11,1,0.5,4,0,9397.92,0.02,0,0.28,0,0,0,1,0,0,1
CLI-001813,0,15,186,74,39.8,1,5.65,4,1,3,0,9.1,4,1,4683.99,0.01,0,0.25,0,0,0,1,0,0,1
CLI-003051,0,4,127,72,56.7,22,3.4,12,3,0,6,10.5,4,1,7154.55,0.0,0,0.46,0,0,0,1,0,1,0
CLI-003693,1,11,870,0,0.0,0,0.0,0,0,56,3,2.1,3,1,70940.69,0.17,1,0.0,1,0,0,0,0,1,0
CLI-000918,0,21,112,53,47.3,9,6.6,3,7,1,4,17.0,1,0,2548.9,0.0,0,0.19,0,0,0,1,0,0,1
CLI-003980,0,1,149,33,22.1,11,0.6,8,0,0,0,10.5,5,4,6792.25,0.0,0,0.31,0,0,0,1,1,0,0
CLI-003576,0,8,44,13,29.5,1,0.6,9,1,2,1,10.5,5,1,3535.4,0.01,0,0.22,0,0,0,1,0,1,0
CLI-002068,0,1,118,34,28.8,5,4.1,4,0,1,2,10.1,2,3,5749.65,0.03,0,0.15,0,0,0,1,1,0,0
CLI-002237,0,9,24,3,12.5,1,0.1,0,1,2,5,10.5,3,0,274.25,0.01,0,0.0,1,0,0,0,0,1,0
CLI-002847,0,14,1,1,100.0,41,17.1,15,3,0,4,11.0,2,0,45.99,0.0,0,0.58,0,0,0,1,0,0,1
CLI-002210,0,3,151,70,46.4,20,5.3,10,0,0,6,5.8,1,1,6011.36,0.0,0,0.38,0,0,0,1,1,0,0
CLI-004957,1,5,40,0,0.0,0,0.0,0,0,95,0,10.5,5,0,996.66,0.63,1,0.0,1,0,0,0,0,1,0
CLI-000889,1,4,2,1,50.0,37,12.0,4,0,2,2,23.4,4,4,28.8,0.02,0,0.5,0,0,0,1,0,1,0
CLI-001779,0,19,4,3,75.0,55,37.4,4,3,1,0,22.4,4,0,56.1,0.0,0,0.5,0,0,1,0,0,0,1
CLI-000485,0,10,30,21,70.0,75,39.1,10,2,0,0,6.0,3,0,1503.32,0.0,0,0.38,0,1,0,0,0,1,0
CLI-001238,0,1,120,74,61.7,43,33.8,5,0,0,0,9.8,5,1,1415.41,0.0,0,0.62,0,0,0,1,1,0,0
CLI-004445,0,26,12,7,58.3,33,16.6,6,2,0,3,15.7,3,0,369.91,0.0,0,0.38,0,0,1,0,0,0,1
CLI-004521,1,1,141,104,73.8,47,32.1,3,0,0,0,4.8,3,2,6085.66,0.0,0,0.12,0,0,0,1,1,0,0
CLI-001762,0,16,201,17,8.5,1,0.3,1,5,14,2,10.5,4,0,14771.81,0.03,0,0.02,0,0,0,1,0,0,1
CLI-001508,0,3,149,36,24.2,3,1.3,2,0,2,2,10.6,5,0,3424.16,0.02,0,0.12,1,0,0,0,1,0,0
CLI-003761,1,1,11,3,27.3,6,2.5,3,0,14,3,10.5,2,3,305.64,0.47,0,0.19,1,0,0,0,1,0,0
CLI-000690,0,3,7,2,28.6,1,5.65,4,0,5,2,6.6,3,0,315.0,0.06,0,0.15,0,0,0,1,1,0,0
CLI-004170,1,5,2,1,50.0,2,0.6,4,0,6,1,18.9,3,0,24.57,0.04,0,0.5,0,0,0,1,0,1,0
CLI-002760,0,20,8,4,50.0,6,2.0,6,2,1,5,9.9,3,0,298.85,0.0,0,0.23,0,0,0,1,0,0,1
CLI-003503,0,9,1,1,100.0,1,0.2,2,1,1,3,10.5,3,1,10.82,0.0,0,0.25,0,0,0,1,0,1,0
CLI-001522,0,18,58,0,0.0,0,0.0,0,0,35,0,18.6,5,0,754.63,0.06,1,0.0,1,0,0,0,0,0,1
CLI-001075,0,7,46,21,50.0,3,0.3,6,0,7,1,6.7,4,2,2043.59,0.03,0,0.23,0,0,0,1,0,1,0
CLI-004721,0,18,37,29,78.4,47,32.8,9,5,1,5,8.9,4,0,1039.84,0.0,0,0.56,0,0,1,0,0,0,1
CLI-001234,0,17,1,1,100.0,59,10.5,3,5,0,1,10.5,4,0,12.41,0.0,0,0.38,0,0,1,0,0,0,1
CLI-000344,0,9,190,72,37.9,2,0.9,7,1,9,3,3.2,1,1,9684.09,0.03,0,0.27,0,0,0,1,0,1,0
CLI-001202,1,12,2,1,50.0,6,1.2,2,5,5,4,31.2,3,1,22.38,0.01,0,0.25,0,0,0,1,0,1,0
CLI-004432,0,13,34,25,73.5,51,27.5,10,3,0,1,13.0,4,0,950.88,0.0,0,0.62,0,0,1,0,0,0,1
CLI-003160,1,16,55,0,0.0,0,0.0,0,0,47,0,5.5,5,0,2138.58,0.1,1,0.0,0,0,0,1,0,0,1
CLI-004671,0,10,1,1,100.0,48,11.5,9,2,2,1,11.6,4,0,26.61,0.01,0,0.56,0,0,0,1,0,1,0
CLI-002823,1,5,9,5,55.6,54,42.0,4,0,1,1,22.2,5,3,101.8,0.01,0,0.5,0,0,0,1,0,1,0
CLI-000957,0,11,4,1,25.0,8,4.0,6,1,0,2,9.7,4,0,117.05,0.0,0,0.38,0,0,0,1,0,1,0
CLI-000714,1,10,40,36,90.0,50,27.7,6,5,1,10,17.6,2,1,1012.86,0.0,0,0.38,1,0,0,0,0,1,0
CLI-004333,0,19,35,12,34.3,1,0.5,5,4,7,0,2.4,4,0,1920.95,0.01,0,0.19,0,0,1,0,0,0,1
CLI-003933,1,11,54,17,31.5,11,2.3,11,3,6,2,10.2,2,0,2736.14,0.02,0,0.42,1,0,0,0,0,1,0
CLI-002248,0,8,2,1,50.0,27,7.8,6,1,1,0,7.7,3,1,49.4,0.0,0,0.38,0,1,0,0,0,1,0
CLI-004344,0,24,13,10,76.9,60,44.1,5,4,1,1,10.5,3,0,383.33,0.0,0,0.31,0,1,0,0,0,0,1
CLI-004257,0,4,52,40,76.9,51,28.2,4,3,0,1,12.5,4,0,1503.83,0.0,0,0.25,0,0,0,1,0,1,0
CLI-002869,0,17,2,2,100.0,43,8.5,16,3,1,1,6.1,3,0,94.38,0.0,0,0.62,0,0,0,1,0,0,1
CLI-004857,0,8,57,19,33.3,11,5.7,8,4,1,2,3.8,3,0,2781.58,0.0,0,0.31,0,0,0,1,0,1,0
CLI-002644,0,21,179,148,50.0,66,38.2,13,5,0,0,3.4,5,0,7830.91,0.0,0,0.5,0,0,1,0,0,0,1
CLI-004162,1,1,50,30,60.0,32,15.8,3,0,0,3,33.6,3,3,604.51,0.0,0,0.38,0,0,0,1,1,0,0
CLI-003990,1,1,6,4,66.7,32,13.5,2,0,0,0,18.5,5,5,68.27,0.0,0,0.25,0,1,0,0,1,0,0
CLI-002216,1,1,43,20,46.5,10,3.5,5,0,0,1,10.5,4,0,3211.76,0.0,0,0.12,0,0,0,1,1,0,0
CLI-003104,0,9,44,2,4.5,1,0.1,1,2,0,0,0.5,5,3,1712.96,0.0,0,0.04,0,0,0,1,0,1,0
CLI-000698,1,1,35,15,42.9,1,0.2,7,0,12,7,15.1,4,4,894.25,0.4,0,0.44,1,0,0,0,1,0,0
CLI-001899,1,19,27,0,0.0,0,0.0,0,0,200,4,3.7,2,0,2139.64,0.35,1,0.0,0,0,0,1,0,0,1
CLI-003505,0,11,31,10,32.3,6,1.3,5,4,3,1,10.3,3,2,707.43,0.01,0,0.31,0,1,0,0,0,1,0
CLI-001223,0,12,11,9,50.0,48,18.6,26,1,0,12,7.2,1,2,833.98,0.0,0,0.65,1,0,0,0,0,1,0
CLI-001351,0,6,21,9,42.9,28,18.5,8,1,0,0,8.9,3,2,1011.3,0.0,0,0.31,0,0,0,1,0,1,0
CLI-002362,1,5,27,0,0.0,0,0.0,0,0,70,2,19.9,3,1,377.6,0.47,1,0.0,0,0,0,1,0,1,0
CLI-002654,0,28,9,7,50.0,63,5.65,25,8,1,0,5.4,3,0,783.74,0.0,0,0.62,0,1,0,0,0,0,1
CLI-001102,1,9,24,17,70.8,52,12.5,3,3,0,2,25.5,3,1,394.48,0.0,0,0.38,0,0,0,1,0,1,0
CLI-003479,0,15,6,3,50.0,23,11.3,3,8,1,5,36.5,2,1,63.77,0.0,0,0.38,1,0,0,0,0,0,1
CLI-001479,0,19,10,4,40.0,12,4.8,3,5,2,4,33.7,3,0,112.22,0.0,0,0.38,0,0,0,1,0,0,1
CLI-004120,0,8,100,54,54.0,6,2.8,9,4,5,6,8.2,3,2,5380.23,0.02,0,0.35,0,0,0,1,0,1,0
CLI-000801,1,14,90,18,20.0,4,1.8,6,5,0,5,17.7,1,0,1738.63,0.0,0,0.38,0,0,0,1,0,0,1
CLI-000623,0,12,112,13,50.0,1,5.65,2,5,5,7,18.6,2,0,3245.93,0.01,0,0.12,0,0,0,1,0,1,0
CLI-001576,1,6,121,54,44.6,26,3.2,4,2,1,2,11.4,4,1,3069.05,0.01,0,0.25,0,0,0,1,0,1,0
CLI-004231,0,15,28,22,78.6,63,42.3,5,2,0,1,12.5,4,0,904.92,0.0,0,0.31,0,0,1,0,0,0,1
CLI-003870,1,9,4,2,50.0,25,14.1,3,2,1,3,28.2,4,0,52.18,0.0,0,0.38,0,1,0,0,0,1,0
CLI-002691,1,1,6,3,50.0,12,4.6,4,0,9,4,29.4,3,0,76.62,0.3,0,0.5,0,0,0,1,1,0,0
CLI-000867,0,2,10,9,90.0,84,51.9,13,0,2,9,19.2,3,2,221.33,0.03,0,0.81,0,0,0,1,1,0,0
CLI-002616,0,1,191,156,50.0,48,5.65,21,1,0,4,5.2,2,1,16557.89,0.0,0,0.52,0,0,0,1,1,0,0
CLI-004107,0,14,1,1,100.0,84,65.5,5,6,4,2,33.0,3,1,13.2,0.01,0,0.62,0,1,0,0,0,0,1
CLI-004790,1,5,41,20,48.8,29,25.9,6,2,0,5,13.0,3,1,926.92,0.0,0,0.38,0,0,0,1,0,1,0
CLI-001718,0,19,12,7,58.3,15,4.7,3,4,0,2,13.4,4,0,357.3,0.0,0,0.19,0,0,0,1,0,0,1
CLI-003263,0,17,15,5,50.0,13,5.65,3,4,1,7,34.7,1,0,185.74,0.0,0,0.38,1,0,0,0,0,0,1
CLI-002756,1,1,11,0,0.0,0,0.0,0,0,30,4,15.1,3,2,271.63,1.0,1,0.0,0,0,0,1,1,0,0
CLI-002171,0,14,11,5,45.5,10,6.0,3,5,1,0,11.4,4,0,147.96,0.0,0,0.38,0,0,0,1,0,0,1
CLI-001352,0,23,3,2,66.7,58,50.4,13,7,0,0,8.1,5,0,76.59,0.0,0,0.81,0,0,0,1,0,0,1
CLI-002542,0,12,5,2,40.0,17,10.5,1,1,1,2,25.4,3,0,64.9,0.0,0,0.12,0,0,0,1,0,1,0
CLI-004110,0,4,10,5,50.0,28,15.1,8,2,0,0,1.7,5,1,236.88,0.0,0,0.5,0,0,0,1,0,1,0
CLI-004475,0,15,58,9,15.5,3,0.9,0,3,8,5,19.9,3,0,959.19,0.02,0,0.0,1,0,0,0,0,0,1
CLI-002478,1,10,6,4,66.7,32,12.2,9,2,0,0,8.4,5,0,140.12,0.0,0,0.56,0,0,0,1,0,1,0
CLI-000303,1,10,55,0,0.0,0,0.0,0,0,104,0,7.3,3,1,1252.76,0.35,1,0.0,0,0,0,1,0,1,0
CLI-000111,1,16,30,0,0.0,0,0.0,0,0,98,0,22.6,3,0,378.32,0.2,1,0.0,0,0,0,1,0,0,1
CLI-004670,1,20,1,1,100.0,10,5.65,3,1,6,6,27.0,3,0,10.86,0.01,0,0.38,0,0,0,1,0,0,1
CLI-001914,1,18,4,1,25.0,2,0.8,2,3,28,0,20.5,4,0,54.0,0.05,0,0.25,0,1,0,0,0,0,1
CLI-003675,0,10,57,39,68.4,46,16.8,7,1,0,3,18.8,1,2,1602.32,0.0,0,0.44,0,0,0,1,0,1,0
CLI-000993,1,4,2,0,0.0,0,0.0,0,0,68,3,16.9,3,0,16.99,0.57,1,0.0,1,0,0,0,0,1,0
CLI-000575,1,5,6,3,50.0,20,4.2,5,1,4,2,11.4,3,2,132.43,0.03,0,0.31,0,0,0,1,0,1,0
CLI-004676,0,14,161,39,24.2,8,2.6,3,0,2,4,7.8,2,1,6517.29,0.0,0,0.12,1,0,0,0,0,0,1
CLI-003601,0,8,8,4,50.0,17,7.3,3,1,2,0,13.2,5,2,106.03,0.01,0,0.38,0,1,0,0,0,1,0
CLI-000910,1,1,28,0,0.0,0,0.0,0,0,30,1,8.8,3,1,1397.26,1.0,1,0.0,1,0,0,0,1,0,0
CLI-003201,0,8,15,9,60.0,24,3.2,3,1,0,1,12.2,2,1,344.4,0.0,0,0.19,1,0,0,0,0,1,0
CLI-001067,0,28,48,11,22.9,11,7.6,5,7,9,6,16.8,2,0,1338.46,0.01,0,0.31,1,0,0,0,0,0,1
CLI-000301,0,3,376,306,81.4,39,5.65,31,0,1,4,2.1,2,0,24571.43,0.01,0,0.78,1,0,0,0,1,0,0
CLI-002295,1,20,44,20,45.5,11,6.8,2,4,7,6,37.3,3,0,446.46,0.01,0,0.25,0,0,0,1,0,0,1
CLI-003611,0,15,56,16,28.6,1,0.4,4,5,1,4,4.2,4,0,3590.98,0.0,0,0.1,0,0,1,0,0,0,1
CLI-003909,0,11,127,73,57.5,16,6.6,13,2,4,5,3.2,3,0,10808.83,0.01,0,0.32,0,1,0,0,0,1,0
CLI-003028,0,16,14,7,50.0,20,4.4,4,1,2,3,21.7,3,0,168.0,0.0,0,0.5,0,0,0,1,0,0,1
CLI-003858,0,17,215,137,50.0,40,29.6,8,2,1,4,6.1,3,0,10676.68,0.0,0,0.31,0,0,0,1,0,0,1
CLI-002848,0,11,110,8,7.3,1,0.1,5,4,1,1,7.5,4,2,4427.56,0.0,0,0.19,1,0,0,0,0,1,0
CLI-001676,0,16,11,7,63.6,24,6.6,3,3,3,5,39.5,3,0,156.96,0.01,0,0.38,0,0,0,1,0,0,1
CLI-002741,0,8,8,4,50.0,5,2.1,0,1,0,0,26.4,3,1,78.68,0.0,0,0.0,0,1,0,0,0,1,0
CLI-001398,0,14,2,1,50.0,5,1.0,0,2,5,6,32.2,3,0,23.84,0.01,0,0.0,0,0,0,1,0,0,1
CLI-000505,0,14,4,2,50.0,34,5.65,6,4,0,3,15.7,2,0,98.17,0.0,0,0.38,0,0,0,1,0,0,1
CLI-000318,0,17,2,1,50.0,39,17.3,14,2,0,3,12.7,4,0,114.91,0.0,0,0.54,0,1,0,0,0,0,1
CLI-004859,0,13,24,21,87.5,67,51.3,10,4,1,0,10.5,5,0,700.59,0.0,0,0.62,0,0,0,1,0,0,1
CLI-001761,1,8,215,0,0.0,0,0.0,0,0,79,0,9.7,3,1,5202.3,0.33,1,0.0,0,0,0,1,0,1,0
CLI-001045,1,1,24,4,16.7,1,0.1,2,0,4,4,24.3,4,1,220.95,0.13,0,0.25,1,0,0,0,1,0,0
CLI-002280,0,1,2,1,50.0,18,5.8,3,0,3,1,10.9,5,3,50.0,0.1,0,0.19,0,0,0,1,1,0,0
CLI-000333,0,9,54,21,38.9,19,9.5,8,2,0,6,18.5,2,0,1354.61,0.0,0,0.5,1,0,0,0,0,1,0
CLI-000754,0,12,29,18,62.1,44,24.4,3,2,1,1,18.6,4,0,421.49,0.0,0,0.38,0,0,0,1,0,1,0
CLI-002962,1,1,45,38,84.4,55,5.65,10,0,0,7,19.6,3,4,1212.63,0.0,0,0.62,0,0,0,1,1,0,0
CLI-003837,1,8,45,14,31.1,3,0.8,3,2,18,1,12.3,3,2,973.44,0.08,0,0.19,0,0,0,1,0,1,0
CLI-001703,0,15,42,11,26.2,6,1.6,2,2,7,1,18.0,3,0,489.49,0.02,0,0.25,0,0,0,1,0,0,1
CLI-004511,0,2,1,1,100.0,48,5.65,4,1,0,0,9.4,4,2,11.55,0.0,0,0.5,0,0,0,1,1,0,0
CLI-000632,0,12,43,9,20.9,1,0.5,2,1,30,0,4.9,3,0,2245.7,0.08,1,0.08,0,0,0,1,0,1,0
CLI-004237,1,18,16,0,0.0,0,0.0,0,0,50,0,22.1,4,0,179.64,0.09,1,0.0,1,0,0,0,0,0,1
CLI-001847,0,11,44,19,43.2,11,4.6,3,2,2,6,19.6,5,0,579.81,0.01,0,0.38,0,0,0,1,0,1,0
CLI-003298,0,21,1,1,100.0,34,4.6,13,6,0,3,10.4,3,0,48.84,0.0,0,0.5,0,0,0,1,0,0,1
CLI-003266,0,2,183,57,31.1,12,5.8,20,0,1,2,2.7,3,0,16675.96,0.02,0,0.5,0,1,0,0,1,0,0
CLI-002890,0,1,179,108,60.3,36,9.5,7,0,1,4,17.2,3,2,3963.02,0.03,0,0.44,0,0,0,1,1,0,0
CLI-004999,0,8,41,18,43.9,28,14.8,6,3,7,0,2.9,3,1,1865.51,0.03,0,0.23,0,0,0,1,0,1,0
CLI-001372,0,7,8,8,100.0,128,5.65,9,4,0,0,10.4,3,1,202.82,0.0,0,0.56,0,0,1,0,0,1,0
CLI-001359,0,1,9,8,88.9,81,48.4,4,2,0,0,7.4,5,3,114.32,0.0,0,0.5,0,0,0,1,1,0,0
CLI-003359,1,7,16,0,0.0,0,0.0,0,0,104,0,3.7,4,3,371.09,0.5,1,0.0,0,0,0,1,0,1,0
CLI-001981,1,10,26,7,26.9,10,8.6,7,3,1,0,10.5,3,0,717.44,0.0,0,0.44,0,0,0,1,0,1,0
CLI-002732,0,14,760,315,41.4,23,10.6,11,3,1,0,3.0,4,0,66168.67,0.0,0,0.28,0,0,0,1,0,0,1
CLI-002161,1,8,27,13,48.1,16,7.3,3,1,0,4,10.5,2,0,334.29,0.0,0,0.38,0,0,0,1,0,1,0
CLI-001786,0,21,49,18,36.7,1,0.2,2,3,20,7,13.1,2,0,2057.91,0.03,0,0.08,1,0,0,0,0,0,1
CLI-000239,0,16,9,5,55.6,40,17.9,6,2,0,0,14.7,4,0,272.86,0.0,0,0.38,0,0,0,1,0,0,1
CLI-004828,0,17,790,290,36.7,1,0.3,14,3,16,3,2.9,3,0,45003.9,0.03,0,0.35,0,0,0,1,0,0,1
CLI-001271,0,32,49,39,79.6,69,32.7,3,6,2,0,11.5,3,0,669.44,0.0,0,0.38,0,1,0,0,0,0,1
CLI-002383,0,13,47,39,83.0,61,38.1,32,5,0,0,0.5,5,0,4087.87,0.0,0,0.8,0,0,0,1,0,0,1
CLI-004386,1,4,65,50,76.9,38,5.65,7,0,0,7,21.9,3,3,1674.12,0.0,0,0.44,1,0,0,0,0,1,0
CLI-002497,0,15,497,96,19.3,1,0.3,1,1,25,2,6.5,1,0,32851.93,0.06,0,0.02,0,0,0,1,0,0,1
CLI-001690,1,10,2,1,50.0,1,0.3,2,1,30,8,21.3,1,2,38.14,0.1,1,0.12,1,0,0,0,0,1,0
CLI-001237,0,8,27,8,29.6,12,4.7,6,1,0,2,6.7,4,1,1170.16,0.0,0,0.23,0,0,0,1,0,1,0
CLI-002429,0,14,8,2,25.0,5,0.5,6,3,2,0,11.3,5,0,178.48,0.0,0,0.38,0,0,0,1,0,0,1
CLI-001475,1,5,3,1,33.3,1,0.4,1,0,19,4,23.0,3,0,34.05,0.13,0,0.12,0,0,0,1,0,1,0
CLI-003158,0,22,124,62,50.0,12,10.4,3,1,0,7,5.8,1,0,10500.77,0.0,0,0.08,0,0,0,1,0,0,1
CLI-002897,1,13,11,3,27.3,3,0.2,3,2,6,8,25.9,3,0,93.37,0.02,0,0.38,1,0,0,0,0,0,1
CLI-003687,0,12,40,27,67.5,35,23.2,7,5,0,0,5.4,5,0,760.76,0.0,0,0.44,0,0,1,0,0,1,0
CLI-002012,0,10,11,4,36.4,25,5.65,2,1,3,1,22.2,4,0,144.09,0.01,0,0.25,0,0,0,1,0,1,0
CLI-004545,0,8,37,18,48.6,16,5.3,6,3,6,0,2.6,5,0,1423.45,0.02,0,0.23,0,0,1,0,0,1,0
CLI-000762,1,1,20,6,30.0,1,0.3,6,1,25,3,10.5,4,0,467.45,0.83,0,0.38,0,0,0,1,1,0,0
CLI-002453,0,4,7,4,57.1,30,13.2,3,0,1,5,39.0,2,0,101.52,0.01,0,0.38,1,0,0,0,0,1,0
CLI-002432,0,14,9,8,88.9,64,39.9,14,3,1,1,1.4,5,0,512.32,0.0,0,0.54,0,0,1,0,0,0,1
CLI-001065,1,3,11,5,45.5,1,0.4,12,0,30,2,10.5,4,2,440.24,0.33,1,0.46,0,1,0,0,1,0,0
CLI-004282,0,14,13,7,53.8,33,13.4,11,2,1,3,6.4,4,0,450.62,0.0,0,0.42,0,0,0,1,0,0,1
CLI-001287,0,11,6,4,66.7,48,24.6,7,0,3,1,14.8,3,0,171.03,0.01,0,0.44,0,1,0,0,0,1,0
CLI-002051,0,13,49,41,83.7,59,39.0,16,0,2,4,5.9,3,1,4248.32,0.01,0,0.4,0,1,0,0,0,0,1
CLI-002991,0,16,151,69,45.7,22,22.3,21,2,0,0,3.0,5,0,11567.7,0.0,0,0.52,0,1,0,0,0,0,1
CLI-001736,0,7,167,92,55.1,34,24.0,3,1,1,6,14.4,3,0,4328.68,0.0,0,0.19,0,1,0,0,0,1,0
CLI-003428,1,1,6,5,83.3,77,29.9,6,0,0,6,30.8,1,4,68.38,0.0,0,0.75,0,0,0,1,1,0,0
CLI-004408,0,5,4,3,75.0,81,82.9,4,1,0,0,9.7,4,0,105.42,0.0,0,0.25,0,1,0,0,0,1,0
CLI-003804,0,10,6,5,83.3,74,37.8,3,1,2,1,25.4,3,1,77.02,0.01,0,0.38,0,0,0,1,0,1,0
CLI-000594,0,14,3,3,100.0,106,81.1,13,2,0,6,17.5,3,0,87.2,0.0,0,0.81,0,0,0,1,0,0,1
CLI-004784,1,9,13,2,15.4,1,0.3,1,4,8,4,26.6,3,1,150.4,0.03,0,0.12,1,0,0,0,0,1,0
CLI-000681,0,1,8,7,87.5,87,69.4,6,1,1,1,19.6,4,1,85.43,0.03,0,0.75,0,1,0,0,1,0,0
CLI-001698,1,19,8,0,0.0,0,0.0,0,0,115,0,21.5,5,0,90.5,0.2,1,0.0,1,0,0,0,0,0,1
CLI-003412,1,16,8,6,75.0,39,18.1,2,0,2,10,39.3,2,0,74.82,0.0,0,0.25,1,0,0,0,0,0,1
CLI-004202,0,20,57,43,50.0,53,42.1,22,2,1,0,0.5,4,0,5498.16,0.0,0,0.55,0,0,0,1,0,0,1
CLI-004688,0,1,3,1,33.3,1,0.6,1,0,8,1,9.4,5,1,73.6,0.27,0,0.06,0,0,0,1,1,0,0
CLI-000151,0,26,7,3,42.9,10,4.5,4,13,6,4,7.5,4,0,166.12,0.01,0,0.25,0,0,1,0,0,0,1
CLI-000014,0,24,3,1,33.3,15,10.2,3,4,2,1,7.7,3,0,90.53,0.0,0,0.19,0,0,0,1,0,0,1
CLI-002805,0,4,3,1,33.3,7,1.8,4,0,1,1,14.5,2,2,71.88,0.01,0,0.25,1,0,0,0,0,1,0
CLI-002873,0,3,1,1,100.0,24,8.9,2,2,2,2,26.7,2,1,11.94,0.02,0,0.25,1,0,0,0,1,0,0
CLI-003786,0,13,8,5,62.5,4,1.9,11,3,1,1,9.1,3,1,337.09,0.0,0,0.42,0,0,0,1,0,0,1
CLI-000655,0,13,414,318,76.8,62,45.3,17,1,0,1,3.8,4,0,34121.03,0.0,0,0.42,0,0,0,1,0,0,1
CLI-000740,0,18,61,6,9.8,1,0.5,6,4,21,1,10.5,3,0,2490.14,0.04,0,0.23,1,0,0,0,0,0,1
CLI-004525,0,1,32,22,68.8,21,14.0,11,0,0,0,9.6,5,2,1530.35,0.0,0,0.42,0,1,0,0,1,0,0
CLI-004813,1,9,40,16,40.0,5,3.2,5,3,4,1,18.6,3,1,1013.96,0.01,0,0.31,0,0,0,1,0,1,0
CLI-004818,0,13,1,1,100.0,45,23.2,6,1,1,2,6.2,4,0,30.41,0.0,0,0.38,0,0,0,1,0,0,1
CLI-003387,1,1,10,0,0.0,0,0.0,0,0,30,0,12.6,5,3,99.69,1.0,1,0.0,1,0,0,0,1,0,0
CLI-003772,0,14,54,37,68.5,37,16.3,11,2,1,2,10.5,4,0,3057.54,0.0,0,0.42,0,0,0,1,0,0,1
CLI-001561,0,7,6,3,50.0,23,9.9,2,1,1,1,0.5,5,1,73.81,0.0,0,0.25,0,1,0,0,0,1,0
CLI-004892,0,12,180,131,72.8,63,48.3,7,9,1,2,15.2,3,0,4221.41,0.0,0,0.44,0,1,0,0,0,1,0
CLI-001056,1,1,133,12,9.0,1,0.1,4,1,8,5,6.8,3,2,4760.24,0.27,0,0.15,1,0,0,0,1,0,0
CLI-000672,0,16,30,8,26.7,4,1.9,6,3,1,0,4.8,5,0,1401.58,0.0,0,0.23,0,0,1,0,0,0,1
CLI-004554,0,20,51,27,52.9,25,4.0,10,5,1,2,3.2,4,0,2307.47,0.0,0,0.38,0,0,0,1,0,0,1
CLI-000304,1,7,5,1,20.0,1,0.3,3,3,6,5,12.4,2,0,132.99,0.03,0,0.19,1,0,0,0,0,1,0
CLI-001343,0,14,26,14,53.8,19,9.0,10,2,1,1,1.5,4,0,1695.1,0.0,0,0.25,0,0,0,1,0,0,1
CLI-000733,0,16,37,18,48.6,18,7.1,2,2,1,3,28.6,3,0,494.07,0.0,0,0.25,0,0,0,1,0,0,1
CLI-003802,0,1,73,10,13.7,4,0.5,2,0,2,0,6.1,3,2,1355.41,0.07,0,0.12,0,0,0,1,1,0,0
CLI-001854,0,17,8,5,62.5,45,17.0,6,9,0,1,11.9,3,0,185.8,0.0,0,0.38,0,0,0,1,0,0,1
CLI-004891,0,5,1,1,100.0,52,21.4,3,1,1,2,23.3,4,0,12.89,0.01,0,0.38,0,0,0,1,0,1,0
CLI-000821,0,4,4,1,25.0,1,0.3,0,1,16,0,12.5,5,2,31.58,0.13,0,0.0,0,1,0,0,0,1,0
CLI-003500,0,21,11,4,36.4,3,5.65,3,8,1,0,11.1,5,0,152.1,0.0,0,0.38,0,0,0,1,0,0,1
CLI-000368,0,11,24,11,45.8,22,5.65,3,0,0,0,8.9,5,0,288.0,0.0,0,0.38,0,1,0,0,0,1,0
CLI-004160,0,7,10,7,70.0,33,14.4,5,0,0,0,5.6,5,0,250.0,0.0,0,0.31,0,0,0,1,0,1,0
CLI-004568,0,21,69,36,52.2,27,13.3,10,1,0,2,6.4,4,0,3508.82,0.0,0,0.38,0,0,0,1,0,0,1
CLI-003013,0,13,6,4,66.7,38,21.1,12,0,1,0,8.4,3,0,270.0,0.0,0,0.46,0,1,0,0,0,0,1
CLI-000751,0,18,6,1,16.7,1,0.5,3,3,7,4,24.9,3,0,72.26,0.01,0,0.38,1,0,0,0,0,0,1
CLI-004360,0,2,10,6,60.0,34,4.6,15,1,1,0,10.5,4,0,368.5,0.02,0,0.58,0,1,0,0,1,0,0
CLI-003045,0,6,194,78,40.2,7,5.65,19,0,9,1,1.0,2,0,12981.8,0.05,0,0.48,1,0,0,0,0,1,0
CLI-003083,0,3,182,148,81.3,51,31.2,8,0,1,1,7.6,5,1,4836.44,0.01,0,0.5,0,0,0,1,1,0,0
CLI-002933,0,1,10,5,50.0,14,4.4,6,0,1,3,8.7,5,0,229.48,0.03,0,0.38,0,1,0,0,1,0,0
CLI-004686,1,6,40,30,75.0,61,19.2,7,0,0,4,5.0,3,3,1649.66,0.0,0,0.27,0,1,0,0,0,1,0
CLI-004708,0,12,2,2,100.0,79,42.0,6,3,0,0,14.1,5,0,25.43,0.0,0,0.75,0,0,1,0,0,1,0
CLI-003892,0,16,47,26,55.3,11,3.6,3,3,0,2,11.3,3,0,1093.79,0.0,0,0.19,0,1,0,0,0,0,1
CLI-004578,0,8,28,3,10.7,1,0.5,2,2,18,0,10.5,4,0,688.9,0.08,0,0.12,0,0,0,1,0,1,0
CLI-000098,0,17,10,4,50.0,16,5.2,16,4,0,4,4.5,4,0,480.0,0.0,0,0.62,0,0,0,1,0,0,1
CLI-004363,0,25,168,62,36.9,10,3.3,2,3,0,4,10.5,2,0,4714.04,0.0,0,0.12,1,0,0,0,0,0,1
CLI-002170,1,1,154,30,19.5,1,0.7,1,0,23,2,11.0,3,6,3608.63,0.77,0,0.06,0,0,0,1,1,0,0
CLI-002695,1,13,3,2,66.7,19,15.9,4,3,0,1,19.4,3,0,33.71,0.0,0,0.5,0,0,0,1,0,0,1
CLI-001550,0,10,11,8,72.7,26,5.65,3,2,0,2,15.1,4,0,137.74,0.0,0,0.38,0,1,0,0,0,1,0
CLI-000299,0,22,50,26,52.0,36,30.6,7,9,1,7,14.9,3,0,1429.75,0.0,0,0.44,0,0,0,1,0,0,1
CLI-004187,1,9,28,2,7.1,1,0.1,0,0,4,5,35.8,2,0,211.47,0.01,0,0.0,0,0,0,1,0,1,0
CLI-004640,0,20,46,27,58.7,46,14.9,17,5,0,0,10.5,4,0,2361.5,0.0,0,0.65,0,0,0,1,0,0,1
CLI-000883,0,13,9,3,33.3,4,1.8,3,7,2,3,17.1,2,0,200.82,0.01,0,0.19,1,0,0,0,0,0,1
CLI-004648,0,19,169,125,74.0,79,83.3,14,5,2,3,7.5,3,0,7393.14,0.0,0,0.54,0,1,0,0,0,0,1
CLI-002328,0,13,4,2,50.0,30,14.9,5,3,0,0,8.1,3,1,90.15,0.0,0,0.31,0,0,1,0,0,0,1
CLI-000713,0,4,27,20,74.1,52,29.5,15,2,3,0,10.5,4,3,1386.14,0.02,0,0.58,0,1,0,0,0,1,0
CLI-002320,0,1,53,19,35.8,1,0.7,9,0,6,3,5.6,3,3,1949.83,0.2,0,0.35,0,1,0,0,1,0,0
CLI-002685,1,3,51,25,49.0,21,2.7,3,0,0,3,12.8,4,0,1414.48,0.0,0,0.19,0,0,0,1,1,0,0
CLI-001263,0,1,8,6,75.0,39,26.8,4,0,2,0,21.5,5,1,80.6,0.07,0,0.5,0,0,0,1,1,0,0
CLI-004128,0,27,56,36,64.3,25,12.6,6,7,1,4,12.8,3,0,1664.42,0.0,0,0.38,0,0,0,1,0,0,1
CLI-000191,0,2,92,36,39.1,4,2.2,4,2,9,1,6.4,5,2,4712.51,0.15,0,0.15,0,1,0,0,1,0,0
CLI-004303,1,8,183,83,45.4,16,11.8,9,2,5,3,3.1,3,1,7816.91,0.02,0,0.35,0,1,0,0,0,1,0
CLI-004156,1,9,495,0,0.0,0,0.0,0,0,35,4,8.1,2,1,19438.72,0.13,1,0.0,0,0,0,1,0,1,0
CLI-001265,1,1,8,2,25.0,1,0.4,2,0,2,0,4.7,5,5,86.43,0.07,0,0.25,0,0,0,1,1,0,0
CLI-003584,0,20,10,9,90.0,85,59.9,20,5,3,0,2.5,3,0,939.41,0.0,0,0.5,0,0,0,1,0,0,1
CLI-000339,0,9,45,28,50.0,39,18.1,10,0,3,1,12.7,3,0,1074.26,0.01,0,0.62,0,1,0,0,0,1,0
CLI-004812,0,5,181,70,38.7,1,0.2,6,1,7,3,4.8,4,1,8145.0,0.05,0,0.23,0,0,0,1,0,1,0
CLI-004197,0,15,11,3,27.3,11,4.6,2,5,1,0,11.0,3,0,149.93,0.0,0,0.25,0,0,0,1,0,0,1
CLI-000212,0,15,37,36,97.3,75,5.65,9,3,1,2,13.6,4,1,887.36,0.0,0,0.56,0,0,0,1,0,0,1
CLI-001663,0,4,9,6,66.7,30,16.4,3,2,1,4,27.0,3,0,108.0,0.01,0,0.38,0,1,0,0,0,1,0
CLI-002040,0,16,6,3,50.0,29,1.5,1,6,1,2,22.3,3,0,68.39,0.0,0,0.12,0,0,1,0,0,0,1
CLI-004653,0,16,11,2,18.2,1,0.2,2,2,3,3,25.5,3,0,148.25,0.01,0,0.25,0,0,0,1,0,0,1
CLI-000805,1,1,6,4,66.7,22,1.7,15,0,1,4,3.7,3,4,417.45,0.03,0,0.38,0,0,0,1,1,0,0
CLI-004635,0,26,215,138,64.2,63,11.7,15,6,3,0,5.3,5,0,11834.14,0.0,0,0.58,0,0,0,1,0,0,1
CLI-001701,0,25,16,5,31.2,13,6.0,5,2,4,1,12.8,4,0,378.58,0.01,0,0.31,0,0,0,1,0,0,1
CLI-003575,0,1,57,40,70.2,40,22.4,14,0,5,1,7.7,4,2,2424.31,0.17,0,0.54,0,0,0,1,1,0,0
CLI-002614,0,32,7,5,71.4,30,20.1,3,10,0,0,23.0,3,0,95.92,0.0,0,0.38,0,1,0,0,0,0,1
CLI-004301,1,16,50,0,0.0,0,0.0,0,2,32,7,35.2,1,0,733.48,0.07,1,0.0,0,0,0,1,0,0,1
CLI-000295,0,21,9,5,55.6,24,16.1,6,5,2,3,15.2,3,0,233.96,0.0,0,0.38,0,1,0,0,0,0,1
CLI-001481,1,8,7,4,57.1,23,11.3,4,2,3,4,40.7,2,0,82.58,0.01,0,0.5,1,0,0,0,0,1,0
CLI-000712,1,1,46,20,43.5,13,2.6,1,0,0,2,8.4,3,0,2070.0,0.0,0,0.04,0,1,0,0,1,0,0
CLI-002997,1,18,6,5,83.3,53,48.9,6,2,1,4,33.1,3,0,61.33,0.0,0,0.75,0,0,0,1,0,0,1
CLI-004456,1,8,52,11,21.2,3,1.1,2,2,23,6,23.7,3,2,494.48,0.1,0,0.25,0,0,0,1,0,1,0
CLI-002747,0,21,7,6,85.7,66,10.0,7,3,1,0,16.5,3,0,206.15,0.0,0,0.44,0,1,0,0,0,0,1
CLI-004983,0,6,54,47,87.0,70,35.1,17,2,0,4,5.9,4,0,2896.51,0.0,0,0.65,0,0,0,1,0,1,0
CLI-001616,0,17,1,1,100.0,21,5.3,3,5,2,0,21.4,3,0,11.77,0.0,0,0.38,0,1,0,0,0,0,1
CLI-002775,1,9,12,0,0.0,0,0.0,0,0,86,1,13.9,3,2,273.11,0.32,1,0.0,1,0,0,0,0,1,0
CLI-003653,0,1,9,4,44.4,24,6.7,5,0,0,3,7.4,3,0,165.96,0.0,0,0.31,0,0,0,1,1,0,0
CLI-003031,1,4,10,0,0.0,0,0.0,0,0,78,0,10.5,4,2,118.43,0.65,1,0.0,1,0,0,0,0,1,0
CLI-000425,0,10,24,19,50.0,30,9.0,8,2,1,5,10.5,2,0,1084.59,0.0,0,0.31,1,0,0,0,0,1,0
CLI-004544,0,1,182,56,30.8,3,0.7,4,0,2,1,5.5,4,4,6536.71,0.07,0,0.15,0,0,0,1,1,0,0
CLI-003801,1,6,9,1,11.1,2,0.2,2,2,30,4,13.2,2,1,205.05,0.17,1,0.12,1,0,0,0,0,1,0
CLI-003760,0,10,2,1,50.0,16,7.0,5,5,1,0,10.0,4,1,50.96,0.0,0,0.31,0,0,1,0,0,1,0
CLI-000758,1,11,196,33,50.0,1,0.1,1,1,7,0,8.3,4,0,4519.64,0.02,0,0.06,1,0,0,0,0,1,0
CLI-000352,0,8,128,116,90.6,83,31.3,9,0,0,1,12.8,3,0,3098.68,0.0,0,0.56,0,1,0,0,0,1,0
CLI-001886,0,10,16,4,25.0,1,0.1,2,4,11,0,21.0,4,0,176.06,0.04,0,0.25,0,0,0,1,0,1,0
CLI-004508,1,1,178,48,27.0,3,0.2,5,0,13,5,14.9,2,0,4178.77,0.43,0,0.31,0,0,0,1,1,0,0
CLI-004617,0,5,5,3,50.0,29,12.3,4,2,1,7,44.6,1,1,68.42,0.01,0,0.5,1,0,0,0,0,1,0
CLI-003364,0,1,35,18,51.4,30,2.0,6,0,0,2,10.5,3,0,969.02,0.0,0,0.38,0,1,0,0,1,0,0
CLI-002066,0,5,5,3,60.0,20,9.9,1,2,0,0,18.3,5,0,66.62,0.0,0,0.12,0,0,0,1,0,1,0
CLI-003453,0,22,16,15,93.8,114,99.1,14,8,1,1,6.3,5,0,524.65,0.0,0,0.88,0,0,1,0,0,0,1
CLI-004634,1,8,55,4,7.3,1,0.1,1,0,23,0,1.7,5,1,4045.71,0.1,0,0.02,1,0,0,0,0,1,0
CLI-003344,0,5,1,1,100.0,52,30.9,3,2,1,2,24.6,4,0,11.37,0.01,0,0.38,0,1,0,0,0,1,0
CLI-000345,0,4,187,171,91.4,79,40.2,9,0,1,2,6.0,4,1,5304.26,0.01,0,0.56,0,1,0,0,0,1,0
CLI-003699,0,14,882,635,72.0,44,26.2,16,3,0,2,6.0,4,0,49788.0,0.0,0,0.62,0,0,0,1,0,0,1
CLI-000293,0,7,32,12,37.5,12,7.7,8,0,0,5,7.8,2,1,1162.07,0.0,0,0.31,0,0,0,1,0,1,0
CLI-002308,0,17,17,3,17.6,3,0.4,2,6,5,1,4.8,5,0,381.4,0.01,0,0.12,0,0,0,1,0,0,1
CLI-004450,0,13,57,25,43.9,4,2.3,10,4,12,0,3.8,4,0,2620.38,0.03,0,0.38,0,1,0,0,0,0,1
CLI-003648,1,9,29,0,0.0,0,0.0,0,0,104,3,24.3,4,0,424.01,0.39,1,0.0,1,0,0,0,0,1,0
CLI-004278,0,10,398,216,54.3,47,24.2,13,3,1,3,10.5,3,1,18513.18,0.0,0,0.5,0,0,0,1,0,1,0
CLI-000541,0,7,9,4,44.4,9,4.0,4,0,2,0,8.9,3,1,186.58,0.01,0,0.25,0,1,0,0,0,1,0
CLI-002358,1,1,11,6,54.5,1,0.4,5,0,1,5,20.6,2,7,320.92,0.03,0,0.31,1,0,0,0,1,0,0
CLI-001162,1,1,1,1,100.0,58,37.8,9,1,1,7,10.5,4,5,19.41,0.03,0,0.56,1,0,0,0,1,0,0
CLI-004426,0,24,53,17,32.1,6,0.8,4,5,1,2,11.4,4,0,1551.29,0.0,0,0.25,0,0,1,0,0,0,1
CLI-002566,0,1,21,9,42.9,19,3.5,1,0,1,6,10.5,3,2,236.33,0.03,0,0.12,0,0,0,1,1,0,0
CLI-001436,0,23,4,2,50.0,23,8.2,3,9,0,4,23.9,3,0,59.43,0.0,0,0.38,0,0,0,1,0,0,1
CLI-003603,0,10,2,1,50.0,9,0.4,5,3,0,0,7.3,4,2,53.3,0.0,0,0.31,0,0,1,0,0,1,0
CLI-003151,1,13,33,3,9.1,1,0.1,2,0,30,4,4.8,4,0,1485.0,0.08,1,0.08,0,0,0,1,0,0,1
CLI-000364,0,8,10,7,70.0,24,6.1,8,1,1,3,13.1,4,1,484.39,0.0,0,0.31,0,0,0,1,0,1,0
CLI-000504,0,14,3,2,66.7,51,31.3,4,4,0,0,9.3,5,0,38.75,0.0,0,0.5,0,0,0,1,0,0,1
CLI-001142,0,9,25,18,72.0,25,11.8,19,1,3,4,4.3,4,0,1887.46,0.01,0,0.48,0,0,0,1,0,1,0
CLI-003789,0,4,1,1,100.0,45,18.0,12,2,1,2,2.3,4,0,40.26,0.01,0,0.46,0,0,0,1,0,1,0
CLI-004190,1,16,7,3,42.9,12,5.3,8,0,1,1,8.2,3,0,328.86,0.0,0,0.31,0,0,0,1,0,0,1
CLI-001459,0,1,647,365,56.4,18,4.4,19,0,3,1,10.5,4,5,32091.86,0.1,0,0.48,0,0,0,1,1,0,0
CLI-002431,0,20,10,1,10.0,1,0.3,0,4,18,1,11.1,4,0,130.14,0.03,0,0.0,0,0,0,1,0,0,1
CLI-001745,0,19,8,2,25.0,1,0.1,2,7,18,1,20.3,2,0,84.7,0.03,0,0.25,1,0,0,0,0,0,1
CLI-002228,1,8,43,14,32.6,4,1.0,1,3,5,1,25.7,3,0,440.91,0.02,0,0.12,0,0,0,1,0,1,0
CLI-000760,0,1,3,1,33.3,10,1.3,4,0,0,2,3.5,4,1,106.41,0.0,0,0.15,0,0,0,1,1,0,0
CLI-001440,1,4,428,256,59.8,6,1.0,16,0,25,6,6.8,4,2,38243.55,0.21,0,0.4,0,0,0,1,0,1,0
CLI-004174,0,16,13,2,15.4,1,0.1,2,6,4,4,12.3,3,0,236.83,0.01,0,0.12,1,0,0,0,0,0,1
CLI-001468,1,5,593,435,73.4,43,22.7,16,1,2,1,4.0,2,1,56081.79,0.01,0,0.4,0,0,0,1,0,1,0
CLI-002804,0,11,6,3,50.0,24,10.5,4,2,1,4,32.9,3,0,62.91,0.0,0,0.5,0,1,0,0,0,1,0
CLI-000046,1,13,6,1,16.7,1,0.1,3,2,2,2,25.5,3,0,72.0,0.01,0,0.38,0,0,0,1,0,0,1
CLI-003977,1,1,35,20,57.1,46,26.6,18,0,1,2,3.5,3,1,3168.54,0.03,0,0.45,0,1,0,0,1,0,0
CLI-001920,0,6,10,7,70.0,66,33.3,4,1,0,2,26.8,3,0,107.52,0.0,0,0.5,0,1,0,0,0,1,0
CLI-003384,0,1,11,3,27.3,9,2.1,3,0,2,2,10.8,5,3,240.73,0.07,0,0.19,0,0,0,1,1,0,0
CLI-003148,0,19,4,3,75.0,71,30.0,8,8,1,5,10.5,4,1,119.01,0.0,0,0.5,0,0,0,1,0,0,1
CLI-004603,0,18,58,40,69.0,24,13.4,21,1,1,3,6.2,3,0,4913.04,0.0,0,0.52,0,1,0,0,0,0,1
CLI-000798,0,1,35,17,48.6,19,8.9,5,0,2,1,10.5,5,0,726.45,0.07,0,0.31,0,0,0,1,1,0,0
CLI-003091,0,11,142,93,65.5,25,7.2,7,2,0,4,12.1,4,0,3489.6,0.0,0,0.44,0,1,0,0,0,1,0
CLI-002398,1,9,41,20,48.8,9,4.0,3,1,4,9,35.2,2,0,595.5,0.01,0,0.38,0,0,0,1,0,1,0
CLI-002752,1,18,11,0,0.0,0,0.0,0,0,36,3,10.5,3,0,293.89,0.07,1,0.0,1,0,0,0,0,0,1
CLI-000611,1,14,10,6,60.0,20,6.3,7,2,0,3,14.0,4,0,295.16,0.0,0,0.44,0,0,0,1,0,0,1
CLI-000578,1,7,140,70,50.0,42,12.6,6,1,3,3,9.5,3,1,2883.24,0.01,0,0.38,0,0,0,1,0,1,0
CLI-003854,0,17,5,2,40.0,14,5.3,3,9,0,0,10.4,5,0,67.1,0.0,0,0.38,0,0,1,0,0,0,1
CLI-004154,0,21,25,8,32.0,1,0.4,6,3,7,3,5.4,4,0,930.17,0.01,0,0.23,0,0,0,1,0,0,1
CLI-004614,0,1,105,54,51.4,25,14.8,9,1,0,5,10.5,3,6,4335.25,0.0,0,0.35,0,0,0,1,1,0,0
CLI-003577,1,11,127,0,0.0,0,0.0,0,0,67,3,10.5,4,1,1528.52,0.2,1,0.0,0,0,0,1,0,1,0
CLI-000140,0,15,29,23,79.3,62,32.1,10,2,0,3,13.6,3,0,766.2,0.0,0,0.62,0,1,0,0,0,0,1
CLI-002835,0,17,505,181,35.8,10,0.5,4,4,3,1,5.8,3,0,24154.52,0.01,0,0.15,0,1,0,0,0,0,1
CLI-004970,0,2,417,103,24.7,1,0.1,7,2,2,5,4.4,3,0,33360.0,0.03,0,0.18,1,0,0,0,1,0,0
CLI-001148,0,3,40,10,25.0,2,5.65,10,0,3,0,0.7,5,1,1960.42,0.03,0,0.38,0,1,0,0,1,0,0
CLI-001346,1,20,9,0,0.0,0,0.0,0,0,84,0,25.0,1,0,136.81,0.14,1,0.0,1,0,0,0,0,0,1
CLI-001463,1,1,50,35,70.0,67,20.5,6,0,3,1,5.8,4,6,1218.61,0.1,0,0.38,0,0,0,1,1,0,0
CLI-004954,1,7,16,10,62.5,38,20.9,13,0,2,5,7.3,2,0,916.56,0.01,0,0.5,1,0,0,0,0,1,0
CLI-003024,0,20,16,7,43.8,7,1.9,14,2,5,1,8.5,3,0,797.13,0.01,0,0.54,0,0,0,1,0,0,1
CLI-003876,1,1,4,2,50.0,19,7.9,2,2,1,5,32.7,3,5,49.76,0.03,0,0.25,0,1,0,0,1,0,0
CLI-004717,0,17,15,6,40.0,31,18.9,10,4,0,0,9.3,3,0,703.81,0.0,0,0.38,0,1,0,0,0,0,1
CLI-002281,0,10,55,24,43.6,3,0.8,5,5,4,1,10.5,3,0,1222.06,0.01,0,0.31,0,1,0,0,0,1,0
CLI-001662,0,12,9,4,44.4,10,3.1,2,2,0,1,17.3,4,1,106.55,0.0,0,0.25,0,1,0,0,0,1,0
CLI-004739,0,12,134,86,64.2,48,27.3,22,1,0,4,3.5,4,1,12916.76,0.0,0,0.55,0,1,0,0,0,1,0
CLI-003604,0,8,454,263,57.9,34,5.65,10,5,1,0,3.4,3,0,17456.38,0.0,0,0.38,0,1,0,0,0,1,0
CLI-003227,1,1,52,23,44.2,15,4.0,6,0,2,0,10.1,4,1,1215.33,0.07,0,0.38,0,0,0,1,1,0,0
CLI-000011,1,6,1,1,100.0,1,0.2,3,2,6,4,10.5,3,0,11.74,0.03,0,0.38,0,0,0,1,0,1,0
CLI-004856,0,1,3,2,66.7,35,5.2,4,0,1,2,8.4,5,1,60.65,0.03,0,0.25,0,0,0,1,1,0,0
CLI-004228,1,9,213,31,14.6,1,0.1,8,1,29,0,5.9,4,0,9958.24,0.11,0,0.31,0,0,0,1,0,1,0
CLI-004630,1,9,4,0,0.0,0,5.65,0,0,50,1,21.0,3,1,44.5,0.19,1,0.0,0,0,0,1,0,1,0
CLI-004733,0,11,142,118,83.1,71,45.9,22,0,2,2,4.3,4,0,11176.28,0.01,0,0.55,0,0,0,1,0,1,0
CLI-003383,0,23,28,21,75.0,50,40.6,8,6,2,1,7.8,4,0,905.78,0.0,0,0.5,0,0,0,1,0,0,1
CLI-001894,1,8,27,14,51.9,33,17.6,10,1,1,2,13.7,3,3,675.0,0.0,0,0.62,0,0,0,1,0,1,0
CLI-002498,1,1,86,0,0.0,0,0.0,0,0,30,2,10.5,3,2,6378.87,1.0,1,0.0,1,0,0,0,1,0,0
CLI-000252,0,25,53,32,60.4,23,12.8,12,3,0,2,7.3,3,0,2385.0,0.0,0,0.46,0,1,0,0,0,0,1
CLI-002347,0,17,10,0,0.0,0,0.0,0,0,35,0,5.2,5,0,134.75,0.07,1,0.0,0,0,0,1,0,0,1
CLI-004330,0,11,10,3,30.0,10,3.7,2,3,6,1,24.4,3,0,122.3,0.02,0,0.25,0,1,0,0,0,1,0
CLI-002874,1,1,49,38,50.0,67,44.1,7,0,0,5,21.0,4,0,621.72,0.0,0,0.88,0,1,0,0,1,0,0
CLI-001072,0,21,3,2,66.7,2,0.1,7,3,10,0,9.1,4,0,82.45,0.02,0,0.44,0,1,0,0,0,0,1
CLI-000007,0,6,8,7,87.5,88,53.2,5,0,1,5,10.5,5,1,97.79,0.01,0,0.62,0,1,0,0,0,1,0
CLI-004414,0,10,68,57,83.8,46,40.6,21,1,2,1,0.5,4,0,4974.21,0.01,0,0.52,0,0,0,1,0,1,0
CLI-003188,0,12,43,26,50.0,18,7.7,17,1,4,0,3.0,3,0,1944.39,0.01,0,0.65,0,0,0,1,0,1,0
CLI-003622,1,11,6,3,50.0,8,2.8,3,1,4,3,27.1,2,1,76.45,0.01,0,0.38,0,0,0,1,0,1,0
CLI-000062,0,6,42,27,64.3,21,3.6,6,0,0,3,7.2,4,1,1204.23,0.0,0,0.38,0,1,0,0,0,1,0
CLI-001030,0,6,56,35,62.5,14,0.7,1,1,9,3,11.9,4,0,977.86,0.05,0,0.06,0,1,0,0,0,1,0
CLI-003047,0,4,38,16,42.1,10,4.3,6,1,1,11,23.0,3,1,1014.74,0.01,0,0.38,1,0,0,0,0,1,0
CLI-001000,0,14,3,2,66.7,24,11.2,8,7,1,4,12.5,4,0,93.26,0.0,0,0.5,0,0,0,1,0,0,1
CLI-000351,0,15,10,1,10.0,1,0.1,4,5,1,3,10.5,2,0,233.39,0.0,0,0.25,1,0,0,0,0,0,1
CLI-002193,1,4,10,2,20.0,1,0.1,3,1,1,3,14.6,3,1,273.73,0.01,0,0.19,0,0,0,1,0,1,0
CLI-002015,0,13,212,16,7.5,1,0.1,0,4,14,5,13.3,3,0,3725.87,0.04,0,0.0,1,0,0,0,0,0,1
CLI-004383,1,3,9,2,22.2,4,0.8,3,0,13,6,17.8,3,3,190.58,0.14,0,0.19,0,0,0,1,1,0,0
CLI-001319,1,9,192,93,48.4,1,0.5,7,0,17,0,6.8,3,0,5957.41,0.06,0,0.44,0,1,0,0,0,1,0
CLI-000437,0,29,3,2,66.7,61,51.1,7,5,3,1,15.8,3,0,75.14,0.0,0,0.44,0,1,0,0,0,0,1
CLI-001815,0,6,7,5,50.0,51,34.0,8,1,1,3,10.1,4,1,138.79,0.01,0,0.5,0,0,0,1,0,1,0
CLI-000016,0,1,136,20,14.7,1,0.2,4,0,26,2,4.9,3,3,3693.38,0.87,0,0.15,0,0,0,1,1,0,0
CLI-003542,0,8,179,73,40.8,19,1.0,0,0,1,0,4.0,5,2,4496.08,0.0,0,0.0,0,0,0,1,0,1,0
CLI-003625,0,16,10,3,30.0,3,0.8,5,3,1,0,10.5,4,0,213.47,0.0,0,0.31,0,0,0,1,0,0,1
CLI-000676,0,14,205,25,12.2,2,0.1,7,7,3,2,10.5,1,0,9488.27,0.01,0,0.27,0,0,0,1,0,0,1
CLI-001709,0,23,7,3,42.9,23,17.8,13,5,4,3,9.1,5,0,386.23,0.01,0,0.5,0,0,1,0,0,0,1
CLI-000148,1,1,55,44,80.0,73,35.3,5,0,1,3,25.2,3,4,678.82,0.03,0,0.62,0,1,0,0,1,0,0
CLI-004641,1,14,3,1,33.3,1,0.3,4,4,1,7,11.7,3,0,77.61,0.0,0,0.25,1,0,0,0,0,0,1
CLI-000664,0,22,8,3,37.5,4,1.3,2,4,15,0,15.1,3,0,92.17,0.02,0,0.25,0,0,0,1,0,0,1
CLI-004300,1,1,170,131,77.1,61,31.3,8,0,0,0,4.7,3,1,9590.51,0.0,0,0.31,0,0,0,1,1,0,0
CLI-003623,0,8,397,54,13.6,1,0.1,6,0,1,1,1.3,4,0,28454.81,0.0,0,0.15,0,0,0,1,0,1,0
CLI-004759,0,24,7,1,14.3,1,0.1,0,7,4,2,9.4,5,0,173.44,0.01,0,0.0,1,0,0,0,0,0,1
CLI-001787,1,6,58,0,50.0,0,0.0,0,0,87,3,16.6,4,0,1580.78,0.48,1,0.0,0,0,0,1,0,1,0
CLI-002282,0,9,10,9,90.0,80,51.4,15,0,0,0,3.0,5,2,522.37,0.0,0,0.58,0,1,0,0,0,1,0
CLI-004054,0,17,8,5,62.5,44,24.8,2,4,1,0,13.8,5,0,99.7,0.0,0,0.25,0,0,1,0,0,0,1
CLI-000451,0,14,48,20,41.7,12,7.2,7,6,0,3,14.3,2,0,1243.77,0.0,0,0.44,0,0,0,1,0,0,1
CLI-003682,0,10,7,2,28.6,1,0.3,2,4,3,3,22.3,3,0,85.76,0.01,0,0.25,0,1,0,0,0,1,0
CLI-003473,1,7,37,9,24.3,4,1.6,5,1,0,6,20.3,2,0,836.09,0.0,0,0.31,0,0,0,1,0,1,0
CLI-001500,0,10,593,512,86.3,81,55.3,18,4,0,0,10.5,5,1,24829.74,0.0,0,0.69,0,0,0,1,0,1,0
CLI-002452,0,16,52,40,76.9,66,35.8,11,5,1,0,10.5,5,0,1519.39,0.0,0,0.69,0,0,0,1,0,0,1
CLI-001406,0,11,4,1,25.0,1,0.4,2,1,14,4,24.4,2,0,42.53,0.04,0,0.25,1,0,0,0,0,1,0
CLI-003800,1,1,3,1,33.3,1,0.2,1,0,13,4,28.4,4,2,42.7,0.43,0,0.12,0,0,0,1,1,0,0
CLI-000002,1,11,37,6,16.2,1,0.1,3,2,20,4,16.3,3,1,824.37,0.06,0,0.19,0,0,0,1,0,1,0
CLI-004664,0,10,3,1,33.3,16,5.65,2,3,2,2,30.2,3,0,38.12,0.01,0,0.25,0,0,0,1,0,1,0
CLI-004867,0,9,10,7,70.0,53,39.3,7,3,1,1,9.2,3,0,276.6,0.0,0,0.44,0,1,0,0,0,1,0
CLI-001001,1,1,42,22,52.4,32,16.7,10,0,0,1,10.5,4,5,1668.16,0.0,0,0.38,0,1,0,0,1,0,0
CLI-003023,1,11,6,1,16.7,1,0.9,3,1,8,3,29.5,2,0,68.72,0.02,0,0.38,1,0,0,0,0,1,0
CLI-003120,0,21,11,6,54.5,38,23.0,10,4,2,0,6.6,4,0,277.73,0.0,0,0.62,0,0,0,1,0,0,1
CLI-000866,1,8,7,1,14.3,1,0.4,2,1,30,3,18.7,2,1,155.96,0.12,1,0.12,1,0,0,0,0,1,0
CLI-004355,0,1,10,6,60.0,40,30.2,3,0,0,1,21.1,5,2,129.34,0.0,0,0.38,0,0,0,1,1,0,0
CLI-002223,1,27,13,0,0.0,0,0.0,0,0,42,1,12.7,2,0,333.7,0.05,1,0.0,0,0,0,1,0,0,1
CLI-002350,1,1,19,9,47.4,3,0.5,5,0,5,3,18.0,3,1,463.0,0.17,0,0.31,0,1,0,0,1,0,0
CLI-000059,0,6,15,5,33.3,8,7.0,10,3,5,3,6.2,3,3,788.5,0.03,0,0.38,0,0,0,1,0,1,0
CLI-001590,0,6,22,12,54.5,31,18.6,13,2,4,0,4.2,5,2,972.33,0.02,0,0.5,0,0,0,1,0,1,0
CLI-002219,0,7,53,43,81.1,62,22.7,15,2,3,2,3.4,3,3,2385.0,0.01,0,0.58,0,0,0,1,0,1,0
CLI-002404,0,4,897,652,72.7,48,24.0,8,1,1,0,5.2,5,3,48773.13,0.01,0,0.31,0,0,0,1,0,1,0
CLI-004268,0,6,50,37,74.0,55,42.2,14,2,0,0,5.5,4,2,2428.11,0.0,0,0.54,0,0,0,1,0,1,0
CLI-003225,0,1,55,26,47.3,16,5.0,6,0,1,0,10.7,3,3,1285.31,0.03,0,0.38,0,0,0,1,1,0,0
CLI-003072,1,8,468,100,21.4,7,4.1,5,2,2,2,20.7,1,2,11530.27,0.01,0,0.31,0,0,0,1,0,1,0
CLI-004262,1,11,10,4,40.0,16,5.65,6,2,5,1,10.3,4,2,260.43,0.02,0,0.38,0,0,0,1,0,1,0
CLI-002576,1,2,131,76,58.0,4,2.1,10,0,4,10,8.3,1,1,6857.32,0.07,0,0.38,1,0,0,0,1,0,0
CLI-000139,1,17,3,1,33.3,18,11.3,4,0,1,3,10.5,4,0,31.02,0.0,0,0.5,0,1,0,0,0,0,1
CLI-004106,0,16,366,293,80.1,48,30.4,25,4,2,1,4.3,3,0,32246.84,0.0,0,0.62,0,0,1,0,0,0,1
CLI-004654,0,13,621,546,87.9,78,36.5,11,4,1,0,4.8,4,0,30810.72,0.0,0,0.42,0,0,1,0,0,0,1
CLI-004588,1,1,3,1,33.3,21,9.6,4,0,0,0,12.1,5,2,43.11,0.0,0,0.5,0,0,0,1,1,0,0
CLI-004758,1,24,10,0,0.0,0,0.0,0,0,78,2,10.5,1,0,275.75,0.11,1,0.0,1,0,0,0,0,0,1
CLI-004051,1,12,6,2,50.0,3,1.0,0,2,3,1,33.4,2,1,63.65,0.01,0,0.0,0,0,0,1,0,1,0
CLI-000979,1,2,8,8,100.0,117,97.6,6,0,1,6,41.2,3,2,105.88,0.02,0,0.75,0,1,0,0,1,0,0
CLI-004724,0,30,21,10,47.6,18,5.65,6,9,1,0,10.5,5,0,492.21,0.0,0,0.38,0,0,1,0,0,0,1
CLI-003627,1,8,31,24,77.4,37,21.1,10,3,0,1,10.4,3,2,893.26,0.0,0,0.62,0,0,0,1,0,1,0
CLI-000028,0,1,348,293,84.2,54,23.6,20,0,1,1,3.8,4,4,33977.96,0.03,0,0.5,0,0,0,1,1,0,0
CLI-002952,0,12,25,13,52.0,21,9.7,9,3,1,0,13.6,4,0,635.96,0.0,0,0.56,0,0,0,1,0,1,0
CLI-004260,0,22,30,16,53.3,11,5.5,3,7,0,1,9.1,4,0,862.71,0.0,0,0.19,0,0,1,0,0,0,1
CLI-000830,0,11,147,79,53.7,28,18.5,15,1,3,5,5.8,3,1,12258.83,0.01,0,0.38,0,0,0,1,0,1,0
CLI-003898,0,16,15,11,50.0,45,28.8,8,7,5,2,5.5,4,0,664.01,0.01,0,0.31,0,0,1,0,0,0,1
CLI-000728,1,5,156,16,10.3,1,0.4,6,2,30,7,2.7,3,1,10370.87,0.2,1,0.15,0,0,0,1,0,1,0
CLI-001796,0,13,29,8,27.6,7,5.1,11,2,3,3,9.7,3,0,1184.65,0.01,0,0.42,0,0,0,1,0,0,1
CLI-000951,0,17,194,12,6.2,1,0.1,1,2,2,5,10.5,2,0,11091.97,0.0,0,0.04,1,0,0,0,0,0,1
CLI-003088,0,13,32,12,50.0,5,3.2,5,3,17,0,2.0,3,0,1872.43,0.04,0,0.19,0,1,0,0,0,0,1
CLI-004133,0,23,48,19,39.6,22,20.0,8,3,2,6,11.9,3,0,1178.71,0.0,0,0.5,0,1,0,0,0,0,1
CLI-002834,1,14,49,19,38.8,16,3.6,6,4,6,8,19.1,1,0,1485.17,0.01,0,0.38,1,0,0,0,0,0,1
CLI-003209,0,19,39,27,69.2,58,48.1,6,3,0,2,10.5,3,1,1117.87,0.0,0,0.38,0,0,0,1,0,0,1
CLI-000543,1,3,115,42,36.5,1,5.65,4,0,21,0,6.4,5,3,2535.28,0.23,0,0.25,0,0,0,1,1,0,0
CLI-003976,0,7,18,11,61.1,15,9.2,3,2,2,2,21.7,3,0,211.44,0.01,0,0.38,0,1,0,0,0,1,0
CLI-003633,0,21,32,21,65.6,18,4.8,2,3,3,0,5.3,5,0,976.45,0.0,0,0.12,0,0,1,0,0,0,1
CLI-001378,0,15,5,2,40.0,14,5.65,8,3,2,3,3.0,4,0,213.38,0.0,0,0.31,0,0,1,0,0,0,1
CLI-004729,1,1,58,14,24.1,2,0.2,3,0,21,8,22.7,1,3,968.35,0.7,0,0.19,1,0,0,0,1,0,0
CLI-003881,0,1,187,115,61.5,27,11.1,2,0,0,0,3.7,5,0,9184.37,0.0,0,0.08,0,0,0,1,1,0,0
CLI-002312,0,19,2,1,50.0,4,1.7,2,8,0,6,27.5,3,0,26.38,0.0,0,0.25,0,0,0,1,0,0,1
CLI-003628,1,10,43,18,50.0,7,5.65,3,2,2,0,13.2,3,0,437.33,0.01,0,0.38,0,1,0,0,0,1,0
CLI-000679,0,3,2,1,50.0,33,10.6,14,1,1,0,5.1,3,2,82.58,0.01,0,0.54,0,0,0,1,1,0,0
CLI-002500,0,11,8,4,50.0,16,4.7,12,2,0,1,3.9,4,0,351.08,0.0,0,0.46,0,1,0,0,0,1,0
CLI-001277,1,1,176,138,78.4,60,15.3,26,1,1,0,10.5,4,5,13769.98,0.03,0,0.65,0,1,0,0,1,0,0
CLI-002842,1,10,10,0,0.0,0,0.0,0,0,147,1,27.1,3,0,113.16,0.49,1,0.0,1,0,0,0,0,1,0
CLI-001094,1,6,57,0,0.0,0,0.0,0,0,57,1,6.7,4,4,2939.08,0.32,1,0.0,1,0,0,0,0,1,0
CLI-003162,1,1,5,2,40.0,23,5.0,4,0,2,2,30.9,3,2,60.01,0.07,0,0.5,0,1,0,0,1,0,0
CLI-000394,0,9,715,170,23.8,15,9.3,12,2,2,0,0.5,5,0,37661.22,0.01,0,0.46,0,0,0,1,0,1,0
CLI-003736,1,10,1,1,100.0,3,1.1,4,2,1,7,15.5,3,0,22.81,0.0,0,0.25,0,0,0,1,0,1,0
CLI-000144,1,12,10,2,20.0,1,5.65,10,2,3,4,8.6,2,0,455.52,0.01,0,0.38,0,0,0,1,0,1,0
CLI-002399,1,9,21,3,14.3,1,0.3,2,0,3,1,8.3,2,2,744.23,0.01,0,0.08,0,0,0,1,0,1,0
CLI-004392,1,1,2,1,50.0,1,0.1,1,1,1,11,39.1,3,2,23.38,0.03,0,0.12,0,0,0,1,1,0,0
CLI-002454,0,5,53,34,64.2,35,13.6,3,0,0,0,4.5,5,2,1241.98,0.0,0,0.19,0,0,0,1,0,1,0
CLI-001582,0,16,84,74,88.1,97,85.0,24,1,1,4,2.1,3,0,6963.51,0.0,0,0.6,0,0,0,1,0,0,1
CLI-004980,1,1,6,4,66.7,56,39.6,2,0,0,1,17.7,5,1,66.24,0.0,0,0.25,0,0,0,1,1,0,0
CLI-004132,0,14,47,24,51.1,38,16.9,9,5,2,1,18.5,2,0,1351.94,0.0,0,0.56,0,0,0,1,0,0,1
CLI-002992,1,7,7,2,28.6,1,0.3,3,2,5,4,6.7,4,1,226.05,0.02,0,0.12,0,0,0,1,0,1,0
CLI-002827,1,10,3,2,66.7,29,11.4,3,2,2,0,25.9,4,0,38.78,0.01,0,0.38,0,1,0,0,0,1,0
CLI-003430,0,12,31,16,51.6,28,13.0,4,2,1,0,15.0,3,1,402.18,0.0,0,0.5,0,0,0,1,0,1,0
CLI-002935,0,18,11,7,63.6,17,11.4,4,5,1,2,23.7,4,0,119.01,0.0,0,0.5,0,0,0,1,0,0,1
CLI-000811,0,5,14,3,21.4,1,0.1,16,2,2,5,4.9,2,0,1170.41,0.01,0,0.4,1,0,0,0,0,1,0
CLI-001050,0,14,27,11,40.7,7,0.6,1,6,21,4,16.9,1,0,696.13,0.05,0,0.06,0,0,0,1,0,0,1
CLI-001112,1,1,11,6,54.5,44,20.0,3,2,0,3,26.1,5,4,125.13,0.0,0,0.38,0,0,0,1,1,0,0
CLI-003396,1,6,52,0,0.0,0,0.0,0,0,60,0,0.5,5,0,2524.44,0.33,1,0.0,0,0,0,1,0,1,0
CLI-001535,0,5,20,16,80.0,61,50.9,10,1,1,3,9.8,3,0,783.29,0.01,0,0.38,0,0,0,1,0,1,0
CLI-003346,0,2,5,4,80.0,94,81.3,6,1,1,0,9.2,5,1,66.94,0.02,0,0.75,0,1,0,0,1,0,0
CLI-003842,0,8,1,1,100.0,53,28.4,2,2,0,0,12.8,5,0,13.83,0.0,0,0.25,0,0,0,1,0,1,0
CLI-004754,0,9,1,1,100.0,36,9.0,10,2,1,5,6.0,4,1,40.48,0.0,0,0.38,0,0,0,1,0,1,0
CLI-001579,1,15,9,0,0.0,0,0.0,0,0,44,10,21.4,3,0,211.58,0.1,1,0.0,0,0,0,1,0,0,1
CLI-002663,0,29,39,29,74.4,33,5.2,8,7,3,0,2.4,5,0,926.69,0.0,0,0.5,0,0,0,1,0,0,1
CLI-001948,0,12,66,0,0.0,0,0.0,0,0,39,1,4.8,4,0,3155.23,0.11,1,0.0,0,0,0,1,0,1,0
CLI-002743,1,1,11,4,36.4,1,0.1,1,0,20,5,49.2,1,1,128.37,0.67,0,0.12,0,0,0,1,1,0,0
CLI-002124,0,1,502,410,81.7,52,30.5,15,0,1,2,0.5,4,0,41227.25,0.03,0,0.38,0,1,0,0,1,0,0
CLI-001921,1,9,23,5,21.7,1,0.4,6,3,14,6,4.2,4,1,1049.45,0.05,0,0.23,0,0,0,1,0,1,0
CLI-004264,1,6,42,20,47.6,20,8.3,5,1,0,3,10.5,2,0,688.85,0.0,0,0.31,0,0,0,1,0,1,0
CLI-000674,0,12,7,2,50.0,14,0.7,1,3,1,1,4.2,4,0,78.3,0.0,0,0.12,0,0,1,0,0,1,0
CLI-004361,0,5,352,94,26.7,1,0.4,3,1,6,4,9.5,3,2,15324.48,0.04,0,0.12,0,0,0,1,0,1,0
CLI-000651,0,21,32,23,71.9,38,18.3,13,7,1,3,5.1,3,0,1653.59,0.0,0,0.5,0,0,0,1,0,0,1
CLI-001250,1,26,40,0,0.0,0,0.0,0,0,71,0,9.4,3,0,1014.38,0.09,1,0.0,1,0,0,0,0,0,1
CLI-003649,0,1,50,24,48.0,27,20.9,10,0,0,4,7.5,4,3,2003.33,0.0,0,0.38,0,1,0,0,1,0,0
CLI-004449,0,23,1,1,100.0,37,3.2,8,7,1,1,9.9,4,0,21.54,0.0,0,0.5,0,0,1,0,0,0,1
CLI-000950,0,13,29,17,58.6,24,12.3,6,6,2,3,19.3,3,0,694.92,0.01,0,0.38,0,0,0,1,0,0,1
CLI-001696,0,20,106,12,11.3,2,0.8,1,4,5,4,10.5,3,0,1088.59,0.01,0,0.12,0,0,0,1,0,0,1
CLI-002778,0,7,3,2,66.7,31,32.8,3,1,3,3,21.1,4,0,32.8,0.01,0,0.38,0,0,0,1,0,1,0
CLI-002245,0,12,27,17,63.0,22,9.0,3,2,1,1,20.9,4,1,346.61,0.0,0,0.38,0,0,0,1,0,1,0
CLI-004290,0,6,4,1,25.0,3,0.9,2,4,4,0,15.9,3,1,55.24,0.02,0,0.25,0,0,0,1,0,1,0
CLI-003374,0,7,6,2,33.3,1,0.3,3,1,29,0,10.5,5,0,94.81,0.14,0,0.19,0,0,0,1,0,1,0
CLI-000906,0,7,2,2,100.0,45,13.9,2,0,1,2,24.1,3,1,22.08,0.0,0,0.25,0,1,0,0,0,1,0
CLI-002014,0,24,136,75,55.1,28,5.65,11,9,0,1,3.4,4,0,5841.44,0.0,0,0.42,0,0,1,0,0,0,1
CLI-004249,1,1,430,73,17.0,1,5.65,4,0,9,4,16.5,2,3,9075.64,0.3,0,0.25,1,0,0,0,1,0,0
CLI-002543,0,12,26,13,50.0,29,10.0,8,4,3,1,4.6,5,0,1112.64,0.01,0,0.31,0,0,1,0,0,1,0
CLI-000378,0,6,9,6,66.7,28,12.5,8,1,3,2,13.1,4,2,313.26,0.02,0,0.5,0,0,0,1,0,1,0
CLI-002578,1,1,9,6,66.7,29,5.65,7,1,1,6,14.1,2,3,225.83,0.03,0,0.44,1,0,0,0,1,0,0
CLI-001584,1,7,31,0,0.0,0,0.0,0,0,48,8,7.6,2,0,1547.26,0.23,1,0.0,1,0,0,0,0,1,0
CLI-002974,0,12,8,5,62.5,39,20.0,5,5,0,0,27.0,4,0,99.28,0.0,0,0.62,0,0,1,0,0,1,0
CLI-003665,1,1,8,4,50.0,42,5.65,5,0,2,0,29.2,4,1,96.45,0.07,0,0.62,0,1,0,0,1,0,0
CLI-003807,0,4,151,104,68.9,38,31.6,10,0,0,2,5.9,4,2,7954.93,0.0,0,0.38,0,1,0,0,0,1,0
CLI-002634,0,28,141,76,53.9,10,0.5,12,5,2,1,4.9,4,0,13574.62,0.0,0,0.3,0,0,0,1,0,0,1
CLI-004198,0,22,11,9,81.8,64,36.2,6,3,1,2,35.6,3,0,163.23,0.0,0,0.75,0,0,0,1,0,0,1
CLI-003025,1,2,9,7,77.8,28,17.9,4,0,3,6,35.2,4,0,108.0,0.05,0,0.5,0,0,0,1,1,0,0
CLI-000494,1,14,3,2,66.7,48,22.6,9,0,0,7,12.5,2,0,148.35,0.0,0,0.35,1,0,0,0,0,0,1
CLI-000353,0,9,25,14,50.0,29,5.65,8,2,0,5,15.1,3,2,636.21,0.0,0,0.5,0,0,0,1,0,1,0
CLI-000964,0,22,102,20,19.6,1,0.4,3,6,17,2,10.5,5,0,2461.31,0.03,0,0.19,1,0,0,0,0,0,1
CLI-002667,0,16,4,2,50.0,34,25.6,5,0,1,0,23.6,3,0,46.68,0.0,0,0.62,0,0,0,1,0,0,1
CLI-003039,0,20,217,155,71.4,43,14.6,14,7,1,2,2.4,3,0,18877.64,0.0,0,0.35,0,0,0,1,0,0,1
CLI-000538,0,9,2,2,100.0,44,30.0,2,1,0,9,31.6,2,0,29.1,0.0,0,0.25,1,0,0,0,0,1,0
CLI-001381,0,10,207,75,36.2,1,0.1,5,5,15,4,6.8,4,1,7820.35,0.05,0,0.19,0,0,0,1,0,1,0
CLI-001830,0,17,5,4,80.0,56,10.9,3,4,0,2,27.2,4,0,71.3,0.0,0,0.38,0,0,1,0,0,0,1
CLI-004705,1,1,144,0,0.0,0,0.0,0,0,30,0,5.0,5,1,4936.95,1.0,1,0.0,1,0,0,0,1,0,0
CLI-001292,1,8,53,5,9.4,1,0.1,3,1,0,3,10.5,3,0,2608.78,0.0,0,0.12,0,0,0,1,0,1,0
CLI-003926,1,9,4,3,75.0,63,48.9,5,2,1,1,26.8,2,3,55.44,0.0,0,0.62,0,0,0,1,0,1,0
CLI-000863,0,1,18,8,50.0,15,8.6,10,0,1,4,18.7,3,2,429.69,0.03,0,0.62,0,0,0,1,1,0,0
CLI-004451,0,21,7,3,42.9,18,9.9,4,3,2,4,32.5,5,0,83.93,0.0,0,0.5,0,0,0,1,0,0,1
CLI-000465,0,29,51,44,86.3,77,73.2,4,9,1,7,26.6,4,0,736.46,0.0,0,0.5,0,0,0,1,0,0,1
CLI-003509,1,7,57,41,71.9,23,15.6,5,1,1,0,3.7,5,0,2466.12,0.0,0,0.19,0,0,0,1,0,1,0
CLI-000317,0,23,77,29,37.7,1,0.8,5,6,1,4,10.6,1,0,3482.96,0.0,0,0.19,0,0,0,1,0,0,1
CLI-004206,0,19,218,87,39.9,30,11.8,10,5,1,0,7.0,4,0,9810.0,0.0,0,0.38,0,0,1,0,0,0,1
CLI-003393,0,11,32,24,75.0,50,27.9,6,3,0,1,10.4,5,0,1072.39,0.0,0,0.38,0,0,1,0,0,1,0
CLI-003313,0,13,3,1,33.3,7,3.1,3,2,4,1,19.9,5,0,36.93,0.01,0,0.38,0,0,0,1,0,0,1
CLI-002249,1,14,11,0,0.0,0,0.0,0,0,33,2,10.5,3,2,117.09,0.08,1,0.0,1,0,0,0,0,0,1
CLI-004077,0,9,10,3,30.0,14,7.5,11,2,2,0,1.2,4,1,527.3,0.01,0,0.42,0,0,0,1,0,1,0
CLI-004738,0,15,10,10,100.0,156,136.7,6,4,2,3,32.0,3,0,141.72,0.0,0,0.75,0,0,0,1,0,0,1
CLI-004491,0,9,7,5,71.4,54,39.4,15,1,4,3,9.5,2,0,360.25,0.01,0,0.58,0,0,0,1,0,1,0
CLI-000617,1,6,33,15,45.5,32,17.5,11,2,0,6,5.5,3,0,2324.2,0.0,0,0.28,0,1,0,0,0,1,0
CLI-001197,0,19,8,4,50.0,22,20.6,7,2,3,0,11.2,5,0,256.75,0.01,0,0.44,0,0,0,1,0,0,1
CLI-001108,1,4,35,19,54.3,22,7.1,6,2,0,1,10.5,4,4,972.1,0.0,0,0.38,0,1,0,0,0,1,0
CLI-001451,0,20,3,2,66.7,12,2.3,6,2,0,8,10.5,3,0,83.53,0.0,0,0.38,0,0,0,1,0,0,1
CLI-002742,0,6,453,333,73.5,62,45.5,17,1,0,5,1.7,3,0,35791.12,0.0,0,0.42,0,0,0,1,0,1,0
CLI-004687,0,15,4,1,25.0,1,0.3,2,4,13,7,18.3,1,0,102.83,0.03,0,0.12,0,0,0,1,0,0,1
CLI-001538,0,23,10,6,60.0,27,7.8,3,8,0,5,34.2,2,0,140.19,0.0,0,0.38,0,0,0,1,0,0,1
CLI-003744,0,15,48,34,70.8,36,15.4,4,6,1,5,12.4,3,0,1380.64,0.0,0,0.25,0,0,0,1,0,0,1
CLI-002794,0,3,57,37,64.9,30,11.6,18,0,1,5,2.9,3,2,4752.07,0.01,0,0.45,0,0,0,1,1,0,0
CLI-002680,0,18,3,1,33.3,10,3.8,3,3,0,7,21.4,1,0,83.63,0.0,0,0.19,0,0,0,1,0,0,1
CLI-000480,0,14,16,8,50.0,16,5.65,2,0,2,8,20.9,1,0,357.44,0.0,0,0.12,1,0,0,0,0,0,1
CLI-004430,0,11,7,5,71.4,58,40.8,13,4,1,0,10.1,5,0,193.42,0.0,0,0.81,0,0,1,0,0,1,0
CLI-002381,0,7,9,5,55.6,23,15.2,12,2,2,1,1.6,5,3,443.21,0.01,0,0.46,0,0,0,1,0,1,0
CLI-000886,0,10,38,8,21.1,2,0.3,6,3,5,0,5.6,5,0,923.05,0.02,0,0.38,1,0,0,0,0,1,0
CLI-004574,0,17,11,9,81.8,43,21.1,7,2,0,5,16.1,4,0,297.5,0.0,0,0.44,0,0,1,0,0,0,1
CLI-002397,0,26,11,7,63.6,22,7.9,4,4,0,3,29.8,3,0,135.74,0.0,0,0.5,0,1,0,0,0,0,1
CLI-000686,0,6,24,5,20.8,1,0.4,4,0,9,0,8.4,4,1,566.02,0.05,0,0.25,0,0,0,1,0,1,0
CLI-000312,0,19,8,2,25.0,1,0.3,2,5,5,2,24.7,3,0,91.09,0.01,0,0.25,0,0,0,1,0,0,1
CLI-001301,0,28,5,4,80.0,46,31.2,9,3,2,6,20.2,2,0,154.83,0.0,0,0.56,1,0,0,0,0,0,1
CLI-004351,1,11,32,18,56.2,28,8.9,5,1,1,7,18.8,2,1,959.06,0.0,0,0.31,1,0,0,0,0,1,0
CLI-001857,0,17,196,109,55.6,35,15.5,10,3,0,2,6.5,4,0,8020.18,0.0,0,0.38,0,0,1,0,0,0,1
CLI-004530,1,7,38,0,0.0,0,0.0,0,0,89,0,10.5,4,0,1928.01,0.42,1,0.0,1,0,0,0,0,1,0
CLI-004073,0,10,8,5,62.5,16,10.6,5,4,2,6,10.5,3,1,102.15,0.01,0,0.62,0,0,0,1,0,1,0
CLI-003253,1,4,50,35,70.0,48,38.0,17,0,1,0,4.7,5,1,1973.21,0.01,0,0.65,0,0,0,1,0,1,0
CLI-003799,1,18,61,0,0.0,0,0.0,0,0,103,1,3.2,3,0,2859.97,0.19,1,0.0,0,0,0,1,0,0,1
CLI-003647,1,1,32,0,0.0,0,0.0,0,0,30,1,10.7,4,1,827.75,1.0,1,0.0,1,0,0,0,1,0,0
CLI-001297,1,1,9,4,44.4,9,1.7,3,0,1,6,36.3,3,2,97.89,0.03,0,0.38,0,0,0,1,1,0,0
CLI-002240,1,2,31,22,71.0,48,5.65,6,1,0,0,10.5,5,2,955.68,0.0,0,0.38,0,0,0,1,1,0,0
CLI-001829,0,7,35,12,34.3,8,0.4,1,2,2,1,9.9,3,2,664.11,0.01,0,0.06,0,1,0,0,0,1,0
CLI-003184,1,7,11,8,72.7,46,5.9,7,3,1,7,17.0,4,0,261.72,0.0,0,0.44,0,0,0,1,0,1,0
CLI-000986,1,7,3,2,66.7,19,1.8,8,0,3,4,13.8,3,1,76.28,0.01,0,0.5,0,0,0,1,0,1,0
CLI-004905,0,9,39,33,84.6,28,17.2,8,2,2,0,8.3,5,0,975.0,0.01,0,0.5,0,0,1,0,0,1,0
CLI-002729,1,30,11,4,36.4,6,4.0,3,7,0,6,21.2,3,0,136.78,0.0,0,0.38,0,0,0,1,0,0,1
CLI-001860,1,6,487,155,31.8,1,0.1,8,0,30,1,2.0,3,1,38960.0,0.17,1,0.2,0,0,0,1,0,1,0
CLI-002948,0,15,12,8,66.7,39,20.0,16,5,1,5,2.8,3,0,1137.33,0.0,0,0.4,0,1,0,0,0,0,1
CLI-001977,1,1,18,11,61.1,30,15.0,13,0,0,5,8.6,3,5,522.5,0.0,0,0.5,0,0,0,1,1,0,0
CLI-000835,0,10,372,208,55.9,13,7.2,7,3,3,6,10.5,3,1,9368.22,0.01,0,0.44,0,1,0,0,0,1,0
CLI-001057,0,14,2,1,50.0,1,5.65,1,4,16,0,19.4,4,0,21.69,0.04,0,0.12,0,0,0,1,0,0,1
CLI-004625,1,8,4,0,0.0,0,0.0,0,0,72,3,25.5,3,0,41.73,0.3,1,0.0,0,0,0,1,0,1,0
CLI-004097,0,9,9,5,55.6,12,3.4,2,0,4,5,32.1,3,1,112.2,0.01,0,0.25,0,0,0,1,0,1,0
CLI-001706,1,6,9,3,33.3,2,0.7,3,0,12,1,16.9,4,0,92.47,0.07,0,0.38,0,1,0,0,0,1,0
CLI-001294,1,4,36,14,38.9,3,0.8,9,0,3,1,6.5,3,1,1336.52,0.02,0,0.35,0,1,0,0,0,1,0
CLI-003643,1,1,42,16,38.1,1,0.5,1,0,14,0,19.2,4,0,546.46,0.47,0,0.12,0,0,0,1,1,0,0
CLI-001995,1,9,11,6,54.5,17,4.0,4,1,8,6,10.5,3,1,229.96,0.03,0,0.25,0,0,0,1,0,1,0
CLI-002983,0,17,3,1,33.3,17,7.2,7,7,2,0,3.8,4,0,121.33,0.0,0,0.27,0,0,0,1,0,0,1
CLI-001101,0,3,8,5,62.5,21,13.2,2,0,3,0,0.9,5,1,200.0,0.03,0,0.12,0,0,0,1,1,0,0
CLI-001006,1,5,4,2,50.0,1,0.3,2,1,13,3,13.1,2,5,94.88,0.09,0,0.12,1,0,0,0,0,1,0
CLI-004208,1,17,208,0,0.0,0,0.0,0,0,63,4,10.5,4,0,17566.33,0.12,1,0.0,0,0,0,1,0,0,1
CLI-001296,0,17,653,196,30.0,8,3.6,11,3,0,0,2.6,5,0,32988.72,0.0,0,0.42,0,0,1,0,0,0,1
CLI-003945,0,4,6,2,33.3,19,17.6,3,2,1,1,17.3,4,1,76.65,0.01,0,0.38,0,0,0,1,0,1,0
CLI-002194,0,1,4,3,75.0,29,18.5,4,0,2,2,14.8,3,0,103.12,0.07,0,0.25,0,1,0,0,1,0,0
CLI-001111,0,21,55,35,63.6,52,14.6,6,2,1,4,11.4,3,0,1414.71,0.0,0,0.38,0,0,0,1,0,0,1
CLI-000913,0,5,24,22,91.7,90,57.5,8,1,1,3,16.0,2,0,623.11,0.01,0,0.5,0,0,0,1,0,1,0
CLI-004632,1,9,7,7,50.0,101,108.0,6,1,0,0,17.8,4,0,98.29,0.0,0,0.75,0,1,0,0,0,1,0
CLI-001455,0,23,33,8,24.2,1,0.3,4,4,7,3,28.2,3,0,455.87,0.01,0,0.5,1,0,0,0,0,0,1
CLI-001046,0,13,27,8,29.6,4,0.2,5,3,0,6,8.3,3,1,1261.24,0.0,0,0.19,0,1,0,0,0,0,1
CLI-002143,0,8,57,29,50.9,5,1.6,5,1,2,3,7.9,4,2,2451.54,0.01,0,0.19,0,1,0,0,0,1,0
CLI-000570,1,7,212,123,58.0,20,6.6,12,3,1,7,8.6,1,0,11339.84,0.0,0,0.46,1,0,0,0,0,1,0
CLI-003351,1,17,7,2,28.6,1,0.1,1,5,22,7,31.4,1,0,79.32,0.04,0,0.12,0,0,0,1,0,0,1
CLI-003283,0,14,200,141,70.5,34,18.8,17,4,0,2,3.4,3,0,16218.35,0.0,0,0.42,0,1,0,0,0,0,1
CLI-004295,0,26,48,32,66.7,9,5.5,6,2,0,2,8.6,4,0,1476.24,0.0,0,0.38,0,1,0,0,0,0,1
CLI-002618,1,8,37,24,64.9,43,3.8,4,3,1,1,10.5,4,3,517.41,0.0,0,0.5,0,0,1,0,0,1,0
CLI-004636,0,1,59,44,74.6,26,18.8,16,0,1,3,2.5,3,0,3860.71,0.03,0,0.4,0,0,0,1,1,0,0
CLI-002877,0,28,398,212,53.3,14,8.6,5,6,1,4,18.1,2,0,9950.0,0.0,0,0.31,0,0,0,1,0,0,1
CLI-002754,0,1,52,38,73.1,34,16.4,10,1,1,0,2.5,4,5,3652.42,0.03,0,0.25,0,0,0,1,1,0,0
CLI-004946,0,21,44,31,70.5,46,33.4,3,3,0,0,14.5,5,0,528.0,0.0,0,0.38,0,0,1,0,0,0,1
CLI-003847,0,16,5,3,60.0,17,2.0,9,6,1,0,2.9,5,0,198.27,0.0,0,0.35,0,0,0,1,0,0,1
CLI-000595,0,3,456,257,56.4,37,32.9,18,0,1,1,4.4,4,1,32221.15,0.01,0,0.45,0,1,0,0,1,0,0
CLI-002914,0,13,199,96,48.2,4,0.5,11,3,0,0,4.4,3,0,13484.78,0.0,0,0.28,0,1,0,0,0,0,1
CLI-002200,1,6,242,51,21.1,7,3.6,17,1,1,2,6.5,2,0,16631.2,0.01,0,0.42,0,0,0,1,0,1,0
CLI-003602,0,13,22,7,31.8,1,0.6,3,3,3,1,19.7,4,0,268.08,0.01,0,0.38,0,0,1,0,0,0,1
CLI-001369,0,18,8,8,100.0,119,85.2,13,3,3,4,12.1,2,0,382.43,0.01,0,0.5,0,0,0,1,0,0,1
CLI-001232,1,1,677,329,48.6,11,5.8,12,0,1,1,0.5,4,5,59465.08,0.03,0,0.3,0,0,0,1,1,0,0
CLI-000346,0,2,53,38,71.7,36,16.2,3,2,3,1,0.5,3,3,2502.32,0.05,0,0.12,0,0,0,1,1,0,0
CLI-001305,0,1,9,3,33.3,12,0.6,4,0,6,3,29.2,3,3,97.82,0.2,0,0.5,0,0,0,1,1,0,0
CLI-004181,1,15,4,3,75.0,37,16.1,4,5,1,6,25.3,3,0,47.53,0.0,0,0.5,0,1,0,0,0,0,1
CLI-001901,0,17,7,2,28.6,1,0.1,7,5,8,0,10.2,4,0,165.83,0.02,0,0.44,0,0,1,0,0,0,1
CLI-000354,0,16,155,75,48.4,14,5.65,5,7,0,2,7.7,4,0,3956.37,0.0,0,0.31,0,0,1,0,0,0,1
CLI-001809,0,29,675,490,72.6,54,28.8,10,4,1,0,3.1,5,0,37686.36,0.0,0,0.38,0,0,0,1,0,0,1
CLI-004623,0,9,11,4,36.4,1,0.4,13,1,26,5,4.1,3,4,676.69,0.1,0,0.32,0,1,0,0,0,1,0
CLI-001658,0,9,53,46,86.8,76,35.7,8,0,0,4,18.0,4,2,1637.97,0.0,0,0.5,0,0,0,1,0,1,0
CLI-003137,0,16,51,16,31.4,14,4.7,5,2,0,5,11.3,2,0,1412.86,0.0,0,0.31,1,0,0,0,0,0,1
CLI-001443,0,4,30,17,56.7,15,8.1,13,0,2,0,5.8,4,0,1474.13,0.02,0,0.5,0,1,0,0,0,1,0
CLI-004207,0,1,22,10,45.5,15,8.8,10,2,0,0,4.2,3,1,794.72,0.0,0,0.38,0,0,0,1,1,0,0
CLI-000328,0,10,55,24,43.6,29,10.7,15,5,4,0,4.3,3,1,4764.53,0.01,0,0.38,0,0,0,1,0,1,0
CLI-001425,0,2,826,596,72.2,52,27.2,15,1,2,4,6.9,2,2,71684.53,0.03,0,0.38,0,0,0,1,1,0,0
CLI-000774,0,7,32,22,68.8,27,6.3,22,2,1,0,1.6,4,2,2435.44,0.0,0,0.55,0,0,0,1,0,1,0
CLI-000132,1,9,47,22,46.8,6,0.3,1,1,4,6,18.5,3,1,994.13,0.01,0,0.06,0,1,0,0,0,1,0
CLI-003541,1,2,3,2,66.7,15,9.1,4,1,0,3,28.7,3,3,38.55,0.0,0,0.5,0,0,0,1,1,0,0
CLI-002957,0,19,2,1,50.0,1,0.2,2,2,18,7,28.6,3,0,21.44,0.03,0,0.25,1,0,0,0,0,0,1
CLI-003781,0,1,10,6,60.0,34,10.9,9,0,0,3,10.5,4,0,254.59,0.0,0,0.56,0,1,0,0,1,0,0
CLI-002853,0,13,107,29,27.1,5,0.2,6,2,15,2,5.4,4,1,2673.08,0.04,0,0.38,0,1,0,0,0,0,1
CLI-001259,0,3,3,2,50.0,16,3.8,12,1,1,4,7.5,4,0,135.0,0.01,0,0.46,0,1,0,0,1,0,0
CLI-003491,0,12,2,1,50.0,42,23.7,4,3,2,5,27.2,4,1,25.53,0.01,0,0.5,0,0,0,1,0,1,0
CLI-001235,0,25,53,40,75.5,44,16.9,6,4,2,11,21.3,1,0,1283.69,0.0,0,0.38,1,0,0,0,0,0,1
CLI-002177,0,1,199,94,47.2,19,5.65,4,0,2,0,6.6,5,3,5212.24,0.07,0,0.25,0,0,0,1,1,0,0
CLI-002098,0,10,30,20,66.7,42,11.1,5,3,0,1,9.5,4,1,910.97,0.0,0,0.31,0,0,1,0,0,1,0
CLI-003758,0,23,32,20,62.5,17,0.8,4,5,1,5,10.5,2,0,428.59,0.0,0,0.5,1,0,0,0,0,0,1
CLI-003732,0,19,8,5,50.0,32,11.2,9,7,0,3,11.7,2,0,238.4,0.0,0,0.56,0,0,0,1,0,0,1
CLI-003733,0,33,4,1,25.0,1,0.1,0,11,1,1,10.5,3,0,53.65,0.0,0,0.0,0,1,0,0,0,0,1
CLI-004943,1,1,4,1,25.0,5,1.5,2,0,5,10,43.5,1,3,44.01,0.17,0,0.25,1,0,0,0,1,0,0
CLI-003545,1,1,10,3,30.0,2,0.5,4,0,8,8,38.4,2,1,111.1,0.27,0,0.5,1,0,0,0,1,0,0
CLI-001733,1,1,2,0,0.0,0,5.65,0,0,30,1,24.3,3,2,26.44,1.0,1,0.0,0,0,0,1,1,0,0
CLI-002175,0,28,122,89,73.0,46,16.0,22,3,1,2,6.5,4,0,6448.98,0.0,0,0.85,0,0,0,1,0,0,1
CLI-000395,0,21,45,35,77.8,15,7.4,2,3,1,0,15.6,2,0,1241.79,0.0,0,0.12,1,0,0,0,0,0,1
CLI-002872,1,13,9,5,55.6,3,0.5,4,2,25,5,6.0,4,0,414.95,0.06,0,0.15,0,0,0,1,0,0,1
CLI-001063,0,25,57,17,29.8,1,5.65,2,5,22,13,11.2,2,0,2229.54,0.03,0,0.08,0,0,0,1,0,0,1
CLI-004939,0,12,7,5,71.4,53,32.7,5,5,0,6,29.6,3,0,80.02,0.0,0,0.62,0,0,0,1,0,1,0
CLI-000170,1,3,25,22,88.0,71,45.5,3,0,0,3,27.2,3,3,241.98,0.0,0,0.38,0,0,0,1,1,0,0
CLI-003666,1,5,10,8,80.0,45,23.1,13,1,1,5,8.7,3,1,451.68,0.01,0,0.5,0,0,0,1,0,1,0
CLI-002882,0,11,203,76,37.4,2,0.1,4,2,5,2,10.8,2,0,9342.55,0.02,0,0.15,0,0,0,1,0,1,0
CLI-003176,0,8,8,2,25.0,1,0.1,3,5,16,6,12.6,3,1,173.27,0.07,0,0.19,0,0,0,1,0,1,0
CLI-004949,0,10,44,6,13.6,1,0.2,3,2,12,0,5.5,3,0,832.83,0.04,0,0.19,1,0,0,0,0,1,0
CLI-002102,0,3,152,64,42.1,14,7.4,10,0,4,2,10.5,3,0,6781.87,0.04,0,0.38,0,0,0,1,1,0,0
CLI-003161,0,8,3,2,66.7,36,27.4,4,2,0,0,1.5,5,3,43.46,0.0,0,0.5,0,0,0,1,0,1,0
CLI-002480,0,1,38,18,47.4,11,1.3,13,2,7,1,10.5,3,2,1489.79,0.23,0,0.5,0,0,0,1,1,0,0
CLI-001905,0,16,11,6,54.5,14,5.7,2,3,1,0,11.7,4,0,129.8,0.0,0,0.25,0,0,0,1,0,0,1
CLI-003605,1,1,84,23,27.4,5,2.4,16,0,2,6,10.5,2,3,8381.99,0.07,0,0.4,1,0,0,0,1,0,0
CLI-000881,0,6,615,588,95.6,87,52.4,17,1,1,1,8.7,4,1,34003.36,0.01,0,0.65,0,0,0,1,0,1,0
CLI-002148,0,22,40,19,47.5,35,24.1,4,8,2,1,10.5,4,0,1060.44,0.0,0,0.25,0,0,1,0,0,0,1
CLI-000534,0,19,1,1,100.0,86,20.7,4,10,2,1,20.3,5,0,10.31,0.0,0,0.5,0,0,1,0,0,0,1
CLI-002352,0,11,27,4,14.8,1,0.2,1,3,10,1,26.1,3,1,324.0,0.03,0,0.12,1,0,0,0,0,1,0
CLI-001409,0,20,7,5,71.4,40,12.0,1,8,2,2,10.5,5,0,84.0,0.0,0,0.12,0,0,1,0,0,0,1
CLI-003795,1,6,58,0,0.0,0,0.0,0,0,53,0,12.2,4,1,696.0,0.29,1,0.0,1,0,0,0,0,1,0
CLI-002369,0,7,9,2,22.2,1,0.1,2,3,2,5,14.0,3,2,217.81,0.01,0,0.12,0,0,0,1,0,1,0
CLI-000064,0,10,3,2,66.7,33,15.0,9,1,2,0,10.5,3,0,62.66,0.01,0,0.56,0,0,0,1,0,1,0
CLI-001497,1,3,172,50,29.1,1,0.4,1,1,12,4,32.6,2,1,2338.11,0.13,0,0.12,1,0,0,0,1,0,0
CLI-002344,1,8,7,1,14.3,4,0.7,2,1,10,2,11.8,4,1,187.89,0.04,0,0.12,1,0,0,0,0,1,0
CLI-000382,1,2,45,0,0.0,0,0.0,0,0,60,2,10.5,3,0,2260.42,1.0,1,0.0,0,0,0,1,1,0,0
CLI-001693,0,4,2,2,100.0,69,64.3,6,1,1,0,13.2,5,1,24.33,0.01,0,0.75,0,0,0,1,0,1,0
CLI-000516,0,3,7,3,42.9,14,5.7,2,1,1,3,32.1,3,1,91.71,0.01,0,0.25,0,1,0,0,1,0,0
CLI-003734,0,16,5,3,60.0,44,8.2,7,2,1,5,10.5,3,0,130.13,0.0,0,0.44,0,0,0,1,0,0,1
CLI-001467,0,8,25,5,20.0,1,0.2,12,5,4,0,3.5,5,1,1975.85,0.02,0,0.3,0,0,0,1,0,1,0
CLI-003710,0,10,4,3,75.0,68,58.1,4,5,0,0,4.2,5,0,54.0,0.0,0,0.5,0,0,1,0,0,1,0
CLI-004246,1,13,24,13,54.2,13,2.6,5,2,1,12,22.2,1,2,576.45,0.0,0,0.31,1,0,0,0,0,0,1
CLI-004952,0,11,23,17,73.9,67,67.7,9,1,1,2,10.5,3,0,551.45,0.0,0,0.56,0,0,0,1,0,1,0
CLI-000932,0,1,38,22,57.9,48,11.1,16,0,1,3,6.7,3,1,1873.04,0.03,0,0.62,0,1,0,0,1,0,0
CLI-000133,0,20,38,19,50.0,10,2.4,4,5,11,4,18.1,2,0,914.55,0.02,0,0.25,1,0,0,0,0,0,1
CLI-003334,0,7,43,28,65.1,7,4.0,10,2,3,1,3.8,3,0,2053.74,0.01,0,0.38,0,1,0,0,0,1,0
CLI-003397,0,13,38,23,60.5,8,3.1,7,3,4,0,1.9,5,0,1790.74,0.01,0,0.27,0,0,0,1,0,0,1
CLI-004003,1,6,1,0,0.0,0,0.0,0,0,65,1,2.2,4,0,38.09,0.36,1,0.0,1,0,0,0,0,1,0
CLI-002893,0,8,11,9,81.8,41,5.65,19,3,0,2,1.3,4,0,850.22,0.0,0,0.48,0,0,1,0,0,1,0
CLI-004423,0,2,16,15,93.8,70,34.4,5,0,0,2,13.6,5,2,508.6,0.0,0,0.31,0,1,0,0,1,0,0
CLI-000780,0,15,9,6,66.7,35,16.5,3,3,1,1,17.2,5,0,111.91,0.0,0,0.38,0,0,0,1,0,0,1
CLI-004205,1,5,99,16,16.2,1,0.1,2,0,30,6,6.5,3,1,4561.89,0.2,1,0.08,0,0,0,1,0,1,0
CLI-000975,1,1,6,1,16.7,1,0.3,2,0,30,0,9.7,5,2,67.17,1.0,1,0.25,0,0,0,1,1,0,0
CLI-001366,0,14,1,1,100.0,70,28.5,4,3,0,0,11.8,5,0,10.96,0.0,0,0.5,0,0,1,0,0,0,1
CLI-004349,0,12,39,19,48.7,16,13.5,13,1,0,0,0.5,5,2,1920.98,0.0,0,0.5,0,1,0,0,0,1,0
CLI-002799,1,3,442,0,0.0,0,0.0,0,0,90,2,4.9,3,2,30284.5,1.0,1,0.0,0,0,0,1,1,0,0
CLI-002621,0,12,8,1,12.5,3,0.2,8,3,1,1,6.7,4,0,366.55,0.0,0,0.31,1,0,0,0,0,1,0
CLI-003286,0,20,35,25,71.4,42,33.4,3,2,0,5,41.8,2,0,365.41,0.0,0,0.38,0,0,0,1,0,0,1
CLI-001848,0,7,58,47,81.0,67,5.65,19,1,0,1,4.4,4,0,2888.09,0.0,0,0.73,0,0,0,1,0,1,0
CLI-004057,0,3,1,1,100.0,111,41.7,34,0,0,0,1.3,3,2,86.71,0.0,0,0.85,0,0,0,1,1,0,0
CLI-003763,1,1,35,10,28.6,1,5.65,7,1,22,7,11.2,3,0,1309.04,0.73,0,0.27,0,0,0,1,1,0,0
CLI-002111,0,1,16,14,87.5,55,31.4,15,1,2,2,1.7,2,1,1350.11,0.07,0,0.38,1,0,0,0,1,0,0
CLI-004861,0,1,16,11,68.8,18,6.1,3,0,2,0,5.0,5,4,430.5,0.07,0,0.19,0,0,0,1,1,0,0
CLI-003350,0,21,55,40,72.7,44,6.8,13,1,0,2,3.7,4,0,2603.65,0.0,0,0.5,0,1,0,0,0,0,1
CLI-002274,1,1,21,15,71.4,17,1.5,7,0,1,5,16.7,3,5,438.63,0.03,0,0.44,0,0,0,1,1,0,0
CLI-001735,0,10,43,28,65.1,45,24.7,7,0,0,0,11.0,5,0,1117.55,0.0,0,0.44,0,0,0,1,0,1,0
CLI-002973,0,14,129,36,27.9,1,0.1,5,2,5,0,3.7,5,1,10715.76,0.01,0,0.12,0,0,0,1,0,0,1
CLI-000696,1,9,547,84,15.4,1,0.2,6,1,30,6,14.5,1,1,14424.51,0.11,1,0.38,0,0,0,1,0,1,0
CLI-003213,0,19,10,4,40.0,1,0.4,3,1,23,5,33.7,4,0,119.25,0.04,0,0.38,0,0,0,1,0,0,1
CLI-004438,0,28,1,1,100.0,103,55.7,7,4,2,0,0.5,5,0,33.27,0.0,0,0.44,0,0,1,0,0,0,1
CLI-000477,1,5,114,26,22.8,1,0.2,5,2,22,4,13.8,3,1,2572.72,0.15,0,0.31,1,0,0,0,0,1,0
CLI-004441,1,1,8,5,62.5,45,20.3,2,0,1,1,20.8,4,4,80.26,0.03,0,0.25,0,0,0,1,1,0,0
CLI-002572,0,22,40,22,55.0,50,16.6,8,4,2,0,12.3,3,0,1092.4,0.0,0,0.5,0,1,0,0,0,0,1
CLI-003012,0,15,56,19,33.9,7,1.8,3,4,1,0,4.9,3,0,1235.64,0.0,0,0.19,0,1,0,0,0,0,1
CLI-000726,1,17,52,0,0.0,0,0.0,0,0,43,8,11.3,4,0,1344.9,0.08,1,0.0,1,0,0,0,0,0,1
CLI-004553,0,1,11,5,45.5,20,8.6,5,0,0,3,18.5,3,0,322.5,0.0,0,0.31,0,1,0,0,1,0,0
CLI-004464,0,19,4,1,25.0,10,2.3,10,2,6,1,3.7,5,0,80.36,0.01,0,0.62,0,0,0,1,0,0,1
CLI-000489,1,6,2,1,50.0,24,13.8,2,0,1,2,26.0,3,2,21.5,0.01,0,0.25,0,0,0,1,0,1,0
CLI-000392,1,12,2,2,50.0,88,60.8,10,2,1,5,9.7,1,0,78.99,0.0,0,0.38,0,0,0,1,0,1,0
CLI-001681,1,1,5,1,20.0,2,1.0,3,0,11,2,11.9,5,1,42.05,0.37,0,0.38,1,0,0,0,1,0,0
CLI-001642,0,19,17,14,82.4,29,13.6,17,5,0,0,0.5,5,0,1523.03,0.0,0,0.42,0,0,1,0,0,0,1
CLI-000861,0,10,3,1,33.3,1,0.1,2,2,17,2,10.2,4,0,75.0,0.06,0,0.12,0,0,0,1,0,1,0
CLI-003566,0,10,12,9,75.0,44,20.3,8,2,0,4,11.8,4,1,238.52,0.0,0,0.5,0,0,0,1,0,1,0
CLI-001090,1,13,32,17,53.1,33,13.6,8,4,2,5,15.5,1,0,862.37,0.01,0,0.5,0,0,0,1,0,0,1
CLI-004576,0,21,101,15,14.9,1,0.3,3,1,4,0,5.5,4,0,4863.32,0.01,0,0.12,0,0,0,1,0,0,1
CLI-002108,0,16,41,10,24.4,3,0.7,0,7,11,1,10.7,3,0,814.92,0.02,0,0.0,0,0,0,1,0,0,1
CLI-001357,0,17,9,6,66.7,55,16.2,10,2,1,2,8.8,5,0,266.89,0.0,0,0.62,0,0,0,1,0,0,1
CLI-000940,0,21,35,10,28.6,1,0.4,3,5,15,5,14.1,3,0,955.72,0.02,0,0.19,0,1,0,0,0,0,1
CLI-000163,0,32,11,5,45.5,7,1.9,6,7,22,0,6.7,4,0,231.55,0.02,0,0.38,0,1,0,0,0,0,1
CLI-000559,1,6,104,22,21.2,2,1.0,8,0,7,5,7.6,2,1,4830.22,0.04,0,0.31,0,0,0,1,0,1,0
CLI-002412,0,19,38,7,18.4,1,0.3,0,5,2,2,14.6,4,0,888.32,0.0,0,0.0,1,0,0,0,0,0,1
CLI-001181,0,13,5,3,60.0,27,4.2,8,2,1,5,8.1,2,2,228.29,0.0,0,0.31,0,0,0,1,0,0,1
CLI-001184,1,12,9,3,33.3,1,0.5,1,2,12,4,19.6,3,1,110.56,0.03,0,0.12,0,1,0,0,0,1,0
CLI-002390,0,3,5,2,40.0,28,23.3,4,0,2,0,18.2,5,0,67.68,0.02,0,0.5,0,0,0,1,1,0,0
CLI-004745,0,14,56,28,50.0,18,3.0,4,7,0,5,25.4,3,1,568.82,0.0,0,0.5,0,0,0,1,0,0,1
CLI-004225,0,13,46,17,37.0,3,1.4,3,4,2,1,11.8,4,0,520.95,0.01,0,0.38,0,0,1,0,0,0,1
CLI-000250,1,9,145,54,37.2,8,3.1,18,2,3,10,6.1,1,2,11041.86,0.01,0,0.45,0,0,0,1,0,1,0
CLI-004033,0,1,4,3,75.0,81,60.7,6,0,1,0,10.5,5,2,56.92,0.03,0,0.75,0,1,0,0,1,0,0
CLI-004666,1,1,156,81,50.0,15,9.2,7,0,4,0,8.4,3,1,5369.89,0.13,0,0.27,0,1,0,0,1,0,0
CLI-004310,0,1,41,37,50.0,80,41.1,12,0,0,2,9.0,4,2,1250.18,0.0,0,0.75,0,0,0,1,1,0,0
CLI-000044,0,13,161,123,76.4,54,5.65,8,2,0,0,7.1,4,0,4601.55,0.0,0,0.5,0,0,0,1,0,0,1
CLI-000237,0,17,189,149,78.8,56,5.65,15,2,1,7,7.7,1,0,9759.61,0.0,0,0.58,0,0,0,1,0,0,1
CLI-001439,0,18,8,6,75.0,69,76.4,11,5,0,0,13.7,3,0,195.6,0.0,0,0.69,0,0,0,1,0,0,1
CLI-002314,0,15,7,1,14.3,1,0.4,0,2,2,4,18.6,4,0,88.58,0.0,0,0.0,1,0,0,0,0,0,1
CLI-000544,0,19,36,15,41.7,17,6.3,6,5,1,0,7.4,3,0,873.88,0.0,0,0.38,0,0,0,1,0,0,1
CLI-003123,0,10,22,3,13.6,1,0.1,1,8,6,2,10.5,3,0,583.14,0.02,0,0.06,1,0,0,0,0,1,0
CLI-004104,1,3,21,15,71.4,29,22.1,11,1,1,9,10.2,1,1,934.34,0.01,0,0.42,1,0,0,0,1,0,0
CLI-004751,0,17,1,1,50.0,45,25.6,13,2,1,2,7.7,3,0,52.78,0.0,0,0.5,0,0,0,1,0,0,1
CLI-002661,0,10,18,6,33.3,1,0.3,5,1,0,2,11.0,4,0,397.26,0.0,0,0.31,0,0,0,1,0,1,0
CLI-004056,0,16,29,9,31.0,1,0.5,1,2,30,3,21.7,3,0,331.92,0.06,1,0.12,0,1,0,0,0,0,1
CLI-000547,0,18,5,2,40.0,15,4.6,6,4,0,0,17.6,3,0,118.01,0.0,0,0.38,0,0,0,1,0,0,1
CLI-004599,0,14,2,1,50.0,37,24.1,4,3,0,0,25.0,4,0,26.78,0.0,0,0.5,0,0,0,1,0,0,1
CLI-000616,1,1,52,16,30.8,1,0.1,4,0,21,4,10.1,3,2,1181.79,0.7,0,0.25,0,0,0,1,1,0,0
CLI-001853,0,1,143,57,39.9,14,5.5,11,0,0,0,6.2,4,0,13582.92,0.0,0,0.28,0,0,0,1,1,0,0
CLI-000206,0,19,725,123,17.0,1,0.6,2,5,1,0,0.5,4,0,57382.11,0.0,0,0.05,0,0,0,1,0,0,1
CLI-000781,0,13,6,3,50.0,38,20.2,6,4,1,2,11.0,4,0,152.19,0.0,0,0.38,0,0,0,1,0,0,1
CLI-000141,1,11,19,0,0.0,0,0.0,0,0,39,8,20.8,1,1,464.31,0.12,1,0.0,0,0,0,1,0,1,0
CLI-002879,0,15,618,394,63.8,31,14.8,13,2,1,2,5.7,3,0,28656.13,0.0,0,0.5,0,0,0,1,0,0,1
CLI-002545,0,4,49,28,57.1,25,9.9,11,3,0,2,7.0,2,2,2096.48,0.0,0,0.42,1,0,0,0,0,1,0
CLI-001083,0,6,25,20,80.0,29,20.1,21,0,1,2,3.4,5,1,2412.49,0.01,0,0.52,0,0,0,1,0,1,0
CLI-001341,0,11,185,101,54.6,13,4.6,6,2,4,0,5.8,5,0,9909.16,0.01,0,0.23,0,1,0,0,0,1,0
CLI-003552,0,21,267,115,43.1,13,4.4,9,6,1,2,4.5,4,0,12910.68,0.0,0,0.35,0,0,1,0,0,0,1
CLI-002019,0,10,204,91,44.6,12,6.3,3,1,1,3,10.5,4,2,9182.15,0.0,0,0.12,0,1,0,0,0,1,0
CLI-001368,0,5,11,6,50.0,14,7.0,6,0,2,0,10.5,5,0,165.0,0.01,0,0.38,0,1,0,0,0,1,0
CLI-001823,0,12,10,6,60.0,13,5.0,18,1,0,0,1.3,5,1,666.47,0.0,0,0.45,0,0,0,1,0,1,0
CLI-004868,0,28,643,202,31.4,3,1.6,6,8,0,5,2.9,3,0,31814.34,0.0,0,0.23,0,0,0,1,0,0,1
CLI-004429,1,3,18,12,66.7,8,2.2,10,1,2,3,4.9,3,3,790.19,0.02,0,0.38,0,0,0,1,1,0,0
CLI-003061,0,14,2,1,50.0,11,3.9,6,1,7,0,0.5,5,0,76.61,0.02,0,0.23,0,0,0,1,0,0,1
CLI-002263,1,21,206,31,15.0,1,0.5,0,1,21,5,10.5,2,0,4957.26,0.03,0,0.0,0,0,0,1,0,0,1
CLI-002806,0,3,46,13,50.0,5,3.1,1,1,1,0,10.5,4,3,1952.88,0.01,0,0.04,0,0,0,1,1,0,0
CLI-000146,0,2,47,20,42.6,6,4.2,6,0,1,7,18.5,2,0,894.45,0.02,0,0.38,1,0,0,0,1,0,0
CLI-004478,0,25,24,21,87.5,81,50.4,19,5,2,1,3.4,5,0,2401.2,0.0,0,0.48,0,0,0,1,0,0,1
CLI-003001,0,6,106,36,34.0,5,1.8,4,2,6,0,9.7,4,0,2736.47,0.03,0,0.25,0,0,0,1,0,1,0
CLI-004409,0,2,22,12,54.5,18,9.0,4,1,1,0,14.0,4,1,288.35,0.02,0,0.5,0,0,0,1,1,0,0
CLI-003425,0,8,1,1,100.0,2,0.3,1,0,4,0,16.5,4,1,10.02,0.02,0,0.12,0,0,0,1,0,1,0
CLI-004434,0,13,107,48,44.9,9,5.65,4,1,0,5,6.5,4,0,4560.0,0.0,0,0.15,0,0,0,1,0,0,1
CLI-000744,0,8,21,5,23.8,4,0.2,3,2,2,2,1.2,3,0,950.18,0.01,0,0.12,1,0,0,0,0,1,0
CLI-001032,1,20,460,130,28.3,4,0.5,18,4,8,6,4.2,2,0,41945.48,0.01,0,0.45,1,0,0,0,0,0,1
CLI-001729,1,13,34,0,0.0,0,0.0,0,0,33,9,18.9,2,0,722.12,0.08,1,0.0,1,0,0,0,0,0,1
CLI-000628,0,10,1,1,100.0,20,4.2,3,2,0,4,32.6,2,0,10.41,0.0,0,0.38,0,0,0,1,0,1,0
CLI-004119,0,17,338,183,54.1,18,7.2,16,5,1,3,1.8,4,0,29358.0,0.0,0,0.4,0,0,1,0,0,0,1
CLI-000569,0,14,10,2,20.0,5,1.1,1,3,2,1,20.0,3,0,131.82,0.0,0,0.12,0,0,0,1,0,0,1
CLI-003274,0,6,44,37,84.1,65,30.7,22,0,0,1,1.0,3,1,4202.33,0.0,0,0.55,0,0,0,1,0,1,0
CLI-004122,0,9,514,247,48.1,35,27.2,20,2,0,0,0.5,5,0,43848.49,0.0,0,0.5,0,0,0,1,0,1,0
CLI-004044,0,10,440,341,77.5,39,28.0,21,1,0,1,5.2,3,1,29685.5,0.0,0,0.52,0,1,0,0,0,1,0
CLI-002801,0,1,24,21,87.5,86,65.6,17,0,0,0,3.1,5,1,1080.0,0.0,0,0.65,0,0,0,1,1,0,0
CLI-001339,0,13,58,31,53.4,33,15.8,6,2,1,4,13.8,4,0,1385.59,0.0,0,0.38,0,0,0,1,0,0,1
CLI-002858,0,10,10,9,90.0,65,60.0,10,0,0,3,9.2,3,1,276.73,0.0,0,0.62,0,1,0,0,0,1,0
CLI-003814,0,18,42,20,47.6,14,7.1,10,4,0,2,12.6,3,0,1865.09,0.0,0,0.38,0,0,0,1,0,0,1
CLI-001156,0,13,248,165,66.5,57,13.9,9,0,0,0,5.4,5,0,11613.14,0.0,0,0.35,0,1,0,0,0,0,1
CLI-003406,1,10,58,11,19.0,1,0.2,2,3,30,3,7.7,4,3,2548.01,0.1,1,0.08,1,0,0,0,0,1,0
CLI-001093,1,2,25,14,56.0,28,9.8,8,0,1,1,9.7,3,0,714.02,0.02,0,0.5,0,1,0,0,1,0,0
CLI-003875,0,1,11,9,81.8,45,29.9,11,0,0,1,0.5,5,3,315.55,0.0,0,0.69,0,1,0,0,1,0,0
CLI-003070,0,24,11,9,81.8,66,31.6,11,1,1,0,6.3,5,0,311.02,0.0,0,0.69,0,1,0,0,0,0,1
CLI-001380,0,12,1,1,100.0,69,13.7,5,1,1,3,10.5,4,1,12.98,0.0,0,0.62,0,0,0,1,0,1,0
CLI-004320,1,1,22,2,9.1,1,0.2,0,0,8,3,9.4,4,4,487.98,0.27,0,0.0,0,0,0,1,1,0,0
CLI-002131,0,16,10,6,50.0,34,10.7,4,4,1,8,44.7,1,0,126.44,0.0,0,0.5,0,0,0,1,0,0,1
CLI-004311,0,13,329,259,78.7,69,33.7,23,2,0,1,1.2,4,0,29499.5,0.0,0,0.57,0,0,0,1,0,0,1
CLI-004304,0,21,6,3,50.0,5,0.6,3,3,4,2,15.3,4,0,62.79,0.01,0,0.38,0,0,1,0,0,0,1
CLI-002567,1,8,5,3,60.0,56,5.65,2,2,0,1,22.9,3,1,63.41,0.0,0,0.25,0,1,0,0,0,1,0
CLI-003531,0,28,50,40,80.0,48,14.1,5,10,0,5,35.2,3,0,612.92,0.0,0,0.62,0,1,0,0,0,0,1
CLI-002392,0,1,41,27,65.9,21,13.7,3,0,0,2,22.0,5,1,447.49,0.0,0,0.38,0,0,0,1,1,0,0
CLI-001253,1,1,28,0,0.0,0,0.0,0,0,30,0,14.2,3,4,249.56,1.0,1,0.0,1,0,0,0,1,0,0
CLI-000873,0,21,70,40,57.1,17,6.4,10,2,4,4,5.6,3,0,3254.13,0.01,0,0.38,0,0,0,1,0,0,1
CLI-002220,1,3,27,0,0.0,0,0.0,0,0,32,2,10.6,3,0,1215.0,0.36,1,0.0,1,0,0,0,1,0,0
CLI-004807,0,19,894,108,12.1,1,0.1,3,1,30,3,1.1,2,0,67990.64,0.05,1,0.08,1,0,0,0,0,0,1
CLI-000410,0,14,3,1,33.3,1,0.1,2,3,3,2,10.5,1,0,61.73,0.01,0,0.12,0,0,0,1,0,0,1
CLI-000405,0,7,429,210,49.0,8,2.3,10,0,2,0,5.1,3,0,21096.73,0.01,0,0.38,0,1,0,0,0,1,0
CLI-004728,1,2,5,3,60.0,14,0.7,2,1,1,5,19.0,3,0,134.49,0.02,0,0.12,0,1,0,0,1,0,0
CLI-001172,0,15,2,2,100.0,83,35.0,29,0,1,2,5.2,4,0,178.28,0.0,0,0.72,0,1,0,0,0,0,1
CLI-000249,0,1,53,44,83.0,26,5.65,3,0,2,0,7.6,4,1,1344.94,0.07,0,0.19,0,1,0,0,1,0,0
CLI-000642,0,15,9,6,66.7,41,14.9,7,4,2,1,10.5,4,0,239.07,0.0,0,0.44,0,0,0,1,0,0,1
CLI-002709,1,1,41,17,41.5,7,3.3,8,0,1,8,8.7,3,3,1931.48,0.03,0,0.31,1,0,0,0,1,0,0
CLI-004755,0,24,860,359,41.7,1,0.2,5,7,22,0,3.0,5,0,37956.17,0.03,0,0.19,0,0,0,1,0,0,1
CLI-003302,1,2,12,6,50.0,14,5.0,2,0,0,5,18.9,3,2,115.47,0.0,0,0.25,0,1,0,0,1,0,0
CLI-001047,0,13,57,14,24.6,9,2.7,4,3,3,0,1.7,5,0,1425.0,0.01,0,0.25,0,0,0,1,0,0,1
CLI-004789,0,12,54,29,53.7,34,7.6,5,4,0,0,7.6,5,0,1479.12,0.0,0,0.31,0,0,1,0,0,1,0
CLI-002010,0,17,9,5,55.6,34,9.2,5,4,0,2,6.0,4,0,243.7,0.0,0,0.31,0,0,1,0,0,0,1
CLI-000085,0,10,30,9,30.0,12,5.5,5,1,4,3,5.6,4,0,1282.9,0.01,0,0.19,0,0,0,1,0,1,0
CLI-004159,0,5,5,3,60.0,2,1.1,6,1,13,1,4.3,4,0,244.97,0.09,0,0.23,0,1,0,0,0,1,0
CLI-000319,1,1,67,34,50.7,15,5.1,10,2,0,0,1.7,4,4,2655.94,0.0,0,0.38,0,1,0,0,1,0,0
CLI-000944,0,18,8,5,62.5,18,6.2,1,7,1,3,10.5,4,0,267.47,0.0,0,0.06,0,0,0,1,0,0,1
CLI-003501,0,9,108,63,58.3,15,15.1,16,3,3,5,2.8,4,2,6091.21,0.01,0,0.62,0,0,1,0,0,1,0
CLI-000739,1,4,818,271,33.1,7,3.7,18,1,3,0,0.6,5,3,54509.69,0.02,0,0.45,0,0,0,1,0,1,0
CLI-004089,0,16,39,19,48.7,10,5.65,9,7,7,3,7.0,4,0,1758.72,0.01,0,0.35,0,0,1,0,0,0,1
CLI-004364,0,14,59,5,8.5,1,0.4,1,0,6,2,10.5,3,1,665.19,0.01,0,0.12,0,0,0,1,0,0,1
CLI-002697,1,12,5,3,60.0,28,10.5,4,1,1,6,31.2,4,0,57.96,0.0,0,0.5,0,0,0,1,0,1,0
CLI-000933,1,5,7,0,0.0,0,0.0,0,0,56,3,5.1,3,2,458.12,0.37,1,0.0,0,0,0,1,0,1,0
CLI-003241,0,10,51,30,50.0,25,18.8,6,1,0,6,14.6,2,1,1250.91,0.0,0,0.38,1,0,0,0,0,1,0
CLI-001828,0,13,57,14,24.6,1,0.1,11,6,17,0,0.5,5,0,3824.7,0.04,0,0.28,1,0,0,0,0,0,1
CLI-004458,0,11,48,20,41.7,10,2.7,14,1,9,0,4.8,5,0,2380.61,0.03,0,0.54,0,1,0,0,0,1,0
CLI-003934,0,12,43,26,50.0,3,1.8,7,3,20,2,5.8,3,0,1527.12,0.06,0,0.27,0,0,0,1,0,1,0
CLI-002759,1,1,43,15,34.9,16,9.3,3,0,1,5,38.0,1,3,527.84,0.03,0,0.38,1,0,0,0,1,0,0
CLI-001957,0,1,5,4,80.0,55,5.65,10,1,0,0,3.1,5,3,124.8,0.0,0,0.62,0,1,0,0,1,0,0
CLI-002587,1,2,72,8,11.1,1,0.1,1,0,30,3,2.9,4,2,4708.04,0.5,1,0.02,0,0,0,1,1,0,0
CLI-003829,1,3,30,22,73.3,81,48.4,16,0,5,4,8.0,2,1,1544.26,0.06,0,0.62,0,0,0,1,1,0,0
CLI-002186,0,11,2,1,50.0,30,17.3,4,1,3,0,18.3,5,1,23.31,0.01,0,0.5,0,1,0,0,0,1,0
CLI-000018,0,12,71,60,84.5,110,37.9,10,0,0,4,14.6,3,0,2032.97,0.0,0,0.62,0,1,0,0,0,1,0
CLI-003076,1,1,1,1,100.0,16,2.5,4,0,7,2,18.5,4,3,9.4,0.23,0,0.5,0,1,0,0,1,0,0
CLI-002536,1,12,61,15,24.6,1,0.4,6,4,30,10,16.2,3,1,1539.45,0.08,1,0.38,1,0,0,0,0,1,0
CLI-001751,0,14,47,41,87.2,51,33.8,11,3,1,1,10.5,4,0,1083.45,0.0,0,0.69,0,0,0,1,0,0,1
CLI-004652,0,18,47,22,46.8,23,7.2,5,1,1,0,7.9,5,0,1350.04,0.0,0,0.31,0,0,0,1,0,0,1
CLI-003658,0,8,49,29,59.2,21,6.5,9,3,0,0,7.5,3,0,1253.3,0.0,0,0.56,0,0,1,0,0,1,0
CLI-000211,0,16,58,35,60.3,48,5.65,7,1,2,5,18.0,3,0,1582.6,0.0,0,0.44,0,0,0,1,0,0,1
CLI-001636,0,4,48,39,81.2,68,51.7,12,0,4,0,5.2,5,3,1013.07,0.03,0,0.75,0,0,0,1,0,1,0
CLI-003482,0,4,157,73,46.5,14,6.5,13,1,0,0,5.6,5,0,7510.64,0.0,0,0.5,0,0,0,1,0,1,0
CLI-000800,0,1,11,5,45.5,1,0.3,9,0,11,4,6.7,2,0,464.47,0.37,0,0.35,1,0,0,0,1,0,0
CLI-004015,0,6,4,2,50.0,42,5.65,6,1,2,4,13.4,3,0,97.76,0.01,0,0.38,0,1,0,0,0,1,0
CLI-001513,1,12,5,1,50.0,1,0.1,6,4,10,4,7.4,2,0,212.24,0.03,0,0.23,0,0,0,1,0,1,0
CLI-002199,1,1,51,41,80.4,73,27.6,6,0,1,2,11.1,4,2,1272.36,0.03,0,0.38,0,1,0,0,1,0,0
CLI-002471,0,6,198,108,54.5,28,6.9,13,0,0,4,4.5,3,1,8945.54,0.0,0,0.5,0,1,0,0,0,1,0
CLI-002866,0,17,1,1,100.0,61,37.3,5,2,1,4,19.5,1,0,32.11,0.0,0,0.31,1,0,0,0,0,0,1
CLI-000583,0,15,267,134,50.2,23,10.3,16,3,1,1,6.1,5,0,14780.41,0.0,0,0.62,0,0,1,0,0,0,1
CLI-003547,0,22,52,28,53.8,37,17.8,7,6,2,0,7.8,3,0,1233.97,0.0,0,0.44,0,0,1,0,0,0,1
CLI-002046,0,4,844,533,63.2,14,3.5,22,1,0,2,3.7,4,2,68015.99,0.0,0,0.55,0,0,0,1,0,1,0
CLI-004760,0,14,10,2,20.0,1,0.4,2,2,30,1,6.9,4,1,124.37,0.07,1,0.25,0,0,0,1,0,0,1
CLI-000775,1,3,7,5,71.4,45,17.3,3,0,1,1,23.2,5,2,79.49,0.01,0,0.38,0,0,0,1,1,0,0
CLI-000797,0,6,36,16,44.4,7,3.0,7,0,7,0,1.9,5,0,770.29,0.04,0,0.44,0,0,0,1,0,1,0
CLI-002408,0,8,108,57,52.8,30,6.2,3,2,1,2,25.9,3,0,1271.92,0.0,0,0.38,0,0,0,1,0,1,0
CLI-003923,0,13,20,2,10.0,1,0.4,3,4,18,3,12.6,4,0,443.83,0.05,0,0.19,1,0,0,0,0,0,1
CLI-000371,0,20,4,1,25.0,9,6.6,3,4,8,4,33.9,2,0,46.42,0.01,0,0.38,1,0,0,0,0,0,1
CLI-004971,1,3,407,86,21.1,1,0.1,1,0,30,3,6.6,4,1,18013.75,0.33,1,0.04,0,0,0,1,1,0,0
CLI-001004,0,14,33,13,39.4,1,0.3,5,2,5,2,10.7,3,0,793.24,0.01,0,0.31,0,0,0,1,0,0,1
CLI-001695,0,19,10,4,40.0,18,1.8,2,4,5,3,27.9,2,0,134.17,0.01,0,0.25,0,0,0,1,0,0,1
CLI-001282,0,7,30,16,53.3,13,3.8,6,0,1,6,10.5,3,0,1224.4,0.0,0,0.23,0,0,0,1,0,1,0
CLI-001794,0,13,53,7,13.2,1,0.1,2,3,23,1,6.6,1,0,2185.58,0.06,0,0.08,0,0,0,1,0,0,1
CLI-004136,0,18,30,12,40.0,3,1.3,0,3,15,5,16.2,2,1,773.71,0.03,0,0.0,0,0,0,1,0,0,1
CLI-000619,1,1,35,8,22.9,2,0.1,4,0,4,4,7.9,3,2,842.3,0.13,0,0.25,1,0,0,0,1,0,0
CLI-004537,0,4,110,91,82.7,43,5.65,7,1,2,0,6.0,5,2,2636.3,0.02,0,0.44,0,0,0,1,0,1,0
CLI-002552,0,15,9,4,44.4,1,0.3,2,5,7,2,29.6,3,0,122.46,0.02,0,0.25,0,0,0,1,0,0,1
CLI-001283,0,2,15,6,40.0,4,0.7,4,0,9,0,7.4,5,2,373.49,0.15,0,0.25,0,0,0,1,1,0,0
CLI-004150,0,12,43,28,65.1,38,22.2,9,2,1,0,10.1,5,0,1227.45,0.0,0,0.56,0,1,0,0,0,1,0
CLI-002699,1,19,2,1,50.0,26,6.2,2,1,1,6,35.8,2,0,28.07,0.0,0,0.25,0,0,0,1,0,0,1
CLI-000258,1,2,31,11,35.5,15,5.65,8,0,1,4,11.9,3,1,556.56,0.02,0,0.5,0,0,0,1,1,0,0
CLI-004399,0,12,4,1,25.0,14,5.3,2,4,0,4,27.5,2,0,47.29,0.0,0,0.25,1,0,0,0,0,1,0
CLI-004294,0,29,24,9,37.5,8,0.8,5,7,4,2,14.9,4,0,581.23,0.0,0,0.31,0,0,1,0,0,0,1
CLI-001558,0,9,8,5,62.5,28,2.6,3,1,1,0,10.5,5,1,82.72,0.0,0,0.38,0,0,0,1,0,1,0
CLI-004504,1,13,229,0,0.0,0,0.0,0,0,66,4,3.7,4,1,9922.74,0.17,1,0.0,0,0,0,1,0,0,1
CLI-000661,0,17,16,3,18.8,4,1.1,3,3,1,2,8.9,4,0,481.22,0.0,0,0.19,0,0,0,1,0,0,1
CLI-003180,0,5,36,12,33.3,4,0.8,5,1,5,5,15.2,3,0,867.1,0.03,0,0.31,0,0,0,1,0,1,0
CLI-002629,1,8,57,27,47.4,10,2.5,5,0,1,3,24.2,3,0,723.14,0.0,0,0.62,0,0,0,1,0,1,0
CLI-000599,0,17,10,7,70.0,17,9.6,8,3,3,3,16.8,2,0,236.45,0.01,0,0.5,0,0,0,1,0,0,1
CLI-003827,0,19,14,8,57.1,14,10.6,10,4,0,2,4.3,5,0,745.7,0.0,0,0.38,0,0,0,1,0,0,1
CLI-003087,0,13,438,139,31.7,11,4.1,11,2,0,1,1.9,5,0,18445.29,0.0,0,0.42,0,0,0,1,0,0,1
CLI-001951,1,7,10,3,30.0,2,1.3,6,1,4,8,16.7,1,0,223.78,0.02,0,0.38,1,0,0,0,0,1,0
CLI-001812,1,22,382,116,30.4,11,0.6,3,3,2,4,5.4,3,0,14753.68,0.0,0,0.12,0,0,0,1,0,0,1
CLI-004839,1,1,1,1,50.0,13,5.6,1,0,5,5,44.7,1,2,10.63,0.17,0,0.12,1,0,0,0,1,0,0
CLI-000391,0,20,72,38,52.8,45,8.8,8,4,0,0,1.0,4,0,3343.2,0.0,0,0.31,0,0,0,1,0,0,1
CLI-003856,0,25,36,10,27.8,11,5.6,5,8,4,0,7.2,4,0,1634.1,0.01,0,0.19,0,0,0,1,0,0,1
CLI-001987,0,29,1,1,100.0,39,12.2,1,8,1,6,38.5,3,0,15.3,0.0,0,0.12,0,1,0,0,0,0,1
CLI-002944,0,20,39,14,35.9,1,0.2,4,2,2,3,13.6,4,0,903.27,0.0,0,0.25,0,0,0,1,0,0,1
CLI-003371,0,10,24,18,75.0,49,9.3,14,2,1,0,3.4,4,1,926.84,0.0,0,0.54,0,1,0,0,0,1,0
CLI-000208,0,21,10,3,30.0,1,0.1,4,3,3,2,10.2,4,0,260.72,0.0,0,0.25,0,0,1,0,0,0,1
CLI-001727,0,10,52,33,63.5,28,4.1,5,2,7,2,19.3,3,0,1203.39,0.02,0,0.31,0,0,0,1,0,1,0
CLI-000081,0,18,95,65,50.0,15,6.4,16,3,0,4,2.1,5,0,10041.03,0.0,0,0.4,0,0,0,1,0,0,1
CLI-002236,0,11,1,1,100.0,42,10.5,4,0,1,4,24.2,4,0,12.28,0.0,0,0.5,0,1,0,0,0,1,0
CLI-003411,0,18,20,18,50.0,84,93.7,15,6,1,0,12.5,3,0,563.48,0.0,0,0.94,0,0,1,0,0,0,1
CLI-004506,1,1,47,9,19.1,4,1.3,3,0,3,3,17.3,3,1,867.56,0.1,0,0.19,0,0,0,1,1,0,0
CLI-004199,0,17,49,26,53.1,16,2.5,6,5,2,5,15.9,3,0,1235.45,0.0,0,0.38,0,0,0,1,0,0,1
CLI-003485,0,6,25,5,20.0,5,1.8,3,1,11,0,10.5,5,1,558.52,0.06,0,0.19,1,0,0,0,0,1,0
CLI-000854,0,23,4,1,25.0,1,0.1,0,11,4,4,26.7,3,0,40.34,0.01,0,0.0,0,0,0,1,0,0,1
CLI-002812,0,7,519,83,16.0,1,0.1,2,0,13,0,7.7,3,0,21384.94,0.06,0,0.08,0,0,0,1,0,1,0
CLI-003242,0,6,28,4,14.3,4,5.65,1,3,5,0,4.4,4,1,1260.0,0.03,0,0.04,1,0,0,0,0,1,0
CLI-004884,0,4,17,8,47.1,21,5.65,3,2,1,0,21.9,3,0,223.48,0.01,0,0.38,0,0,0,1,0,1,0
CLI-001984,0,15,10,3,30.0,2,0.7,2,4,5,1,33.1,3,1,121.47,0.01,0,0.25,0,0,0,1,0,0,1
CLI-003650,0,17,3,2,66.7,41,33.6,3,4,0,0,16.1,5,0,38.27,0.0,0,0.38,0,0,1,0,0,0,1
CLI-003941,0,18,48,30,62.5,20,12.9,13,2,0,4,3.6,2,1,4048.98,0.0,0,0.32,1,0,0,0,0,0,1
CLI-000448,0,17,7,6,85.7,74,76.3,5,0,1,0,7.7,5,0,104.6,0.0,0,0.62,0,1,0,0,0,0,1
CLI-004800,0,11,59,15,25.4,1,0.1,4,3,30,6,12.7,2,0,1481.82,0.09,1,0.25,0,0,0,1,0,1,0
CLI-002514,0,4,2,2,100.0,69,21.3,4,0,0,5,16.0,3,3,54.7,0.0,0,0.25,0,1,0,0,0,1,0
CLI-003116,0,11,1,1,100.0,61,51.5,6,4,0,4,16.4,4,1,25.0,0.0,0,0.38,0,0,1,0,0,1,0
CLI-000051,0,4,27,23,50.0,61,29.3,11,0,1,1,10.9,3,1,583.65,0.01,0,0.69,0,1,0,0,0,1,0
CLI-001996,0,4,23,14,60.9,32,13.1,3,0,1,0,8.7,4,2,616.85,0.01,0,0.19,0,0,0,1,0,1,0
CLI-004145,0,27,6,4,66.7,39,15.5,7,3,1,0,7.2,5,0,174.47,0.0,0,0.44,0,0,0,1,0,0,1
CLI-002802,0,11,155,52,33.5,8,1.0,7,1,2,4,6.2,2,0,6856.45,0.01,0,0.27,1,0,0,0,0,1,0
CLI-004639,0,1,151,45,29.8,10,7.0,5,0,1,4,5.6,3,0,5995.72,0.03,0,0.19,0,0,0,1,1,0,0
CLI-002773,0,10,84,59,70.2,45,9.6,7,4,2,1,12.2,5,1,2086.0,0.01,0,0.44,0,0,1,0,0,1,0
CLI-002195,0,5,50,33,66.0,14,4.1,3,0,1,0,9.3,4,3,1308.18,0.01,0,0.19,0,1,0,0,0,1,0
CLI-004129,0,10,2,1,50.0,3,0.2,5,3,8,6,14.2,2,1,37.67,0.03,0,0.31,0,0,0,1,0,1,0
CLI-001289,1,1,4,1,25.0,1,0.1,2,0,30,9,18.8,2,1,86.8,1.0,1,0.12,0,0,0,1,1,0,0
CLI-000956,0,6,1,1,100.0,1,0.1,1,2,6,0,10.5,5,0,12.0,0.03,0,0.12,0,0,0,1,0,1,0
CLI-002674,0,3,32,24,75.0,42,26.7,10,0,1,2,13.1,4,2,868.77,0.01,0,0.62,0,1,0,0,1,0,0
CLI-003403,0,12,109,82,75.2,20,18.8,8,2,3,0,4.4,3,2,5068.95,0.01,0,0.31,0,1,0,0,0,1,0
CLI-000104,1,3,36,9,25.0,3,0.4,7,0,3,3,3.5,2,2,1745.29,0.03,0,0.27,1,0,0,0,1,0,0
CLI-002365,1,2,41,23,56.1,17,2.7,6,0,0,4,5.2,4,2,1761.14,0.0,0,0.23,0,0,0,1,1,0,0
CLI-004677,0,1,6,4,66.7,31,18.8,9,0,0,1,14.6,3,1,147.33,0.0,0,0.56,0,0,0,1,1,0,0
CLI-002906,0,11,8,5,62.5,38,20.7,8,3,0,3,11.6,4,0,206.9,0.0,0,0.5,0,0,1,0,0,1,0
CLI-001983,0,14,7,5,71.4,63,5.65,11,3,0,0,11.6,4,0,170.57,0.0,0,0.69,0,0,0,1,0,0,1
CLI-000747,0,11,3,1,33.3,1,0.3,2,4,1,0,17.6,4,0,31.53,0.0,0,0.25,0,0,0,1,0,1,0
CLI-002283,0,12,130,67,51.5,31,5.65,16,2,1,1,2.1,3,0,9737.65,0.0,0,0.4,0,0,0,1,0,1,0
CLI-001164,0,2,211,156,73.9,61,11.8,19,0,1,0,1.4,5,1,19291.93,0.02,0,0.48,0,0,0,1,1,0,0
CLI-002477,0,7,16,8,50.0,4,1.4,2,0,1,5,10.5,2,0,678.01,0.0,0,0.08,1,0,0,0,0,1,0
CLI-003105,1,4,193,115,59.6,20,5.65,8,0,1,1,10.5,3,2,8911.93,0.01,0,0.31,0,0,0,1,0,1,0
CLI-000872,1,9,52,22,42.3,4,0.7,10,2,12,3,11.3,2,0,2407.0,0.04,0,0.38,1,0,0,0,0,1,0
CLI-001837,1,14,49,44,89.8,85,17.2,4,2,2,6,10.5,2,0,740.88,0.0,0,0.5,1,0,0,0,0,0,1
CLI-003439,1,7,27,5,18.5,5,2.0,6,2,6,4,12.3,3,2,567.54,0.03,0,0.38,0,0,0,1,0,1,0
CLI-000903,0,8,1,1,100.0,26,9.8,4,1,0,1,10.5,4,0,11.67,0.0,0,0.5,0,0,0,1,0,1,0
CLI-000463,0,16,3,3,100.0,89,24.4,4,4,0,0,23.3,4,0,39.27,0.0,0,0.5,0,0,1,0,0,0,1
CLI-001003,0,25,133,80,60.2,19,4.0,12,6,1,1,5.0,4,0,6262.75,0.0,0,0.46,0,0,0,1,0,0,1
CLI-003054,1,12,59,12,20.3,3,0.2,5,6,16,1,11.5,4,2,1662.46,0.04,0,0.31,1,0,0,0,0,1,0
CLI-003339,0,13,6,4,66.7,38,19.4,5,2,0,0,16.2,4,0,72.5,0.0,0,0.62,0,0,0,1,0,0,1
CLI-002100,0,7,7,4,57.1,17,7.2,6,1,1,2,2.1,3,0,369.48,0.0,0,0.23,0,0,0,1,0,1,0
CLI-003942,0,10,41,23,56.1,15,7.3,5,1,1,2,17.4,3,1,1079.8,0.0,0,0.31,0,0,0,1,0,1,0
CLI-001408,1,5,4,2,50.0,23,10.9,4,0,3,7,12.2,3,1,96.95,0.02,0,0.25,1,0,0,0,0,1,0
CLI-001607,0,14,29,10,34.5,5,2.2,11,3,3,1,9.2,4,0,812.24,0.01,0,0.69,0,0,0,1,0,0,1
CLI-003367,0,13,22,10,45.5,22,10.4,18,1,2,0,0.5,4,0,1630.14,0.01,0,0.45,0,0,0,1,0,0,1
CLI-001187,0,11,50,34,68.0,72,50.4,12,2,1,0,11.0,5,1,1559.64,0.0,0,0.75,0,1,0,0,0,1,0
CLI-000765,1,9,55,0,0.0,0,0.0,0,0,143,5,19.2,3,0,901.02,0.53,1,0.0,1,0,0,0,0,1,0
CLI-003714,0,15,10,5,50.0,33,22.0,6,2,1,5,13.3,3,0,282.74,0.0,0,0.38,0,1,0,0,0,0,1
CLI-001466,0,29,51,38,74.5,82,55.6,22,9,1,2,2.8,4,0,4026.32,0.0,0,0.55,0,0,0,1,0,0,1
CLI-004442,0,9,10,5,50.0,11,4.8,4,3,3,0,7.1,5,2,154.23,0.01,0,0.5,0,0,1,0,0,1,0
CLI-004783,0,12,8,3,37.5,4,2.0,7,2,1,0,0.5,5,0,294.23,0.0,0,0.27,0,0,0,1,0,1,0
CLI-003079,1,14,121,98,81.0,71,9.7,8,3,3,3,9.8,3,0,3289.48,0.01,0,0.5,0,1,0,0,0,0,1
CLI-000915,1,5,58,15,50.0,1,0.2,1,0,30,3,7.4,3,3,1844.54,0.2,1,0.04,0,1,0,0,0,1,0
CLI-003621,1,7,4,0,0.0,0,0.0,0,0,54,2,27.0,4,2,46.65,0.26,1,0.0,0,0,0,1,0,1,0
CLI-002720,0,13,30,25,83.3,60,48.0,15,2,3,1,10.5,4,0,1650.19,0.01,0,0.58,0,0,0,1,0,0,1
CLI-000337,0,1,3,3,100.0,89,98.8,5,0,0,4,26.5,3,2,36.0,0.0,0,0.62,0,0,0,1,1,0,0
CLI-004711,0,3,13,12,92.3,84,84.1,9,0,0,4,16.6,2,0,381.27,0.0,0,0.56,1,0,0,0,1,0,0
CLI-002083,1,4,8,3,37.5,1,0.1,3,1,2,3,25.7,2,0,88.49,0.02,0,0.38,1,0,0,0,0,1,0
CLI-000898,0,25,38,0,0.0,0,0.0,0,0,32,2,19.8,4,0,417.84,0.04,1,0.0,0,0,0,1,0,0,1
CLI-004794,0,1,36,24,66.7,53,42.0,16,0,0,0,2.3,5,2,2964.09,0.0,0,0.4,0,1,0,0,1,0,0
CLI-000736,0,6,13,4,50.0,10,4.0,1,2,3,0,18.9,3,1,142.36,0.02,0,0.12,0,1,0,0,0,1,0
CLI-000446,0,1,12,8,66.7,41,11.8,8,1,1,2,14.4,4,0,323.8,0.03,0,0.5,0,0,0,1,1,0,0
CLI-002287,0,29,10,4,40.0,2,5.65,2,5,0,1,10.5,4,0,119.31,0.0,0,0.25,0,0,0,1,0,0,1
CLI-004080,0,5,20,15,75.0,50,5.65,9,1,4,0,11.9,4,0,544.11,0.03,0,0.56,0,0,0,1,0,1,0
CLI-004665,0,9,29,9,31.0,8,1.0,11,5,1,10,4.0,3,1,2465.35,0.0,0,0.28,1,0,0,0,0,1,0
CLI-003100,1,1,48,4,8.3,1,0.1,3,0,30,2,9.4,4,3,806.48,1.0,1,0.19,1,0,0,0,1,0,0
CLI-004153,1,10,143,43,30.1,1,0.7,10,1,30,9,7.3,3,0,6212.26,0.1,1,0.38,0,0,0,1,0,1,0
CLI-001214,0,9,800,111,13.9,1,0.3,4,0,12,1,4.0,5,2,39638.4,0.04,0,0.15,0,0,0,1,0,1,0
CLI-001671,1,1,4,3,75.0,73,11.9,6,0,1,7,31.8,2,4,50.01,0.03,0,0.75,0,0,0,1,1,0,0
CLI-003278,0,10,191,108,56.5,30,5.7,12,0,0,1,2.1,3,0,16189.26,0.0,0,0.3,0,0,0,1,0,1,0
CLI-003815,0,19,45,13,28.9,2,1.2,4,3,18,0,2.6,4,0,1004.69,0.03,0,0.25,0,1,0,0,0,0,1
CLI-000663,0,15,206,73,35.4,17,14.1,4,4,0,0,7.7,5,0,5402.99,0.0,0,0.25,0,0,0,1,0,0,1
CLI-000786,0,1,10,8,80.0,57,29.4,7,0,0,2,12.3,3,2,274.0,0.0,0,0.44,0,1,0,0,1,0,0
CLI-002951,0,2,45,27,60.0,12,9.7,5,1,7,1,10.8,4,3,956.38,0.12,0,0.31,0,0,0,1,1,0,0
CLI-003764,0,17,9,8,88.9,95,46.1,5,1,1,0,12.3,5,0,113.62,0.0,0,0.62,0,1,0,0,0,0,1
CLI-001248,0,14,160,121,75.6,48,22.7,24,3,1,1,1.4,4,0,11145.37,0.0,0,0.6,0,0,1,0,0,0,1
CLI-004968,0,13,49,17,34.7,14,5.65,2,5,2,2,21.3,4,1,482.8,0.01,0,0.25,0,0,1,0,0,0,1
CLI-004212,1,1,44,14,31.8,6,2.5,6,0,5,6,10.5,2,1,1027.56,0.17,0,0.38,0,0,0,1,1,0,0
CLI-002575,0,11,47,34,72.3,31,5.4,6,4,2,2,5.6,3,0,1865.11,0.01,0,0.23,1,0,0,0,0,1,0
CLI-003885,0,3,5,3,50.0,26,15.1,5,0,0,2,14.2,4,2,120.07,0.0,0,0.31,0,1,0,0,1,0,0
CLI-000367,0,20,12,4,33.3,1,0.4,6,5,4,2,8.0,4,0,307.52,0.01,0,0.38,0,0,0,1,0,0,1
CLI-002876,0,5,11,9,81.8,52,50.2,2,2,0,1,22.1,4,1,127.76,0.0,0,0.25,0,0,0,1,0,1,0
CLI-001661,0,9,22,14,63.6,23,4.5,1,2,2,8,17.5,1,1,581.57,0.01,0,0.06,1,0,0,0,0,1,0
CLI-002021,0,14,14,10,71.4,37,11.1,6,3,0,1,9.4,3,0,287.54,0.0,0,0.38,0,0,0,1,0,0,1
CLI-000449,0,1,128,56,43.8,2,0.3,5,0,9,1,4.1,4,0,3574.3,0.3,0,0.19,0,1,0,0,1,0,0
CLI-004038,0,19,107,59,55.1,30,21.9,13,2,0,3,9.3,2,0,4758.36,0.0,0,0.5,1,0,0,0,0,0,1
CLI-003261,0,17,28,24,85.7,76,74.7,40,2,2,1,10.5,3,0,2500.82,0.0,0,1.0,0,0,0,1,0,0,1
CLI-003661,1,1,8,4,50.0,23,14.6,3,0,0,0,20.9,4,0,94.12,0.0,0,0.38,0,0,0,1,1,0,0
CLI-002122,0,6,5,1,20.0,2,0.1,1,1,16,5,40.1,1,0,46.86,0.09,0,0.12,1,0,0,0,0,1,0
CLI-002993,1,6,53,18,34.0,22,11.0,7,1,0,5,16.2,1,3,1119.98,0.0,0,0.44,0,0,0,1,0,1,0
CLI-001007,0,4,33,22,66.7,58,31.6,8,1,0,1,12.2,3,0,907.1,0.0,0,0.5,0,1,0,0,0,1,0
CLI-000820,0,15,56,26,46.4,22,12.2,12,4,1,3,4.7,3,0,3364.39,0.0,0,0.46,0,0,0,1,0,0,1
CLI-001700,0,11,194,90,46.4,24,15.9,8,0,1,1,5.0,3,1,8850.22,0.0,0,0.31,0,0,0,1,0,1,0
CLI-002512,1,19,59,14,23.7,9,5.65,2,5,3,5,29.2,2,0,662.63,0.01,0,0.25,0,0,0,1,0,0,1
CLI-001793,0,17,3,2,66.7,57,21.8,8,4,1,0,7.9,4,0,89.02,0.0,0,0.5,0,0,1,0,0,0,1
CLI-000158,0,22,47,33,70.2,46,31.1,6,4,0,3,10.1,4,0,1622.54,0.0,0,0.38,0,0,0,1,0,0,1
CLI-004046,0,8,6,3,50.0,26,7.6,7,1,1,2,12.3,3,2,122.55,0.0,0,0.44,0,1,0,0,0,1,0
CLI-002355,0,10,43,31,72.1,29,4.0,15,3,1,3,4.8,3,1,2024.31,0.0,0,0.58,0,0,0,1,0,1,0
CLI-002370,0,1,37,29,78.4,50,43.8,10,0,0,0,7.5,5,3,925.0,0.0,0,0.62,0,0,0,1,1,0,0
CLI-004895,1,1,19,15,78.9,69,45.0,17,0,5,11,6.3,3,3,1021.8,0.17,0,0.65,0,0,0,1,1,0,0
CLI-001781,0,24,6,1,16.7,1,0.1,0,5,8,8,34.5,2,0,68.16,0.01,0,0.0,1,0,0,0,0,0,1
CLI-003128,1,1,53,33,62.3,27,18.6,3,0,0,1,10.5,3,1,685.53,0.0,0,0.38,0,1,0,0,1,0,0
CLI-004967,0,11,117,0,0.0,0,0.0,0,0,32,0,4.5,3,0,9813.56,0.1,1,0.0,1,0,0,0,0,1,0
CLI-003017,0,1,17,10,58.8,34,5.1,7,0,0,5,12.4,2,0,645.04,0.0,0,0.27,1,0,0,0,1,0,0
CLI-002744,1,10,3,1,33.3,1,0.5,4,0,4,5,14.2,1,1,65.58,0.01,0,0.25,0,0,0,1,0,1,0
CLI-004425,0,15,4,2,50.0,18,8.8,2,4,1,0,1.9,3,0,48.57,0.0,0,0.25,0,0,0,1,0,0,1
CLI-004600,0,1,14,8,57.1,25,19.5,9,1,0,0,11.9,4,2,368.24,0.0,0,0.56,0,0,0,1,1,0,0
CLI-000718,0,7,48,34,70.8,35,17.5,9,0,1,4,10.5,3,0,1350.31,0.0,0,0.56,0,1,0,0,0,1,0
CLI-000796,0,24,7,5,71.4,49,26.1,3,4,1,5,32.7,3,0,84.0,0.0,0,0.38,0,1,0,0,0,0,1
CLI-000761,0,19,2,1,50.0,1,0.7,1,2,30,0,10.7,4,0,23.0,0.05,1,0.12,0,0,0,1,0,0,1
CLI-001125,0,4,8,7,50.0,48,5.65,8,3,3,0,1.8,5,3,392.14,0.02,0,0.31,0,0,0,1,0,1,0
CLI-004431,1,8,9,7,77.8,43,38.3,5,0,1,7,18.0,3,2,228.73,0.0,0,0.31,0,0,0,1,0,1,0
CLI-000012,0,4,1,1,100.0,83,5.65,4,2,1,4,27.2,4,1,12.35,0.01,0,0.5,0,0,0,1,0,1,0
CLI-002485,0,15,97,65,67.0,53,24.1,27,2,1,0,4.7,5,0,9563.95,0.0,0,0.68,0,0,0,1,0,0,1
CLI-004316,0,3,186,50,26.9,3,0.2,1,2,22,2,24.4,4,0,1915.54,0.24,0,0.12,0,1,0,0,1,0,0
CLI-002769,0,24,6,1,16.7,1,0.3,2,6,24,0,20.5,3,0,65.07,0.03,0,0.25,0,0,0,1,0,0,1
CLI-001699,0,16,28,11,39.3,13,1.6,10,6,1,8,7.4,3,0,2246.54,0.0,0,0.25,1,0,0,0,0,0,1
CLI-002071,0,2,435,346,79.5,62,35.0,26,0,1,4,0.5,3,0,33662.34,0.02,0,0.65,0,1,0,0,1,0,0
CLI-004345,0,23,45,12,26.7,3,0.8,2,4,9,1,10.5,3,0,1005.33,0.01,0,0.12,0,0,0,1,0,0,1
CLI-001161,0,7,4,2,50.0,15,7.5,2,2,2,0,15.2,5,2,43.99,0.01,0,0.25,0,1,0,0,0,1,0
CLI-001494,0,27,92,21,22.8,1,0.6,9,6,2,4,6.8,3,0,4140.0,0.0,0,0.35,0,0,0,1,0,0,1
CLI-001189,0,8,34,19,55.9,25,3.6,4,4,2,3,7.4,3,0,801.84,0.01,0,0.25,0,0,0,1,0,1,0
CLI-004581,0,11,28,8,28.6,13,6.8,5,2,1,8,21.4,2,0,602.68,0.0,0,0.31,0,0,0,1,0,1,0
CLI-001990,0,7,193,164,85.0,85,43.2,26,1,0,5,7.8,2,1,15269.61,0.0,0,0.65,0,0,0,1,0,1,0
CLI-000430,0,13,54,48,88.9,74,37.0,3,2,1,5,23.4,4,0,806.84,0.0,0,0.38,0,1,0,0,0,0,1
CLI-002511,0,1,1,1,100.0,66,19.7,7,0,1,1,5.7,4,0,20.4,0.03,0,0.44,0,1,0,0,1,0,0
CLI-002653,1,6,30,16,53.3,38,15.6,7,1,0,6,12.5,3,2,864.04,0.0,0,0.44,0,1,0,0,0,1,0
CLI-002947,1,19,8,0,0.0,0,0.0,0,0,31,3,26.8,2,0,72.76,0.05,1,0.0,0,0,0,1,0,0,1
CLI-002612,0,5,54,23,42.6,18,15.7,8,1,3,1,9.0,2,1,2507.4,0.02,0,0.31,1,0,0,0,0,1,0
CLI-000914,0,15,41,16,39.0,13,4.2,4,3,3,0,7.4,4,0,849.86,0.01,0,0.25,0,0,0,1,0,0,1
CLI-003353,0,1,8,5,62.5,17,11.2,4,2,0,0,13.0,5,1,81.54,0.0,0,0.5,0,1,0,0,1,0,0
CLI-002484,0,16,2,1,50.0,25,16.1,10,2,0,2,15.0,4,0,44.5,0.0,0,0.62,0,0,0,1,0,0,1
CLI-001997,0,12,364,334,91.8,111,109.5,27,4,0,0,0.9,5,0,25582.76,0.0,0,0.68,0,0,0,1,0,1,0
CLI-003828,0,23,27,8,29.6,7,0.8,1,3,8,5,28.9,4,0,262.83,0.01,0,0.12,0,0,0,1,0,0,1
CLI-001542,0,14,30,17,56.7,9,3.8,2,4,2,0,2.5,5,0,681.95,0.0,0,0.12,0,0,1,0,0,0,1
CLI-004022,1,26,4,2,50.0,25,6.6,4,4,0,1,20.6,4,0,54.66,0.0,0,0.5,0,0,1,0,0,0,1
CLI-000523,0,6,52,22,42.3,13,3.2,7,1,1,2,15.4,4,1,1238.9,0.01,0,0.44,0,0,0,1,0,1,0
CLI-004559,0,17,53,18,34.0,1,5.65,4,3,10,0,10.2,3,0,1192.93,0.02,0,0.25,0,1,0,0,0,0,1
CLI-004251,0,16,183,34,18.6,5,0.2,8,3,2,11,2.6,1,0,16583.03,0.0,0,0.2,0,0,0,1,0,0,1
CLI-003629,0,17,5,2,40.0,21,7.5,2,4,1,2,10.5,3,0,52.88,0.0,0,0.25,0,0,0,1,0,0,1
CLI-000999,0,11,37,14,37.8,9,2.4,9,2,4,4,9.2,3,0,952.33,0.01,0,0.56,1,0,0,0,0,1,0
CLI-002144,0,6,31,8,25.8,4,2.1,2,2,3,8,42.7,2,1,401.71,0.02,0,0.25,1,0,0,0,0,1,0
CLI-002727,0,13,12,6,50.0,22,14.5,11,1,3,1,8.6,2,0,566.73,0.01,0,0.42,0,0,0,1,0,0,1
CLI-002590,0,16,181,80,44.2,5,4.2,12,4,7,3,7.5,3,0,8145.0,0.01,0,0.46,0,0,0,1,0,0,1
CLI-001233,1,16,10,3,30.0,6,3.3,4,6,10,9,22.8,3,0,114.89,0.02,0,0.5,0,0,0,1,0,0,1
CLI-001210,0,20,5,3,60.0,13,4.6,2,7,2,1,8.5,4,0,202.14,0.0,0,0.08,0,0,0,1,0,0,1
CLI-002919,0,10,3,2,66.7,22,1.1,2,4,1,2,28.2,4,1,43.58,0.0,0,0.25,0,0,1,0,0,1,0
CLI-004782,1,1,698,0,0.0,0,0.0,0,0,30,0,1.2,3,4,57264.34,1.0,1,0.0,1,0,0,0,1,0,0
CLI-000032,1,1,102,14,50.0,1,0.1,2,0,18,2,8.8,3,1,2242.92,0.6,0,0.12,1,0,0,0,1,0,0
CLI-004797,1,16,21,0,50.0,0,0.0,0,0,84,1,14.0,4,0,529.25,0.18,1,0.0,0,0,0,1,0,0,1
CLI-000895,0,10,4,2,50.0,26,15.5,3,2,1,5,27.2,4,2,56.83,0.0,0,0.38,0,1,0,0,0,1,0
CLI-002493,0,19,51,41,80.4,72,43.3,13,3,0,5,18.6,2,0,1421.11,0.0,0,0.81,1,0,0,0,0,0,1
CLI-004863,0,28,201,109,54.2,46,27.3,2,2,1,0,10.5,4,0,3159.2,0.0,0,0.25,0,0,1,0,0,0,1
CLI-000310,0,11,8,6,75.0,53,27.7,8,1,1,1,13.3,5,0,221.41,0.0,0,0.5,0,0,0,1,0,1,0
CLI-001116,0,5,11,3,27.3,2,5.65,5,0,14,6,11.4,4,1,288.95,0.09,0,0.31,0,1,0,0,0,1,0
CLI-001279,1,17,3,1,33.3,1,0.1,1,2,11,2,32.4,3,0,37.16,0.02,0,0.12,0,1,0,0,0,0,1
CLI-004829,1,17,138,0,0.0,0,0.0,0,0,85,5,3.9,4,0,5915.11,0.17,1,0.0,1,0,0,0,0,0,1
CLI-000168,0,13,9,2,22.2,1,0.4,11,2,4,3,9.4,4,0,426.89,0.01,0,0.42,0,0,0,1,0,0,1
CLI-002340,1,1,7,1,14.3,1,0.1,1,0,2,3,24.3,3,2,60.4,0.07,0,0.12,0,0,0,1,1,0,0
CLI-003262,0,13,12,8,50.0,13,0.7,14,0,1,5,11.6,4,0,536.3,0.0,0,0.54,0,0,0,1,0,0,1
CLI-002198,0,1,51,46,90.2,64,31.4,4,0,0,1,22.7,4,1,740.85,0.0,0,0.5,0,1,0,0,1,0,0
CLI-001256,0,9,217,149,50.0,49,29.9,16,0,0,1,9.7,3,0,9145.64,0.0,0,0.62,0,0,0,1,0,1,0
CLI-003212,0,5,34,32,94.1,107,113.4,11,1,0,0,10.0,5,0,812.85,0.0,0,0.69,0,1,0,0,0,1,0
CLI-002820,0,8,7,3,42.9,24,3.4,8,2,1,0,7.7,4,2,305.67,0.0,0,0.31,0,1,0,0,0,1,0
CLI-001549,0,22,313,0,0.0,0,0.0,0,0,35,0,4.8,2,0,23068.42,0.05,1,0.0,0,0,0,1,0,0,1
CLI-001445,0,2,47,30,63.8,9,5.3,11,1,6,5,7.5,3,2,2277.46,0.1,0,0.42,0,1,0,0,1,0,0
CLI-002137,0,22,42,17,40.5,11,4.5,9,5,1,5,2.9,3,0,1741.8,0.0,0,0.35,0,0,0,1,0,0,1
CLI-000334,0,11,35,23,65.7,30,5.65,7,2,0,4,13.7,4,1,984.17,0.0,0,0.44,0,1,0,0,0,1,0
CLI-001295,0,14,133,40,30.1,3,0.8,6,1,24,2,2.1,4,0,5936.96,0.06,0,0.23,0,0,0,1,0,0,1
CLI-002818,0,6,2,1,50.0,22,7.1,8,0,0,4,10.5,2,2,103.06,0.0,0,0.31,0,0,0,1,0,1,0
CLI-003703,0,12,1,1,100.0,21,9.2,3,0,0,1,17.3,4,1,10.53,0.0,0,0.38,0,0,0,1,0,1,0
CLI-002816,1,3,142,77,54.2,18,5.0,14,3,4,8,7.3,2,1,7292.57,0.04,0,0.54,0,0,0,1,1,0,0
CLI-003145,0,4,56,8,14.3,1,0.1,4,2,5,0,10.4,4,3,1202.55,0.04,0,0.25,0,0,0,1,0,1,0
CLI-000320,0,19,4,1,25.0,5,0.5,6,5,4,1,10.5,5,0,191.04,0.01,0,0.23,0,0,1,0,0,0,1
CLI-000612,0,1,2,1,50.0,20,2.5,1,0,4,3,37.0,3,0,26.19,0.13,0,0.12,0,0,0,1,1,0,0
CLI-004032,1,12,45,24,53.3,1,0.5,4,2,9,12,23.0,2,0,909.24,0.02,0,0.25,0,0,0,1,0,1,0
CLI-002777,0,14,4,2,50.0,12,6.9,12,0,1,0,1.2,5,0,170.18,0.0,0,0.46,0,0,0,1,0,0,1
CLI-003964,0,3,6,3,50.0,17,8.9,2,2,2,0,6.7,5,0,188.77,0.02,0,0.12,0,0,0,1,1,0,0
CLI-001605,0,22,11,9,50.0,79,57.7,10,4,1,4,14.0,4,0,303.54,0.0,0,0.62,0,0,0,1,0,0,1
CLI-004291,0,3,46,29,63.0,14,6.7,2,1,1,3,4.3,3,1,1366.27,0.01,0,0.08,0,0,0,1,1,0,0
CLI-003594,0,1,13,8,61.5,36,14.9,4,0,0,2,14.0,4,2,364.13,0.0,0,0.25,0,0,0,1,1,0,0
CLI-000908,0,9,48,41,85.4,78,66.4,3,3,2,3,18.0,5,0,782.11,0.01,0,0.38,0,0,1,0,0,1,0
CLI-002094,0,19,85,68,80.0,46,17.1,14,5,2,7,9.2,1,0,4046.15,0.0,0,0.54,0,0,0,1,0,0,1
CLI-003110,0,8,173,18,10.4,1,0.2,4,1,5,3,5.7,3,2,7748.84,0.02,0,0.15,0,0,0,1,0,1,0
CLI-001536,0,1,217,148,68.2,29,21.6,13,0,0,7,7.6,2,0,9168.37,0.0,0,0.5,0,0,0,1,1,0,0
CLI-002386,0,18,7,6,85.7,68,12.3,4,3,3,0,12.3,5,0,92.23,0.01,0,0.5,0,0,1,0,0,0,1
CLI-000203,0,16,46,22,47.8,22,12.4,18,2,1,2,10.5,3,0,4033.5,0.0,0,0.45,0,0,0,1,0,0,1
CLI-002353,0,20,56,43,76.8,77,48.3,22,6,1,0,1.8,4,0,5056.94,0.0,0,0.55,0,0,1,0,0,0,1
CLI-000454,1,11,63,56,88.9,66,32.0,29,0,0,6,7.8,1,0,5201.84,0.0,0,0.72,1,0,0,0,0,1,0
CLI-002798,0,11,53,19,35.8,19,5.65,8,2,2,6,8.4,2,0,1747.19,0.01,0,0.31,1,0,0,0,0,1,0
CLI-004180,0,6,15,11,73.3,10,0.5,1,2,1,0,17.6,4,2,170.1,0.01,0,0.12,0,1,0,0,0,1,0
CLI-002142,1,1,47,11,23.4,1,0.1,8,0,8,1,6.4,4,2,1639.54,0.27,0,0.31,1,0,0,0,1,0,0
CLI-003032,0,14,6,5,83.3,79,57.8,11,2,0,0,11.5,5,0,154.26,0.0,0,0.69,0,0,0,1,0,0,1
CLI-002937,0,9,4,1,25.0,1,0.1,4,2,8,1,5.2,4,0,200.15,0.03,0,0.15,0,0,0,1,0,1,0
CLI-002258,0,20,11,8,72.7,55,17.0,3,7,3,4,21.8,4,0,134.21,0.0,0,0.38,0,0,0,1,0,0,1
CLI-004932,0,16,19,15,78.9,52,18.0,11,7,0,3,10.5,3,0,1059.69,0.0,0,0.42,0,0,0,1,0,0,1
CLI-001851,1,6,120,25,20.8,5,1.3,3,1,12,3,14.5,3,1,3023.54,0.07,0,0.19,1,0,0,0,0,1,0
CLI-001694,1,4,11,3,27.3,1,5.65,2,3,30,1,15.4,5,0,252.27,0.25,1,0.12,0,1,0,0,0,1,0
CLI-004838,0,19,216,148,68.5,31,8.5,12,5,1,0,3.0,5,0,11049.85,0.0,0,0.46,0,0,1,0,0,0,1
CLI-004505,0,3,32,24,75.0,18,9.6,9,2,1,2,11.6,5,2,852.6,0.01,0,0.56,0,1,0,0,1,0,0
CLI-003014,0,5,181,116,64.1,37,8.2,4,2,0,4,14.0,4,0,4525.0,0.0,0,0.25,0,0,0,1,0,1,0
CLI-002289,0,1,22,9,40.9,17,7.7,9,1,7,0,3.9,3,0,919.05,0.23,0,0.35,0,1,0,0,1,0,0
CLI-004309,0,11,11,6,54.5,13,5.6,3,2,2,0,11.6,5,0,116.43,0.01,0,0.38,0,1,0,0,0,1,0
CLI-000054,0,15,364,143,39.3,26,5.7,15,3,3,5,3.5,3,0,29127.94,0.01,0,0.38,0,0,0,1,0,0,1
CLI-004594,0,15,26,3,11.5,1,5.65,5,3,4,2,10.5,4,0,1218.27,0.01,0,0.19,0,0,0,1,0,0,1
CLI-000809,0,22,54,46,85.2,59,40.3,25,6,1,6,6.4,3,0,4424.28,0.0,0,0.62,0,0,0,1,0,0,1
CLI-001543,0,1,168,0,0.0,0,0.0,0,0,30,1,12.1,5,2,3432.57,1.0,1,0.0,0,0,0,1,1,0,0
CLI-002157,0,14,20,9,45.0,20,3.0,8,2,1,8,7.4,3,0,913.07,0.0,0,0.31,1,0,0,0,0,0,1
CLI-002115,0,9,8,5,62.5,27,1.4,3,1,1,0,23.2,4,0,108.43,0.0,0,0.38,0,0,0,1,0,1,0
CLI-000486,0,22,10,4,40.0,8,5.3,1,2,0,2,3.8,3,0,478.1,0.0,0,0.04,0,1,0,0,0,0,1
CLI-004779,0,5,10,8,80.0,45,24.3,7,2,1,3,15.5,3,0,248.0,0.01,0,0.44,0,1,0,0,0,1,0
CLI-004331,0,12,51,25,49.0,10,0.6,10,6,4,0,6.4,3,0,1778.72,0.01,0,0.38,0,1,0,0,0,1,0
CLI-004991,0,8,829,341,41.1,14,5.65,15,2,2,3,7.5,3,0,39276.39,0.01,0,0.58,0,1,0,0,0,1,0
CLI-003499,1,6,41,23,56.1,14,2.7,6,0,0,1,3.6,3,2,1580.42,0.0,0,0.23,0,0,0,1,0,1,0
CLI-002294,1,1,49,18,36.7,3,5.65,1,0,11,3,6.2,1,0,3463.2,0.37,0,0.02,1,0,0,0,1,0,0
CLI-001541,1,7,30,0,0.0,0,0.0,0,0,103,3,7.1,4,1,1147.16,0.49,1,0.0,0,0,0,1,0,1,0
CLI-003668,0,24,57,25,43.9,15,7.9,2,3,2,2,18.1,4,0,1525.67,0.0,0,0.12,0,0,1,0,0,0,1
CLI-002569,0,1,80,43,53.8,17,11.6,8,2,0,0,5.0,5,3,1620.32,0.0,0,0.5,0,1,0,0,1,0,0
CLI-000095,0,16,43,6,14.0,3,0.4,3,5,16,1,9.7,5,0,1122.33,0.03,0,0.19,1,0,0,0,0,0,1
CLI-003113,0,15,43,17,39.5,6,2.1,5,7,6,3,11.4,3,0,1203.14,0.01,0,0.31,0,0,0,1,0,0,1
CLI-004346,0,15,14,6,42.9,10,1.4,5,2,0,6,12.5,4,0,348.18,0.0,0,0.31,0,0,0,1,0,0,1
CLI-003475,0,10,24,22,91.7,117,40.7,7,0,0,8,17.9,2,1,650.01,0.0,0,0.44,1,0,0,0,0,1,0
CLI-000027,0,16,23,16,69.6,18,9.3,7,3,0,5,14.2,3,0,636.49,0.0,0,0.44,0,0,0,1,0,0,1
CLI-000193,1,3,33,2,6.1,1,0.2,0,0,9,4,14.2,3,1,586.3,0.1,0,0.0,0,0,0,1,1,0,0
CLI-002930,1,6,704,398,56.5,21,10.5,13,2,0,3,8.4,3,2,33331.66,0.0,0,0.5,0,0,0,1,0,1,0
CLI-000524,0,11,2,1,50.0,19,9.0,4,2,0,1,19.5,4,0,26.47,0.0,0,0.5,0,0,0,1,0,1,0
CLI-001489,0,1,43,39,90.7,86,31.9,16,0,1,3,5.2,3,1,1824.23,0.03,0,0.62,0,0,0,1,1,0,0
CLI-002377,0,10,26,15,57.7,1,0.1,5,2,19,0,4.3,3,0,1003.94,0.06,0,0.19,0,1,0,0,0,1,0
CLI-000418,0,1,209,134,64.1,25,5.65,11,0,1,3,2.6,5,0,14564.98,0.03,0,0.28,0,0,0,1,1,0,0
CLI-004773,0,22,1,1,100.0,17,9.2,5,7,1,2,8.8,4,0,29.66,0.0,0,0.31,0,0,0,1,0,0,1
CLI-001419,0,9,8,7,87.5,74,42.8,9,3,1,0,9.4,4,0,245.75,0.0,0,0.56,0,0,1,0,0,1,0
CLI-003688,1,4,34,11,32.4,4,0.2,2,1,5,5,41.3,1,0,343.21,0.04,0,0.25,0,0,0,1,0,1,0
CLI-003114,0,1,33,17,51.5,27,12.4,13,0,0,1,6.9,3,1,1483.8,0.0,0,0.5,0,0,0,1,1,0,0
CLI-004095,1,1,9,5,55.6,27,16.1,3,0,0,2,28.5,4,4,101.37,0.0,0,0.38,0,1,0,0,1,0,0
CLI-002956,0,16,321,43,13.4,1,0.6,9,2,30,3,2.5,4,0,27549.32,0.06,1,0.22,0,0,0,1,0,0,1
CLI-002184,0,17,39,19,48.7,26,3.9,11,2,0,8,6.6,1,0,2111.39,0.0,0,0.42,1,0,0,0,0,0,1
CLI-001719,0,22,5,1,20.0,1,0.1,0,4,30,1,18.6,3,0,62.0,0.05,1,0.0,0,0,0,1,0,0,1
CLI-002900,0,4,5,5,100.0,80,61.9,11,0,1,0,6.0,5,1,136.76,0.01,0,0.69,0,0,0,1,0,1,0
CLI-002178,0,1,3,1,33.3,12,3.0,4,0,3,0,12.7,5,2,75.0,0.1,0,0.25,0,0,0,1,1,0,0
CLI-001714,1,3,7,5,71.4,31,17.4,3,1,0,9,42.4,2,2,65.17,0.0,0,0.38,1,0,0,0,1,0,0
CLI-000443,0,7,3,1,33.3,5,0.5,5,1,1,1,4.8,3,1,108.66,0.0,0,0.19,0,0,0,1,0,1,0
CLI-003423,1,14,15,6,40.0,1,0.1,2,4,21,1,16.1,4,0,190.68,0.05,0,0.25,0,0,0,1,0,0,1
CLI-003081,0,15,57,14,24.6,3,1.7,5,4,4,0,10.5,5,0,1591.57,0.01,0,0.19,1,0,0,0,0,0,1
CLI-000107,0,23,3,2,66.7,57,39.7,6,5,2,1,12.3,3,0,73.85,0.0,0,0.38,0,0,0,1,0,0,1
CLI-001199,0,20,10,2,20.0,4,1.2,2,2,0,2,10.8,2,0,223.71,0.0,0,0.12,0,0,0,1,0,0,1
CLI-001100,0,11,4,2,50.0,24,7.4,5,4,1,3,12.4,3,0,90.39,0.0,0,0.31,0,0,0,1,0,1,0
CLI-002448,1,9,184,77,41.8,19,4.7,15,3,0,5,10.3,1,2,9921.7,0.0,0,0.58,1,0,0,0,0,1,0
CLI-003477,1,11,55,7,12.7,1,0.1,2,5,6,5,45.8,2,1,432.17,0.02,0,0.25,1,0,0,0,0,1,0
CLI-004100,0,16,37,10,27.0,6,0.8,4,5,27,1,11.4,5,0,839.5,0.06,0,0.25,0,1,0,0,0,0,1
CLI-001511,0,19,30,20,66.7,16,6.5,4,5,1,6,12.3,4,0,767.33,0.0,0,0.25,0,0,0,1,0,0,1
CLI-002304,0,14,4,1,25.0,2,0.8,2,5,30,5,29.8,4,0,44.97,0.07,1,0.25,0,0,0,1,0,0,1
CLI-000637,0,5,44,36,81.8,42,35.7,16,0,0,6,9.5,1,0,1980.0,0.0,0,0.62,0,0,0,1,0,1,0
CLI-004550,1,2,29,13,44.8,16,9.1,12,1,1,5,6.9,2,1,1335.77,0.02,0,0.46,1,0,0,0,1,0,0
CLI-001822,1,10,45,13,28.9,5,3.8,1,0,5,3,21.4,4,2,466.76,0.02,0,0.12,0,0,0,1,0,1,0
CLI-000789,0,22,141,72,51.1,33,17.1,18,3,0,3,4.2,4,0,11229.06,0.0,0,0.45,0,0,0,1,0,0,1
CLI-003206,1,9,52,0,0.0,0,0.0,0,0,70,3,10.5,3,0,2429.65,0.26,1,0.0,1,0,0,0,0,1,0
CLI-002971,0,9,17,9,52.9,25,12.8,16,0,0,1,1.7,3,0,1360.0,0.0,0,0.4,0,0,0,1,0,1,0
CLI-003557,0,24,52,23,50.0,27,15.8,21,2,0,5,10.5,4,0,4473.57,0.0,0,0.52,0,0,0,1,0,0,1
CLI-002631,0,10,5,3,60.0,41,5.65,3,1,0,1,10.5,3,1,59.67,0.0,0,0.38,0,0,0,1,0,1,0
CLI-000040,0,11,95,53,55.8,36,13.7,5,3,1,3,4.7,2,0,5442.41,0.0,0,0.19,0,0,0,1,0,1,0
CLI-004930,0,16,140,88,62.9,14,5.7,12,2,1,1,4.8,4,0,5661.51,0.0,0,0.46,0,0,0,1,0,0,1
CLI-003004,0,10,30,5,16.7,1,0.2,1,3,2,1,8.6,4,0,772.64,0.01,0,0.06,0,0,0,1,0,1,0
CLI-000422,0,17,7,2,28.6,5,1.5,1,3,3,2,8.5,4,0,149.87,0.01,0,0.06,0,0,0,1,0,0,1
CLI-001403,0,17,7,4,57.1,10,3.4,2,0,4,1,9.6,3,1,149.57,0.01,0,0.12,0,1,0,0,0,0,1
CLI-003354,0,12,50,26,52.0,1,0.6,13,4,30,3,10.8,2,1,2408.46,0.08,1,0.5,0,0,0,1,0,1,0
CLI-004527,0,14,26,22,84.6,72,46.2,7,5,3,2,12.5,5,1,630.36,0.01,0,0.44,0,0,1,0,0,0,1
CLI-004008,0,6,1,1,100.0,41,11.2,1,2,0,0,15.8,5,0,12.45,0.0,0,0.12,0,0,1,0,0,1,0
CLI-003784,1,22,11,0,0.0,0,0.0,0,0,88,3,10.5,2,0,100.52,0.13,1,0.0,1,0,0,0,0,0,1
CLI-004039,0,23,15,4,26.7,5,2.7,9,4,26,5,5.2,5,0,747.28,0.04,0,0.35,0,0,0,1,0,0,1
CLI-004740,0,26,30,13,43.3,9,5.6,5,8,0,8,16.5,3,0,776.71,0.0,0,0.31,0,0,0,1,0,0,1
CLI-004869,0,15,2,2,100.0,83,47.8,3,5,2,3,37.9,2,0,24.46,0.0,0,0.38,0,0,0,1,0,0,1
CLI-001377,0,25,5,4,80.0,55,37.6,9,2,0,6,19.1,3,1,125.0,0.0,0,0.56,0,0,1,0,0,0,1
CLI-004873,1,7,11,0,0.0,0,0.0,0,0,138,0,12.5,3,1,229.96,0.66,1,0.0,0,0,0,1,0,1,0
CLI-000859,1,1,46,18,39.1,11,2.7,3,0,2,1,6.5,3,4,994.76,0.07,0,0.19,0,1,0,0,1,0,0
CLI-001738,0,24,556,207,37.2,18,6.9,10,3,1,4,10.5,3,0,45258.77,0.0,0,0.25,0,1,0,0,0,0,1
CLI-003721,0,22,66,59,89.4,82,37.4,13,7,3,8,10.1,1,0,3577.98,0.0,0,0.5,0,0,0,1,0,0,1
CLI-002510,0,4,43,26,60.5,17,9.4,13,1,0,1,3.5,4,1,2586.66,0.0,0,0.32,0,0,0,1,0,1,0
CLI-003832,0,22,545,183,33.6,1,0.4,18,5,16,0,0.5,4,0,45171.44,0.02,0,0.45,0,1,0,0,0,0,1
CLI-001153,1,1,47,17,36.2,1,0.1,2,0,1,4,13.9,2,4,909.2,0.03,0,0.12,1,0,0,0,1,0,0
CLI-003338,0,15,13,7,50.0,29,7.6,6,4,2,2,11.5,5,0,318.64,0.0,0,0.38,0,0,1,0,0,0,1
CLI-001204,0,11,43,5,11.6,1,0.3,0,3,5,5,10.5,3,0,925.48,0.02,0,0.0,1,0,0,0,0,1,0
CLI-001113,0,15,3,1,33.3,8,3.6,5,3,7,3,14.8,3,0,87.41,0.02,0,0.31,0,0,0,1,0,0,1
CLI-000878,0,14,49,34,69.4,41,32.2,3,6,2,5,29.6,3,0,657.82,0.0,0,0.38,0,0,0,1,0,0,1
CLI-001246,0,18,37,26,70.3,63,55.5,13,3,0,1,5.5,3,0,1651.73,0.0,0,0.5,0,0,0,1,0,0,1
CLI-001034,1,15,54,0,50.0,0,0.0,0,0,60,2,10.2,3,0,2457.24,0.13,1,0.0,0,0,0,1,0,0,1
CLI-002411,0,2,46,20,50.0,14,1.7,10,0,0,6,10.5,2,1,2059.02,0.0,0,0.38,1,0,0,0,1,0,0
CLI-000983,0,19,113,100,88.5,54,60.5,20,5,1,1,6.5,4,0,5756.46,0.0,0,0.77,0,0,0,1,0,0,1
CLI-003823,0,8,217,145,66.8,44,25.0,8,1,0,2,13.1,4,0,5197.48,0.0,0,0.5,0,0,0,1,0,1,0
CLI-000525,0,27,2,1,50.0,6,3.5,2,2,1,6,41.7,1,0,30.87,0.0,0,0.25,0,0,0,1,0,0,1
CLI-004137,0,14,10,8,80.0,43,29.2,5,4,1,5,28.0,5,1,116.69,0.0,0,0.62,0,0,0,1,0,0,1
CLI-000481,0,13,27,9,33.3,1,0.2,5,4,10,0,5.4,3,0,1311.18,0.03,0,0.19,0,0,0,1,0,0,1
CLI-002609,1,1,22,10,45.5,22,14.5,6,0,1,2,10.5,4,0,516.12,0.03,0,0.38,0,1,0,0,1,0,0
CLI-001913,0,12,32,18,56.2,10,5.9,6,0,10,5,14.1,1,1,939.96,0.03,0,0.38,1,0,0,0,0,1,0
CLI-003141,0,10,688,529,76.9,32,6.9,19,2,0,1,4.4,4,0,46638.01,0.0,0,0.48,0,1,0,0,0,1,0
CLI-000855,1,17,9,2,22.2,5,2.0,3,3,5,1,22.0,4,0,118.36,0.01,0,0.38,0,0,0,1,0,0,1
CLI-000009,0,6,15,11,73.3,34,10.0,6,2,2,5,7.9,4,0,600.32,0.01,0,0.23,0,0,0,1,0,1,0
CLI-003540,0,17,32,17,53.1,8,2.9,5,2,6,0,0.5,5,0,1564.33,0.01,0,0.19,0,0,0,1,0,0,1
CLI-001221,0,11,18,9,50.0,6,1.3,2,5,2,1,10.1,4,1,342.3,0.01,0,0.12,0,0,1,0,0,1,0
CLI-003280,1,23,130,0,0.0,0,0.0,0,2,70,3,6.6,5,0,6007.5,0.1,1,0.0,0,0,0,1,0,0,1
CLI-000440,0,16,15,11,73.3,42,12.4,6,2,0,0,10.9,4,0,392.57,0.0,0,0.38,0,1,0,0,0,0,1
CLI-000585,0,22,20,8,40.0,2,0.9,4,4,17,4,14.8,3,0,516.32,0.03,0,0.25,0,0,0,1,0,0,1
CLI-004963,0,17,26,7,26.9,6,1.4,6,7,2,2,0.5,4,0,1324.11,0.0,0,0.23,0,0,1,0,0,0,1
CLI-002460,1,12,82,23,28.0,3,2.0,9,2,1,0,0.5,4,1,3534.02,0.0,0,0.35,0,1,0,0,0,1,0
CLI-004831,0,7,20,6,30.0,9,0.4,9,2,0,0,2.9,4,1,877.65,0.0,0,0.35,0,1,0,0,0,1,0
CLI-002688,0,8,35,26,74.3,67,30.5,12,2,1,0,1.8,4,4,1431.05,0.0,0,0.46,0,0,0,1,0,1,0
CLI-004266,1,7,3,2,66.7,36,17.1,5,1,0,7,33.9,4,1,38.81,0.0,0,0.62,1,0,0,0,0,1,0
CLI-004387,0,2,15,12,80.0,72,43.3,5,0,2,0,10.5,5,1,155.69,0.03,0,0.62,0,0,0,1,1,0,0
CLI-004788,0,18,13,9,69.2,47,37.6,3,6,2,0,13.0,5,0,176.45,0.0,0,0.38,0,0,0,1,0,0,1
CLI-000265,0,23,888,465,50.0,16,8.6,5,5,3,2,11.0,4,0,23558.91,0.0,0,0.31,0,0,1,0,0,0,1
CLI-004515,0,20,38,10,26.3,4,1.1,5,2,2,4,10.7,4,0,897.63,0.0,0,0.31,0,0,0,1,0,0,1
CLI-002022,0,12,17,7,41.2,2,1.3,3,6,13,5,15.4,3,0,446.9,0.04,0,0.19,1,0,0,0,0,1,0
CLI-000625,1,1,38,16,42.1,17,2.4,8,0,1,2,13.9,3,1,1001.74,0.03,0,0.5,0,0,0,1,1,0,0
CLI-004727,0,9,49,4,8.2,1,0.3,8,2,11,4,7.7,2,0,1868.27,0.04,0,0.31,1,0,0,0,0,1,0
CLI-004036,0,3,54,51,94.4,97,67.4,19,1,1,0,3.1,4,2,2702.05,0.01,0,0.73,0,0,0,1,1,0,0
CLI-004064,0,22,27,22,81.5,20,9.2,9,4,1,5,10.5,3,0,723.53,0.0,0,0.56,0,1,0,0,0,0,1
CLI-000225,0,23,5,1,20.0,4,2.1,2,4,4,1,20.7,4,0,60.37,0.01,0,0.25,1,0,0,0,0,0,1
CLI-002278,0,3,59,21,35.6,18,15.9,7,0,1,2,7.9,3,0,2476.88,0.01,0,0.27,0,1,0,0,1,0,0
CLI-004961,0,11,10,9,90.0,76,62.2,12,2,2,2,4.2,5,1,501.63,0.01,0,0.46,0,1,0,0,0,1,0
CLI-000568,0,21,9,3,50.0,11,2.6,1,6,1,3,25.7,4,0,103.35,0.0,0,0.12,0,0,1,0,0,0,1
CLI-001402,0,18,15,8,53.3,23,10.5,4,5,0,4,17.2,3,0,351.82,0.0,0,0.25,0,0,0,1,0,0,1
CLI-004163,0,1,21,9,42.9,14,8.4,4,0,4,3,14.2,3,0,556.68,0.13,0,0.25,0,0,0,1,1,0,0
CLI-003166,0,14,45,8,17.8,1,0.2,2,3,15,0,6.9,5,0,994.07,0.04,0,0.12,0,0,0,1,0,0,1
CLI-002608,0,12,11,5,45.5,1,0.7,3,4,30,5,27.9,3,0,121.7,0.08,1,0.38,0,1,0,0,0,1,0
CLI-001079,0,9,1,1,100.0,1,0.3,5,1,1,1,23.2,4,1,9.75,0.0,0,0.62,0,0,0,1,0,1,0
CLI-002748,0,28,7,6,85.7,57,41.0,3,6,3,0,9.2,5,0,106.78,0.0,0,0.38,0,0,0,1,0,0,1
CLI-000434,0,8,32,9,28.1,6,5.65,6,2,2,0,5.8,4,1,1025.05,0.01,0,0.38,0,1,0,0,0,1,0
CLI-002648,0,9,3,1,33.3,1,0.2,1,2,19,1,26.8,3,0,33.62,0.07,0,0.12,0,1,0,0,0,1,0
CLI-000373,0,14,11,6,54.5,23,9.6,12,1,1,0,2.2,4,0,570.92,0.0,0,0.46,0,1,0,0,0,0,1
CLI-001612,0,12,4,2,50.0,30,9.7,1,3,2,3,4.6,4,0,194.51,0.01,0,0.04,0,0,0,1,0,1,0
CLI-003414,1,10,4,0,0.0,0,0.0,0,2,91,5,10.9,3,0,99.57,0.3,1,0.0,1,0,0,0,0,1,0
CLI-001442,1,1,16,10,62.5,20,5.65,12,0,1,5,10.5,3,2,696.22,0.03,0,0.46,0,0,0,1,1,0,0
CLI-003567,1,1,16,9,56.2,25,10.9,5,1,2,4,10.5,2,3,335.6,0.07,0,0.31,0,0,0,1,1,0,0
CLI-004908,0,13,2,1,50.0,7,1.3,3,3,3,0,16.3,5,1,23.88,0.01,0,0.38,0,0,1,0,0,0,1
CLI-000991,0,8,59,35,59.3,17,7.6,7,2,1,2,10.8,4,2,1697.06,0.0,0,0.44,0,0,0,1,0,1,0
CLI-000508,1,1,715,141,19.7,3,1.3,2,0,1,4,12.0,3,2,17286.54,0.03,0,0.12,0,0,0,1,1,0,0
CLI-003907,1,14,49,22,44.9,14,3.5,16,2,2,4,3.7,3,0,4592.71,0.0,0,0.4,0,0,0,1,0,0,1
CLI-004757,0,3,1,1,100.0,44,22.0,17,1,1,2,11.0,3,0,38.45,0.01,0,0.65,0,0,0,1,1,0,0
CLI-000823,0,1,13,7,53.8,24,5.65,5,0,1,5,15.7,2,3,257.06,0.03,0,0.31,1,0,0,0,1,0,0
CLI-003125,1,4,574,512,89.2,70,48.9,12,2,0,2,1.9,4,2,26413.26,0.0,0,0.46,0,0,0,1,0,1,0
CLI-004020,0,4,8,5,62.5,24,10.3,3,3,2,3,22.5,4,1,110.61,0.02,0,0.38,0,0,0,1,0,1,0
CLI-002329,0,8,412,259,62.9,33,20.3,21,2,1,5,3.8,3,0,31405.82,0.0,0,0.52,0,0,0,1,0,1,0
CLI-003204,1,1,38,0,0.0,0,0.0,0,0,30,6,28.5,3,0,409.78,1.0,1,0.0,0,0,0,1,1,0,0
CLI-002585,1,11,10,5,50.0,13,10.1,5,2,2,4,41.8,1,0,120.92,0.01,0,0.62,0,0,0,1,0,1,0
CLI-001516,1,1,21,0,0.0,0,0.0,0,0,30,7,35.9,3,0,196.63,1.0,1,0.0,1,0,0,0,1,0,0
CLI-004049,0,1,7,5,71.4,31,7.8,3,0,0,0,10.7,5,4,72.84,0.0,0,0.38,0,1,0,0,1,0,0
CLI-004353,0,11,1,1,100.0,42,2.1,8,3,1,6,3.6,3,0,80.3,0.0,0,0.2,0,0,0,1,0,1,0
CLI-004356,0,2,34,13,38.2,8,3.9,9,2,3,4,6.6,3,2,2637.46,0.05,0,0.22,0,0,0,1,1,0,0
CLI-004679,0,10,9,4,44.4,9,1.0,3,2,1,1,6.8,4,1,279.32,0.0,0,0.19,0,0,0,1,0,1,0
CLI-004013,1,1,8,4,50.0,12,4.8,2,0,6,2,23.4,3,4,68.35,0.2,0,0.25,0,1,0,0,1,0,0
CLI-004444,0,9,54,23,42.6,25,13.1,9,2,1,4,11.3,1,0,2240.13,0.0,0,0.35,0,0,0,1,0,1,0
CLI-004981,0,22,5,2,40.0,26,1.3,3,4,1,3,36.9,2,0,65.14,0.0,0,0.38,1,0,0,0,0,0,1
CLI-000464,1,10,11,5,45.5,18,10.7,3,1,1,13,47.7,2,0,148.2,0.0,0,0.38,0,0,0,1,0,1,0
CLI-001884,1,9,6,2,33.3,2,0.4,3,0,5,5,31.3,2,1,75.02,0.02,0,0.38,0,0,0,1,0,1,0
CLI-000248,1,11,2,1,50.0,33,15.3,9,1,0,5,15.8,3,0,51.41,0.0,0,0.56,0,1,0,0,0,1,0
CLI-003470,0,19,6,2,33.3,10,4.4,5,2,2,1,4.6,5,0,163.85,0.0,0,0.31,0,0,0,1,0,0,1
CLI-002055,0,5,17,10,58.8,35,19.1,28,0,3,3,4.6,4,2,1395.86,0.02,0,0.7,0,0,0,1,0,1,0
CLI-001763,0,15,41,23,56.1,23,12.3,7,6,0,0,12.5,3,0,916.45,0.0,0,0.44,0,0,0,1,0,0,1
CLI-003156,0,15,20,18,90.0,55,33.0,12,3,1,1,6.4,4,0,581.02,0.0,0,0.75,0,0,0,1,0,0,1
CLI-003448,1,6,186,131,70.4,32,15.1,7,0,1,3,14.2,4,0,5080.14,0.01,0,0.44,0,0,0,1,0,1,0
CLI-003860,0,8,7,5,71.4,67,23.8,4,3,0,0,19.0,5,1,85.04,0.0,0,0.5,0,0,1,0,0,1,0
CLI-000865,0,16,8,3,37.5,1,5.65,9,6,9,0,1.7,4,0,657.81,0.02,0,0.22,0,0,1,0,0,0,1
CLI-003805,0,12,8,3,37.5,21,17.5,25,5,0,6,6.6,3,0,630.43,0.0,0,0.62,0,1,0,0,0,1,0
CLI-002307,0,15,27,12,44.4,17,4.7,3,3,1,4,13.3,3,0,568.83,0.0,0,0.19,0,1,0,0,0,0,1
CLI-003684,0,22,164,70,42.7,8,4.1,4,4,3,1,10.0,3,0,4656.19,0.0,0,0.25,0,1,0,0,0,0,1
CLI-003050,0,18,6,2,33.3,9,7.4,5,2,1,5,10.5,4,0,137.27,0.0,0,0.31,0,0,0,1,0,0,1
CLI-000370,0,6,23,17,73.9,46,34.1,9,1,1,2,19.0,2,0,566.38,0.01,0,0.56,1,0,0,0,0,1,0
CLI-003859,0,13,350,255,72.9,60,19.4,19,3,1,1,0.5,3,0,30580.97,0.0,0,0.48,0,0,0,1,0,0,1
CLI-003617,0,8,5,4,80.0,91,70.3,5,2,0,1,19.2,5,1,59.22,0.0,0,0.62,0,1,0,0,0,1,0
CLI-004510,0,18,502,137,27.3,5,2.3,9,2,12,6,9.0,3,0,22300.21,0.02,0,0.35,1,0,0,0,0,0,1
CLI-004984,0,11,14,7,50.0,19,5.0,6,1,0,0,4.0,4,0,772.16,0.0,0,0.23,0,0,0,1,0,1,0
CLI-001168,1,2,4,2,50.0,27,7.7,6,0,0,8,19.8,1,5,84.45,0.0,0,0.38,1,0,0,0,1,0,0
CLI-002074,0,12,101,29,28.7,9,0.5,12,1,17,2,0.5,4,0,4848.23,0.05,0,0.46,0,0,0,1,0,1,0
CLI-003719,0,19,172,123,71.5,68,36.3,10,5,4,3,12.2,4,1,4308.32,0.01,0,0.62,0,0,0,1,0,0,1
CLI-003462,0,12,86,24,50.0,1,0.2,4,2,6,5,5.9,2,0,3603.94,0.02,0,0.15,1,0,0,0,0,1,0
CLI-001955,0,18,137,80,58.4,27,22.2,7,2,1,5,14.8,4,0,2887.72,0.0,0,0.44,0,0,0,1,0,0,1
CLI-000507,0,9,32,26,81.2,28,8.1,3,4,1,3,31.7,3,1,397.42,0.0,0,0.38,0,1,0,0,0,1,0
CLI-001617,0,26,7,4,57.1,19,6.6,2,6,1,5,20.7,3,0,84.0,0.0,0,0.25,0,0,0,1,0,0,1
CLI-002669,0,11,8,7,87.5,68,61.3,17,0,1,0,3.7,4,1,542.87,0.0,0,0.42,0,0,0,1,0,1,0
CLI-003536,0,9,32,5,15.6,4,1.1,3,3,7,0,27.2,3,0,296.92,0.03,0,0.38,1,0,0,0,0,1,0
CLI-003003,0,25,301,103,34.2,7,0.9,11,2,7,0,1.7,4,0,15164.38,0.01,0,0.42,0,1,0,0,0,0,1
CLI-001383,1,6,22,15,68.2,27,7.3,6,1,1,3,17.2,2,1,581.84,0.01,0,0.38,0,0,0,1,0,1,0
CLI-001502,1,15,51,17,33.3,1,5.65,3,2,21,6,24.5,2,0,623.05,0.05,0,0.38,1,0,0,0,0,0,1
CLI-000174,0,10,6,5,83.3,81,23.2,4,2,0,0,15.6,5,0,68.8,0.0,0,0.5,0,0,0,1,0,1,0
CLI-000730,0,17,34,30,88.2,66,5.65,4,3,1,4,33.7,3,0,460.14,0.0,0,0.5,0,1,0,0,0,0,1
CLI-001393,0,16,54,34,63.0,44,25.3,6,2,0,0,6.3,5,0,1222.13,0.0,0,0.38,0,0,0,1,0,0,1
CLI-003515,1,1,55,38,69.1,36,33.6,7,0,1,2,10.5,4,4,1608.28,0.03,0,0.44,0,0,0,1,1,0,0
CLI-004034,0,13,7,4,57.1,13,1.4,4,5,2,2,7.3,5,0,175.0,0.01,0,0.25,0,0,0,1,0,0,1
CLI-003894,0,10,12,10,83.3,55,32.2,12,3,1,4,8.4,2,0,620.02,0.0,0,0.46,0,0,0,1,0,1,0
CLI-004976,0,16,40,20,50.0,19,5.65,8,1,1,6,13.8,3,0,879.79,0.0,0,0.5,0,0,0,1,0,0,1
CLI-001085,1,3,117,13,11.1,1,0.4,5,1,8,3,10.5,3,2,2732.49,0.09,0,0.31,1,0,0,0,1,0,0
CLI-002670,1,17,4,2,50.0,17,5.1,1,1,2,1,28.9,3,0,51.13,0.0,0,0.12,0,0,0,1,0,0,1
CLI-001205,0,15,16,10,62.5,14,4.6,8,5,5,1,11.7,4,0,375.12,0.01,0,0.5,0,0,0,1,0,0,1
CLI-003413,1,14,104,0,0.0,0,0.0,0,0,61,2,4.5,4,0,5660.09,0.15,1,0.0,1,0,0,0,0,0,1
CLI-003490,0,11,9,3,33.3,12,3.6,8,3,4,0,6.3,5,1,223.16,0.01,0,0.5,0,0,1,0,0,1,0
CLI-002927,0,18,6,2,33.3,13,0.6,5,1,3,3,16.2,3,0,143.72,0.01,0,0.31,0,1,0,0,0,0,1
CLI-003233,0,7,55,42,76.4,49,31.4,6,3,0,0,11.2,3,0,1490.2,0.0,0,0.38,0,0,0,1,0,1,0
CLI-002256,0,17,10,8,80.0,56,5.65,4,4,0,1,18.3,3,0,128.13,0.0,0,0.5,0,0,0,1,0,0,1
CLI-000669,0,26,5,2,40.0,8,3.2,4,2,10,8,13.4,1,0,216.28,0.01,0,0.15,0,0,0,1,0,0,1
CLI-001314,0,8,534,267,50.0,6,0.7,6,2,1,4,7.1,4,0,26305.54,0.0,0,0.23,0,0,0,1,0,1,0
CLI-004734,0,1,169,39,23.1,1,0.4,6,1,30,0,15.9,4,2,3951.71,1.0,1,0.38,1,0,0,0,1,0,0
CLI-000941,0,9,172,148,86.0,97,63.2,19,3,1,0,3.2,4,0,8150.61,0.0,0,0.73,0,0,1,0,0,1,0
CLI-000234,0,7,1,1,100.0,53,37.4,14,1,2,1,10.5,4,0,41.26,0.01,0,0.54,0,0,0,1,0,1,0
CLI-004334,1,7,6,3,50.0,17,5.65,4,1,1,4,20.4,2,0,149.99,0.0,0,0.25,1,0,0,0,0,1,0
CLI-004395,0,9,144,105,72.9,35,21.3,10,1,1,1,1.8,4,0,6621.5,0.0,0,0.38,0,0,0,1,0,1,0
CLI-002145,1,14,13,9,69.2,41,17.6,6,6,0,5,10.5,4,0,515.11,0.0,0,0.23,0,0,0,1,0,0,1
CLI-001907,0,21,13,6,46.2,19,5.5,6,8,2,0,4.8,3,0,585.0,0.0,0,0.23,0,0,0,1,0,0,1
CLI-002077,0,6,7,4,57.1,10,6.4,7,4,4,2,14.2,3,2,169.59,0.02,0,0.44,1,0,0,0,0,1,0
CLI-000882,0,2,57,33,57.9,39,5.65,0,0,1,3,20.8,3,2,475.17,0.02,0,0.0,0,1,0,0,1,0,0
CLI-002003,0,13,29,13,50.0,9,5.65,6,1,9,2,14.4,2,0,702.66,0.02,0,0.38,0,0,0,1,0,0,1
CLI-001010,0,16,106,62,58.5,23,5.65,5,3,1,0,4.2,5,0,2800.7,0.0,0,0.31,0,0,1,0,0,0,1
CLI-000531,0,19,5,1,20.0,3,1.7,4,4,6,2,7.7,4,0,101.79,0.01,0,0.25,1,0,0,0,0,0,1
CLI-001453,0,30,197,137,69.5,32,4.4,13,0,0,0,2.4,5,0,9261.99,0.0,0,0.5,0,0,0,1,0,0,1
CLI-002420,0,22,13,4,30.8,3,1.1,2,4,1,3,13.9,4,0,299.59,0.0,0,0.12,0,0,0,1,0,0,1
CLI-003563,0,14,10,5,50.0,17,12.0,4,5,3,0,8.0,3,1,248.47,0.01,0,0.25,0,0,1,0,0,0,1
CLI-004410,1,1,53,41,77.4,56,28.7,3,0,1,2,3.2,3,1,2618.87,0.03,0,0.12,0,0,0,1,1,0,0
CLI-001174,0,6,44,34,77.3,89,72.2,11,1,0,0,13.9,3,0,1222.86,0.0,0,0.69,0,0,0,1,0,1,0
CLI-004713,0,18,6,2,33.3,1,0.3,2,2,10,8,31.7,2,0,74.87,0.02,0,0.25,1,0,0,0,0,0,1
CLI-000580,0,16,74,14,18.9,2,0.7,5,2,0,0,10.5,5,0,2955.76,0.0,0,0.19,0,0,0,1,0,0,1
CLI-004915,0,18,32,16,50.0,9,2.0,12,4,2,0,0.5,4,0,2229.54,0.0,0,0.3,0,0,0,1,0,0,1
CLI-004201,1,3,42,12,28.6,1,5.65,4,1,30,6,10.5,4,3,983.02,0.33,1,0.25,0,0,0,1,1,0,0
CLI-003639,0,21,51,24,47.1,26,15.6,2,2,2,0,11.3,4,0,1352.72,0.0,0,0.12,0,0,0,1,0,0,1
CLI-002007,1,17,468,50,50.0,1,0.3,2,3,20,8,7.9,2,0,19042.01,0.04,0,0.08,1,0,0,0,0,0,1
CLI-001091,0,18,1,1,100.0,28,5.65,0,7,1,4,10.5,3,0,24.36,0.0,0,0.0,0,0,0,1,0,0,1
CLI-003097,0,32,10,1,10.0,1,0.4,7,11,7,4,12.3,4,0,293.92,0.01,0,0.44,1,0,0,0,0,0,1
CLI-001737,0,18,7,5,71.4,72,43.7,10,4,0,3,11.7,4,0,210.33,0.0,0,0.62,0,0,1,0,0,0,1
CLI-002613,0,8,9,8,88.9,76,51.9,9,2,1,6,14.9,5,0,272.46,0.0,0,0.56,0,0,0,1,0,1,0
CLI-001726,0,14,8,2,25.0,1,0.1,2,1,11,0,11.8,4,0,100.9,0.03,0,0.25,0,0,0,1,0,0,1
CLI-003331,1,9,11,4,36.4,2,0.6,1,2,16,6,31.1,2,1,141.95,0.06,0,0.12,1,0,0,0,0,1,0
CLI-003796,0,17,4,1,25.0,2,5.65,2,3,6,1,8.1,3,0,84.35,0.01,0,0.12,0,0,0,1,0,0,1
CLI-003589,0,14,85,63,74.1,49,16.4,7,1,0,2,12.0,3,0,2082.7,0.0,0,0.44,0,0,0,1,0,0,1
CLI-002395,1,23,3,0,0.0,0,0.0,0,0,58,3,25.4,4,0,39.62,0.08,1,0.0,0,0,0,1,0,0,1
CLI-002551,0,11,32,14,43.8,1,0.3,7,2,8,3,13.6,4,0,781.7,0.02,0,0.44,0,0,0,1,0,1,0
CLI-004647,1,16,5,2,40.0,11,4.7,4,2,6,3,29.2,4,0,48.4,0.01,0,0.5,0,1,0,0,0,0,1
CLI-001547,0,25,4,2,50.0,19,10.4,8,7,2,0,6.8,5,0,180.29,0.0,0,0.31,0,0,1,0,0,0,1
CLI-002894,0,13,42,14,33.3,9,4.9,3,2,3,4,15.3,3,1,1028.69,0.01,0,0.19,0,1,0,0,0,0,1
CLI-001115,0,7,18,5,27.8,13,3.5,7,2,3,2,5.2,4,0,666.24,0.01,0,0.27,0,0,0,1,0,1,0
CLI-000336,1,1,35,15,42.9,20,9.1,23,0,0,5,2.6,3,2,2680.07,0.0,0,0.57,0,1,0,0,1,0,0
CLI-000771,0,1,112,83,74.1,33,18.8,11,0,1,1,10.5,3,3,4011.37,0.03,0,0.42,0,0,0,1,1,0,0
CLI-000184,0,5,46,35,76.1,78,51.6,9,2,3,5,11.5,4,0,1238.96,0.02,0,0.56,0,1,0,0,0,1,0
CLI-003997,0,20,56,32,57.1,21,13.1,7,4,5,4,11.5,4,0,1510.03,0.01,0,0.44,0,0,1,0,0,0,1
CLI-002403,0,15,42,9,21.4,1,0.2,0,2,10,3,14.0,4,0,988.96,0.02,0,0.0,0,0,0,1,0,0,1
CLI-001446,1,8,881,326,37.0,6,3.1,5,1,15,1,7.9,4,0,37238.0,0.06,0,0.19,0,0,0,1,0,1,0
CLI-002106,0,24,30,19,63.3,49,39.1,7,5,0,0,10.9,4,0,852.73,0.0,0,0.44,0,0,1,0,0,0,1
CLI-000215,0,16,25,14,56.0,45,31.2,12,3,0,2,7.3,4,1,1202.73,0.0,0,0.46,0,0,0,1,0,0,1
CLI-001665,0,2,1,1,100.0,21,5.9,2,0,0,0,16.2,5,1,11.46,0.0,0,0.25,0,0,0,1,1,0,0
CLI-004562,0,15,10,4,40.0,6,1.0,6,2,8,4,10.5,3,0,285.43,0.02,0,0.38,0,1,0,0,0,0,1
CLI-000702,0,13,120,47,39.2,7,0.4,5,2,2,1,6.7,4,0,3262.24,0.01,0,0.31,0,0,0,1,0,0,1
CLI-004332,0,3,48,24,50.0,23,8.9,2,2,1,5,3.0,2,0,2253.36,0.01,0,0.08,1,0,0,0,1,0,0
CLI-004864,0,27,54,29,53.7,21,18.3,6,16,0,2,10.5,2,0,2949.51,0.0,0,0.23,0,0,0,1,0,0,1
CLI-000832,0,16,174,68,39.1,15,7.8,10,3,1,0,0.5,5,0,14130.73,0.0,0,0.25,0,0,1,0,0,0,1
CLI-000156,1,10,172,14,8.1,1,0.1,3,2,18,5,10.5,1,1,6012.79,0.06,0,0.12,1,0,0,0,0,1,0
CLI-003272,0,17,58,35,60.3,1,0.3,8,3,2,1,8.0,4,0,1522.38,0.0,0,0.5,0,0,1,0,0,0,1
CLI-000603,0,8,67,43,64.2,27,9.4,19,2,1,0,2.5,5,0,4872.48,0.0,0,0.48,0,0,0,1,0,1,0
CLI-003890,1,15,8,3,37.5,17,8.0,2,5,1,4,32.1,3,0,72.56,0.0,0,0.25,0,0,0,1,0,0,1
CLI-001932,0,6,796,694,87.2,80,74.8,16,1,2,0,0.5,3,0,61412.53,0.01,0,0.4,0,0,0,1,0,1,0
CLI-003183,1,1,8,4,50.0,7,5.65,4,0,16,5,33.6,2,4,86.09,0.53,0,0.5,0,0,0,1,1,0,0
CLI-001192,0,12,12,8,66.7,40,30.5,11,1,1,3,15.7,3,0,300.0,0.0,0,0.69,0,0,0,1,0,1,0
CLI-000701,0,1,6,3,50.0,20,7.9,6,0,0,0,13.1,5,3,151.22,0.0,0,0.38,0,1,0,0,1,0,0
CLI-003709,0,10,12,10,83.3,63,26.4,11,1,0,0,2.3,5,0,336.22,0.0,0,0.69,0,0,0,1,0,1,0
CLI-002785,0,25,6,5,83.3,49,40.5,3,6,0,7,34.0,2,0,100.38,0.0,0,0.38,1,0,0,0,0,0,1
CLI-001702,1,9,319,110,34.5,11,3.8,13,1,1,10,4.7,1,0,26483.33,0.0,0,0.32,0,0,0,1,0,1,0
CLI-004453,0,14,130,91,70.0,42,32.8,7,1,1,0,11.3,5,1,3351.88,0.0,0,0.44,0,0,0,1,0,0,1
CLI-003090,0,3,49,22,44.9,20,7.6,7,1,2,2,10.5,3,1,2041.56,0.02,0,0.27,0,0,0,1,1,0,0
CLI-000495,0,1,6,3,50.0,30,8.2,2,0,1,2,19.3,3,1,79.05,0.03,0,0.25,0,0,0,1,1,0,0
CLI-000264,0,21,115,78,67.8,39,16.7,23,6,0,0,1.3,3,0,8651.89,0.0,0,0.57,0,0,0,1,0,0,1
CLI-002549,0,1,10,5,50.0,6,5.65,4,0,1,2,5.3,4,0,519.58,0.03,0,0.15,0,0,0,1,1,0,0
CLI-002666,0,20,189,122,64.6,29,9.7,3,2,6,0,11.3,5,0,2293.57,0.01,0,0.38,0,1,0,0,0,0,1
CLI-001033,0,17,38,16,42.1,1,0.2,4,6,30,1,10.8,2,0,1063.63,0.06,1,0.25,0,0,0,1,0,0,1
CLI-002689,0,18,47,31,66.0,38,12.3,8,4,0,4,9.0,5,0,1407.69,0.0,0,0.5,0,0,1,0,0,0,1
CLI-003967,1,4,13,6,46.2,23,7.5,6,1,1,3,14.4,5,4,341.6,0.01,0,0.38,0,1,0,0,0,1,0
CLI-000643,0,12,22,12,54.5,24,5.65,11,3,1,4,10.6,3,0,891.5,0.0,0,0.42,0,1,0,0,0,1,0
CLI-002574,1,15,48,11,22.9,1,0.4,5,2,21,6,17.3,3,0,1176.23,0.05,0,0.31,0,0,0,1,0,0,1
CLI-001871,0,6,42,22,52.4,20,9.8,2,3,0,2,28.4,3,1,516.96,0.0,0,0.25,0,0,0,1,0,1,0
CLI-004101,0,6,20,13,65.0,20,6.7,5,2,1,4,12.8,4,0,555.15,0.01,0,0.31,0,1,0,0,0,1,0
CLI-001816,0,11,29,25,86.2,55,5.65,13,2,1,2,10.5,5,0,1605.58,0.0,0,0.5,0,0,0,1,0,1,0
CLI-004547,0,23,2,1,50.0,10,3.3,1,3,3,1,14.7,3,0,29.31,0.0,0,0.12,0,0,0,1,0,0,1
CLI-003520,0,5,37,21,56.8,18,8.8,7,2,1,0,11.3,4,0,827.0,0.01,0,0.44,0,0,0,1,0,1,0
CLI-003207,0,9,15,14,50.0,50,40.9,10,0,1,2,18.1,2,0,437.59,0.0,0,0.62,1,0,0,0,0,1,0
CLI-004443,1,11,30,6,20.0,5,0.2,8,4,3,5,12.2,3,1,521.24,0.01,0,0.5,0,0,0,1,0,1,0
CLI-004885,1,4,91,40,44.0,18,5.6,3,0,0,8,40.3,1,0,1041.82,0.0,0,0.38,1,0,0,0,0,1,0
CLI-004495,0,11,7,3,42.9,10,8.1,3,6,6,0,12.3,5,0,75.54,0.02,0,0.38,0,0,0,1,0,1,0
CLI-001510,0,16,44,15,34.1,7,2.9,16,3,11,0,6.4,3,0,1801.75,0.02,0,0.62,0,1,0,0,0,0,1
CLI-002657,0,7,3,1,33.3,1,0.6,6,1,4,4,15.2,3,1,86.2,0.02,0,0.38,0,0,0,1,0,1,0
CLI-001850,0,20,33,17,51.5,32,21.8,3,5,0,3,10.5,4,0,389.33,0.0,0,0.38,0,0,1,0,0,0,1
CLI-000677,0,1,45,20,44.4,9,3.5,10,0,4,4,8.8,2,0,1884.08,0.13,0,0.38,0,0,0,1,1,0,0
CLI-003084,0,14,10,6,60.0,13,5.2,4,3,4,3,12.5,3,0,198.76,0.01,0,0.25,0,1,0,0,0,0,1
CLI-003433,1,15,4,1,25.0,1,0.1,3,1,3,3,18.2,3,0,46.05,0.01,0,0.38,0,0,0,1,0,0,1
CLI-001066,0,15,123,87,70.7,72,61.8,15,3,3,1,5.4,4,0,6109.65,0.01,0,0.58,0,0,0,1,0,0,1
CLI-002310,0,21,24,9,37.5,1,0.1,3,5,15,11,7.5,1,0,1730.32,0.02,0,0.08,0,0,0,1,0,0,1
CLI-004988,1,18,50,0,0.0,0,0.0,0,0,133,0,2.8,3,0,2045.75,0.25,1,0.0,1,0,0,0,0,0,1
CLI-001527,0,21,39,8,20.5,1,0.4,10,3,10,8,5.4,3,0,1562.17,0.02,0,0.38,1,0,0,0,0,0,1
CLI-004151,1,1,22,18,81.8,68,57.3,16,0,3,1,10.5,5,2,1120.68,0.1,0,0.62,0,1,0,0,1,0,0
CLI-000709,0,10,18,9,50.0,1,0.1,6,1,5,1,9.1,5,1,496.98,0.02,0,0.38,0,1,0,0,0,1,0
CLI-000324,0,9,8,3,37.5,24,10.3,4,3,1,3,11.4,4,0,193.0,0.0,0,0.25,0,0,1,0,0,1,0
CLI-001106,1,2,39,26,66.7,31,15.5,5,0,1,2,19.0,4,1,467.55,0.02,0,0.62,0,0,0,1,1,0,0
CLI-002824,0,5,10,8,80.0,81,32.3,9,1,2,0,14.4,4,2,258.99,0.01,0,0.56,0,1,0,0,0,1,0
CLI-003845,0,10,20,4,20.0,1,0.1,6,2,17,4,9.9,2,1,926.0,0.06,0,0.23,0,0,0,1,0,1,0
CLI-001220,1,11,116,25,21.6,1,0.4,8,1,5,0,2.9,3,2,5963.38,0.02,0,0.31,1,0,0,0,0,1,0
CLI-001939,1,1,19,3,15.8,1,0.3,0,0,26,7,17.7,2,2,422.81,0.87,0,0.0,0,0,0,1,1,0,0
CLI-003208,0,15,172,85,49.4,26,11.3,6,2,1,1,11.7,4,0,4458.51,0.0,0,0.38,0,0,1,0,0,0,1
CLI-004277,0,1,210,27,12.9,1,0.1,1,0,7,1,6.0,5,0,8377.86,0.23,0,0.04,1,0,0,0,1,0,0
CLI-001169,0,3,89,33,37.1,10,4.4,5,1,4,5,4.1,4,0,8262.26,0.04,0,0.12,0,0,0,1,1,0,0
CLI-000220,0,15,169,138,81.7,38,29.0,7,4,1,0,6.1,3,0,9036.52,0.0,0,0.27,0,0,0,1,0,0,1
CLI-004230,1,1,16,2,12.5,1,0.1,0,1,30,1,17.1,3,2,142.03,1.0,1,0.0,0,0,0,1,1,0,0
CLI-002319,0,9,6,3,50.0,9,3.1,6,3,6,5,12.2,3,3,144.83,0.02,0,0.38,0,1,0,0,0,1,0
CLI-001903,1,5,5,3,60.0,21,9.1,9,1,1,12,9.4,1,0,230.16,0.01,0,0.35,1,0,0,0,0,1,0
CLI-004569,0,9,193,153,79.3,61,46.2,14,1,1,0,6.9,5,1,16785.77,0.0,0,0.35,0,0,0,1,0,1,0
CLI-002710,0,12,26,6,23.1,1,0.1,4,2,6,2,4.3,4,1,1136.85,0.02,0,0.15,0,0,0,1,0,1,0
CLI-000226,1,8,173,0,0.0,0,0.0,0,0,56,0,4.1,4,3,7175.2,0.23,1,0.0,0,0,0,1,0,1,0
CLI-002909,0,7,636,186,29.2,3,0.8,5,0,29,0,4.6,3,2,42099.55,0.14,0,0.12,0,1,0,0,0,1,0
CLI-001801,0,4,4,2,50.0,21,8.9,1,2,1,2,17.8,3,0,56.66,0.01,0,0.12,0,0,0,1,0,1,0
CLI-004272,0,7,124,39,31.5,2,0.4,2,1,30,1,6.1,5,1,3403.91,0.14,1,0.12,0,0,0,1,0,1,0
CLI-003219,0,14,56,45,80.4,74,55.3,5,1,0,2,24.8,4,0,695.36,0.0,0,0.62,0,1,0,0,0,0,1
CLI-004917,0,13,182,62,34.1,13,5.9,2,1,1,0,5.9,5,0,8190.0,0.0,0,0.08,0,1,0,0,0,0,1
CLI-000287,1,10,74,24,32.4,6,0.3,10,2,1,6,10.3,3,3,3664.1,0.0,0,0.38,0,0,0,1,0,1,0
CLI-001236,0,6,42,19,45.2,24,9.9,7,2,1,1,9.6,3,1,1751.1,0.01,0,0.27,0,1,0,0,0,1,0
CLI-002041,0,11,15,4,26.7,7,1.5,11,5,19,0,2.7,4,0,1327.41,0.06,0,0.28,0,1,0,0,0,1,0
CLI-002270,1,6,8,5,62.5,14,11.1,4,0,0,4,28.5,3,0,95.65,0.0,0,0.5,0,0,0,1,0,1,0
CLI-001882,0,21,223,146,65.5,24,8.6,10,2,0,4,3.0,3,0,10389.34,0.0,0,0.38,0,0,0,1,0,0,1
CLI-001800,0,5,48,17,35.4,10,0.5,10,0,0,0,4.8,4,0,2005.6,0.0,0,0.38,0,0,0,1,0,1,0
CLI-003740,1,2,11,9,81.8,22,15.5,5,0,0,7,12.2,3,3,275.63,0.0,0,0.31,1,0,0,0,1,0,0
CLI-001954,0,12,43,33,76.7,56,35.3,7,2,0,0,8.9,4,3,944.29,0.0,0,0.44,0,0,0,1,0,1,0
CLI-004397,1,8,2,1,50.0,6,1.3,1,1,0,5,21.1,5,0,27.62,0.0,0,0.12,0,0,0,1,0,1,0
CLI-004832,1,13,6,0,0.0,0,0.0,0,0,85,5,18.5,2,0,131.88,0.22,1,0.0,0,0,0,1,0,0,1
CLI-003862,1,12,59,0,50.0,0,5.65,0,0,41,3,26.0,3,1,750.08,0.11,1,0.0,1,0,0,0,0,1,0
CLI-002334,0,24,3,2,66.7,10,4.2,7,6,1,2,12.1,4,0,87.93,0.0,0,0.44,0,0,1,0,0,0,1
CLI-000329,0,8,45,26,57.8,26,5.65,11,2,2,3,2.7,5,4,3936.2,0.01,0,0.28,0,0,0,1,0,1,0
CLI-000375,0,12,191,14,7.3,1,0.1,1,4,23,3,4.0,4,0,8358.03,0.06,0,0.04,1,0,0,0,0,1,0
CLI-004643,1,8,49,9,18.4,1,5.65,1,1,5,0,20.1,2,0,604.33,0.02,0,0.12,0,0,0,1,0,1,0
CLI-004866,0,11,42,20,47.6,14,2.4,5,5,3,0,10.5,3,0,997.26,0.01,0,0.31,0,0,0,1,0,1,0
CLI-004862,0,1,58,49,84.5,72,37.1,8,0,3,2,15.2,3,0,1393.78,0.1,0,0.5,0,1,0,0,1,0,0
CLI-004390,0,16,5,4,80.0,62,19.6,3,5,0,0,20.6,4,0,55.79,0.0,0,0.38,0,0,0,1,0,0,1
CLI-002607,1,5,25,13,52.0,23,5.65,3,0,1,6,35.6,3,4,318.77,0.01,0,0.38,0,0,0,1,0,1,0
CLI-002082,0,17,55,44,80.0,28,18.4,23,6,0,5,4.9,5,0,4707.33,0.0,0,0.57,0,0,1,0,0,0,1
CLI-004058,0,24,18,6,33.3,4,1.0,3,1,15,1,0.5,5,0,1481.69,0.02,0,0.08,0,1,0,0,0,0,1
CLI-001342,1,4,11,1,9.1,1,0.3,2,0,1,5,24.7,3,0,100.64,0.01,0,0.25,1,0,0,0,0,1,0
CLI-004924,0,5,46,39,84.8,34,5.65,22,0,1,1,4.4,4,1,4116.48,0.01,0,0.55,0,1,0,0,0,1,0
CLI-002332,0,10,7,1,14.3,1,0.2,2,5,4,2,20.4,3,0,80.37,0.01,0,0.25,1,0,0,0,0,1,0
CLI-003165,0,13,56,15,26.8,3,1.3,10,3,11,1,5.2,4,0,2319.03,0.03,0,0.38,0,1,0,0,0,0,1
CLI-004692,1,1,31,11,35.5,1,0.1,9,0,1,4,4.8,4,0,1395.0,0.03,0,0.35,0,0,0,1,1,0,0
CLI-004166,0,3,171,94,55.0,16,4.5,15,0,1,0,1.1,5,1,12455.44,0.01,0,0.38,0,1,0,0,1,0,0
CLI-003728,0,30,8,5,62.5,24,8.7,7,5,2,4,16.1,2,0,170.39,0.0,0,0.44,0,0,0,1,0,0,1
CLI-000369,0,16,58,30,51.7,26,14.8,6,3,1,5,9.3,3,0,2905.7,0.0,0,0.23,0,1,0,0,0,0,1
CLI-001304,1,16,7,4,57.1,33,19.3,4,3,2,2,19.3,5,0,79.23,0.0,0,0.5,0,0,1,0,0,0,1
CLI-003705,0,4,9,5,55.6,1,0.1,3,1,7,1,20.1,5,0,129.42,0.06,0,0.38,0,0,0,1,0,1,0
CLI-002373,0,13,30,14,46.7,17,11.1,3,2,5,1,17.2,4,1,419.16,0.01,0,0.38,0,0,0,1,0,0,1
CLI-002861,0,18,219,86,39.3,9,3.3,12,6,0,0,0.5,5,0,11563.04,0.0,0,0.46,0,0,0,1,0,0,1
CLI-002711,0,22,8,1,12.5,5,1.2,7,2,12,4,3.8,4,0,674.58,0.02,0,0.18,0,0,0,1,0,0,1
CLI-003464,0,8,10,7,70.0,18,4.2,7,2,3,3,11.0,4,0,311.14,0.01,0,0.44,0,1,0,0,0,1,0
CLI-004091,0,15,195,142,72.8,43,25.7,3,0,2,0,19.0,4,0,2716.08,0.0,0,0.38,0,1,0,0,0,0,1
CLI-004347,1,6,2,0,0.0,0,5.65,0,0,55,0,6.3,3,4,17.61,0.31,1,0.0,1,0,0,0,0,1,0
CLI-000325,0,3,44,21,50.0,13,2.6,12,0,6,0,0.5,5,1,1837.69,0.07,0,0.46,0,1,0,0,1,0,0
CLI-001900,0,1,1,1,100.0,1,0.4,5,2,7,0,13.7,4,3,19.81,0.23,0,0.31,0,0,0,1,1,0,0
CLI-002129,0,28,5,3,60.0,25,15.7,4,9,2,4,22.3,4,0,59.98,0.0,0,0.5,0,0,0,1,0,0,1
CLI-003954,0,1,15,6,40.0,16,6.3,6,0,0,0,10.5,3,3,362.39,0.0,0,0.38,0,0,0,1,1,0,0
CLI-002734,1,4,19,8,42.1,1,0.3,11,0,7,0,6.4,2,3,887.83,0.06,0,0.42,1,0,0,0,0,1,0
CLI-003496,0,9,4,2,50.0,17,5.65,2,0,2,0,19.5,3,0,45.07,0.01,0,0.25,0,0,0,1,0,1,0
CLI-000433,0,2,19,6,31.6,1,0.2,5,0,14,2,16.4,2,2,407.07,0.23,0,0.31,0,0,0,1,1,0,0
CLI-001180,0,8,57,23,50.0,3,1.0,1,2,20,1,7.5,4,2,2412.47,0.08,0,0.04,0,0,0,1,0,1,0
CLI-001593,0,16,173,29,16.8,1,0.1,14,5,26,4,7.8,3,0,8011.66,0.05,0,0.54,1,0,0,0,0,0,1
CLI-001438,0,18,106,61,57.5,28,13.9,7,1,1,4,7.1,4,0,5764.21,0.0,0,0.27,0,0,0,1,0,0,1
CLI-000683,0,12,209,44,21.1,1,0.1,1,1,12,4,6.1,3,0,9733.74,0.03,0,0.04,1,0,0,0,0,1,0
CLI-001157,0,11,62,28,45.2,5,1.2,6,1,6,0,5.1,5,0,1460.49,0.02,0,0.38,0,0,0,1,0,1,0
CLI-003846,0,14,59,35,59.3,21,8.9,7,6,0,5,9.5,3,0,3123.39,0.0,0,0.27,0,0,0,1,0,0,1
CLI-003790,0,15,199,144,72.4,36,14.8,8,6,0,0,5.7,3,0,10712.96,0.0,0,0.31,0,1,0,0,0,0,1
CLI-000868,1,1,5,1,20.0,1,0.1,0,0,3,11,28.3,3,3,42.19,0.1,0,0.0,1,0,0,0,1,0,0
CLI-001743,0,1,206,156,75.7,53,28.2,22,0,0,5,4.6,3,2,16593.74,0.0,0,0.55,0,1,0,0,1,0,0
CLI-002185,0,18,6,3,50.0,35,36.0,6,3,1,2,13.8,4,0,180.1,0.0,0,0.38,0,0,0,1,0,0,1
CLI-003571,1,13,57,27,47.4,22,9.9,4,1,0,8,36.3,1,0,910.94,0.0,0,0.5,0,0,0,1,0,0,1
CLI-002788,0,9,7,2,28.6,1,0.2,5,0,8,0,10.6,4,1,183.27,0.03,0,0.31,0,0,0,1,0,1,0
CLI-001012,0,14,2,1,50.0,11,4.2,5,3,0,0,10.5,4,0,28.35,0.0,0,0.62,0,0,0,1,0,0,1
CLI-002489,0,23,814,285,50.0,1,0.5,3,6,30,1,14.7,3,0,20767.02,0.04,1,0.19,0,1,0,0,0,0,1
CLI-002539,0,1,49,28,57.1,20,5.65,9,0,1,2,5.7,4,1,1685.97,0.03,0,0.35,0,1,0,0,1,0,0
CLI-004517,0,7,6,2,33.3,1,0.1,2,2,2,2,23.8,4,0,60.78,0.01,0,0.25,0,1,0,0,0,1,0
CLI-003244,0,13,32,6,18.8,1,0.3,10,2,3,2,0.8,3,0,2579.13,0.01,0,0.25,0,0,0,1,0,0,1
CLI-004086,1,24,9,0,0.0,0,0.0,0,0,90,9,18.2,3,0,257.74,0.12,1,0.0,0,0,0,1,0,0,1
CLI-003626,0,12,4,2,50.0,28,12.5,4,1,0,0,16.6,5,1,54.0,0.0,0,0.5,0,0,0,1,0,1,0
CLI-001070,1,1,198,18,9.1,1,0.1,9,0,7,4,3.9,3,1,11835.33,0.23,0,0.22,1,0,0,0,1,0,0
CLI-003459,1,1,198,38,19.2,1,0.3,7,0,30,3,4.9,3,2,6748.93,1.0,1,0.27,1,0,0,0,1,0,0
CLI-003358,0,8,51,16,31.4,1,0.2,3,2,30,3,10.5,3,0,2323.52,0.12,1,0.12,0,1,0,0,0,1,0
CLI-003579,0,2,47,27,57.4,37,17.0,10,0,0,0,9.1,5,1,1274.72,0.0,0,0.62,0,0,0,1,1,0,0
CLI-003154,1,1,5,0,0.0,0,0.0,0,0,30,4,50.6,2,3,40.82,1.0,1,0.0,0,0,0,1,1,0,0
CLI-001332,0,17,26,16,61.5,41,34.0,1,4,2,0,17.6,5,0,310.42,0.0,0,0.12,0,0,1,0,0,0,1
CLI-003506,1,13,3,2,66.7,4,1.6,1,2,12,1,20.7,3,0,32.03,0.03,0,0.12,0,0,0,1,0,0,1
CLI-000457,0,5,9,4,44.4,11,6.4,9,3,2,0,3.9,3,2,319.18,0.01,0,0.35,0,1,0,0,0,1,0
CLI-004283,0,11,144,65,45.1,23,1.4,14,3,1,2,3.9,3,0,6913.28,0.0,0,0.54,0,1,0,0,0,1,0
CLI-000033,0,13,46,9,19.6,3,1.0,6,6,11,4,11.4,3,0,977.61,0.03,0,0.38,0,0,0,1,0,0,1
CLI-001399,1,10,232,0,0.0,0,0.0,0,0,105,0,10.5,4,3,10639.37,0.35,1,0.0,1,0,0,0,0,1,0
CLI-003153,1,5,6,3,50.0,20,1.0,9,0,3,3,10.5,3,0,116.03,0.02,0,0.56,0,0,0,1,0,1,0
CLI-000157,1,13,8,5,62.5,38,31.1,3,1,1,3,25.8,4,0,107.18,0.0,0,0.38,0,0,0,1,0,0,1
CLI-003549,1,1,37,0,0.0,0,5.65,0,0,30,2,10.5,3,3,1535.85,1.0,1,0.0,0,0,0,1,1,0,0
CLI-003343,1,1,1,1,100.0,8,3.3,1,0,4,0,5.3,4,1,44.8,0.13,0,0.04,0,0,0,1,1,0,0
CLI-001154,0,17,11,7,63.6,27,9.6,3,3,1,0,13.8,4,0,157.36,0.0,0,0.38,0,0,0,1,0,0,1
CLI-004075,1,14,25,9,36.0,1,5.65,4,1,6,5,20.4,2,0,631.41,0.01,0,0.25,0,0,0,1,0,0,1
CLI-000275,1,4,4,2,50.0,19,3.3,2,1,0,7,32.9,2,1,57.54,0.0,0,0.25,1,0,0,0,0,1,0
CLI-003817,0,2,24,8,33.3,1,5.65,8,0,7,2,10.5,3,0,1102.43,0.12,0,0.31,0,0,0,1,1,0,0
CLI-000562,1,12,21,0,0.0,0,0.0,0,0,84,4,10.5,1,0,526.34,0.23,1,0.0,1,0,0,0,0,1,0
CLI-004796,0,25,2,1,50.0,19,4.0,3,4,1,3,33.4,3,0,21.41,0.0,0,0.38,0,1,0,0,0,0,1
CLI-004413,1,13,42,0,0.0,0,0.0,0,0,48,3,9.3,3,0,1162.7,0.12,1,0.0,1,0,0,0,0,0,1
CLI-002445,0,23,52,16,30.8,1,0.3,7,6,5,2,11.3,2,0,1616.25,0.01,0,0.44,1,0,0,0,0,0,1
CLI-000383,0,17,32,12,37.5,1,0.1,11,6,30,5,2.2,3,0,2451.33,0.06,1,0.28,0,0,0,1,0,0,1
CLI-002227,0,22,3,2,66.7,37,14.8,4,6,1,4,31.7,3,0,48.05,0.0,0,0.5,0,1,0,0,0,0,1
CLI-000309,0,15,51,22,43.1,16,3.7,13,6,2,5,9.7,3,0,2200.65,0.0,0,0.5,0,0,0,1,0,0,1
CLI-004584,1,1,8,5,62.5,35,20.7,3,0,1,1,10.5,4,2,99.86,0.03,0,0.38,0,0,0,1,1,0,0
CLI-004560,0,8,4,3,75.0,51,32.7,4,1,0,0,13.6,5,1,54.05,0.0,0,0.5,0,0,0,1,0,1,0
CLI-003863,1,7,56,16,28.6,1,0.3,4,2,18,7,10.5,3,0,2544.34,0.09,0,0.15,1,0,0,0,0,1,0
CLI-004689,0,11,33,25,75.8,38,21.5,8,4,2,0,2.5,5,0,845.28,0.01,0,0.5,0,0,1,0,0,1,0
CLI-003834,0,7,5,4,80.0,59,29.3,3,2,1,4,27.6,3,0,62.21,0.0,0,0.38,0,0,0,1,0,1,0
CLI-004069,0,26,24,3,12.5,1,0.1,1,2,13,0,10.5,5,0,983.63,0.02,0,0.04,1,0,0,0,0,0,1
CLI-003216,0,8,7,4,57.1,29,22.4,6,2,0,1,11.3,3,0,202.71,0.0,0,0.38,0,0,0,1,0,1,0
CLI-003831,0,4,25,10,40.0,12,3.2,5,1,6,0,13.3,4,1,594.21,0.05,0,0.31,0,0,0,1,0,1,0
CLI-004006,0,23,2,1,50.0,27,27.7,10,2,1,4,8.7,4,0,49.21,0.0,0,0.62,0,0,0,1,0,0,1
CLI-000640,0,6,11,10,50.0,89,35.6,8,0,1,4,16.1,4,0,316.91,0.01,0,0.5,0,0,0,1,0,1,0
CLI-002891,1,7,646,0,0.0,0,0.0,0,0,40,4,3.3,2,1,58331.06,0.19,1,0.0,0,0,0,1,0,1,0
CLI-002260,1,1,7,3,42.9,6,2.5,4,1,2,5,17.6,2,1,166.41,0.07,0,0.25,1,0,0,0,1,0,0
CLI-003878,0,9,34,15,44.1,4,1.0,15,0,7,4,1.6,3,0,2694.6,0.03,0,0.38,0,1,0,0,0,1,0
CLI-002049,0,8,26,20,76.9,47,30.6,11,3,1,3,12.1,4,0,567.86,0.0,0,0.69,0,0,1,0,0,1,0
CLI-000539,1,6,50,26,52.0,19,13.2,9,0,9,0,4.7,5,0,2392.01,0.05,0,0.35,0,1,0,0,0,1,0
CLI-004117,0,2,29,16,55.2,11,5.9,6,0,1,4,3.0,3,2,1647.66,0.02,0,0.15,0,0,0,1,1,0,0
CLI-001042,0,23,50,20,40.0,24,15.6,8,6,3,2,16.6,3,0,1407.36,0.0,0,0.5,0,0,0,1,0,0,1
CLI-002030,0,13,44,29,65.9,39,20.4,13,2,0,0,2.7,4,0,2303.68,0.0,0,0.5,0,1,0,0,0,0,1
CLI-000707,0,19,10,3,30.0,2,0.1,1,7,21,2,15.5,3,0,98.64,0.04,0,0.12,0,1,0,0,0,0,1
CLI-003409,1,4,79,10,12.7,1,5.65,1,1,30,3,9.4,4,3,3103.52,0.25,1,0.04,0,0,0,1,0,1,0
CLI-002865,0,6,88,81,92.0,66,54.2,11,0,1,1,18.0,2,1,2379.4,0.01,0,0.69,1,0,0,0,0,1,0
CLI-000596,1,12,197,162,82.2,65,7.5,10,4,4,8,12.5,2,1,10538.61,0.01,0,0.38,0,0,0,1,0,1,0
CLI-001551,0,1,168,120,71.4,37,5.65,11,0,1,0,2.4,5,5,6075.71,0.03,0,0.42,0,1,0,0,1,0,0
CLI-002027,0,10,22,13,59.1,33,15.5,6,4,2,2,6.8,4,2,650.96,0.01,0,0.38,0,0,1,0,0,1,0
CLI-000954,1,4,9,4,44.4,18,11.2,5,0,2,3,14.1,4,1,225.85,0.02,0,0.31,0,0,0,1,0,1,0
CLI-002356,0,19,8,2,25.0,1,0.4,4,1,10,4,12.6,3,0,188.13,0.02,0,0.25,0,1,0,0,0,0,1
CLI-001917,0,11,42,32,76.2,77,27.8,19,2,0,7,1.5,4,0,3440.25,0.0,0,0.48,0,0,0,1,0,1,0
CLI-000597,0,15,41,23,56.1,35,23.5,13,7,0,1,5.0,5,0,2031.89,0.0,0,0.5,0,0,0,1,0,0,1
CLI-002659,0,10,10,5,50.0,17,0.8,2,2,0,0,17.4,4,2,132.69,0.0,0,0.25,0,0,0,1,0,1,0
CLI-001415,0,3,2,1,50.0,10,2.5,4,0,0,3,10.5,2,2,45.51,0.0,0,0.25,0,0,0,1,1,0,0
CLI-002327,1,4,184,69,37.5,2,0.8,3,1,5,2,10.5,4,3,5007.19,0.04,0,0.19,0,0,0,1,0,1,0
CLI-002829,0,20,866,201,23.2,5,3.2,8,3,0,4,3.0,4,0,56725.27,0.0,0,0.2,1,0,0,0,0,0,1
CLI-004615,0,3,9,7,77.8,33,24.3,3,2,1,3,31.8,4,1,97.12,0.01,0,0.38,0,0,0,1,1,0,0
CLI-002086,1,1,11,7,63.6,25,16.6,10,0,0,6,5.3,2,4,435.74,0.0,0,0.38,0,0,0,1,1,0,0
CLI-002359,0,14,10,4,40.0,10,1.6,5,3,2,1,8.3,3,0,547.32,0.0,0,0.19,0,0,0,1,0,0,1
CLI-002586,1,6,11,0,0.0,0,0.0,0,0,55,0,10.5,4,1,79.73,0.31,1,0.0,0,0,0,1,0,1,0
CLI-002354,0,8,40,29,72.5,41,25.9,6,3,1,1,9.0,3,1,1094.58,0.0,0,0.38,0,0,0,1,0,1,0
CLI-002620,0,21,5,5,100.0,77,49.9,5,6,0,2,30.5,3,0,58.36,0.0,0,0.62,0,0,0,1,0,0,1
CLI-000907,0,19,1,1,100.0,4,0.2,3,6,6,4,34.4,2,0,11.92,0.01,0,0.38,1,0,0,0,0,0,1
CLI-000824,0,24,53,14,26.4,7,2.9,2,7,2,0,7.3,4,0,537.73,0.0,0,0.25,0,0,0,1,0,0,1
CLI-002235,1,8,9,7,77.8,63,45.9,14,2,1,4,7.9,3,1,353.93,0.0,0,0.54,0,1,0,0,0,1,0
CLI-000965,0,15,391,142,36.3,13,7.9,4,6,3,8,11.4,3,0,9797.15,0.01,0,0.25,1,0,0,0,0,0,1
CLI-003455,0,1,55,42,76.4,41,14.9,9,0,2,0,5.6,5,3,1162.97,0.07,0,0.56,0,1,0,0,1,0,0
CLI-000590,0,1,16,3,18.8,1,0.3,2,0,30,1,27.2,3,0,165.86,1.0,1,0.25,0,0,0,1,1,0,0
CLI-002464,0,14,1,1,100.0,1,0.1,0,5,15,0,4.7,5,1,10.67,0.04,0,0.0,0,0,0,1,0,0,1
CLI-000945,0,7,10,4,40.0,21,10.4,5,2,1,4,10.2,4,0,240.83,0.0,0,0.31,0,1,0,0,0,1,0
CLI-004912,0,1,161,147,91.3,74,62.1,17,0,1,0,4.5,5,0,8526.99,0.03,0,0.65,0,0,0,1,1,0,0
CLI-002402,0,13,35,8,22.9,1,0.2,3,2,9,0,10.5,5,1,740.81,0.02,0,0.19,1,0,0,0,0,0,1
CLI-003614,0,9,17,9,52.9,29,14.0,10,3,0,0,10.5,5,1,765.55,0.0,0,0.38,0,0,0,1,0,1,0
CLI-000414,0,21,59,25,42.4,15,7.2,8,5,3,0,8.0,4,1,2941.85,0.0,0,0.31,0,0,1,0,0,0,1
CLI-003818,0,1,204,124,60.8,27,15.1,9,0,2,1,2.4,4,2,8121.88,0.07,0,0.35,0,0,0,1,1,0,0
CLI-000768,1,1,1,1,100.0,81,26.4,2,2,0,0,19.0,4,5,10.98,0.0,0,0.25,0,1,0,0,1,0,0
CLI-002557,1,8,3,2,66.7,47,10.8,7,1,0,2,13.8,3,0,75.08,0.0,0,0.44,0,1,0,0,0,1,0
CLI-004931,0,29,181,78,43.1,10,4.2,10,8,1,2,5.5,3,0,8145.0,0.0,0,0.38,0,1,0,0,0,0,1
CLI-004512,0,16,18,15,83.3,68,42.8,3,2,1,4,29.9,3,0,252.96,0.0,0,0.38,0,0,0,1,0,0,1
CLI-004937,1,13,55,0,0.0,0,0.0,0,0,101,0,4.3,4,0,2152.36,0.26,1,0.0,1,0,0,0,0,0,1
CLI-003918,0,14,665,528,79.4,57,31.6,19,3,1,1,4.6,4,0,28300.47,0.0,0,0.73,0,0,1,0,0,0,1
CLI-000588,0,5,6,4,66.7,20,10.2,9,3,2,6,9.3,3,1,259.27,0.01,0,0.35,1,0,0,0,0,1,0
CLI-002856,1,1,34,12,35.3,1,0.3,4,0,19,6,16.8,4,1,647.44,0.63,0,0.25,0,0,0,1,1,0,0
CLI-004435,0,11,102,80,78.4,53,46.6,12,0,1,0,3.2,5,0,5576.93,0.0,0,0.46,0,0,0,1,0,1,0
CLI-002226,0,14,39,12,30.8,8,3.9,2,2,1,8,13.8,3,0,1120.5,0.0,0,0.12,1,0,0,0,0,0,1
CLI-000008,1,2,49,34,69.4,60,31.2,13,0,3,6,10.7,2,2,1916.2,0.05,0,0.5,0,0,0,1,1,0,0
CLI-004631,0,18,1,1,100.0,35,1.8,2,6,1,6,44.4,2,0,13.91,0.0,0,0.25,1,0,0,0,0,0,1
CLI-001472,0,17,381,214,56.2,28,16.2,4,4,0,0,4.8,5,0,16815.53,0.0,0,0.15,0,0,1,0,0,0,1
CLI-000622,0,21,20,9,45.0,24,3.5,7,5,1,1,0.8,5,0,509.25,0.0,0,0.44,0,0,0,1,0,0,1
CLI-001103,0,2,59,33,55.9,26,26.1,7,2,0,14,15.0,3,1,1435.55,0.0,0,0.44,1,0,0,0,1,0,0
CLI-002302,0,9,2,1,50.0,6,1.9,5,3,1,4,9.2,3,0,82.65,0.0,0,0.19,0,0,0,1,0,1,0
CLI-003917,0,3,218,31,14.2,2,0.5,9,0,9,0,0.5,3,0,16145.25,0.1,0,0.22,0,0,0,1,1,0,0
CLI-002375,0,9,5,4,80.0,33,6.4,6,3,0,0,12.2,5,0,143.26,0.0,0,0.38,0,0,0,1,0,1,0
CLI-004744,0,13,1,1,100.0,1,0.1,1,1,30,0,10.7,5,0,10.72,0.08,1,0.12,0,0,0,1,0,0,1
CLI-001566,0,1,6,1,16.7,3,1.0,3,2,13,0,17.6,5,4,68.0,0.43,0,0.38,1,0,0,0,1,0,0
CLI-001752,0,18,2,1,50.0,10,4.0,5,6,1,0,1.5,5,0,49.05,0.0,0,0.31,0,0,1,0,0,0,1
CLI-000393,0,5,5,4,80.0,75,30.8,3,1,0,0,13.1,4,0,63.03,0.0,0,0.38,0,0,0,1,0,1,0
CLI-002978,0,12,1,1,100.0,51,29.9,5,1,0,1,11.1,3,0,12.89,0.0,0,0.62,0,1,0,0,0,1,0
CLI-003580,0,15,7,1,14.3,1,0.2,1,2,30,4,25.1,3,0,84.41,0.07,1,0.12,0,0,0,1,0,0,1
CLI-002391,1,1,9,6,66.7,40,24.8,6,0,0,0,5.6,5,3,197.21,0.0,0,0.38,0,0,0,1,1,0,0
CLI-001721,0,17,56,12,21.4,3,0.6,1,5,10,4,35.7,1,0,672.63,0.02,0,0.12,0,0,0,1,0,0,1
CLI-004703,1,2,12,10,83.3,75,39.0,5,0,1,1,12.1,4,1,307.16,0.02,0,0.31,0,0,0,1,1,0,0
CLI-002630,0,5,12,10,83.3,48,32.0,5,3,1,1,16.8,5,1,148.5,0.01,0,0.62,0,0,0,1,0,1,0
CLI-001517,1,10,112,28,25.0,1,0.1,1,2,1,2,9.0,4,0,2619.07,0.0,0,0.06,0,1,0,0,0,1,0
CLI-001739,0,22,1,1,100.0,42,24.4,4,2,1,0,7.9,4,0,25.15,0.0,0,0.25,0,0,1,0,0,0,1
CLI-004254,0,18,17,7,41.2,39,24.2,16,1,1,5,6.4,2,0,894.94,0.0,0,0.62,0,0,0,1,0,0,1
CLI-003422,0,8,54,37,68.5,38,5.65,7,0,0,0,0.5,4,1,4177.25,0.0,0,0.18,0,0,0,1,0,1,0
CLI-000224,0,4,51,36,70.6,24,11.4,7,0,0,3,10.5,4,0,1003.18,0.0,0,0.44,0,0,0,1,0,1,0
CLI-003985,1,7,47,6,12.8,1,0.2,6,0,24,4,12.7,2,0,1033.95,0.11,0,0.38,1,0,0,0,0,1,0
CLI-000613,0,11,530,268,50.6,1,5.65,14,2,29,5,7.4,3,2,25998.25,0.09,0,0.54,1,0,0,0,0,1,0
CLI-004004,0,10,21,14,66.7,20,11.7,6,4,1,5,18.0,2,1,634.05,0.0,0,0.38,0,0,0,1,0,1,0
CLI-004185,1,5,207,72,34.8,6,2.2,3,0,4,1,7.9,3,2,4821.58,0.03,0,0.19,0,1,0,0,0,1,0
CLI-004118,1,10,8,1,12.5,1,0.1,0,3,17,4,34.3,2,0,80.47,0.06,0,0.0,1,0,0,0,0,1,0
CLI-003632,0,10,11,5,45.5,4,0.2,5,3,5,1,10.6,4,1,309.99,0.02,0,0.31,0,0,0,1,0,1,0
CLI-002526,0,12,45,26,57.8,27,11.3,9,0,2,1,3.7,5,0,1085.96,0.01,0,0.56,0,0,0,1,0,1,0
CLI-002481,0,3,52,42,80.8,65,49.4,7,0,0,0,22.4,4,1,621.65,0.0,0,0.88,0,0,0,1,1,0,0
CLI-003452,0,12,48,17,50.0,7,1.6,6,6,2,1,10.8,3,0,1147.44,0.01,0,0.38,0,0,0,1,0,1,0
CLI-004480,0,2,53,45,84.9,52,39.4,8,0,0,0,12.2,3,1,1324.32,0.0,0,0.5,0,0,0,1,1,0,0
CLI-003855,0,16,10,6,60.0,40,33.7,11,6,0,6,4.8,3,0,500.03,0.0,0,0.42,0,0,0,1,0,0,1
CLI-004725,0,1,10,8,80.0,67,34.3,10,0,1,1,13.4,4,5,226.49,0.03,0,0.62,0,0,0,1,1,0,0
CLI-001890,1,2,33,13,39.4,13,6.3,4,0,1,5,23.4,2,1,942.04,0.02,0,0.25,1,0,0,0,1,0,0
CLI-000937,0,9,51,24,47.1,9,5.2,2,2,5,5,30.2,2,0,622.91,0.02,0,0.25,0,0,0,1,0,1,0
CLI-001391,0,19,10,6,60.0,30,8.6,3,2,0,1,25.3,2,0,157.2,0.0,0,0.38,0,0,0,1,0,0,1
CLI-003794,0,11,101,81,80.2,86,68.9,6,1,1,3,10.2,4,2,2791.56,0.0,0,0.38,0,1,0,0,0,1,0
CLI-001994,0,14,87,50,50.0,34,19.8,11,6,0,9,6.1,1,0,7102.34,0.0,0,0.28,0,0,0,1,0,0,1
CLI-004196,0,7,48,30,62.5,51,32.3,9,3,1,1,13.7,4,2,1404.09,0.0,0,0.56,0,0,1,0,0,1,0
CLI-000311,1,4,51,34,66.7,41,22.6,12,0,0,1,6.3,5,2,2289.85,0.0,0,0.46,0,0,0,1,0,1,0
CLI-002413,0,18,11,2,18.2,1,0.1,2,4,2,2,20.8,3,0,140.52,0.0,0,0.25,0,0,0,1,0,0,1
CLI-001252,1,1,10,4,40.0,2,0.5,0,0,11,1,6.7,4,0,114.7,0.37,0,0.0,0,1,0,0,1,0,0
CLI-002269,0,19,35,19,54.3,30,5.0,7,7,1,2,11.2,5,0,937.06,0.0,0,0.44,0,0,0,1,0,0,1
CLI-003838,0,25,7,2,28.6,1,0.3,5,5,30,1,13.5,3,0,178.54,0.04,1,0.31,0,1,0,0,0,0,1
CLI-001036,1,17,7,0,0.0,0,0.0,0,2,42,3,11.8,2,0,191.29,0.08,1,0.0,0,0,0,1,0,0,1
CLI-001933,0,17,46,30,65.2,30,10.4,10,7,0,0,8.5,3,0,2236.84,0.0,0,0.38,0,0,0,1,0,0,1
CLI-001335,0,1,52,38,50.0,71,14.2,10,1,1,2,10.5,3,3,1221.86,0.03,0,0.62,0,1,0,0,1,0,0
CLI-001201,0,17,5,4,80.0,73,47.9,4,4,1,1,15.2,3,0,57.72,0.0,0,0.5,0,0,0,1,0,0,1
CLI-001754,0,11,62,46,74.2,35,17.2,7,4,1,2,7.5,4,1,1524.91,0.0,0,0.44,0,0,1,0,0,1,0
CLI-001942,1,17,32,0,0.0,0,0.0,0,0,38,0,4.2,4,0,1587.94,0.07,1,0.0,1,0,0,0,0,0,1
CLI-003036,0,10,5,3,60.0,51,49.3,6,3,1,0,11.7,5,1,65.63,0.0,0,0.75,0,0,0,1,0,1,0
CLI-001014,1,1,8,3,37.5,1,0.4,3,0,1,6,12.6,3,2,191.85,0.03,0,0.19,0,0,0,1,1,0,0
CLI-002169,1,7,11,4,36.4,14,1.6,2,1,2,4,28.1,3,1,127.61,0.01,0,0.25,0,0,0,1,0,1,0
CLI-003424,0,17,7,5,71.4,53,34.8,4,4,1,3,10.5,4,0,84.79,0.0,0,0.5,0,0,0,1,0,0,1
CLI-002985,0,18,136,66,48.5,23,8.1,6,3,1,0,5.5,3,0,3203.53,0.0,0,0.38,0,1,0,0,0,0,1
CLI-004236,1,3,37,6,16.2,8,3.0,2,1,0,1,34.1,2,2,435.26,0.0,0,0.25,1,0,0,0,1,0,0
CLI-004152,0,22,229,144,62.9,26,8.2,9,6,0,4,5.0,2,0,11426.16,0.0,0,0.35,1,0,0,0,0,0,1
CLI-000803,1,5,13,6,46.2,19,11.1,6,1,1,7,6.7,3,2,607.21,0.01,0,0.23,0,0,0,1,0,1,0
CLI-002554,1,6,7,5,71.4,28,22.0,3,1,0,3,28.1,4,0,79.16,0.0,0,0.38,0,1,0,0,0,1,0
CLI-002705,0,1,4,2,50.0,22,5.2,7,0,1,1,19.2,3,3,70.56,0.03,0,0.44,0,0,0,1,1,0,0
CLI-004350,0,5,45,22,48.9,10,5.6,13,1,0,5,9.4,3,0,2453.77,0.0,0,0.5,0,1,0,0,0,1,0
CLI-004935,0,2,783,550,70.2,49,52.8,9,2,1,1,2.5,4,0,35235.0,0.02,0,0.35,0,0,0,1,1,0,0
CLI-002217,1,36,55,0,0.0,0,0.0,0,0,73,0,4.9,3,0,3019.79,0.07,1,0.0,1,0,0,0,0,0,1
CLI-000192,0,17,22,15,68.2,50,33.8,9,1,1,3,5.9,4,0,1080.25,0.0,0,0.35,0,1,0,0,0,0,1
CLI-001797,0,4,55,33,60.0,16,3.5,10,1,2,3,9.4,3,2,2814.91,0.02,0,0.38,0,1,0,0,0,1,0
CLI-001574,1,1,46,3,6.5,1,0.1,1,1,26,1,13.4,4,2,470.84,0.87,0,0.12,1,0,0,0,1,0,0
CLI-004048,0,20,114,35,30.7,1,0.3,2,2,11,1,26.4,2,0,1121.64,0.02,0,0.25,0,0,0,1,0,0,1
CLI-004298,0,25,107,38,35.5,17,11.2,15,4,1,0,7.5,3,0,9790.13,0.0,0,0.38,0,0,0,1,0,0,1
CLI-004514,0,16,21,9,42.9,14,5.65,6,3,0,2,10.5,3,0,600.75,0.0,0,0.38,0,1,0,0,0,0,1
CLI-000556,0,8,23,9,39.1,7,5.65,2,1,4,2,11.5,4,0,467.0,0.02,0,0.12,0,0,0,1,0,1,0
CLI-003303,0,14,69,36,50.0,6,0.6,8,6,1,1,3.8,4,0,2829.17,0.0,0,0.31,0,0,0,1,0,0,1
CLI-003059,0,12,4,2,50.0,11,5.8,4,2,3,2,16.7,5,0,44.24,0.01,0,0.5,0,1,0,0,0,1,0
CLI-001764,0,21,43,24,55.8,20,6.9,5,2,0,0,10.5,4,0,566.5,0.0,0,0.62,0,0,0,1,0,0,1
CLI-004242,0,4,39,29,74.4,46,6.1,7,1,0,0,10.5,3,0,918.91,0.0,0,0.44,0,0,0,1,0,1,0
CLI-004243,1,17,52,0,0.0,0,0.0,0,0,40,8,13.1,3,0,1455.39,0.08,1,0.0,1,0,0,0,0,0,1
CLI-001452,1,1,10,3,30.0,17,5.65,4,1,0,7,36.2,2,2,112.63,0.0,0,0.5,0,0,0,1,1,0,0
CLI-001461,1,5,3,2,66.7,51,20.8,4,2,1,1,19.1,5,3,42.48,0.01,0,0.5,0,0,0,1,0,1,0
CLI-002979,0,18,51,15,29.4,8,0.4,3,6,2,1,8.0,3,1,1263.93,0.0,0,0.19,0,0,0,1,0,0,1
CLI-003574,1,4,3,2,66.7,8,5.0,5,0,2,2,22.3,3,0,32.4,0.02,0,0.62,0,0,0,1,0,1,0
CLI-001712,0,14,10,6,60.0,16,3.9,9,3,1,2,4.9,4,0,372.59,0.0,0,0.35,0,0,1,0,0,0,1
CLI-004467,0,14,102,48,50.0,15,8.7,7,6,1,4,2.6,2,0,7865.9,0.0,0,0.18,0,0,0,1,0,0,1
CLI-001089,0,1,5,1,20.0,2,0.1,3,1,0,3,10.5,4,4,61.17,0.0,0,0.38,0,0,0,1,1,0,0
CLI-002475,0,10,4,2,50.0,22,5.5,11,2,1,0,3.5,5,0,190.89,0.0,0,0.42,0,0,0,1,0,1,0
CLI-000528,0,7,53,12,22.6,1,0.8,6,0,1,2,7.1,3,1,2368.02,0.0,0,0.23,1,0,0,0,0,1,0
CLI-001268,0,9,1,1,100.0,4,2.9,2,4,5,2,19.8,4,1,9.11,0.02,0,0.25,0,0,0,1,0,1,0
CLI-000828,0,16,2,1,50.0,14,8.6,4,1,2,3,26.0,4,0,25.96,0.0,0,0.5,0,1,0,0,0,0,1
CLI-004583,0,14,8,3,37.5,15,12.1,15,3,5,3,5.0,3,0,423.61,0.01,0,0.58,0,1,0,0,0,0,1
CLI-003582,0,10,12,7,58.3,19,14.2,11,2,0,1,14.2,4,1,323.83,0.0,0,0.69,0,0,0,1,0,1,0
CLI-001833,0,17,38,22,57.9,30,18.6,1,2,2,0,3.1,5,0,414.22,0.0,0,0.12,0,0,1,0,0,0,1
CLI-001826,1,9,8,6,75.0,51,41.8,1,3,0,4,25.9,3,1,90.35,0.0,0,0.12,0,0,0,1,0,1,0
CLI-000099,0,14,7,5,71.4,45,28.3,4,3,0,1,22.1,3,1,62.76,0.0,0,0.5,0,0,0,1,0,0,1
CLI-004923,0,21,94,49,50.0,11,1.6,6,2,6,2,4.5,5,0,4815.03,0.01,0,0.23,0,1,0,0,0,0,1
CLI-003882,0,15,7,4,57.1,51,39.1,6,2,3,4,16.0,2,0,214.39,0.01,0,0.38,0,0,0,1,0,0,1
CLI-004328,0,4,785,304,38.7,7,0.7,3,0,2,0,10.5,4,0,43438.47,0.02,0,0.08,0,0,0,1,0,1,0
CLI-004018,1,1,52,28,53.8,23,1.2,8,0,1,4,9.0,2,0,2302.31,0.03,0,0.31,1,0,0,0,1,0,0
CLI-001626,0,11,38,16,42.1,9,3.1,2,3,1,0,9.2,5,0,409.4,0.0,0,0.25,0,0,1,0,0,1,0
CLI-003260,1,21,58,12,20.7,1,0.6,6,1,29,7,6.5,3,0,2467.59,0.05,0,0.23,0,0,0,1,0,0,1
CLI-002257,1,1,46,10,21.7,1,0.1,7,0,30,2,10.5,3,2,1800.79,1.0,1,0.27,0,0,0,1,1,0,0
CLI-004612,0,16,169,52,30.8,7,0.4,5,4,7,0,0.5,5,0,4315.13,0.01,0,0.31,0,0,0,1,0,0,1
CLI-001281,0,6,55,22,40.0,29,11.6,8,1,1,5,10.5,3,2,1479.83,0.01,0,0.5,0,0,0,1,0,1,0
CLI-003798,0,19,8,2,25.0,7,0.6,2,3,0,4,7.6,2,0,318.0,0.0,0,0.08,1,0,0,0,0,0,1
CLI-003085,0,1,24,4,16.7,1,0.4,4,0,5,3,13.5,4,2,480.27,0.17,0,0.25,1,0,0,0,1,0,0
CLI-001345,1,5,40,11,27.5,1,0.1,3,3,23,0,7.3,4,1,752.92,0.15,0,0.19,0,1,0,0,0,1,0
CLI-000270,0,12,42,31,73.8,65,52.6,4,2,1,0,13.2,4,1,500.95,0.0,0,0.5,0,0,0,1,0,1,0
CLI-004111,0,3,10,3,30.0,8,5.65,4,3,1,0,15.0,3,2,214.86,0.01,0,0.25,0,1,0,0,1,0,0
CLI-003652,0,12,3,1,33.3,10,3.0,3,2,2,1,28.6,3,1,36.94,0.01,0,0.38,0,0,0,1,0,1,0
CLI-004955,0,5,161,117,72.7,53,37.8,8,5,1,1,10.1,5,2,4183.85,0.01,0,0.5,0,0,1,0,0,1,0
CLI-002959,1,1,197,119,60.4,41,29.8,5,0,2,4,37.1,1,2,2364.0,0.07,0,0.62,0,0,0,1,1,0,0
CLI-001515,0,11,49,10,20.4,4,1.9,7,2,2,2,0.5,5,0,3421.0,0.01,0,0.18,0,0,0,1,0,1,0
CLI-004460,1,1,14,1,7.1,1,0.2,2,0,18,1,10.5,2,3,293.5,0.6,0,0.12,1,0,0,0,1,0,0
CLI-004620,0,1,27,21,77.8,61,53.2,7,0,4,2,15.2,2,0,555.09,0.13,0,0.44,1,0,0,0,1,0,0
CLI-001160,0,26,3,1,33.3,1,0.1,1,7,19,1,10.5,4,0,34.57,0.02,0,0.12,0,0,0,1,0,0,1
CLI-004030,1,6,23,3,13.0,1,0.1,6,0,30,3,3.8,3,1,1696.29,0.17,1,0.15,1,0,0,0,0,1,0
CLI-000060,1,2,849,244,28.7,12,5.0,19,0,1,5,4.7,2,5,58810.66,0.02,0,0.48,0,0,0,1,1,0,0
CLI-002439,1,10,7,4,57.1,21,11.3,5,3,0,2,26.6,2,0,85.77,0.0,0,0.62,1,0,0,0,0,1,0
CLI-001858,1,5,4,3,50.0,69,44.6,5,1,2,1,10.5,5,1,48.99,0.01,0,0.62,0,0,0,1,0,1,0
CLI-004348,0,7,65,31,47.7,18,8.2,11,2,2,0,5.1,5,1,3105.61,0.01,0,0.42,0,1,0,0,0,1,0
CLI-004326,0,1,16,5,31.2,8,6.5,3,2,2,5,11.6,4,3,323.33,0.07,0,0.19,0,1,0,0,1,0,0
CLI-004806,1,1,57,13,22.8,1,0.4,1,0,2,5,24.0,1,2,589.63,0.07,0,0.12,1,0,0,0,1,0,0
CLI-001985,0,13,72,12,16.7,1,0.1,0,3,1,0,10.7,4,0,1717.41,0.0,0,0.0,1,0,0,0,0,0,1
CLI-003936,1,5,4,1,25.0,8,3.7,2,0,2,6,10.5,2,1,42.45,0.01,0,0.25,0,0,0,1,0,1,0
CLI-000377,1,21,8,0,0.0,0,0.0,0,0,33,2,35.1,3,0,113.39,0.05,1,0.0,0,0,0,1,0,0,1
CLI-001485,1,5,10,8,80.0,53,40.1,7,0,2,0,13.0,2,1,234.74,0.01,0,0.44,0,0,0,1,0,1,0
CLI-001024,0,11,37,24,64.9,33,5.65,5,1,0,3,9.2,4,1,965.32,0.0,0,0.31,0,1,0,0,0,1,0
CLI-004074,0,1,11,5,45.5,7,4.1,3,0,5,3,5.8,3,3,459.3,0.17,0,0.12,0,1,0,0,1,0,0
CLI-003456,0,21,10,2,20.0,2,0.2,1,3,23,5,26.4,3,0,127.18,0.04,0,0.12,1,0,0,0,0,0,1
CLI-002164,1,10,189,73,38.6,1,0.5,6,1,4,1,4.0,4,1,9389.44,0.01,0,0.23,0,1,0,0,0,1,0
CLI-001731,0,17,45,29,64.4,49,24.4,4,6,0,7,36.1,3,0,582.22,0.0,0,0.5,0,0,0,1,0,0,1
CLI-000428,1,2,4,1,25.0,1,0.5,2,0,2,8,26.6,2,1,42.4,0.03,0,0.25,0,0,0,1,1,0,0
CLI-001611,0,8,89,51,57.3,36,5.65,9,2,1,2,14.0,3,0,2346.87,0.0,0,0.56,0,0,0,1,0,1,0
CLI-004618,0,1,88,29,33.0,17,3.6,9,0,2,5,6.0,3,1,4306.18,0.07,0,0.35,0,0,0,1,1,0,0
CLI-004358,1,2,43,6,14.0,1,0.3,1,0,2,6,11.8,1,2,1353.51,0.03,0,0.04,0,0,0,1,1,0,0
CLI-003468,0,9,58,53,91.4,90,68.8,25,0,2,11,2.7,3,0,5701.5,0.01,0,0.62,0,0,0,1,0,1,0
CLI-003729,0,9,214,91,42.5,7,1.1,4,3,10,1,12.6,5,3,4466.14,0.04,0,0.25,0,0,0,1,0,1,0
CLI-000459,1,4,51,0,0.0,0,0.0,0,0,42,0,17.9,3,2,496.83,0.35,1,0.0,0,0,0,1,0,1,0
CLI-004227,0,10,56,14,25.0,1,0.1,1,3,24,0,0.5,5,0,545.46,0.08,0,0.12,0,0,0,1,0,1,0
CLI-002075,1,14,37,3,8.1,1,0.2,0,2,7,0,10.5,5,0,375.86,0.02,0,0.0,1,0,0,0,0,0,1
CLI-002487,1,11,23,17,73.9,55,26.5,5,5,0,5,37.7,2,0,320.43,0.0,0,0.62,1,0,0,0,0,1,0
CLI-002229,0,10,8,4,50.0,22,1.9,5,2,0,3,18.6,3,0,188.59,0.0,0,0.31,0,0,0,1,0,1,0
CLI-003669,0,12,468,101,21.6,2,0.4,7,3,0,1,2.4,4,0,29005.74,0.0,0,0.18,1,0,0,0,0,1,0
CLI-001852,0,9,34,14,41.2,12,4.6,21,2,2,3,4.8,1,1,3015.05,0.01,0,0.52,1,0,0,0,0,1,0
CLI-000031,1,7,98,10,10.2,1,0.3,2,0,17,0,4.8,3,3,3037.11,0.08,0,0.08,0,0,0,1,0,1,0
CLI-001231,0,19,439,360,82.0,62,61.4,14,3,1,0,3.0,3,0,21512.33,0.0,0,0.54,0,0,0,1,0,0,1
CLI-001680,0,17,2,1,50.0,7,3.8,2,6,3,4,27.0,4,0,23.23,0.01,0,0.25,0,0,1,0,0,0,1
CLI-004482,0,3,77,39,50.6,19,7.4,13,0,2,0,11.7,3,1,3339.16,0.02,0,0.5,0,0,0,1,1,0,0
CLI-004175,0,7,19,13,68.4,66,52.5,16,0,1,0,5.5,4,1,872.4,0.0,0,0.62,0,0,0,1,0,1,0
CLI-002892,0,21,17,9,52.9,20,6.2,1,2,0,3,10.1,4,0,942.98,0.0,0,0.04,0,1,0,0,0,0,1
CLI-002716,0,19,175,111,63.4,9,0.8,7,1,4,1,0.6,4,0,8134.88,0.01,0,0.27,0,0,0,1,0,0,1
CLI-004021,1,4,11,3,27.3,5,2.4,4,0,11,1,13.9,4,1,246.71,0.09,0,0.25,0,1,0,0,0,1,0
CLI-003959,0,23,258,37,14.3,1,0.2,1,9,1,0,4.4,3,0,10533.42,0.0,0,0.04,0,0,0,1,0,0,1
CLI-000763,0,7,32,15,46.9,1,0.3,5,3,14,3,7.5,3,2,770.88,0.07,0,0.31,0,0,0,1,0,1,0
CLI-003630,0,16,57,38,66.7,31,17.2,8,0,0,1,5.7,5,1,1395.89,0.0,0,0.5,0,1,0,0,0,0,1
CLI-003651,0,12,1,1,100.0,1,0.1,2,2,30,0,15.1,4,1,11.29,0.08,1,0.25,0,1,0,0,0,1,0
CLI-000447,0,13,11,7,63.6,33,21.7,4,1,0,3,31.4,2,0,150.84,0.0,0,0.5,1,0,0,0,0,0,1
CLI-001595,0,7,56,19,33.9,7,0.4,0,2,0,2,12.4,3,0,1312.47,0.0,0,0.0,0,1,0,0,0,1,0
CLI-000618,1,1,267,106,39.7,16,7.9,8,0,0,1,13.7,3,2,5271.06,0.0,0,0.5,0,1,0,0,1,0,0
CLI-003107,1,19,53,0,0.0,0,5.65,0,0,49,4,28.2,2,0,676.86,0.09,1,0.0,0,0,0,1,0,0,1
CLI-001798,0,7,9,8,88.9,101,5.65,3,1,1,1,26.4,4,1,111.01,0.0,0,0.38,0,0,0,1,0,1,0
CLI-000483,0,12,41,8,19.5,1,0.4,4,3,15,0,1.2,4,0,3444.27,0.04,0,0.1,0,0,0,1,0,1,0
CLI-003808,0,5,29,16,55.2,22,11.2,6,1,0,1,10.8,3,1,895.74,0.0,0,0.38,0,1,0,0,0,1,0
CLI-004903,0,9,2,2,100.0,87,94.5,12,1,1,0,0.8,4,1,99.26,0.0,0,0.46,0,1,0,0,0,1,0
CLI-001193,0,1,208,146,70.2,48,44.9,13,0,0,0,1.0,4,5,9163.84,0.0,0,0.5,0,1,0,0,1,0,0
CLI-000927,0,9,32,12,37.5,16,8.0,6,0,3,2,9.4,4,0,739.13,0.01,0,0.38,0,1,0,0,0,1,0
CLI-002800,1,23,9,0,0.0,0,0.0,0,0,62,5,34.7,3,0,106.41,0.09,1,0.0,1,0,0,0,0,0,1
CLI-000078,0,12,186,12,50.0,1,0.3,5,2,19,0,4.2,3,0,8010.0,0.05,0,0.19,0,0,0,1,0,1,0
CLI-000260,1,8,49,18,36.7,9,3.9,8,0,1,0,0.5,5,3,2607.96,0.0,0,0.31,0,0,0,1,0,1,0
CLI-003816,0,23,6,1,16.7,1,0.1,1,3,12,0,4.5,4,0,236.01,0.02,0,0.04,0,0,0,1,0,0,1
CLI-000723,0,14,1,1,100.0,30,17.6,3,3,2,1,20.3,2,0,10.85,0.0,0,0.38,1,0,0,0,0,0,1
CLI-000289,1,18,131,0,0.0,0,0.0,0,0,113,6,7.7,3,0,5331.33,0.21,1,0.0,0,0,0,1,0,0,1
CLI-003118,0,18,123,64,52.0,19,8.1,7,4,2,0,10.1,3,0,3474.33,0.0,0,0.44,0,0,0,1,0,0,1
CLI-000202,0,22,34,18,52.9,18,10.1,9,4,2,2,7.7,4,0,1691.7,0.0,0,0.35,0,0,0,1,0,0,1
CLI-002120,1,8,804,0,0.0,0,0.0,0,0,39,5,7.1,2,1,32673.43,0.16,1,0.0,1,0,0,0,0,1,0
CLI-003363,0,13,871,652,74.9,22,5.7,6,0,1,5,10.4,5,0,25169.0,0.0,0,0.38,0,0,0,1,0,0,1
CLI-003189,0,21,18,6,33.3,1,0.1,8,8,27,2,5.9,3,1,861.15,0.04,0,0.31,0,0,0,1,0,0,1
CLI-004900,0,21,9,6,66.7,14,2.2,7,4,1,2,12.8,3,0,251.7,0.0,0,0.44,0,1,0,0,0,0,1
CLI-001213,0,4,6,5,83.3,49,21.1,8,0,2,3,10.5,2,1,158.91,0.02,0,0.5,0,0,0,1,0,1,0
CLI-003914,0,1,689,296,43.0,20,8.5,2,0,1,1,4.3,3,2,24732.91,0.03,0,0.08,0,0,0,1,1,0,0
CLI-002394,1,1,217,108,49.8,29,27.8,12,0,0,0,4.3,5,5,10036.92,0.0,0,0.46,0,0,0,1,1,0,0
CLI-001602,1,15,9,5,55.6,24,2.5,1,2,0,9,31.3,4,1,108.0,0.0,0,0.12,0,0,0,1,0,0,1
CLI-001049,1,8,7,4,57.1,18,4.9,11,2,0,1,7.8,1,3,298.33,0.0,0,0.42,1,0,0,0,0,1,0
CLI-000432,0,18,37,22,59.5,24,10.9,6,5,0,0,3.2,5,0,1883.7,0.0,0,0.23,0,0,0,1,0,0,1
CLI-004422,0,9,56,18,32.1,17,6.3,4,2,1,1,11.6,4,0,754.24,0.0,0,0.5,0,0,0,1,0,1,0
CLI-001088,0,5,499,63,12.6,1,0.1,7,2,15,1,4.2,4,1,25520.37,0.1,0,0.27,1,0,0,0,0,1,0
CLI-001650,0,13,8,4,50.0,28,14.4,3,6,0,2,32.5,2,1,93.46,0.0,0,0.38,0,0,0,1,0,0,1
CLI-002126,1,2,3,1,33.3,1,0.1,0,1,11,2,10.7,3,0,78.64,0.18,0,0.0,0,1,0,0,1,0,0
CLI-004681,0,12,20,13,65.0,34,13.1,6,1,1,0,1.3,5,2,492.74,0.0,0,0.38,0,1,0,0,0,1,0
CLI-002116,1,1,10,3,30.0,9,1.8,4,0,6,3,13.0,3,6,265.67,0.2,0,0.25,0,1,0,0,1,0,0
CLI-001628,0,22,4,2,50.0,23,9.4,6,8,0,0,10.9,4,0,104.05,0.0,0,0.38,0,0,1,0,0,0,1
CLI-000639,0,17,202,180,89.1,65,50.3,13,5,1,5,0.5,4,0,15746.24,0.0,0,0.32,0,0,0,1,0,0,1
CLI-003620,0,19,6,2,33.3,9,0.8,4,5,1,0,6.1,5,0,173.79,0.0,0,0.25,0,0,0,1,0,0,1
CLI-002522,0,32,27,13,48.1,4,5.65,1,6,7,1,10.5,5,1,409.23,0.01,0,0.12,0,0,0,1,0,0,1
CLI-004906,1,4,24,7,29.2,1,0.6,5,0,9,7,10.5,2,2,584.75,0.08,0,0.31,0,0,0,1,0,1,0
CLI-003931,0,19,42,8,19.0,4,1.5,4,8,11,0,8.1,4,0,1060.91,0.02,0,0.25,1,0,0,0,0,0,1
CLI-003912,0,2,1,1,100.0,22,12.3,4,0,0,1,11.4,3,1,17.5,0.0,0,0.25,0,0,0,1,1,0,0
CLI-002423,1,23,9,0,50.0,0,0.0,0,0,45,6,22.1,4,0,122.79,0.07,1,0.0,0,0,0,1,0,0,1
CLI-004606,0,23,1,1,100.0,52,24.9,4,7,0,6,10.7,4,0,39.77,0.0,0,0.15,0,0,1,0,0,0,1
CLI-002421,0,9,13,8,61.5,29,5.65,9,2,1,5,7.1,5,0,600.43,0.0,0,0.35,0,0,0,1,0,1,0
CLI-001557,1,1,17,6,35.3,8,3.5,1,0,4,1,25.0,4,4,166.6,0.13,0,0.12,0,0,0,1,1,0,0
CLI-003555,0,15,23,7,30.4,7,1.4,8,2,1,1,7.6,3,0,993.81,0.0,0,0.31,0,0,0,1,0,0,1
CLI-000246,0,16,10,5,50.0,19,12.8,2,3,1,2,10.5,3,0,132.31,0.0,0,0.25,0,0,0,1,0,0,1
CLI-003132,0,5,52,11,21.2,1,0.1,3,1,8,1,10.5,3,1,2257.29,0.05,0,0.12,0,0,0,1,0,1,0
CLI-003869,0,16,2,1,50.0,25,13.6,3,4,3,2,22.8,4,0,18.63,0.01,0,0.38,0,0,0,1,0,0,1
CLI-001420,0,11,6,5,83.3,60,30.2,5,4,0,1,20.9,5,1,78.13,0.0,0,0.62,0,0,0,1,0,1,0
CLI-001876,0,9,3,3,100.0,69,45.6,3,4,0,0,14.2,5,1,33.26,0.0,0,0.38,0,0,1,0,0,1,0
CLI-001171,0,2,2,1,50.0,26,18.7,14,0,0,7,7.2,3,1,90.91,0.0,0,0.54,0,0,0,1,1,0,0
CLI-000455,0,12,3,1,33.3,3,0.7,3,6,10,2,18.9,4,1,24.02,0.03,0,0.38,0,0,0,1,0,1,0
CLI-001432,0,12,7,1,14.3,1,0.1,1,3,30,2,13.5,3,1,154.67,0.08,1,0.06,0,0,0,1,0,1,0
CLI-003007,1,13,14,6,42.9,1,0.3,2,1,8,4,15.7,2,0,537.35,0.02,0,0.08,1,0,0,0,0,0,1
CLI-002088,0,17,167,126,75.4,43,19.3,9,6,0,0,11.1,4,0,5016.59,0.0,0,0.56,0,0,0,1,0,0,1
CLI-000552,0,14,58,28,48.3,37,14.7,5,2,0,1,5.2,4,1,2080.09,0.0,0,0.19,0,1,0,0,0,0,1
CLI-002931,1,11,8,4,50.0,1,0.2,1,2,30,6,35.5,3,2,103.77,0.09,1,0.12,0,0,0,1,0,1,0
CLI-002085,0,18,12,4,33.3,4,0.2,7,4,2,2,8.5,3,0,310.4,0.0,0,0.44,0,1,0,0,0,0,1
CLI-001952,0,19,52,22,42.3,24,10.9,9,1,0,1,8.6,4,0,2495.39,0.0,0,0.35,0,0,0,1,0,0,1
CLI-000896,0,10,11,6,54.5,23,11.5,2,10,6,1,20.4,5,0,127.66,0.02,0,0.25,0,0,0,1,0,1,0
CLI-001041,1,8,7,5,71.4,15,8.4,4,2,4,3,30.8,2,0,84.7,0.02,0,0.5,1,0,0,0,0,1,0
CLI-000426,1,1,39,0,0.0,0,0.0,0,0,30,1,11.7,3,2,977.01,1.0,1,0.0,0,0,0,1,1,0,0
CLI-004031,1,1,7,3,42.9,1,0.1,0,0,1,2,23.5,3,5,86.12,0.03,0,0.0,0,0,0,1,1,0,0
CLI-004602,0,5,17,5,29.4,1,0.4,0,1,13,4,8.9,3,0,401.5,0.09,0,0.0,0,1,0,0,0,1,0
CLI-002772,0,2,15,13,86.7,98,46.0,4,0,5,2,22.6,5,2,178.42,0.08,0,0.5,0,0,0,1,1,0,0
CLI-000199,0,12,24,5,20.8,1,0.4,5,6,21,0,0.5,4,1,944.61,0.06,0,0.19,1,0,0,0,0,1,0
CLI-004959,0,5,136,110,80.9,39,3.6,11,0,1,0,4.7,3,2,12064.03,0.01,0,0.28,0,1,0,0,0,1,0
CLI-000900,0,17,56,27,48.2,14,3.6,5,5,1,1,14.3,4,0,659.08,0.0,0,0.62,0,0,0,1,0,0,1
CLI-002529,0,1,7,4,57.1,13,5.4,7,0,1,2,5.8,4,2,310.2,0.03,0,0.27,0,0,0,1,1,0,0
CLI-003043,0,1,23,13,50.0,19,7.0,8,0,3,3,11.9,4,3,532.52,0.1,0,0.5,0,0,0,1,1,0,0
CLI-000406,0,6,3,2,66.7,33,12.7,4,2,1,4,25.4,4,3,41.61,0.01,0,0.5,0,0,0,1,0,1,0
CLI-000092,1,1,6,1,16.7,3,0.2,6,0,3,12,22.5,2,3,166.43,0.1,0,0.38,0,0,0,1,1,0,0
CLI-003357,0,7,30,23,76.7,38,23.4,18,0,2,5,4.2,4,1,2861.4,0.01,0,0.45,0,0,0,1,0,1,0
CLI-001060,0,16,25,21,84.0,83,71.4,14,6,3,2,6.4,4,1,1388.95,0.01,0,0.54,0,0,0,1,0,0,1
CLI-003131,1,1,2,1,50.0,16,10.3,2,0,0,2,27.7,3,4,20.78,0.0,0,0.25,0,1,0,0,1,0,0
CLI-002831,0,18,72,39,54.2,21,5.6,14,4,0,7,9.7,3,0,4466.39,0.0,0,0.54,0,0,0,1,0,0,1
CLI-000891,1,1,12,9,75.0,91,46.0,19,0,0,2,5.5,4,3,477.35,0.0,0,0.73,0,1,0,0,1,0,0
CLI-004492,0,21,10,3,30.0,5,0.2,5,7,6,4,12.0,3,0,196.06,0.01,0,0.31,0,0,0,1,0,0,1
CLI-001215,0,5,171,89,52.0,16,8.3,7,0,1,3,10.5,4,0,3355.8,0.01,0,0.44,0,1,0,0,0,1,0
CLI-004816,0,6,5,1,20.0,3,1.2,5,0,3,2,24.1,5,1,63.85,0.02,0,0.62,1,0,0,0,0,1,0
CLI-001868,0,7,15,5,33.3,7,0.4,16,2,9,1,2.6,2,0,1271.4,0.04,0,0.4,1,0,0,0,0,1,0
CLI-002393,0,17,7,5,71.4,38,18.6,5,3,0,0,15.7,5,0,93.41,0.0,0,0.62,0,0,1,0,0,0,1
CLI-004367,1,1,20,12,60.0,39,18.3,4,0,2,8,16.0,2,2,439.21,0.07,0,0.25,0,0,0,1,1,0,0
CLI-001630,1,27,98,0,50.0,0,0.0,0,0,76,4,20.4,2,0,2697.77,0.09,1,0.0,0,0,0,1,0,0,1
CLI-001621,1,6,24,0,0.0,0,0.0,0,0,59,0,10.5,3,0,279.56,0.33,1,0.0,1,0,0,0,0,1,0
CLI-001149,1,6,11,9,81.8,68,34.7,3,3,2,3,10.5,4,1,155.72,0.01,0,0.38,0,0,1,0,0,1,0
CLI-001092,0,7,18,1,5.6,1,0.5,0,1,7,5,14.4,2,0,393.72,0.03,0,0.0,0,0,0,1,0,1,0
CLI-000089,0,19,32,26,81.2,81,53.6,13,4,2,6,14.5,4,0,795.78,0.0,0,0.81,0,0,0,1,0,0,1
CLI-001865,1,20,9,1,11.1,1,0.1,1,8,30,0,10.5,5,0,81.1,0.05,1,0.12,0,0,0,1,0,0,1
CLI-000105,0,8,88,76,86.4,95,76.8,35,0,0,1,2.2,5,3,5252.03,0.0,0,0.88,0,0,0,1,0,1,0
CLI-002726,0,13,132,77,58.3,30,5.65,19,1,0,0,0.5,3,1,11809.92,0.0,0,0.48,0,0,0,1,0,0,1
CLI-000390,0,14,6,3,50.0,27,19.4,6,3,1,2,7.9,4,0,153.91,0.0,0,0.38,0,0,0,1,0,0,1
CLI-000492,0,4,3,2,66.7,43,16.1,6,1,0,0,20.0,5,5,32.95,0.0,0,0.75,0,1,0,0,0,1,0
CLI-004503,0,12,6,3,50.0,16,4.1,2,2,1,4,26.5,4,0,47.92,0.0,0,0.25,0,0,1,0,0,1,0
CLI-003638,0,6,21,12,57.1,20,5.65,6,1,0,0,6.8,5,0,444.51,0.0,0,0.38,0,0,0,1,0,1,0
CLI-004656,0,7,36,12,50.0,11,0.7,4,1,3,2,5.2,2,2,1371.47,0.01,0,0.15,0,0,0,1,0,1,0
CLI-000560,0,10,55,37,67.3,39,12.1,8,2,3,0,10.0,5,0,1280.0,0.01,0,0.5,0,0,0,1,0,1,0
CLI-003704,0,21,11,9,81.8,33,5.65,2,3,0,1,15.0,4,0,141.93,0.0,0,0.25,0,0,0,1,0,0,1
CLI-000431,1,14,23,0,0.0,0,0.0,0,0,53,6,25.9,1,0,276.0,0.13,1,0.0,1,0,0,0,0,0,1
CLI-000638,0,16,6,5,83.3,64,49.1,4,4,4,0,14.1,5,0,67.19,0.01,0,0.5,0,0,1,0,0,0,1
CLI-004875,0,17,23,9,39.1,13,8.5,11,4,0,3,7.7,4,0,1082.16,0.0,0,0.42,0,0,1,0,0,0,1
CLI-001790,1,11,39,19,48.7,5,1.8,1,1,0,8,38.2,3,0,469.07,0.0,0,0.12,1,0,0,0,0,1,0
CLI-002059,0,17,3,2,66.7,45,25.3,4,2,0,6,32.0,2,0,45.46,0.0,0,0.5,0,0,0,1,0,0,1
CLI-004023,1,1,211,133,63.0,36,11.5,12,2,1,6,4.6,2,0,7954.44,0.03,0,0.46,0,0,0,1,1,0,0
CLI-001310,1,1,8,0,0.0,0,0.0,0,0,30,9,40.3,2,0,97.62,1.0,1,0.0,0,0,0,1,1,0,0
CLI-003481,0,8,11,8,72.7,65,32.1,6,3,1,3,30.7,2,0,134.83,0.0,0,0.75,0,0,0,1,0,1,0
CLI-000748,0,1,46,36,78.3,49,28.5,15,0,0,0,2.1,5,1,2025.39,0.0,0,0.58,0,0,0,1,1,0,0
CLI-002180,0,1,136,73,53.7,15,2.1,5,1,2,3,20.3,2,4,3070.34,0.07,0,0.31,0,0,0,1,1,0,0
CLI-001909,0,14,55,47,85.5,39,15.8,5,3,0,0,7.8,4,0,1322.53,0.0,0,0.31,0,0,1,0,0,0,1
CLI-000770,0,24,96,9,9.4,1,0.3,0,8,4,8,10.5,2,0,2479.04,0.01,0,0.0,0,0,0,1,0,0,1
CLI-000488,0,4,2,2,100.0,89,83.9,5,0,0,4,35.4,3,1,29.28,0.0,0,0.62,0,0,0,1,0,1,0
CLI-003273,0,10,1,1,100.0,22,5.65,3,3,2,4,18.4,4,0,11.77,0.01,0,0.38,0,0,1,0,0,1,0
CLI-004960,0,9,7,4,57.1,22,8.2,2,4,2,2,19.2,5,0,87.3,0.01,0,0.25,0,0,1,0,0,1,0
CLI-003664,0,6,467,297,63.6,56,47.5,27,2,0,0,4.6,5,2,42134.9,0.0,0,0.68,0,1,0,0,0,1,0
CLI-003946,1,1,54,15,27.8,1,0.5,6,0,1,2,10.5,3,4,1347.8,0.03,0,0.38,0,0,0,1,1,0,0
CLI-004566,1,11,36,13,36.1,1,0.1,3,1,7,9,18.5,2,2,921.5,0.02,0,0.19,1,0,0,0,0,1,0
CLI-000404,1,1,52,15,28.8,3,1.2,0,0,0,6,27.0,4,2,517.81,0.0,0,0.0,0,0,0,1,1,0,0
CLI-001637,0,2,38,15,39.5,10,2.7,2,0,1,2,12.3,4,3,1128.49,0.02,0,0.12,0,0,0,1,1,0,0
CLI-002901,0,6,182,128,70.3,40,34.2,18,2,1,3,7.4,5,3,8715.13,0.01,0,0.69,0,0,0,1,0,1,0
CLI-004746,0,15,2,1,50.0,15,3.5,7,0,2,4,11.0,4,0,50.41,0.0,0,0.44,0,1,0,0,0,0,1
CLI-004778,0,7,239,74,31.0,15,8.3,5,1,1,4,10.5,3,1,8830.08,0.0,0,0.19,0,0,0,1,0,1,0
CLI-000757,1,10,46,7,15.2,5,2.1,2,4,2,10,36.6,2,0,483.83,0.01,0,0.25,1,0,0,0,0,1,0
CLI-004324,0,11,10,9,90.0,113,100.7,4,1,2,2,20.2,5,2,151.16,0.01,0,0.5,0,0,0,1,0,1,0
CLI-004209,0,17,9,4,50.0,11,6.9,1,2,2,0,19.2,4,0,119.99,0.0,0,0.12,0,0,0,1,0,0,1
CLI-003753,0,13,55,6,10.9,1,0.1,8,4,30,1,5.3,3,2,2151.38,0.08,1,0.31,0,0,0,1,0,0,1
CLI-002811,0,9,64,9,14.1,1,0.1,3,2,10,3,5.4,3,1,4934.23,0.04,0,0.08,0,0,0,1,0,1,0
CLI-000670,1,12,199,0,0.0,0,5.65,0,0,114,0,2.0,5,0,18484.05,0.32,1,0.0,1,0,0,0,0,1,0
CLI-001098,1,5,10,2,20.0,1,0.1,2,0,30,1,24.2,3,3,98.09,0.2,1,0.25,0,0,0,1,0,1,0
CLI-003179,0,9,68,21,30.9,13,2.0,4,1,3,0,3.1,4,1,1873.22,0.01,0,0.25,0,0,0,1,0,1,0
CLI-004469,0,8,4,2,50.0,16,7.6,2,1,4,0,10.5,4,0,49.98,0.02,0,0.25,0,1,0,0,0,1,0
CLI-002405,1,1,7,0,0.0,0,0.0,0,0,30,4,24.9,3,2,87.74,1.0,1,0.0,1,0,0,0,1,0,0
CLI-002548,0,12,5,5,100.0,111,71.6,6,5,2,0,16.7,3,0,61.24,0.01,0,0.75,0,0,0,1,0,1,0
CLI-004673,0,17,4,3,75.0,42,22.2,7,4,1,0,4.8,4,0,163.47,0.0,0,0.27,0,0,0,1,0,0,1
CLI-003901,1,11,306,82,26.8,1,0.2,11,2,8,9,3.2,1,1,22534.37,0.02,0,0.28,0,0,0,1,0,1,0
CLI-004418,1,1,3,1,33.3,1,0.1,3,1,6,3,29.7,2,2,35.28,0.2,0,0.38,1,0,0,0,1,0,0
CLI-004995,0,6,14,8,57.1,41,5.65,11,0,3,1,10.5,3,3,392.02,0.02,0,0.69,0,1,0,0,0,1,0
CLI-002272,0,1,51,32,62.7,1,0.8,6,0,11,0,2.0,4,2,1971.33,0.37,0,0.23,0,0,0,1,1,0,0
CLI-004241,1,3,6,2,33.3,1,0.5,2,0,29,1,15.7,4,0,59.17,0.32,0,0.25,0,1,0,0,1,0,0
CLI-001715,0,12,54,43,79.6,34,6.0,5,1,0,2,4.1,5,0,2833.64,0.0,0,0.19,0,0,0,1,0,1,0
CLI-001273,1,18,10,3,30.0,2,0.1,5,2,1,5,10.5,3,0,484.84,0.0,0,0.19,0,1,0,0,0,0,1
CLI-002838,0,10,1,1,100.0,41,23.4,5,2,0,5,10.5,2,0,38.88,0.0,0,0.19,0,0,0,1,0,1,0
CLI-004377,0,16,9,6,66.7,47,20.4,3,1,1,5,27.1,2,0,114.34,0.0,0,0.38,0,0,0,1,0,0,1
CLI-003738,0,9,33,16,48.5,24,5.65,11,2,1,2,13.3,5,0,888.53,0.0,0,0.69,0,1,0,0,0,1,0
CLI-002250,0,16,1,1,100.0,1,0.2,2,2,4,4,10.5,4,0,15.19,0.01,0,0.25,0,0,0,1,0,0,1
CLI-001421,1,11,6,0,0.0,0,0.0,0,0,54,3,14.9,4,0,167.16,0.16,1,0.0,1,0,0,0,0,1,0
CLI-003678,1,5,57,0,0.0,0,0.0,0,0,56,5,11.0,2,1,2240.62,0.37,1,0.0,0,0,0,1,0,1,0
CLI-001400,1,5,18,11,61.1,31,9.8,11,0,2,5,4.3,2,1,1468.92,0.01,0,0.28,0,0,0,1,0,1,0
CLI-002103,0,7,11,7,63.6,25,10.0,4,3,2,2,14.5,4,0,280.62,0.01,0,0.25,0,0,1,0,0,1,0
CLI-001934,1,6,38,0,0.0,0,0.0,0,0,89,0,0.8,5,0,1558.43,0.49,1,0.0,0,0,0,1,0,1,0
CLI-001503,0,1,47,40,85.1,84,65.3,11,0,0,3,15.0,4,4,1074.74,0.0,0,0.69,0,0,0,1,1,0,0
CLI-004886,1,2,3,1,33.3,1,0.3,4,0,9,5,10.5,2,0,77.14,0.15,0,0.25,1,0,0,0,1,0,0
CLI-002499,1,8,6,3,50.0,7,1.9,3,1,2,1,13.5,3,0,182.82,0.01,0,0.19,0,1,0,0,0,1,0
CLI-002960,0,15,25,10,40.0,12,5.3,2,0,0,1,12.2,3,0,584.77,0.0,0,0.12,0,1,0,0,0,0,1
CLI-002182,0,21,217,113,52.1,33,9.0,11,7,1,4,4.6,3,0,10502.06,0.0,0,0.42,0,1,0,0,0,0,1
CLI-001241,0,8,10,8,80.0,70,56.7,10,2,1,0,10.5,5,1,282.92,0.0,0,0.62,0,0,0,1,0,1,0
CLI-001498,1,11,6,3,50.0,27,8.8,4,4,0,3,27.8,3,1,68.81,0.0,0,0.5,0,1,0,0,0,1,0
CLI-000700,0,10,8,6,75.0,54,42.7,10,1,0,0,1.3,5,2,386.62,0.0,0,0.38,0,0,0,1,0,1,0
CLI-002167,1,23,205,120,58.5,21,5.65,15,2,2,9,8.3,1,1,9871.37,0.0,0,0.58,0,0,0,1,0,0,1
CLI-002486,0,12,54,38,70.4,39,16.8,7,2,3,1,10.4,4,1,1406.8,0.01,0,0.44,0,1,0,0,0,1,0
CLI-004817,0,27,29,17,58.6,15,2.1,6,6,2,0,7.1,4,0,692.92,0.0,0,0.38,0,0,1,0,0,0,1
CLI-003826,0,10,9,4,44.4,9,3.8,3,2,1,1,13.0,2,0,225.0,0.0,0,0.19,0,0,0,1,0,1,0
CLI-003844,0,11,144,36,25.0,12,7.2,5,4,1,3,7.5,4,0,6623.75,0.0,0,0.19,0,0,1,0,0,1,0
CLI-003102,0,17,45,42,93.3,76,52.8,7,6,0,4,30.1,4,0,643.91,0.0,0,0.88,0,0,0,1,0,0,1
CLI-001178,0,14,218,69,31.7,2,1.0,20,7,12,2,2.4,3,0,19549.6,0.03,0,0.5,0,0,0,1,0,0,1
CLI-004835,1,19,6,2,33.3,7,3.0,6,2,1,0,9.5,5,0,155.99,0.0,0,0.38,0,1,0,0,0,0,1
CLI-003379,0,13,48,10,20.8,3,1.6,6,2,1,1,10.5,3,0,1204.7,0.0,0,0.38,0,0,0,1,0,0,1
CLI-004575,0,24,46,36,78.3,47,34.8,14,2,0,1,7.2,4,0,2285.86,0.0,0,0.54,0,1,0,0,0,0,1
CLI-004556,0,19,1,1,100.0,15,2.9,3,8,1,5,10.5,4,0,26.98,0.0,0,0.19,0,0,0,1,0,0,1
CLI-004357,0,3,174,80,46.0,7,3.5,8,1,2,1,3.3,3,0,7302.94,0.02,0,0.31,0,0,0,1,1,0,0
CLI-001929,1,2,149,28,18.8,1,0.1,5,0,5,2,7.3,2,3,9729.89,0.08,0,0.12,1,0,0,0,1,0,0
CLI-000764,0,9,4,3,75.0,60,5.65,6,1,3,1,4.8,5,0,113.83,0.01,0,0.38,0,0,0,1,0,1,0
CLI-000665,1,1,89,0,0.0,0,0.0,0,0,30,0,4.1,3,2,3757.29,1.0,1,0.0,0,0,0,1,1,0,0
CLI-002561,0,19,5,3,60.0,18,11.1,3,2,1,5,41.4,3,0,60.0,0.0,0,0.38,0,1,0,0,0,0,1
CLI-001505,0,18,194,164,84.5,91,46.6,19,2,0,6,8.2,1,0,9679.58,0.0,0,0.73,0,0,0,1,0,0,1
CLI-000010,0,21,1,1,100.0,73,64.5,8,2,0,1,10.8,4,0,26.36,0.0,0,0.5,0,1,0,0,0,0,1
CLI-003330,1,7,10,6,60.0,27,15.6,16,0,3,6,5.2,3,2,735.37,0.01,0,0.4,0,0,0,1,0,1,0
CLI-001966,0,18,764,510,50.0,28,9.3,7,3,0,0,3.7,4,0,73524.22,0.0,0,0.18,0,0,1,0,0,0,1
CLI-000326,0,11,108,78,72.2,46,25.2,13,2,2,0,0.7,4,2,4511.61,0.01,0,0.5,0,0,0,1,0,1,0
CLI-004538,0,11,12,4,33.3,1,0.5,2,3,24,1,10.9,4,2,280.42,0.07,0,0.12,0,0,0,1,0,1,0
CLI-000509,1,7,44,21,47.7,3,1.3,6,1,2,6,16.8,1,0,1070.54,0.01,0,0.38,1,0,0,0,0,1,0
CLI-001355,0,12,7,3,42.9,1,0.2,3,3,1,0,12.9,3,0,96.6,0.0,0,0.38,0,0,0,1,0,1,0
CLI-001258,0,1,36,14,38.9,7,2.1,5,1,6,0,10.5,5,2,778.22,0.2,0,0.31,0,0,0,1,1,0,0
CLI-002883,0,18,1,1,100.0,1,0.5,3,3,9,4,32.0,2,0,13.98,0.02,0,0.38,1,0,0,0,0,0,1
CLI-001732,0,14,9,7,77.8,5,5.65,4,5,2,1,26.7,2,1,122.96,0.0,0,0.5,0,0,0,1,0,0,1
CLI-002899,0,12,2,1,50.0,30,9.7,7,2,1,2,16.1,3,0,54.21,0.0,0,0.44,0,1,0,0,0,1,0
CLI-004455,1,1,9,7,77.8,31,13.9,3,0,0,2,10.5,3,3,84.79,0.0,0,0.38,0,0,0,1,1,0,0
CLI-000673,0,17,699,602,86.1,94,102.4,16,5,1,6,9.9,3,0,38916.67,0.0,0,0.62,0,0,0,1,0,0,1
CLI-001133,0,23,6,1,16.7,2,0.8,8,4,1,8,20.5,3,0,149.11,0.0,0,0.5,1,0,0,0,0,0,1
CLI-002678,0,5,26,22,84.6,60,26.6,23,0,1,2,2.8,4,1,2284.71,0.01,0,0.57,0,0,0,1,0,1,0
CLI-001200,0,1,3,1,33.3,16,5.65,4,0,3,1,11.7,5,2,56.03,0.1,0,0.25,0,1,0,0,1,0,0
CLI-003999,0,21,58,19,32.8,1,0.1,3,2,16,1,10.4,2,0,1275.94,0.03,0,0.19,1,0,0,0,0,0,1
CLI-003044,1,1,1,1,100.0,34,23.6,1,0,0,4,31.3,2,2,12.3,0.0,0,0.12,1,0,0,0,1,0,0
CLI-003612,0,13,194,65,33.5,12,1.4,12,6,1,4,2.2,4,0,9268.09,0.0,0,0.46,0,0,1,0,0,0,1
CLI-000491,0,15,31,13,41.9,7,0.7,3,1,15,2,14.6,2,0,746.23,0.03,0,0.19,0,0,0,1,0,0,1
CLI-004081,0,8,27,21,77.8,54,30.7,6,0,3,2,13.7,3,0,756.39,0.01,0,0.38,0,0,0,1,0,1,0
CLI-004265,0,1,4,2,50.0,14,0.7,0,1,2,0,8.1,4,0,50.07,0.07,0,0.0,0,0,0,1,1,0,0
CLI-000615,0,16,40,26,65.0,30,9.7,2,3,0,8,37.6,2,0,532.77,0.0,0,0.25,1,0,0,0,0,0,1
CLI-004213,1,1,23,6,26.1,1,0.1,5,0,3,4,8.2,2,2,1055.66,0.1,0,0.19,1,0,0,0,1,0,0
CLI-003812,0,8,682,384,50.0,47,23.1,11,2,1,0,2.8,5,0,25763.66,0.0,0,0.42,0,0,0,1,0,1,0
CLI-002982,0,22,13,4,30.8,12,8.2,6,4,1,1,7.2,3,0,372.86,0.0,0,0.38,0,0,0,1,0,0,1
CLI-004698,0,19,4,3,75.0,30,8.5,1,3,1,2,19.1,5,0,46.24,0.0,0,0.12,0,0,1,0,0,0,1
CLI-000976,1,9,141,27,19.1,1,0.4,6,3,14,4,10.5,3,2,6089.37,0.05,0,0.23,0,0,0,1,0,1,0
CLI-001956,1,4,7,5,71.4,47,35.8,5,1,4,0,10.7,4,1,154.7,0.03,0,0.31,0,1,0,0,0,1,0
CLI-003217,0,8,4,2,50.0,19,4.1,3,5,2,1,5.9,5,0,110.89,0.01,0,0.19,0,0,0,1,0,1,0
CLI-004833,1,24,639,0,0.0,0,0.0,0,0,63,3,4.1,5,0,35341.33,0.09,1,0.0,0,0,0,1,0,0,1
CLI-001353,0,23,51,37,72.5,26,7.5,6,5,1,0,0.5,5,0,2120.05,0.0,0,0.23,0,0,1,0,0,0,1
CLI-002246,0,10,7,2,28.6,1,0.5,3,3,9,1,16.1,5,2,74.85,0.03,0,0.38,0,0,1,0,0,1,0
CLI-000128,1,1,186,74,39.8,3,0.7,7,0,12,1,6.4,4,4,8535.37,0.4,0,0.27,0,1,0,0,1,0,0
CLI-001821,0,16,11,9,81.8,74,5.65,12,0,0,1,6.7,3,0,288.58,0.0,0,0.75,0,0,0,1,0,0,1
CLI-001824,1,5,48,6,12.5,1,0.1,1,2,4,7,10.5,4,1,539.36,0.03,0,0.12,0,0,0,1,0,1,0
CLI-002665,1,26,10,0,0.0,0,0.0,0,0,53,0,23.0,3,0,124.83,0.07,1,0.0,0,0,0,1,0,0,1
CLI-002520,0,10,48,46,95.8,107,93.8,33,2,2,3,2.6,2,2,4724.11,0.01,0,0.82,0,0,0,1,0,1,0
CLI-003674,0,4,49,34,69.4,52,55.6,7,1,1,1,9.5,5,1,1271.4,0.01,0,0.44,0,1,0,0,0,1,0
CLI-001222,1,7,2,1,50.0,1,0.1,0,2,30,5,21.8,2,0,17.98,0.14,1,0.0,0,0,0,1,0,1,0
CLI-004010,1,6,12,5,41.7,12,3.3,3,0,2,2,14.2,4,1,118.72,0.01,0,0.38,0,0,0,1,0,1,0
CLI-003444,1,1,9,0,0.0,0,0.0,0,0,30,2,9.4,5,2,170.43,1.0,1,0.0,1,0,0,0,1,0,0
CLI-000070,0,10,69,11,15.9,3,1.5,4,2,5,0,10.5,5,0,3397.11,0.02,0,0.15,1,0,0,0,0,1,0
CLI-004731,0,24,179,34,19.0,1,0.1,1,3,3,0,2.7,5,0,8218.38,0.0,0,0.04,0,0,0,1,0,0,1
CLI-001656,1,2,24,13,54.2,5,1.3,5,0,1,3,11.3,4,5,569.33,0.02,0,0.31,0,0,0,1,1,0,0
CLI-000996,1,15,7,4,57.1,11,4.6,2,0,2,13,56.5,1,0,120.75,0.0,0,0.25,0,0,0,1,0,0,1
CLI-000347,1,17,38,9,23.7,9,3.0,5,1,1,11,19.2,1,0,954.45,0.0,0,0.31,0,0,0,1,0,0,1
CLI-004986,0,8,16,8,50.0,12,7.8,6,1,2,4,6.0,3,2,781.58,0.01,0,0.23,0,0,0,1,0,1,0
CLI-004138,0,18,6,2,33.3,3,0.2,1,3,27,2,24.3,5,0,69.98,0.05,0,0.12,0,0,0,1,0,0,1
CLI-001261,0,19,184,160,87.0,79,5.65,12,4,4,0,1.8,3,0,9183.04,0.01,0,0.46,0,0,0,1,0,0,1
CLI-001362,0,18,3,1,33.3,1,0.5,1,4,3,4,24.1,3,0,33.14,0.01,0,0.12,0,0,0,1,0,0,1
CLI-001107,0,8,9,8,88.9,62,51.4,4,3,0,2,10.5,4,0,245.54,0.0,0,0.25,0,0,0,1,0,1,0
CLI-004742,1,1,9,2,22.2,1,0.3,1,0,8,0,23.5,2,1,93.44,0.27,0,0.12,0,0,0,1,1,0,0
CLI-001082,1,9,415,150,36.1,6,1.7,6,0,2,6,10.5,2,0,18557.87,0.01,0,0.23,0,0,0,1,0,1,0
CLI-001450,0,19,2,2,100.0,107,85.8,5,6,1,1,21.1,5,0,28.03,0.0,0,0.62,0,0,1,0,0,0,1
CLI-002024,0,9,2,1,50.0,16,6.4,4,2,2,6,23.5,4,1,24.0,0.01,0,0.5,0,1,0,0,0,1,0
CLI-000555,0,25,18,8,44.4,6,3.6,5,7,6,1,14.4,3,0,446.78,0.01,0,0.31,0,0,0,1,0,0,1
CLI-001686,0,12,32,18,56.2,27,11.4,7,0,0,0,4.5,5,1,1308.99,0.0,0,0.27,0,0,0,1,0,1,0
CLI-000259,0,17,1,1,100.0,16,6.1,2,4,4,4,21.7,4,0,10.88,0.01,0,0.25,0,0,1,0,0,0,1
CLI-001717,0,21,546,181,33.2,7,0.4,9,3,1,5,5.1,3,0,30569.07,0.0,0,0.35,0,1,0,0,0,0,1
CLI-002031,0,1,33,21,63.6,22,13.1,19,1,0,1,0.6,3,3,2344.68,0.0,0,0.48,0,0,0,1,1,0,0
CLI-003127,0,11,9,4,44.4,9,5.2,4,5,3,1,4.8,5,0,237.73,0.01,0,0.25,0,0,0,1,0,1,0
CLI-003849,1,18,56,42,75.0,51,31.5,7,4,0,10,11.6,2,0,2691.63,0.0,0,0.27,0,0,0,1,0,0,1
CLI-003518,0,3,1,1,100.0,84,102.0,11,0,0,6,10.1,3,0,27.02,0.0,0,0.69,0,0,0,1,1,0,0
CLI-001166,0,17,171,119,69.6,36,5.65,15,2,2,0,8.1,5,0,8140.19,0.0,0,0.58,0,1,0,0,0,0,1
CLI-000917,0,16,198,92,46.5,18,10.8,15,1,0,1,2.5,4,0,8847.81,0.0,0,0.58,0,0,0,1,0,0,1
CLI-002152,0,11,142,44,31.0,9,2.0,9,0,1,0,5.4,4,0,6337.93,0.0,0,0.35,0,1,0,0,0,1,0
CLI-000893,1,3,115,12,10.4,1,5.65,3,1,14,3,7.8,3,2,4409.41,0.16,0,0.12,0,0,0,1,1,0,0
CLI-004259,1,12,7,0,0.0,0,0.0,0,0,64,0,15.4,5,0,84.0,0.18,1,0.0,0,0,0,1,0,1,0
CLI-000949,0,21,6,2,33.3,3,5.65,2,7,8,4,31.4,3,0,82.32,0.01,0,0.25,0,1,0,0,0,0,1
CLI-003722,0,1,8,6,75.0,46,22.5,6,0,0,3,14.5,3,1,167.53,0.0,0,0.38,0,0,0,1,1,0,0
CLI-004263,0,1,11,8,72.7,72,24.7,8,1,3,3,17.0,3,0,261.13,0.1,0,0.5,0,1,0,0,1,0,0
CLI-004762,0,8,54,23,42.6,12,3.4,1,5,2,1,24.7,4,1,667.67,0.01,0,0.12,0,0,1,0,0,1,0
CLI-001321,0,11,58,27,46.6,2,0.8,5,1,13,4,10.5,4,1,2536.66,0.04,0,0.19,0,1,0,0,0,1,0
CLI-000217,0,21,7,1,14.3,1,0.2,2,2,30,8,10.0,3,0,313.67,0.05,1,0.08,1,0,0,0,0,0,1
CLI-003095,1,5,42,23,54.8,16,5.4,6,0,2,4,16.3,4,2,948.56,0.01,0,0.38,0,0,0,1,0,1,0
CLI-002594,1,15,15,0,0.0,0,0.0,0,0,46,5,14.9,1,0,336.74,0.1,1,0.0,1,0,0,0,0,0,1
CLI-002651,0,1,15,10,66.7,45,18.4,9,0,1,2,12.5,4,1,345.68,0.03,0,0.56,0,1,0,0,1,0,0
CLI-001667,0,14,9,6,66.7,35,15.3,2,5,1,2,22.1,4,0,129.59,0.0,0,0.25,0,0,1,0,0,0,1
CLI-000013,1,2,44,6,13.6,1,0.2,3,0,14,3,14.9,3,1,1064.77,0.23,0,0.19,1,0,0,0,1,0,0
CLI-003027,0,13,169,117,69.2,24,9.6,8,4,1,1,9.3,4,0,8819.12,0.0,0,0.31,0,0,0,1,0,0,1
CLI-001554,0,8,11,5,50.0,10,3.6,2,0,1,2,22.5,3,2,120.37,0.0,0,0.25,0,0,0,1,0,1,0
CLI-004093,1,6,18,9,50.0,1,0.4,6,2,11,2,9.2,2,2,796.94,0.06,0,0.23,0,0,0,1,0,1,0
CLI-002783,0,10,53,48,90.6,86,74.2,10,1,0,3,10.5,5,1,1588.18,0.0,0,0.62,0,0,0,1,0,1,0
CLI-000186,0,6,12,6,50.0,16,0.8,7,0,1,0,0.5,5,4,315.35,0.01,0,0.44,0,0,0,1,0,1,0
CLI-004587,0,11,8,5,62.5,27,7.6,4,2,1,1,10.1,3,0,200.0,0.0,0,0.25,0,1,0,0,0,1,0
CLI-004826,0,9,28,15,53.6,20,7.3,5,4,2,3,9.3,3,0,1319.3,0.01,0,0.19,0,0,0,1,0,1,0
CLI-004810,0,12,22,11,50.0,17,13.3,18,6,0,3,1.7,3,1,1827.95,0.0,0,0.45,0,0,0,1,0,1,0
CLI-000711,0,15,15,5,33.3,5,0.3,2,7,1,4,32.7,3,0,180.66,0.0,0,0.25,0,0,0,1,0,0,1
CLI-001524,1,1,15,12,80.0,60,31.9,5,1,0,5,11.5,4,4,333.39,0.0,0,0.31,0,0,0,1,1,0,0
CLI-004592,0,11,19,10,52.6,26,15.6,10,2,0,1,13.8,4,1,519.18,0.0,0,0.62,0,0,0,1,0,1,0
CLI-004969,0,12,35,6,17.1,1,0.5,4,1,30,0,6.9,4,0,924.98,0.08,1,0.25,0,0,0,1,0,1,0
CLI-004927,1,2,54,0,0.0,0,0.0,0,0,60,0,24.3,5,2,555.83,1.0,1,0.0,1,0,0,0,1,0,0
CLI-004457,0,13,7,6,85.7,52,46.6,21,2,1,4,4.5,3,0,560.0,0.0,0,0.52,0,0,0,1,0,0,1
CLI-003924,1,7,181,61,33.7,9,4.0,2,2,5,5,36.2,2,0,2008.85,0.02,0,0.25,1,0,0,0,0,1,0
CLI-000171,0,1,34,4,11.8,1,0.4,4,0,1,0,10.5,5,0,617.27,0.03,0,0.25,0,0,0,1,1,0,0
CLI-004979,0,6,8,6,75.0,27,10.9,6,2,0,1,14.6,3,2,208.5,0.0,0,0.38,0,1,0,0,0,1,0
CLI-000831,0,30,11,6,50.0,1,0.3,3,8,1,5,4.9,3,0,847.56,0.0,0,0.08,0,0,0,1,0,0,1
CLI-003380,0,8,3,1,33.3,20,9.7,23,1,0,6,0.5,2,0,219.52,0.0,0,0.57,1,0,0,0,0,1,0
CLI-002813,0,12,8,5,62.5,22,15.0,8,4,1,0,5.8,4,1,344.65,0.0,0,0.31,0,0,0,1,0,1,0
CLI-003920,0,15,36,20,55.6,40,18.0,10,5,1,0,2.6,5,0,1332.58,0.0,0,0.38,0,0,1,0,0,0,1
CLI-000502,0,12,59,12,20.3,3,5.65,7,4,2,0,10.5,4,0,1412.82,0.01,0,0.44,0,0,0,1,0,1,0
CLI-004292,1,15,50,6,12.0,1,0.1,6,1,30,5,4.5,3,0,2618.45,0.07,1,0.23,1,0,0,0,0,0,1
CLI-004419,0,16,27,5,18.5,1,0.1,7,5,17,5,8.3,5,0,1320.19,0.04,0,0.27,0,0,0,1,0,0,1
CLI-003243,0,15,4,2,50.0,19,9.9,4,8,8,1,15.8,4,2,42.4,0.02,0,0.5,0,0,1,0,0,0,1
CLI-001980,0,17,29,12,41.4,6,2.6,18,2,5,0,4.6,5,0,1286.28,0.01,0,0.69,0,0,0,1,0,0,1
CLI-003966,1,11,7,0,0.0,0,0.0,0,0,58,4,22.1,1,1,175.0,0.18,1,0.0,0,0,0,1,0,1,0
CLI-004474,1,9,29,2,6.9,1,0.1,1,1,2,14,13.9,1,1,1125.49,0.01,0,0.04,0,0,0,1,0,1,0
CLI-000634,1,1,8,2,25.0,1,0.7,3,0,30,5,25.5,5,4,73.7,1.0,1,0.38,0,0,0,1,1,0,0
CLI-002451,0,12,7,6,85.7,65,36.4,6,4,0,0,20.6,3,0,85.99,0.0,0,0.75,0,0,0,1,0,1,0
CLI-002758,0,7,6,5,83.3,55,10.4,5,1,0,0,20.0,5,0,73.0,0.0,0,0.62,0,0,0,1,0,1,0
CLI-004889,0,16,99,77,77.8,25,4.3,16,4,1,0,10.5,5,0,7907.4,0.0,0,0.4,0,0,1,0,0,0,1
CLI-000269,0,8,45,14,31.1,4,1.4,4,3,2,3,8.6,4,0,1202.6,0.01,0,0.25,0,0,0,1,0,1,0
CLI-003560,0,9,24,5,20.8,5,1.8,3,4,0,4,13.8,4,0,583.47,0.0,0,0.19,1,0,0,0,0,1,0
CLI-004803,0,8,4,3,75.0,27,13.1,4,1,1,0,17.6,3,1,37.59,0.0,0,0.5,0,0,0,1,0,1,0
CLI-000926,0,1,47,22,46.8,12,4.5,6,0,4,0,10.5,4,2,924.74,0.13,0,0.38,0,0,0,1,1,0,0
CLI-003093,1,6,2,1,50.0,9,3.4,4,0,0,2,10.5,3,2,19.51,0.0,0,0.5,0,1,0,0,0,1,0
CLI-004541,0,8,645,305,47.3,28,14.4,18,0,0,0,4.8,3,0,58075.93,0.0,0,0.45,0,0,0,1,0,1,0
CLI-002546,1,1,11,3,27.3,1,0.1,4,0,11,3,8.4,2,3,348.45,0.37,0,0.15,1,0,0,0,1,0,0
CLI-004001,0,1,40,11,27.5,9,2.0,13,1,15,2,10.5,3,2,1533.42,0.5,0,0.5,0,0,0,1,1,0,0
CLI-000938,0,13,58,21,36.2,8,2.7,12,4,1,0,0.5,5,0,2695.96,0.0,0,0.46,0,0,0,1,0,0,1
CLI-001967,0,9,50,43,86.0,54,48.5,9,3,1,1,7.7,4,0,1288.62,0.0,0,0.56,0,0,1,0,0,1,0
CLI-004406,1,1,39,25,64.1,31,10.7,19,0,0,7,3.3,3,3,2848.86,0.0,0,0.48,0,0,0,1,1,0,0
CLI-004897,0,20,750,394,52.5,41,12.0,16,7,2,0,10.5,5,0,71551.75,0.0,0,0.4,0,0,1,0,0,0,1
CLI-001673,0,20,6,3,50.0,16,6.6,4,2,1,0,15.6,4,0,64.68,0.0,0,0.5,0,0,0,1,0,0,1
CLI-001379,1,1,32,2,6.2,2,0.5,1,0,0,4,32.6,2,3,331.99,0.0,0,0.12,0,0,0,1,1,0,0
CLI-000558,0,16,35,11,31.4,1,5.65,3,4,21,1,15.2,2,0,1058.41,0.04,0,0.19,0,0,0,1,0,0,1
CLI-000961,1,13,25,7,28.0,1,0.1,5,2,6,6,14.7,2,0,605.76,0.02,0,0.31,0,0,0,1,0,0,1
CLI-002155,0,11,5,4,80.0,69,51.0,7,0,0,4,9.6,4,0,125.0,0.0,0,0.44,0,0,0,1,0,1,0
CLI-002635,0,15,559,158,28.3,15,10.8,9,1,1,3,7.7,3,0,24260.32,0.0,0,0.35,0,0,0,1,0,0,1
CLI-003181,0,6,44,24,54.5,14,4.5,4,2,3,0,10.5,3,0,791.78,0.02,0,0.25,0,0,0,1,0,1,0
CLI-004536,1,8,59,7,11.9,1,0.1,0,2,26,5,14.8,3,0,1564.54,0.11,0,0.0,0,0,0,1,0,1,0
CLI-003138,0,2,3,1,33.3,1,0.4,1,0,4,6,14.1,4,2,55.65,0.07,0,0.06,0,0,0,1,1,0,0
CLI-000658,0,10,10,7,70.0,20,13.1,6,4,1,1,5.2,4,0,437.35,0.0,0,0.23,0,0,1,0,0,1,0
CLI-004286,1,5,50,26,52.0,17,2.9,5,0,3,3,15.6,3,0,904.34,0.02,0,0.31,0,0,0,1,0,1,0
CLI-004855,0,20,41,4,9.8,1,5.65,1,6,5,0,1.1,5,0,1051.68,0.01,0,0.06,0,0,0,1,0,0,1
CLI-000990,0,4,855,451,52.7,16,1.7,8,1,2,0,9.4,2,1,36264.48,0.02,0,0.31,1,0,0,0,0,1,0
CLI-002859,0,11,688,545,79.2,61,37.7,25,1,1,14,6.7,1,0,53272.41,0.0,0,0.62,0,0,0,1,0,1,0
CLI-004108,0,10,217,104,47.9,5,5.65,7,3,6,7,10.5,3,2,15069.12,0.02,0,0.18,1,0,0,0,0,1,0
CLI-002062,0,8,18,16,88.9,75,45.9,9,0,1,4,16.1,1,0,477.61,0.0,0,0.56,1,0,0,0,0,1,0
CLI-003835,1,1,48,20,41.7,22,7.6,3,0,1,0,25.2,4,0,521.92,0.03,0,0.38,0,0,0,1,1,0,0
CLI-000841,0,20,7,4,57.1,19,6.8,4,4,2,1,21.2,5,0,93.37,0.0,0,0.5,0,0,1,0,0,0,1
CLI-001883,0,22,13,6,46.2,28,15.9,14,2,1,1,6.9,2,0,538.72,0.0,0,0.54,0,0,0,1,0,0,1
CLI-001340,0,1,80,11,13.8,1,0.1,2,2,30,5,10.6,2,4,2883.33,1.0,1,0.08,0,0,0,1,1,0,0
CLI-002819,0,12,32,25,78.1,38,20.0,4,4,0,7,36.7,2,0,370.02,0.0,0,0.5,0,0,0,1,0,1,0
CLI-003497,0,19,190,58,30.5,10,0.8,9,7,0,7,6.7,2,0,7718.74,0.0,0,0.35,1,0,0,0,0,0,1
CLI-002136,0,1,123,75,61.0,15,11.4,7,2,1,3,12.0,3,1,2834.76,0.03,0,0.44,0,0,0,1,1,0,0
CLI-000977,0,1,26,17,65.4,45,32.5,5,0,0,2,26.9,4,0,278.99,0.0,0,0.62,0,0,0,1,1,0,0
CLI-002338,0,13,11,4,36.4,7,2.7,17,4,7,2,1.8,5,0,1038.15,0.02,0,0.42,0,0,1,0,0,0,1
CLI-000389,1,1,7,3,42.9,30,8.6,2,0,3,1,17.0,5,2,88.25,0.1,0,0.25,0,1,0,0,1,0,0
CLI-000472,0,1,55,17,30.9,11,2.6,10,0,6,1,10.5,5,3,2253.41,0.2,0,0.38,0,0,0,1,1,0,0
CLI-001240,1,19,200,0,0.0,0,0.0,0,0,54,2,17.4,1,0,4353.57,0.09,1,0.0,0,0,0,1,0,0,1
CLI-004624,0,7,10,5,50.0,16,4.7,3,1,3,2,24.0,4,0,113.36,0.01,0,0.38,0,0,0,1,0,1,0
CLI-004926,0,6,10,6,60.0,24,14.4,11,1,5,1,2.5,5,0,416.24,0.03,0,0.42,0,0,0,1,0,1,0
CLI-004610,1,1,29,14,48.3,7,4.0,4,0,16,0,19.1,4,0,319.4,0.53,0,0.5,0,0,0,1,1,0,0
CLI-000154,0,8,5,3,60.0,1,5.65,5,5,20,2,12.0,3,0,122.09,0.08,0,0.31,0,0,0,1,0,1,0
CLI-002643,0,16,41,17,41.5,6,1.7,4,2,12,0,0.5,4,0,811.93,0.02,0,0.25,0,1,0,0,0,0,1
CLI-003766,0,13,3,1,33.3,6,1.9,8,2,2,0,10.4,3,0,80.56,0.01,0,0.5,0,0,0,1,0,0,1
CLI-004261,1,3,11,1,9.1,1,0.4,1,0,3,2,0.5,4,1,658.0,0.03,0,0.02,0,0,0,1,1,0,0
CLI-004341,0,1,11,8,72.7,65,32.7,25,0,0,0,1.3,5,2,745.91,0.0,0,0.62,0,0,0,1,1,0,0
CLI-004238,0,17,32,28,87.5,82,5.65,19,6,2,0,1.5,5,0,2485.8,0.0,0,0.48,0,0,0,1,0,0,1
CLI-000063,0,20,1,1,100.0,72,22.0,3,5,0,2,31.8,2,0,13.54,0.0,0,0.38,0,0,0,1,0,0,1
CLI-004918,0,5,6,3,50.0,23,5.8,5,0,5,0,10.5,3,1,234.55,0.03,0,0.19,0,0,0,1,0,1,0
CLI-001040,1,1,40,9,22.5,1,0.1,1,1,8,3,6.8,2,4,1600.27,0.27,0,0.04,1,0,0,0,1,0,0
CLI-002400,0,22,42,13,31.0,1,0.1,5,6,30,0,0.5,5,0,1723.95,0.05,1,0.19,0,0,0,1,0,0,1
CLI-001313,1,1,472,236,50.0,15,10.9,19,0,3,4,10.5,1,4,40031.84,0.1,0,0.48,0,0,0,1,1,0,0
CLI-000958,0,6,28,18,64.3,18,16.8,4,4,2,0,16.5,5,0,338.76,0.01,0,0.5,0,0,1,0,0,1,0
CLI-001615,0,30,47,15,31.9,7,4.6,7,8,1,9,9.0,3,0,2173.63,0.0,0,0.27,0,0,0,1,0,0,1
CLI-002341,1,8,14,13,92.9,56,49.5,11,1,0,1,9.0,4,1,366.48,0.0,0,0.69,0,1,0,0,0,1,0
CLI-002034,0,20,198,167,84.3,74,26.3,17,3,0,3,7.4,3,0,10604.98,0.0,0,0.65,0,1,0,0,0,0,1
CLI-004157,0,16,7,4,57.1,18,14.3,3,6,1,3,38.4,3,0,86.4,0.0,0,0.38,0,0,0,1,0,0,1
CLI-002461,0,11,10,8,50.0,67,41.0,9,4,0,0,7.3,5,0,219.21,0.0,0,0.56,0,0,1,0,0,1,0
CLI-001023,0,3,140,101,72.1,31,13.2,12,0,1,7,6.3,3,0,6651.98,0.01,0,0.46,0,0,0,1,1,0,0
CLI-002138,0,12,91,44,50.0,11,7.1,5,2,0,4,19.5,2,0,2313.17,0.0,0,0.31,0,0,0,1,0,1,0
CLI-002681,0,17,43,19,44.2,17,9.3,12,5,2,0,10.5,4,0,1946.75,0.0,0,0.46,0,0,0,1,0,0,1
CLI-003134,0,7,44,16,36.4,6,1.0,10,6,5,6,8.1,3,1,1933.17,0.02,0,0.38,0,0,0,1,0,1,0
CLI-003550,0,14,35,18,51.4,23,13.8,5,4,1,1,10.5,2,0,883.39,0.0,0,0.31,0,0,0,1,0,0,1
CLI-002496,0,5,32,26,81.2,52,15.9,15,0,0,1,4.9,5,1,1811.49,0.0,0,0.58,0,0,0,1,0,1,0
CLI-001659,0,2,42,36,85.7,63,40.5,12,1,0,0,7.8,5,0,1118.56,0.0,0,0.75,0,1,0,0,1,0,0
CLI-003865,1,11,11,1,9.1,1,0.2,1,2,1,1,17.4,4,0,129.37,0.0,0,0.12,1,0,0,0,0,1,0
CLI-004235,1,11,1,0,0.0,0,0.0,0,0,39,4,23.6,4,0,12.35,0.12,1,0.0,1,0,0,0,0,1,0
CLI-003613,0,23,43,24,55.8,1,0.7,2,6,30,2,10.5,3,1,1703.68,0.04,1,0.08,0,0,0,1,0,0,1
CLI-003982,0,24,90,47,52.2,18,6.2,7,3,6,8,22.2,2,0,2420.5,0.01,0,0.44,1,0,0,0,0,0,1
CLI-004685,0,18,292,161,55.1,21,11.7,16,3,1,3,3.6,5,0,27704.29,0.0,0,0.4,0,0,0,1,0,0,1
CLI-003642,0,19,15,9,60.0,32,4.7,9,3,0,0,2.3,3,0,548.15,0.0,0,0.35,0,0,0,1,0,0,1
CLI-002780,1,10,5,1,20.0,13,3.5,4,0,7,6,38.7,2,3,43.47,0.02,0,0.5,0,0,0,1,0,1,0
CLI-002571,0,24,214,55,25.7,3,1.1,5,3,8,2,12.8,3,0,4871.78,0.01,0,0.31,0,0,0,1,0,0,1
CLI-003340,0,9,177,60,33.9,7,0.4,5,2,7,4,3.8,3,1,7166.21,0.03,0,0.19,0,0,0,1,0,1,0
CLI-004462,0,21,35,23,65.7,18,12.1,8,6,1,2,10.5,3,0,1619.11,0.0,0,0.31,0,0,0,1,0,0,1
CLI-000592,1,9,9,3,33.3,1,0.1,0,2,30,2,10.4,3,0,139.07,0.11,1,0.0,0,1,0,0,0,1,0
CLI-000365,0,5,57,41,71.9,50,36.3,10,2,1,1,10.5,3,0,1570.51,0.01,0,0.62,0,1,0,0,0,1,0
CLI-000034,0,12,5,3,60.0,30,10.1,4,1,1,4,24.0,3,0,64.18,0.0,0,0.5,0,0,0,1,0,1,0
CLI-000953,0,7,14,6,42.9,9,3.1,3,3,1,2,10.5,3,2,175.38,0.0,0,0.38,0,0,0,1,0,1,0
CLI-003388,0,15,7,3,42.9,19,1.0,6,4,0,3,15.8,4,0,177.18,0.0,0,0.38,0,0,1,0,0,0,1
CLI-003053,1,3,11,2,18.2,1,0.5,0,0,4,3,13.0,2,3,211.98,0.04,0,0.0,0,0,0,1,1,0,0
CLI-004601,1,8,61,0,0.0,0,0.0,0,2,51,8,17.7,1,0,1448.6,0.21,1,0.0,1,0,0,0,0,1,0
CLI-001784,1,1,7,5,71.4,44,20.8,7,0,0,4,11.6,3,0,142.55,0.0,0,0.44,0,0,0,1,1,0,0
CLI-002110,0,19,40,21,52.5,3,0.5,11,4,5,3,2.4,5,0,2697.62,0.01,0,0.28,0,0,0,1,0,0,1
CLI-000164,0,19,14,11,78.6,61,50.5,8,2,1,8,6.9,1,0,652.35,0.0,0,0.31,1,0,0,0,0,0,1
CLI-002719,0,8,234,160,68.4,65,46.2,14,4,0,2,7.0,4,1,10824.4,0.0,0,0.54,0,0,1,0,0,1,0
CLI-001460,0,1,175,66,37.7,7,4.4,7,0,3,2,7.5,3,4,7976.79,0.1,0,0.27,0,1,0,0,1,0,0
CLI-001401,0,1,31,28,90.3,107,90.1,9,1,1,0,8.9,3,3,730.78,0.03,0,0.56,0,0,0,1,1,0,0
CLI-004756,1,3,22,14,63.6,33,11.1,7,1,1,11,17.8,2,3,622.02,0.01,0,0.44,1,0,0,0,1,0,0
CLI-002331,0,11,8,3,37.5,3,0.5,0,1,3,5,32.9,3,1,109.74,0.01,0,0.0,0,1,0,0,0,1,0
CLI-004427,0,2,3,2,66.7,21,9.1,3,0,0,1,17.2,4,1,31.98,0.0,0,0.38,0,0,0,1,1,0,0
CLI-002696,0,24,64,29,45.3,6,2.4,9,6,1,3,6.8,1,0,5534.02,0.0,0,0.22,0,0,0,1,0,0,1
CLI-000384,0,9,142,27,50.0,1,0.3,11,2,7,1,4.4,4,0,6793.03,0.03,0,0.42,0,0,0,1,0,1,0
CLI-000482,1,1,203,80,39.4,5,1.6,12,1,27,10,5.6,2,0,9495.82,0.9,0,0.46,0,0,0,1,1,0,0
CLI-003101,0,23,9,8,88.9,74,46.1,8,7,1,5,17.0,3,0,272.98,0.0,0,0.5,0,0,0,1,0,0,1
CLI-004853,0,13,9,6,50.0,26,17.1,3,4,1,0,0.5,5,0,108.75,0.0,0,0.38,0,0,1,0,0,0,1
CLI-003717,0,17,136,71,52.2,10,2.0,5,5,5,3,7.9,3,1,6328.29,0.01,0,0.19,0,0,0,1,0,0,1
CLI-002208,1,15,37,23,62.2,22,9.4,6,3,1,4,13.6,2,0,1921.1,0.0,0,0.23,0,0,0,1,0,0,1
CLI-002020,1,1,56,25,44.6,17,7.8,5,0,3,1,12.7,3,3,1227.63,0.1,0,0.31,0,0,0,1,1,0,0
CLI-002239,0,12,3,1,33.3,2,0.9,7,1,2,2,12.7,5,1,62.19,0.01,0,0.44,0,0,0,1,0,1,0
CLI-000806,1,13,1,1,100.0,39,4.3,1,2,1,1,20.7,4,0,12.01,0.0,0,0.12,0,1,0,0,0,0,1
CLI-003864,0,17,11,6,54.5,18,8.6,2,7,1,2,28.6,4,1,149.68,0.0,0,0.25,0,0,1,0,0,0,1
CLI-004223,0,18,28,21,75.0,17,0.8,4,5,1,4,16.0,3,0,567.21,0.0,0,0.25,0,0,0,1,0,0,1
CLI-000155,1,5,75,0,0.0,0,0.0,0,0,67,2,4.0,3,0,5592.26,0.45,1,0.0,1,0,0,0,0,1,0
CLI-001622,0,14,6,2,33.3,15,1.9,3,3,1,0,6.9,5,0,69.88,0.0,0,0.38,0,0,0,1,0,0,1
CLI-000527,0,5,54,43,79.6,63,49.1,10,0,1,6,16.0,4,1,1401.41,0.01,0,0.62,0,0,0,1,0,1,0
CLI-001555,0,20,49,10,20.4,1,0.1,6,2,13,0,9.3,5,0,1403.28,0.02,0,0.38,0,0,0,1,0,0,1
CLI-002311,1,1,32,12,37.5,1,0.1,9,0,30,2,10.5,2,3,1591.43,1.0,1,0.35,1,0,0,0,1,0,0
CLI-001654,1,1,38,24,63.2,37,19.6,6,0,1,7,20.1,3,2,979.41,0.03,0,0.38,0,0,0,1,1,0,0
CLI-000136,0,1,91,28,30.8,10,3.8,8,1,0,3,8.3,2,3,6658.82,0.0,0,0.2,1,0,0,0,1,0,0
CLI-004709,0,18,9,7,77.8,45,19.4,6,3,0,2,7.2,5,0,177.71,0.0,0,0.38,0,0,1,0,0,0,1
CLI-000699,0,21,29,21,72.4,35,13.2,5,3,1,3,28.7,3,0,436.34,0.0,0,0.62,0,0,0,1,0,0,1
CLI-003751,0,8,45,13,28.9,4,1.0,7,2,2,3,2.1,3,2,3890.07,0.01,0,0.18,0,1,0,0,0,1,0
CLI-002121,1,26,9,0,0.0,0,0.0,0,0,48,5,21.1,3,0,114.62,0.06,1,0.0,1,0,0,0,0,0,1
CLI-000856,0,4,9,4,44.4,13,6.6,5,2,3,4,15.5,3,1,222.33,0.02,0,0.31,0,0,0,1,0,1,0
CLI-002474,1,8,814,0,0.0,0,0.0,0,0,63,0,1.5,2,2,30549.69,0.26,1,0.0,0,0,0,1,0,1,0
CLI-000316,1,1,55,12,21.8,1,0.3,3,0,22,0,7.3,5,4,1314.14,0.73,0,0.19,0,0,0,1,1,0,0
CLI-001267,0,12,51,34,66.7,71,60.5,10,3,1,1,12.5,4,0,1405.36,0.0,0,0.62,0,0,0,1,0,1,0
CLI-001803,0,24,2,1,50.0,26,9.1,3,7,1,6,21.0,4,0,27.48,0.0,0,0.38,0,0,1,0,0,0,1
CLI-002065,0,1,28,2,7.1,1,0.2,2,0,7,0,3.1,3,0,1246.53,0.23,0,0.08,0,0,0,1,1,0,0
CLI-000935,1,1,4,2,50.0,1,0.7,8,0,1,1,12.4,3,1,101.57,0.03,0,0.5,0,0,0,1,1,0,0
CLI-004373,0,1,5,3,60.0,35,26.3,4,0,0,2,23.3,4,0,57.01,0.0,0,0.5,0,0,0,1,1,0,0
CLI-003328,0,6,185,149,80.5,49,22.9,12,0,2,3,8.8,3,1,9276.36,0.01,0,0.46,0,0,0,1,0,1,0
CLI-004982,1,15,10,4,40.0,9,2.0,16,0,4,13,8.9,1,0,865.25,0.01,0,0.4,0,0,0,1,0,0,1
CLI-004274,0,20,10,1,10.0,1,0.1,2,4,2,0,8.1,3,0,167.03,0.0,0,0.12,0,0,0,1,0,0,1
CLI-002721,0,16,58,21,36.2,9,2.4,10,0,4,0,6.0,5,0,2621.1,0.01,0,0.38,0,0,0,1,0,0,1
CLI-003289,1,6,3,1,33.3,1,0.1,2,2,30,7,22.5,2,0,33.41,0.17,1,0.25,1,0,0,0,0,1,0
CLI-001327,1,1,9,7,77.8,45,15.9,2,0,0,5,26.8,4,0,109.08,0.0,0,0.25,0,1,0,0,1,0,0
CLI-003336,1,8,7,4,57.1,29,15.7,2,2,4,9,31.9,4,1,89.28,0.02,0,0.25,0,0,0,1,0,1,0
CLI-003239,0,3,36,8,22.2,4,2.1,5,0,3,0,10.4,4,2,900.0,0.03,0,0.31,1,0,0,0,1,0,0
CLI-002025,1,1,5,2,40.0,1,0.6,3,0,1,4,10.5,4,3,47.93,0.03,0,0.38,0,0,0,1,1,0,0
CLI-003096,1,4,37,12,32.4,1,0.3,3,2,14,2,13.1,3,0,698.22,0.12,0,0.19,0,0,0,1,0,1,0
CLI-002964,0,23,2,1,50.0,4,1.5,5,8,9,2,13.9,3,0,54.1,0.01,0,0.31,0,0,0,1,0,0,1
CLI-000361,0,7,192,177,92.2,112,121.8,17,1,1,0,0.5,5,0,8826.61,0.0,0,0.65,0,1,0,0,0,1,0
CLI-000704,1,1,6,0,0.0,0,0.0,0,0,30,7,14.1,3,0,120.66,1.0,1,0.0,1,0,0,0,1,0,0
CLI-004496,0,1,26,23,88.5,68,56.9,16,0,1,2,1.9,3,3,1114.72,0.03,0,0.62,0,0,0,1,1,0,0
CLI-000407,0,23,6,2,33.3,1,0.1,0,7,3,4,15.3,3,0,134.62,0.0,0,0.0,0,0,0,1,0,0,1
CLI-004134,0,19,16,7,43.8,20,9.1,14,2,1,5,2.3,3,0,1445.18,0.0,0,0.35,0,0,0,1,0,0,1
CLI-004329,0,1,17,8,47.1,21,7.0,3,0,0,0,3.9,5,1,320.17,0.0,0,0.19,0,1,0,0,1,0,0
CLI-000219,1,7,29,0,0.0,0,0.0,0,0,116,1,7.0,5,0,1219.87,0.55,1,0.0,0,0,0,1,0,1,0
CLI-001506,0,14,106,83,78.3,74,48.1,9,2,1,1,3.3,3,0,5734.01,0.0,0,0.35,0,0,0,1,0,0,1
CLI-000181,0,15,46,13,28.3,1,0.3,4,2,29,2,11.2,5,0,983.1,0.06,0,0.25,0,0,0,1,0,0,1
CLI-004059,0,7,10,2,20.0,2,0.6,1,4,1,0,17.7,4,2,87.0,0.0,0,0.12,1,0,0,0,0,1,0
CLI-001539,0,9,168,122,72.6,53,33.5,29,2,2,0,0.5,5,2,14112.66,0.01,0,0.72,0,1,0,0,0,1,0
CLI-000487,0,1,168,61,36.3,1,0.2,11,0,21,3,1.3,3,3,12831.1,0.7,0,0.28,0,0,0,1,1,0,0
CLI-000271,1,2,49,25,51.0,39,16.9,10,0,1,6,18.5,2,2,1398.34,0.02,0,0.62,1,0,0,0,1,0,0
CLI-003783,0,12,55,14,25.5,1,0.2,1,4,30,2,4.5,3,0,1973.29,0.08,1,0.04,0,0,0,1,0,1,0
CLI-003198,1,7,9,0,0.0,0,0.0,0,0,55,0,10.5,5,2,122.28,0.26,1,0.0,1,0,0,0,0,1,0
CLI-000341,0,18,8,5,62.5,30,20.1,4,5,2,4,28.6,3,0,118.77,0.0,0,0.5,0,0,0,1,0,0,1
CLI-004809,0,14,74,47,63.5,45,32.1,10,3,0,6,12.5,3,1,1760.51,0.0,0,0.62,0,0,0,1,0,0,1
CLI-004088,0,5,4,2,50.0,26,5.65,4,0,1,1,10.5,4,1,95.8,0.01,0,0.25,0,0,0,1,0,1,0
CLI-001017,0,23,32,22,68.8,47,19.8,5,7,1,0,6.8,4,0,1008.9,0.0,0,0.31,0,0,1,0,0,0,1
CLI-003466,0,25,10,1,10.0,1,0.3,0,7,24,1,21.2,4,0,131.41,0.03,0,0.0,1,0,0,0,0,0,1
CLI-000201,0,2,31,22,71.0,33,29.4,7,0,0,3,17.0,3,0,775.0,0.0,0,0.44,0,1,0,0,1,0,0
CLI-004704,1,6,100,23,23.0,1,5.65,1,2,9,5,13.4,2,1,3420.81,0.05,0,0.04,0,0,0,1,0,1,0
CLI-002537,1,1,158,0,0.0,0,0.0,0,0,30,2,1.9,2,2,10648.88,1.0,1,0.0,1,0,0,0,1,0,0
CLI-002255,0,8,45,21,46.7,5,5.65,6,2,15,5,15.8,3,1,1191.05,0.06,0,0.38,0,1,0,0,0,1,0
CLI-000023,0,10,190,85,44.7,23,17.3,11,1,1,0,5.2,5,2,9682.14,0.0,0,0.42,0,0,0,1,0,1,0
CLI-003535,0,11,15,6,40.0,18,1.8,13,1,0,9,5.2,2,0,642.84,0.0,0,0.5,1,0,0,0,0,1,0
CLI-002127,0,19,3,2,66.7,10,3.2,4,5,4,2,10.8,4,0,75.34,0.01,0,0.25,0,0,0,1,0,0,1
CLI-001243,0,13,37,10,27.0,1,0.7,17,4,30,1,0.5,3,0,2195.4,0.08,1,0.42,0,1,0,0,0,0,1
CLI-004470,1,3,1,1,100.0,77,52.4,4,2,0,6,36.2,2,0,10.92,0.0,0,0.5,1,0,0,0,1,0,0
CLI-003562,1,1,2,1,50.0,8,2.5,3,0,2,3,25.3,3,4,20.68,0.07,0,0.38,0,1,0,0,1,0,0
CLI-003927,0,19,5,3,60.0,30,3.7,6,3,3,1,7.9,4,0,117.86,0.01,0,0.38,0,0,0,1,0,0,1
CLI-001143,0,21,7,2,28.6,1,0.1,1,7,8,0,13.3,4,0,86.26,0.01,0,0.12,0,0,1,0,0,0,1
CLI-002928,1,14,5,2,40.0,1,0.1,2,1,30,7,10.5,2,0,134.94,0.07,1,0.12,1,0,0,0,0,0,1
CLI-003810,0,10,48,10,20.8,1,0.2,13,1,3,3,4.0,4,3,3572.09,0.01,0,0.32,0,0,0,1,0,1,0
CLI-002424,0,6,11,6,54.5,17,2.4,6,2,1,1,9.5,3,0,264.86,0.01,0,0.38,0,1,0,0,0,1,0
CLI-004626,1,1,9,7,77.8,44,5.65,4,0,1,5,28.8,4,0,114.61,0.03,0,0.5,0,1,0,0,1,0,0
CLI-000222,0,7,118,72,61.0,33,23.6,6,0,1,5,20.0,3,0,2270.15,0.0,0,0.38,0,0,0,1,0,1,0
CLI-003773,1,8,7,2,28.6,1,0.1,2,3,4,2,24.8,3,0,75.36,0.02,0,0.25,0,0,0,1,0,1,0
CLI-003293,0,15,5,4,80.0,68,37.5,4,2,0,2,28.9,4,0,63.55,0.0,0,0.5,0,0,1,0,0,0,1
CLI-002140,1,13,58,20,34.5,9,3.4,5,3,6,13,50.0,1,2,745.06,0.02,0,0.62,1,0,0,0,0,0,1
CLI-001336,0,21,21,7,33.3,24,15.4,5,8,2,2,14.2,3,0,493.11,0.0,0,0.31,0,1,0,0,0,0,1
CLI-002573,1,17,44,7,15.9,1,0.2,4,0,4,3,3.2,3,0,1968.24,0.01,0,0.15,1,0,0,0,0,0,1
CLI-003861,0,1,57,42,73.7,67,26.4,13,0,1,4,10.5,4,1,2218.39,0.03,0,0.5,0,0,0,1,1,0,0
CLI-003436,0,15,555,54,9.7,1,0.1,2,3,6,6,10.0,2,0,25939.71,0.01,0,0.08,0,0,0,1,0,0,1
CLI-003040,0,14,178,68,38.2,1,5.65,6,5,2,7,7.9,2,0,8229.31,0.0,0,0.23,0,0,0,1,0,0,1
CLI-002271,0,8,5,4,80.0,34,5.65,4,2,2,4,30.3,3,0,64.66,0.01,0,0.5,0,1,0,0,0,1,0
CLI-004774,0,12,64,37,57.8,31,15.1,4,6,0,4,29.2,2,0,893.18,0.0,0,0.5,0,0,0,1,0,1,0
CLI-000357,0,17,46,18,39.1,13,6.7,9,4,1,0,4.2,4,0,2133.62,0.0,0,0.35,0,0,1,0,0,0,1
CLI-004563,0,23,34,16,47.1,1,0.2,7,5,9,2,3.8,3,0,1788.24,0.01,0,0.27,0,1,0,0,0,0,1
CLI-004732,1,1,3,2,66.7,35,5.65,7,0,2,4,11.5,5,3,83.02,0.07,0,0.44,0,1,0,0,1,0,0
CLI-002150,0,11,98,52,53.1,32,17.3,6,2,2,0,10.9,4,1,2080.62,0.01,0,0.38,0,1,0,0,0,1,0
CLI-000429,0,2,7,2,28.6,1,0.1,2,0,16,0,14.2,4,0,75.12,0.27,0,0.25,0,0,0,1,1,0,0
CLI-001317,0,14,15,12,80.0,63,43.6,15,1,0,1,5.1,4,0,614.89,0.0,0,0.58,0,0,0,1,0,0,1
CLI-002162,0,4,11,10,90.9,56,47.5,7,0,1,3,15.5,4,1,287.56,0.01,0,0.44,0,1,0,0,0,1,0
CLI-002737,1,14,572,302,52.8,4,0.4,11,4,2,5,3.8,2,0,51497.59,0.0,0,0.28,1,0,0,0,0,0,1
CLI-003851,0,16,2,1,50.0,17,5.65,1,2,0,0,24.8,3,0,30.93,0.0,0,0.12,0,0,0,1,0,0,1
CLI-001230,0,10,17,8,47.1,27,17.7,8,2,0,2,16.2,1,0,455.68,0.0,0,0.5,1,0,0,0,0,1,0
CLI-003006,1,1,159,108,67.9,32,25.2,14,0,2,1,3.1,3,3,7464.79,0.07,0,0.54,0,0,0,1,1,0,0
CLI-004184,0,2,23,14,60.9,42,9.1,5,3,1,1,28.4,3,2,300.06,0.02,0,0.62,0,1,0,0,1,0,0
CLI-004169,0,18,23,12,52.2,15,0.8,2,2,0,0,15.4,5,0,315.76,0.0,0,0.25,0,0,0,1,0,0,1
CLI-000381,0,14,25,14,56.0,31,20.7,7,8,4,3,11.6,4,0,567.83,0.01,0,0.44,0,0,0,1,0,0,1
CLI-000284,0,25,8,5,62.5,21,6.2,13,7,0,7,10.1,4,0,362.5,0.0,0,0.5,1,0,0,0,0,0,1
CLI-003961,1,8,416,0,0.0,0,0.0,0,0,78,0,4.9,5,0,9204.93,0.32,1,0.0,1,0,0,0,0,1,0
CLI-004707,0,1,59,32,54.2,41,17.4,10,0,0,5,5.3,3,3,2391.94,0.0,0,0.38,0,0,0,1,1,0,0
CLI-003389,0,23,2,1,50.0,27,8.9,3,2,1,0,20.0,5,0,24.0,0.0,0,0.38,0,1,0,0,0,0,1
CLI-003897,0,22,306,60,19.6,2,1.2,4,8,30,5,5.5,3,0,23805.4,0.05,1,0.1,0,0,0,1,0,0,1
CLI-002064,1,1,4,3,75.0,36,27.4,2,0,3,4,26.6,4,3,50.12,0.1,0,0.25,0,1,0,0,1,0,0
CLI-004699,0,20,6,2,33.3,5,0.9,2,7,2,2,23.5,3,0,63.54,0.0,0,0.25,0,0,0,1,0,0,1
CLI-000952,0,6,40,32,80.0,65,29.1,17,2,0,0,6.4,4,0,2043.12,0.0,0,0.65,0,1,0,0,0,1,0
CLI-004192,0,17,195,113,57.9,20,4.9,15,3,0,4,0.5,3,0,12670.05,0.0,0,0.38,0,1,0,0,0,0,1
CLI-003883,1,10,60,0,0.0,0,0.0,0,0,68,3,16.9,3,1,1428.79,0.23,1,0.0,0,0,0,1,0,1,0
CLI-003971,0,23,46,25,54.3,36,15.1,7,4,0,6,16.9,3,0,1202.66,0.0,0,0.44,0,0,0,1,0,0,1
CLI-002922,0,18,53,48,90.6,103,82.6,19,3,0,1,4.7,4,0,2597.77,0.0,0,0.73,0,0,1,0,0,0,1
CLI-004649,0,17,335,60,17.9,1,0.1,6,1,3,1,2.2,3,0,23858.36,0.01,0,0.15,1,0,0,0,0,0,1
CLI-003029,0,14,82,53,64.6,22,6.5,9,3,1,5,9.6,3,0,3470.05,0.0,0,0.35,0,0,0,1,0,0,1
CLI-004557,1,10,3,2,66.7,29,14.2,3,2,0,2,40.8,1,1,33.11,0.0,0,0.38,1,0,0,0,0,1,0
CLI-000994,1,1,7,2,28.6,2,0.3,1,0,0,7,38.2,2,2,71.43,0.0,0,0.12,0,0,0,1,1,0,0
CLI-000338,0,3,891,708,50.0,22,8.3,11,0,0,2,9.7,5,2,40996.35,0.0,0,0.42,0,1,0,0,1,0,0
CLI-003646,0,11,14,7,50.0,12,8.2,6,4,0,0,8.2,4,1,378.66,0.0,0,0.38,0,0,1,0,0,1,0
CLI-004168,0,8,86,71,82.6,50,32.3,24,1,0,2,6.7,2,1,8498.41,0.0,0,0.6,1,0,0,0,0,1,0
CLI-003163,0,1,6,5,83.3,85,18.7,11,0,1,0,10.5,4,4,169.44,0.03,0,0.69,0,0,0,1,1,0,0
CLI-000257,1,4,57,3,5.3,1,0.1,4,1,30,3,10.2,3,1,1010.12,0.25,1,0.25,1,0,0,0,0,1,0
CLI-003442,0,4,1,1,100.0,67,5.65,13,1,1,3,6.1,3,0,51.75,0.01,0,0.5,0,1,0,0,0,1,0
CLI-004820,0,9,11,3,27.3,7,2.7,1,0,2,0,4.7,5,0,468.37,0.01,0,0.04,0,0,0,1,0,1,0
CLI-000475,0,8,49,31,63.3,37,18.3,14,5,1,1,1.7,5,0,3862.48,0.0,0,0.35,0,0,1,0,0,1,0
CLI-001086,0,1,13,11,84.6,54,18.5,12,0,3,1,9.0,3,1,585.0,0.1,0,0.46,0,1,0,0,1,0,0
CLI-001757,0,20,58,22,37.9,4,0.5,5,2,4,2,15.8,2,0,1392.14,0.01,0,0.31,1,0,0,0,0,0,1
CLI-003142,1,11,31,10,32.3,10,2.3,13,1,0,1,5.8,3,1,1395.0,0.0,0,0.5,0,0,0,1,0,1,0
CLI-000860,0,6,176,116,65.9,21,8.1,7,4,4,9,14.5,3,0,4614.72,0.02,0,0.44,1,0,0,0,0,1,0
CLI-002203,0,2,10,5,50.0,8,4.0,4,0,1,0,11.0,4,0,93.85,0.02,0,0.5,0,0,0,1,1,0,0
CLI-002384,0,23,1,1,100.0,10,5.65,7,4,4,1,3.6,3,0,35.77,0.01,0,0.27,0,1,0,0,0,0,1
CLI-001519,1,13,615,0,0.0,0,0.0,0,0,75,1,10.5,3,2,41774.54,0.19,1,0.0,0,0,0,1,0,0,1
CLI-001118,1,3,56,20,35.7,1,0.5,11,0,16,2,6.0,3,2,1859.84,0.18,0,0.42,0,0,0,1,1,0,0
CLI-002231,0,2,10,4,50.0,16,4.9,4,0,1,8,16.9,2,2,245.71,0.02,0,0.25,0,0,0,1,1,0,0
CLI-001792,0,9,80,65,81.2,55,46.4,12,0,1,0,4.7,5,2,4111.14,0.0,0,0.46,0,0,0,1,0,1,0
CLI-002330,1,6,20,4,20.0,1,0.4,1,0,16,5,18.5,2,0,438.18,0.09,0,0.06,0,0,0,1,0,1,0
CLI-001499,0,7,47,31,66.0,22,7.0,19,2,2,1,2.5,4,0,3300.11,0.01,0,0.48,0,0,0,1,0,1,0
CLI-000003,0,6,111,80,72.1,53,15.5,12,2,0,0,8.4,4,1,5110.81,0.0,0,0.46,0,1,0,0,0,1,0
CLI-003908,0,15,57,28,49.1,38,24.4,14,4,2,1,1.0,3,0,4103.83,0.0,0,0.35,0,0,0,1,0,0,1
CLI-002970,0,15,219,51,23.3,1,0.4,3,4,8,0,1.9,3,0,11039.41,0.02,0,0.12,1,0,0,0,0,0,1
CLI-001653,0,14,722,396,54.8,16,3.3,8,2,4,3,11.9,3,1,29728.4,0.01,0,0.31,0,0,0,1,0,0,1
CLI-002708,0,2,113,29,25.7,1,0.2,2,0,1,1,7.8,3,2,2176.01,0.02,0,0.12,0,1,0,0,1,0,0
CLI-004226,0,14,339,317,93.5,135,5.65,23,1,0,4,6.2,4,0,19631.69,0.0,0,0.88,0,1,0,0,0,0,1
CLI-003939,0,4,727,76,10.5,1,0.1,8,0,14,0,4.6,3,2,31870.33,0.12,0,0.31,0,0,0,1,0,1,0
CLI-004715,0,26,33,3,9.1,1,0.1,4,6,19,0,0.9,3,0,963.58,0.02,0,0.25,1,0,0,0,0,0,1
CLI-000635,1,22,531,0,0.0,0,5.65,0,0,45,0,0.5,4,0,27250.96,0.07,1,0.0,1,0,0,0,0,0,1
CLI-003873,0,6,7,4,57.1,20,7.8,3,4,6,4,10.5,3,1,88.53,0.03,0,0.38,0,0,0,1,0,1,0
CLI-001208,0,14,47,42,89.4,90,50.1,27,3,0,0,5.8,5,1,4632.16,0.0,0,0.68,0,0,0,1,0,0,1
CLI-002396,1,4,9,3,33.3,2,0.1,0,0,0,3,21.6,5,0,124.66,0.0,0,0.0,0,0,0,1,0,1,0
CLI-000198,0,14,47,34,72.3,51,18.3,9,5,2,0,7.1,5,0,1175.0,0.0,0,0.56,0,0,1,0,0,0,1
CLI-001742,0,17,7,1,14.3,1,0.5,3,3,16,0,15.7,4,0,84.63,0.03,0,0.38,0,0,0,1,0,0,1
CLI-004288,1,10,24,10,41.7,14,3.2,3,1,0,8,10.5,3,0,262.03,0.0,0,0.38,0,0,0,1,0,1,0
CLI-000022,0,20,18,11,61.1,34,8.7,24,3,3,0,0.5,4,0,1683.72,0.0,0,0.6,0,0,1,0,0,0,1
CLI-003600,0,2,5,4,80.0,85,5.65,5,0,1,1,19.2,5,2,62.28,0.02,0,0.62,0,0,0,1,1,0,0
CLI-000189,0,15,6,4,66.7,40,20.8,6,3,0,2,10.5,5,1,156.04,0.0,0,0.38,0,0,1,0,0,0,1
CLI-001744,0,4,18,9,50.0,9,2.0,5,1,1,7,7.5,3,2,772.86,0.01,0,0.19,1,0,0,0,0,1,0
CLI-001988,0,1,32,18,56.2,31,11.1,8,0,3,2,9.4,3,1,1454.63,0.1,0,0.31,0,0,0,1,1,0,0
CLI-003556,1,6,8,0,0.0,0,0.0,0,0,55,5,23.6,3,0,78.48,0.31,1,0.0,1,0,0,0,0,1,0
CLI-003731,1,15,54,23,42.6,20,3.4,1,2,0,5,29.4,3,0,554.62,0.0,0,0.12,0,0,0,1,0,0,1
CLI-000408,0,19,49,35,71.4,50,32.7,10,3,1,4,18.7,3,0,1208.61,0.0,0,0.62,0,1,0,0,0,0,1
CLI-000542,0,10,55,25,45.5,8,3.4,7,3,7,0,8.9,4,1,1200.21,0.02,0,0.44,0,0,1,0,0,1,0
CLI-001286,0,31,19,7,36.8,6,1.7,5,8,8,5,7.7,3,0,1017.66,0.01,0,0.19,0,0,0,1,0,0,1
CLI-000379,0,10,34,18,50.0,14,10.6,1,1,0,2,27.7,3,1,432.95,0.0,0,0.12,0,0,0,1,0,1,0
CLI-001767,0,9,194,173,89.2,84,56.9,9,2,4,0,0.9,5,0,9830.51,0.01,0,0.35,0,0,0,1,0,1,0
CLI-000715,0,19,3,2,66.7,29,3.0,1,6,0,4,26.4,2,0,40.4,0.0,0,0.12,0,0,0,1,0,0,1
CLI-004043,0,16,31,17,54.8,6,0.7,3,3,5,0,2.3,5,1,757.78,0.01,0,0.19,0,0,1,0,0,0,1
CLI-003402,0,15,535,318,59.4,11,3.6,11,1,8,0,10.5,5,0,23051.29,0.02,0,0.42,0,0,0,1,0,0,1
CLI-001959,0,9,36,13,36.1,1,0.2,4,2,29,0,10.6,4,0,962.98,0.11,0,0.25,0,0,0,1,0,1,0
CLI-004785,1,3,2,1,50.0,6,2.7,12,2,21,6,7.6,2,1,94.23,0.23,0,0.46,1,0,0,0,1,0,0
CLI-002910,1,6,2,1,50.0,15,6.6,6,2,2,6,19.0,3,0,41.96,0.01,0,0.38,1,0,0,0,0,1,0
CLI-004289,0,13,7,2,28.6,1,0.3,5,2,21,3,14.2,3,0,202.95,0.05,0,0.31,0,0,0,1,0,0,1
CLI-003098,0,1,18,7,38.9,23,8.9,12,0,3,4,3.5,4,1,1275.87,0.1,0,0.3,0,1,0,0,1,0,0
CLI-000652,0,10,125,69,55.2,16,9.0,20,2,3,0,0.5,5,0,9433.05,0.01,0,0.5,0,1,0,0,0,1,0
CLI-000647,0,12,5,2,40.0,31,17.4,17,1,0,1,3.9,3,0,293.03,0.0,0,0.65,0,0,0,1,0,1,0
CLI-001646,0,17,42,13,31.0,1,0.6,4,3,22,1,10.5,5,0,478.34,0.04,0,0.5,0,0,0,1,0,0,1
CLI-000490,0,14,3,2,66.7,32,19.0,3,5,1,1,21.9,4,0,37.61,0.0,0,0.38,0,0,0,1,0,0,1
CLI-001964,0,12,23,19,50.0,37,15.6,4,0,0,1,12.5,3,0,675.9,0.0,0,0.25,0,1,0,0,0,1,0
CLI-002459,0,1,22,9,40.9,1,5.65,9,1,6,3,5.6,3,3,817.98,0.2,0,0.35,0,0,0,1,1,0,0
CLI-000836,0,7,2,1,50.0,7,3.4,2,1,4,1,13.0,4,0,24.2,0.02,0,0.25,0,0,0,1,0,1,0
CLI-004253,1,16,8,3,37.5,1,0.6,2,2,20,3,18.0,3,0,99.81,0.04,0,0.25,0,0,0,1,0,0,1
CLI-003565,0,1,5,4,80.0,56,37.3,7,0,1,1,10.6,5,1,108.45,0.03,0,0.44,0,1,0,0,1,0,0
CLI-002636,0,24,31,25,80.6,42,24.9,11,4,3,3,7.5,4,1,1412.16,0.0,0,0.42,0,0,1,0,0,0,1
CLI-002000,1,2,38,17,44.7,1,0.3,4,1,16,4,13.9,3,4,733.6,0.27,0,0.25,0,1,0,0,1,0,0
CLI-002325,0,8,6,2,33.3,9,0.4,5,1,0,0,6.8,4,0,137.08,0.0,0,0.31,0,0,0,1,0,1,0
CLI-003099,1,3,11,6,54.5,38,24.8,9,0,1,0,12.5,3,0,245.96,0.01,0,0.56,0,0,0,1,1,0,0
CLI-003318,1,6,9,1,11.1,1,0.4,1,1,30,2,22.1,3,2,80.11,0.17,1,0.12,1,0,0,0,0,1,0
CLI-001021,0,1,4,1,25.0,1,0.3,1,0,8,1,33.6,2,1,32.68,0.27,0,0.12,0,0,0,1,1,0,0
CLI-004591,0,9,52,43,82.7,39,22.5,9,2,1,2,9.7,3,1,1351.04,0.0,0,0.56,0,1,0,0,0,1,0
CLI-004516,1,1,10,4,40.0,1,5.65,4,0,6,0,4.9,5,1,206.64,0.2,0,0.25,0,1,0,0,1,0,0
CLI-001631,0,14,11,2,18.2,6,2.2,1,3,1,1,10.5,4,1,127.58,0.0,0,0.12,0,0,0,1,0,0,1
CLI-004258,0,26,1,1,100.0,55,28.6,6,6,0,4,13.5,3,0,26.19,0.0,0,0.38,0,0,0,1,0,0,1
CLI-002149,0,20,33,18,54.5,34,12.2,7,8,0,2,14.1,3,0,875.96,0.0,0,0.44,0,0,0,1,0,0,1
CLI-002054,1,19,11,5,45.5,29,12.7,3,0,0,0,5.1,5,0,129.26,0.0,0,0.38,0,0,0,1,0,0,1
CLI-002671,0,21,8,5,62.5,39,14.0,9,1,1,2,12.6,4,0,182.69,0.0,0,0.56,0,0,0,1,0,0,1
CLI-001841,1,12,1,1,100.0,29,13.2,3,5,2,5,28.2,3,0,13.46,0.01,0,0.38,0,0,0,1,0,1,0
CLI-004183,0,7,71,37,52.1,44,5.65,13,0,2,0,10.5,3,1,6134.2,0.01,0,0.32,0,0,0,1,0,1,0
CLI-002023,0,25,8,6,75.0,39,20.6,6,4,2,4,29.8,4,0,96.0,0.0,0,0.75,0,0,0,1,0,0,1
CLI-001740,1,4,12,1,8.3,1,0.1,0,0,17,2,18.7,5,3,140.72,0.14,0,0.0,1,0,0,0,0,1,0
CLI-003431,0,5,9,1,11.1,1,0.3,0,0,6,2,10.0,4,0,234.58,0.04,0,0.0,1,0,0,0,0,1,0
CLI-001495,0,11,24,21,50.0,109,80.9,6,3,0,1,23.9,5,4,362.7,0.0,0,0.75,0,0,0,1,0,1,0
CLI-000955,1,8,4,3,75.0,36,5.65,4,0,0,3,40.6,3,0,49.53,0.0,0,0.5,0,1,0,0,0,1,0
CLI-000280,0,11,1,1,100.0,32,19.4,3,2,1,0,11.7,4,0,11.49,0.0,0,0.38,0,0,0,1,0,1,0
CLI-004749,0,8,6,3,50.0,16,10.5,4,0,0,0,13.0,3,1,125.94,0.0,0,0.25,0,0,0,1,0,1,0
CLI-000517,0,10,42,13,31.0,8,3.7,4,1,2,3,5.6,2,0,1590.55,0.01,0,0.15,1,0,0,0,0,1,0
CLI-004499,1,2,210,158,50.0,47,38.1,11,0,0,2,5.0,2,1,10327.23,0.0,0,0.42,0,0,0,1,1,0,0
CLI-002234,0,1,7,2,28.6,5,3.0,2,1,3,1,19.4,4,3,65.5,0.1,0,0.25,0,0,0,1,1,0,0
CLI-003018,0,17,389,92,23.7,1,0.4,5,6,2,3,12.4,3,0,10232.68,0.0,0,0.31,0,0,0,1,0,0,1
CLI-004597,0,20,2,0,0.0,0,5.65,0,0,62,0,8.7,3,0,50.21,0.1,1,0.0,0,0,0,1,0,0,1
CLI-002406,0,21,89,56,62.9,30,5.5,9,5,1,1,5.1,3,0,3544.44,0.0,0,0.35,0,1,0,0,0,0,1
CLI-003874,0,1,17,6,35.3,6,2.7,1,2,3,1,23.4,3,2,162.91,0.1,0,0.12,0,1,0,0,1,0,0
CLI-003022,0,19,53,34,64.2,8,0.4,2,3,5,0,9.8,5,0,724.82,0.01,0,0.25,0,0,0,1,0,0,1
CLI-002975,0,10,6,4,66.7,31,17.3,3,4,0,0,19.8,3,0,62.62,0.0,0,0.38,0,0,1,0,0,1,0
CLI-004232,0,8,8,5,62.5,50,2.5,4,1,0,3,25.3,3,2,113.55,0.0,0,0.5,0,1,0,0,0,1,0
CLI-002564,0,13,84,56,66.7,38,16.1,8,2,1,3,9.9,4,0,1967.36,0.0,0,0.5,0,1,0,0,0,0,1
CLI-000923,0,13,10,8,80.0,56,10.4,15,2,0,5,9.6,3,0,450.64,0.0,0,0.58,0,0,0,1,0,0,1
CLI-003221,1,3,4,1,25.0,2,1.2,3,1,14,4,11.8,2,0,90.82,0.16,0,0.19,0,0,0,1,1,0,0
CLI-004308,0,17,126,16,12.7,1,0.1,3,2,16,1,13.9,4,0,3677.87,0.03,0,0.19,0,0,0,1,0,0,1
CLI-003707,0,26,32,17,53.1,30,17.8,6,3,1,5,18.1,2,0,1007.09,0.0,0,0.38,0,0,0,1,0,0,1
CLI-002753,1,6,10,4,40.0,9,1.5,2,2,2,7,42.2,2,1,125.15,0.01,0,0.25,0,0,0,1,0,1,0
CLI-004105,0,7,27,8,29.6,1,0.3,1,2,13,2,6.2,4,1,913.81,0.06,0,0.04,0,0,0,1,0,1,0
CLI-004720,0,3,7,5,71.4,46,5.65,3,1,1,0,15.0,4,3,95.37,0.01,0,0.38,0,0,0,1,1,0,0
CLI-002878,0,6,53,32,60.4,21,1.0,16,0,1,4,10.5,3,3,5221.11,0.01,0,0.4,0,0,0,1,0,1,0
CLI-000561,0,1,5,3,60.0,21,5.9,3,1,1,0,10.5,5,1,57.04,0.03,0,0.38,0,0,0,1,1,0,0
CLI-003461,0,2,10,2,20.0,1,0.2,7,0,1,6,10.5,1,1,740.24,0.02,0,0.18,1,0,0,0,1,0,0
CLI-000048,1,1,2,1,50.0,2,1.2,1,0,13,3,22.2,4,5,22.15,0.43,0,0.12,0,1,0,0,1,0,0
CLI-002323,0,14,41,0,0.0,0,0.0,0,0,37,0,14.4,4,0,1072.54,0.09,1,0.0,0,0,0,1,0,0,1
CLI-000004,0,29,42,25,50.0,39,20.2,10,8,1,0,10.5,5,0,1600.67,0.0,0,0.38,0,0,1,0,0,0,1
CLI-004053,1,21,1,0,0.0,0,0.0,0,0,48,3,10.5,2,0,10.12,0.08,1,0.0,1,0,0,0,0,0,1
CLI-000065,0,9,29,13,44.8,17,9.8,8,1,6,0,3.8,5,0,622.99,0.02,0,0.5,0,0,0,1,0,1,0
CLI-000877,0,14,134,67,50.0,22,10.9,5,1,0,5,26.6,3,0,3549.95,0.0,0,0.31,0,1,0,0,0,0,1
CLI-000261,0,17,10,3,30.0,4,0.6,1,3,3,1,23.0,4,0,140.3,0.01,0,0.12,0,0,1,0,0,0,1
CLI-002538,0,10,47,32,68.1,27,15.8,3,1,0,2,10.5,4,1,521.58,0.0,0,0.38,0,0,0,1,0,1,0
CLI-000564,1,1,116,0,0.0,0,0.0,0,0,30,4,3.7,3,2,8284.23,1.0,1,0.0,1,0,0,0,1,0,0
CLI-001123,0,28,9,4,44.4,42,15.8,7,5,1,0,4.3,5,0,259.46,0.0,0,0.44,0,0,1,0,0,0,1
CLI-004936,1,1,3,1,33.3,17,11.9,3,0,4,1,21.4,5,3,29.32,0.13,0,0.38,0,1,0,0,1,0,0
CLI-001152,0,19,276,71,25.7,1,0.3,2,4,8,0,2.0,4,0,20600.81,0.01,0,0.05,0,0,1,0,0,0,1
CLI-001962,0,10,53,50,94.3,115,106.5,13,1,3,0,10.1,4,0,1245.74,0.01,0,0.81,0,0,0,1,0,1,0
CLI-000417,1,7,172,22,12.8,1,0.2,6,0,25,0,6.4,3,1,6139.83,0.12,0,0.23,1,0,0,0,0,1,0
CLI-000397,1,12,47,8,17.0,7,1.9,4,4,7,4,11.8,4,0,1163.48,0.02,0,0.25,1,0,0,0,0,1,0
CLI-001559,1,4,20,0,0.0,0,0.0,0,0,120,0,9.1,2,1,474.15,1.0,1,0.0,0,0,0,1,0,1,0
CLI-003538,0,19,43,27,62.8,33,24.6,6,5,1,0,2.3,5,0,1139.87,0.0,0,0.38,0,0,0,1,0,0,1
CLI-000608,0,8,8,5,62.5,25,9.4,10,3,1,4,3.8,4,0,307.82,0.0,0,0.38,0,0,1,0,0,1,0
CLI-000912,1,11,11,0,0.0,0,0.0,0,0,73,0,6.3,4,0,548.23,0.22,1,0.0,1,0,0,0,0,1,0
CLI-003903,0,16,7,4,57.1,29,14.6,2,5,1,1,31.4,3,0,85.26,0.0,0,0.25,0,1,0,0,0,0,1
CLI-002803,0,14,9,4,44.4,11,3.2,3,2,0,0,16.9,5,0,108.71,0.0,0,0.38,0,1,0,0,0,0,1
CLI-004743,0,16,16,8,50.0,13,0.6,13,4,1,1,10.5,3,0,1088.48,0.0,0,0.32,0,1,0,0,0,0,1
CLI-004172,0,15,183,64,35.0,12,2.0,7,4,1,4,8.1,3,0,7978.13,0.0,0,0.27,0,1,0,0,0,0,1
CLI-002995,0,4,2,2,100.0,60,27.0,6,1,3,0,6.9,3,3,50.02,0.02,0,0.38,0,0,0,1,0,1,0
CLI-004771,1,1,50,23,46.0,26,4.3,10,0,2,3,4.6,3,3,1681.63,0.07,0,0.38,0,0,0,1,1,0,0
CLI-003610,1,1,50,5,50.0,1,0.2,1,0,14,1,13.8,3,2,1396.91,0.47,0,0.06,0,0,0,1,1,0,0
CLI-004962,0,13,15,2,13.3,1,0.2,0,1,7,1,6.3,5,1,325.43,0.02,0,0.0,0,0,0,1,0,0,1
CLI-004958,0,18,28,14,50.0,12,7.5,10,4,3,5,7.4,2,0,1436.65,0.01,0,0.38,0,0,0,1,0,0,1
CLI-001668,1,8,37,14,37.8,3,1.6,5,2,2,7,6.7,2,0,1566.34,0.01,0,0.19,0,0,0,1,0,1,0
CLI-002896,0,14,7,6,85.7,53,25.5,5,2,0,4,16.6,3,0,195.87,0.0,0,0.31,0,0,0,1,0,0,1
CLI-001641,1,1,10,7,70.0,47,33.3,4,2,1,3,31.3,3,7,126.36,0.03,0,0.5,0,0,0,1,1,0,0
CLI-004396,0,17,55,0,0.0,0,0.0,0,0,75,0,10.1,4,0,1460.66,0.15,1,0.0,1,0,0,0,0,0,1
CLI-003957,1,21,10,0,0.0,0,5.65,0,0,88,3,6.0,4,0,874.94,0.14,1,0.0,0,0,0,1,0,0,1
CLI-000006,0,6,10,6,60.0,17,7.9,2,3,3,2,10.5,3,0,120.0,0.02,0,0.25,0,1,0,0,0,1,0
CLI-002417,1,13,186,59,31.7,1,0.6,3,1,11,5,10.5,3,0,14880.0,0.03,0,0.08,0,0,0,1,0,0,1
CLI-003373,0,29,12,3,25.0,1,0.4,3,3,27,3,29.9,3,0,156.03,0.03,0,0.38,0,1,0,0,0,0,1
CLI-003264,0,15,20,14,70.0,30,13.9,6,2,2,0,10.5,4,0,500.0,0.0,0,0.38,0,1,0,0,0,0,1
CLI-002936,0,1,19,6,31.6,1,0.2,1,1,9,2,19.7,3,0,218.83,0.3,0,0.12,0,0,0,1,1,0,0
CLI-003062,0,10,54,8,14.8,1,0.1,3,2,14,1,3.7,4,0,2147.17,0.05,0,0.12,0,0,0,1,0,1,0
CLI-002297,0,20,202,164,81.2,49,22.5,7,6,1,3,13.5,3,0,4923.5,0.0,0,0.44,0,1,0,0,0,0,1
CLI-003572,0,10,58,0,0.0,0,0.0,0,0,38,3,0.5,4,0,3860.23,0.13,1,0.0,1,0,0,0,0,1,0
CLI-001594,0,2,47,35,74.5,27,11.2,3,1,1,2,26.9,2,2,600.17,0.02,0,0.38,0,0,0,1,1,0,0
CLI-002409,1,13,494,0,0.0,0,0.0,0,0,43,0,7.7,4,1,8597.23,0.11,1,0.0,0,0,0,1,0,0,1
CLI-002774,0,10,1,1,100.0,43,23.8,4,1,4,0,15.0,4,0,11.59,0.01,0,0.5,0,1,0,0,0,1,0
CLI-002324,0,13,17,9,52.9,17,8.0,5,7,0,4,10.5,4,0,371.37,0.0,0,0.31,0,0,1,0,0,0,1
CLI-001484,0,11,19,11,57.9,29,7.5,11,4,0,2,6.1,4,0,959.93,0.0,0,0.42,0,0,1,0,0,1,0
CLI-004507,0,13,25,15,60.0,26,9.7,5,4,0,0,7.8,5,0,717.46,0.0,0,0.31,0,0,0,1,0,0,1
CLI-003486,1,7,12,5,41.7,6,2.6,4,2,2,3,15.8,4,3,248.78,0.01,0,0.25,0,0,0,1,0,1,0
CLI-000083,1,1,49,29,59.2,37,12.7,6,0,1,9,15.3,2,2,1133.76,0.03,0,0.38,0,0,0,1,1,0,0
CLI-004216,0,8,21,9,42.9,15,6.6,5,0,1,0,10.5,5,0,554.48,0.0,0,0.31,0,1,0,0,0,1,0
CLI-002093,0,16,19,14,73.7,77,75.6,10,1,1,0,8.4,5,0,514.84,0.0,0,0.62,0,1,0,0,0,0,1
CLI-004777,0,10,1,1,100.0,1,0.4,3,2,21,0,10.5,4,0,9.11,0.07,0,0.38,0,0,0,1,0,1,0
CLI-000536,0,7,41,34,82.9,61,36.2,10,0,0,1,3.3,4,1,2414.54,0.0,0,0.38,0,0,0,1,0,1,0
CLI-000724,0,12,136,34,25.0,1,0.5,2,3,16,2,13.0,5,0,2651.24,0.04,0,0.12,0,0,0,1,0,1,0
CLI-002714,0,6,156,22,14.1,1,0.1,3,3,9,1,3.3,4,2,5040.65,0.05,0,0.12,1,0,0,0,0,1,0
CLI-000846,0,5,44,24,54.5,29,7.2,6,2,1,3,11.1,4,2,1107.76,0.01,0,0.38,0,0,0,1,0,1,0
CLI-001410,1,19,4,0,0.0,0,0.0,0,0,121,10,5.2,3,0,366.03,0.21,1,0.0,0,0,0,1,0,0,1
CLI-002550,0,4,208,99,47.6,19,9.3,4,0,0,5,29.7,3,1,2512.03,0.0,0,0.5,0,0,0,1,0,1,0
CLI-001704,0,11,55,20,36.4,3,1.2,2,2,26,0,10.6,3,1,1458.76,0.08,0,0.12,0,0,0,1,0,1,0
CLI-002095,0,10,5,1,20.0,1,0.2,1,4,10,4,14.9,3,1,75.0,0.03,0,0.06,1,0,0,0,0,1,0
CLI-004011,1,11,8,0,0.0,0,0.0,0,0,33,1,6.4,5,2,81.83,0.1,1,0.0,1,0,0,0,0,1,0
CLI-002078,0,14,2,1,50.0,18,10.0,5,1,5,3,25.9,3,0,27.91,0.01,0,0.62,0,0,0,1,0,0,1
CLI-002790,0,8,1,1,100.0,15,8.0,1,1,1,0,9.6,5,0,10.72,0.0,0,0.12,0,1,0,0,0,1,0
CLI-003237,0,2,58,52,89.7,81,5.65,10,0,0,0,6.3,4,1,2941.34,0.0,0,0.38,0,1,0,0,1,0,0
CLI-002067,1,1,9,4,44.4,11,4.5,4,0,4,2,27.7,3,3,115.46,0.13,0,0.5,0,0,0,1,1,0,0
CLI-001465,0,21,47,35,74.5,38,19.6,18,6,0,0,0.5,4,0,4010.04,0.0,0,0.45,0,0,1,0,0,0,1
CLI-000911,1,2,8,7,87.5,67,5.65,10,1,2,5,14.2,4,1,191.39,0.03,0,0.62,0,0,0,1,1,0,0
CLI-001512,1,3,2,2,100.0,61,5.65,4,0,4,8,10.5,1,2,26.79,0.04,0,0.5,0,0,0,1,1,0,0
CLI-000928,1,1,613,85,13.9,1,0.5,0,0,30,0,11.0,4,3,12058.6,1.0,1,0.0,1,0,0,0,1,0,0
CLI-003323,0,7,9,4,44.4,1,0.5,6,1,6,0,7.4,4,0,208.24,0.03,0,0.38,0,0,0,1,0,1,0
CLI-004532,1,1,8,3,37.5,1,0.1,2,0,21,6,13.0,3,4,197.78,0.7,0,0.12,0,1,0,0,1,0,0
CLI-002345,0,1,14,10,71.4,8,2.1,4,0,2,3,10.3,5,0,382.93,0.07,0,0.25,0,0,0,1,1,0,0
CLI-003793,0,5,10,3,30.0,1,0.1,2,0,1,2,12.4,3,0,201.34,0.01,0,0.12,0,1,0,0,0,1,0
CLI-000180,1,13,7,1,50.0,5,1.7,2,3,2,9,50.5,1,0,87.53,0.01,0,0.25,0,0,0,1,0,0,1
CLI-002851,0,6,11,9,81.8,62,55.2,6,2,3,0,14.3,5,1,176.08,0.02,0,0.75,0,0,0,1,0,1,0
CLI-003607,1,14,6,0,0.0,0,0.0,0,0,64,1,26.5,3,0,73.51,0.15,1,0.0,0,0,0,1,0,0,1
CLI-001969,0,16,41,23,56.1,28,15.9,7,2,0,0,10.5,3,0,1053.9,0.0,0,0.44,0,0,0,1,0,0,1
CLI-004585,0,10,34,19,55.9,17,10.1,16,3,3,3,7.0,3,1,1742.7,0.01,0,0.62,0,0,0,1,0,1,0
CLI-000221,0,1,34,29,85.3,74,21.4,24,0,3,0,1.1,5,1,2608.99,0.1,0,0.6,0,1,0,0,1,0,0
CLI-001434,0,15,884,829,93.8,71,50.8,22,4,0,5,4.5,3,0,76511.23,0.0,0,0.55,0,0,0,1,0,0,1
CLI-001395,0,18,144,110,76.4,52,43.1,16,5,3,5,9.6,1,0,6447.97,0.01,0,0.62,1,0,0,0,0,0,1
CLI-002230,0,9,161,110,68.3,20,14.5,24,4,1,0,1.2,5,0,13859.61,0.0,0,0.6,0,0,1,0,0,1,0
CLI-000982,1,12,43,6,50.0,3,0.9,2,1,6,2,11.8,3,1,1188.98,0.02,0,0.12,1,0,0,0,0,1,0
CLI-001173,0,19,9,6,66.7,38,17.5,3,4,1,3,26.7,3,0,111.08,0.0,0,0.38,0,1,0,0,0,0,1
CLI-003441,0,11,2,2,100.0,56,35.2,9,1,4,1,12.3,3,3,51.89,0.01,0,0.56,0,0,0,1,0,1,0
CLI-003586,0,16,99,67,67.7,51,7.4,5,4,1,5,17.6,3,0,2542.79,0.0,0,0.31,0,1,0,0,0,0,1
CLI-001520,1,17,186,30,16.1,3,0.7,8,1,25,7,11.5,2,0,8046.42,0.05,0,0.31,1,0,0,0,0,0,1
CLI-003066,0,13,97,30,30.9,9,0.4,18,5,0,0,0.5,5,0,7115.69,0.0,0,0.45,0,0,0,1,0,0,1
CLI-002427,0,18,3,3,50.0,75,45.2,14,7,0,0,1.5,5,0,157.72,0.0,0,0.54,0,0,1,0,0,0,1
CLI-001110,0,1,40,18,45.0,12,11.6,6,0,5,0,10.5,4,3,888.26,0.17,0,0.38,0,1,0,0,1,0,0
CLI-002099,1,6,5,1,20.0,1,0.5,0,0,27,7,37.8,2,0,58.18,0.15,0,0.0,1,0,0,0,0,1,0
CLI-001096,0,10,48,14,29.2,5,0.9,3,2,2,2,11.5,3,0,1242.47,0.01,0,0.19,0,1,0,0,0,1,0
CLI-003887,1,10,11,8,72.7,40,12.4,7,0,1,6,19.9,3,0,322.01,0.0,0,0.44,0,0,0,1,0,1,0
CLI-003782,1,2,14,2,14.3,1,0.4,2,1,18,4,13.9,3,0,323.21,0.3,0,0.12,0,0,0,1,1,0,0
CLI-000719,1,1,37,13,35.1,5,5.65,1,0,1,0,3.8,4,2,1627.32,0.03,0,0.04,0,0,0,1,1,0,0
CLI-001971,1,5,11,6,54.5,4,1.1,0,0,16,3,16.4,4,1,110.17,0.11,0,0.0,0,0,0,1,0,1,0
CLI-001770,0,13,48,26,54.2,16,1.9,2,3,1,9,10.5,3,0,658.45,0.0,0,0.25,1,0,0,0,0,0,1
CLI-000178,1,11,5,0,0.0,0,0.0,0,0,64,3,12.7,2,0,78.31,0.19,1,0.0,1,0,0,0,0,1,0
CLI-003970,0,23,2,1,50.0,16,8.4,6,0,0,1,10.5,4,0,51.43,0.0,0,0.38,0,0,0,1,0,0,1
CLI-003421,0,16,56,30,53.6,22,9.9,5,8,0,0,6.8,5,0,1482.63,0.0,0,0.31,0,0,1,0,0,0,1
CLI-000904,1,1,34,27,79.4,35,23.2,8,0,0,4,16.7,3,2,1014.53,0.0,0,0.5,0,0,0,1,1,0,0
CLI-002179,0,3,70,7,10.0,1,0.1,4,0,28,0,0.5,4,0,3558.53,0.31,0,0.1,1,0,0,0,1,0,0
CLI-001947,1,11,97,59,50.0,14,9.1,3,3,3,10,20.3,2,2,2504.11,0.01,0,0.19,1,0,0,0,0,1,0
CLI-003777,1,6,8,4,50.0,26,13.4,3,1,2,3,12.3,3,0,204.79,0.01,0,0.19,0,0,0,1,0,1,0
CLI-002321,0,24,32,14,43.8,14,2.7,3,1,5,4,17.5,2,0,867.44,0.01,0,0.19,0,0,0,1,0,0,1
CLI-003715,0,14,26,19,73.1,67,29.9,15,2,1,0,3.3,3,0,2460.12,0.0,0,0.38,0,1,0,0,0,0,1
CLI-002837,1,2,34,21,61.8,36,21.7,3,1,1,5,34.9,3,5,425.03,0.02,0,0.38,0,0,0,1,1,0,0
CLI-001835,0,11,51,44,86.3,61,34.5,5,1,1,0,4.9,3,1,2497.8,0.0,0,0.19,0,0,0,1,0,1,0
CLI-000577,0,16,58,29,50.0,33,20.2,2,0,3,5,14.0,4,0,1506.17,0.01,0,0.12,0,0,0,1,0,0,1
CLI-004674,1,1,366,174,47.5,26,13.6,9,0,2,0,6.1,2,2,14724.81,0.07,0,0.35,1,0,0,0,1,0,0
CLI-004608,0,6,35,19,54.3,19,11.2,5,2,1,0,7.0,5,3,979.2,0.01,0,0.31,0,1,0,0,0,1,0
CLI-001537,0,15,3,2,66.7,27,12.3,20,6,0,0,10.5,3,1,213.73,0.0,0,0.5,0,0,0,1,0,0,1
CLI-000306,1,1,36,9,25.0,1,0.2,0,0,23,3,21.9,3,3,410.91,0.77,0,0.0,0,0,0,1,1,0,0
CLI-004629,1,7,42,24,57.1,25,13.8,8,2,1,1,8.0,4,0,1479.64,0.0,0,0.31,0,1,0,0,0,1,0
CLI-003922,0,7,26,7,26.9,1,0.7,5,3,4,6,13.7,4,0,674.19,0.02,0,0.31,0,0,0,1,0,1,0
CLI-000401,0,1,107,8,7.5,1,0.3,1,0,30,2,10.5,5,1,2371.37,1.0,1,0.06,1,0,0,0,1,0,0
CLI-001675,0,10,46,38,82.6,59,46.0,7,1,1,9,18.0,2,0,1108.28,0.0,0,0.44,1,0,0,0,0,1,0
CLI-000450,0,9,43,30,69.8,50,29.9,10,1,0,6,12.1,1,0,1806.28,0.0,0,0.38,1,0,0,0,0,1,0
CLI-001109,1,12,37,14,37.8,11,1.3,1,2,1,6,24.3,1,1,889.67,0.0,0,0.06,1,0,0,0,0,1,0
CLI-001099,1,4,52,16,30.8,7,3.3,5,1,4,0,5.2,3,1,1336.57,0.03,0,0.31,0,1,0,0,0,1,0
CLI-001051,0,27,6,2,33.3,1,0.4,2,6,25,5,30.2,4,0,72.0,0.03,0,0.25,0,0,0,1,0,0,1
CLI-000519,0,1,51,7,13.7,1,0.2,4,2,0,0,5.6,5,4,1074.54,0.0,0,0.25,0,0,0,1,1,0,0
CLI-002911,0,14,1,1,100.0,38,12.7,5,2,1,0,0.5,4,1,75.37,0.0,0,0.12,0,0,0,1,0,0,1
CLI-004394,0,1,789,506,64.1,31,5.8,25,0,0,4,3.6,2,4,54609.99,0.0,0,0.62,0,0,0,1,1,0,0
CLI-001592,1,10,7,4,57.1,1,0.2,0,3,19,3,23.9,5,1,90.81,0.06,0,0.0,0,0,0,1,0,1,0
CLI-001095,0,1,3,2,66.7,32,12.2,3,0,1,0,19.3,5,2,35.35,0.03,0,0.38,0,1,0,0,1,0,0
CLI-004830,0,14,834,290,34.8,5,0.8,5,6,2,0,5.0,3,0,19494.35,0.0,0,0.31,0,0,0,1,0,0,1
CLI-002018,0,8,211,58,50.0,6,0.3,14,2,3,1,0.5,4,0,12537.74,0.01,0,0.35,0,0,0,1,0,1,0
CLI-003676,0,6,21,13,61.9,27,2.2,3,2,0,0,14.4,4,2,252.0,0.0,0,0.38,0,1,0,0,0,1,0
CLI-004067,0,1,21,11,52.4,17,9.5,5,0,2,2,15.9,3,0,343.85,0.07,0,0.31,0,0,0,1,1,0,0
CLI-000142,0,8,9,4,44.4,5,0.6,1,1,0,5,22.5,3,0,114.17,0.0,0,0.12,0,1,0,0,0,1,0
CLI-001020,1,4,2,1,50.0,45,32.5,5,1,0,3,25.4,3,0,25.09,0.0,0,0.62,0,1,0,0,0,1,0
CLI-004747,1,6,5,2,40.0,19,6.2,7,1,2,0,11.8,4,1,111.4,0.01,0,0.44,0,0,0,1,0,1,0
CLI-000849,1,11,6,1,16.7,1,0.2,1,1,2,9,18.6,3,0,119.86,0.01,0,0.06,1,0,0,0,0,1,0
CLI-003073,0,21,6,4,66.7,36,15.3,11,5,1,2,16.4,2,0,141.09,0.0,0,0.69,0,0,0,1,0,0,1
CLI-000292,1,11,1,1,100.0,77,39.3,7,2,0,9,19.6,1,1,25.16,0.0,0,0.44,0,0,0,1,0,1,0
CLI-003287,0,19,6,4,66.7,27,8.6,4,3,1,4,34.4,2,0,88.12,0.0,0,0.5,1,0,0,0,0,0,1
CLI-002725,1,22,55,20,36.4,1,0.2,6,3,1,9,10.2,2,0,2580.47,0.0,0,0.23,1,0,0,0,0,0,1
CLI-004792,1,4,22,9,40.9,10,5.3,8,1,1,9,1.4,1,0,1484.12,0.01,0,0.2,1,0,0,0,0,1,0
CLI-001875,1,1,22,13,59.1,25,16.8,17,1,2,1,1.4,3,3,1788.1,0.07,0,0.42,0,0,0,1,1,0,0
CLI-001945,1,10,11,0,0.0,0,0.0,0,0,78,2,27.2,3,0,143.43,0.26,1,0.0,1,0,0,0,0,1,0
CLI-001802,0,9,55,19,34.5,2,5.65,4,3,3,1,9.2,2,0,1283.42,0.01,0,0.25,0,0,0,1,0,1,0
CLI-001360,0,20,2,1,50.0,17,7.0,2,5,1,0,25.8,3,0,24.0,0.0,0,0.25,0,0,0,1,0,0,1
CLI-003554,0,18,10,2,20.0,1,0.4,1,12,20,2,10.5,3,0,111.79,0.04,0,0.12,1,0,0,0,0,0,1
CLI-004662,0,21,52,36,69.2,50,36.1,6,2,1,0,8.1,4,0,1527.07,0.0,0,0.38,0,0,0,1,0,0,1
CLI-002166,0,1,34,15,44.1,17,5.0,9,0,0,2,1.0,4,2,1466.95,0.0,0,0.35,0,1,0,0,1,0,0
CLI-002836,0,15,98,25,25.5,1,0.1,1,2,17,6,3.5,2,0,5648.19,0.04,0,0.02,1,0,0,0,0,0,1
CLI-002159,0,22,7,6,85.7,91,36.1,5,3,1,0,1.2,5,0,110.81,0.0,0,0.62,0,0,0,1,0,0,1
CLI-000981,0,4,827,513,62.0,48,46.0,19,1,0,0,4.6,4,1,60181.41,0.0,0,0.48,0,0,0,1,0,1,0
CLI-004083,0,18,13,6,46.2,2,0.8,3,2,21,1,12.5,5,0,307.74,0.04,0,0.19,0,1,0,0,0,0,1
CLI-001750,0,1,29,21,72.4,31,28.6,15,0,2,1,8.5,4,2,1302.31,0.07,0,0.58,0,0,0,1,1,0,0
CLI-002641,1,3,8,2,25.0,1,0.1,2,2,11,1,15.4,4,0,104.45,0.12,0,0.25,0,1,0,0,1,0,0
CLI-000240,0,17,57,25,43.9,14,2.7,8,6,1,0,8.0,5,0,2657.17,0.0,0,0.31,0,0,0,1,0,0,1
CLI-001655,0,20,142,105,73.9,43,30.4,11,2,1,6,1.1,4,0,11782.18,0.0,0,0.28,0,0,0,1,0,0,1
CLI-001749,0,21,8,2,25.0,8,0.4,2,2,5,0,31.4,3,0,101.92,0.01,0,0.25,0,1,0,0,0,0,1
CLI-000041,1,4,1,1,100.0,1,0.3,3,1,28,3,10.1,2,0,17.95,0.23,0,0.19,0,0,0,1,0,1,0
CLI-004055,0,16,8,7,87.5,54,48.2,9,1,1,0,8.7,4,0,205.76,0.0,0,0.56,0,0,0,1,0,0,1
CLI-002515,0,15,18,14,77.8,38,11.3,9,5,0,0,4.7,4,0,504.02,0.0,0,0.56,0,0,0,1,0,0,1
CLI-000216,1,1,39,21,53.8,16,10.7,4,0,1,6,16.0,2,0,852.96,0.03,0,0.25,1,0,0,0,1,0,0
CLI-003395,0,14,23,14,60.9,17,4.3,8,1,3,8,21.7,1,0,491.03,0.01,0,0.5,1,0,0,0,0,0,1
CLI-000972,0,7,14,8,57.1,35,23.1,4,0,1,0,12.1,5,0,169.04,0.0,0,0.5,0,1,0,0,0,1,0
CLI-002207,0,20,4,2,50.0,24,8.9,7,2,0,1,14.1,3,0,116.38,0.0,0,0.44,0,1,0,0,0,0,1
CLI-000305,1,4,8,5,62.5,34,13.9,4,0,2,3,28.7,2,2,93.59,0.02,0,0.5,0,0,0,1,0,1,0
CLI-001573,1,11,10,9,50.0,114,61.1,4,3,1,4,27.5,3,1,119.98,0.0,0,0.5,0,0,0,1,0,1,0
CLI-003694,1,18,5,4,80.0,48,11.6,4,1,1,7,33.9,2,0,71.62,0.0,0,0.5,1,0,0,0,0,0,1
CLI-003382,0,29,46,21,45.7,24,12.7,13,3,1,3,7.1,4,0,2584.52,0.0,0,0.5,0,0,0,1,0,0,1
CLI-004135,0,11,46,39,84.8,77,36.4,9,5,0,5,11.6,4,1,1222.14,0.0,0,0.56,0,0,1,0,0,1,0
CLI-002698,1,3,13,5,38.5,2,0.8,3,0,0,4,17.9,3,1,139.0,0.0,0,0.38,1,0,0,0,1,0,0
CLI-003252,0,13,259,101,39.0,1,0.4,14,1,30,0,0.5,3,0,20082.97,0.08,1,0.35,0,0,0,1,0,0,1
CLI-004164,0,11,6,5,83.3,79,45.0,3,1,0,2,25.0,3,0,81.63,0.0,0,0.38,0,0,0,1,0,1,0
CLI-004477,0,5,15,4,26.7,6,5.65,5,2,0,1,3.7,5,0,376.08,0.0,0,0.31,0,1,0,0,0,1,0
CLI-003215,1,7,31,8,25.8,1,0.2,1,2,17,4,15.3,3,0,736.96,0.08,0,0.06,0,1,0,0,0,1,0
CLI-004415,1,13,2,0,0.0,0,0.0,0,0,89,3,10.5,3,1,90.29,0.23,1,0.0,1,0,0,0,0,0,1
CLI-004941,0,18,11,8,72.7,43,13.7,14,2,0,4,7.6,3,0,478.15,0.0,0,0.54,0,0,0,1,0,0,1
CLI-001416,0,21,14,10,71.4,56,23.8,8,7,1,8,13.6,5,0,349.59,0.0,0,0.5,1,0,0,0,0,0,1
CLI-003811,0,16,57,31,54.4,50,22.9,12,3,0,0,2.1,5,1,1512.04,0.0,0,0.75,0,0,0,1,0,0,1
CLI-000147,0,23,194,74,38.1,1,0.2,18,9,4,0,3.8,4,0,18865.05,0.01,0,0.45,0,0,1,0,0,0,1
CLI-001710,0,12,3,2,50.0,50,39.1,6,0,2,1,12.5,3,0,80.89,0.01,0,0.38,0,0,0,1,0,1,0
CLI-000503,0,26,6,5,83.3,70,25.6,5,9,2,1,22.1,4,0,79.32,0.0,0,0.62,0,0,0,1,0,0,1
CLI-004436,1,1,802,202,25.2,11,2.1,4,0,1,0,0.5,4,1,58374.49,0.03,0,0.1,0,0,0,1,1,0,0
CLI-004913,0,19,1,1,100.0,25,15.8,10,2,1,2,3.2,5,0,47.3,0.0,0,0.38,0,0,0,1,0,0,1
CLI-002306,0,14,23,15,65.2,33,5.65,3,0,1,2,18.5,4,0,254.64,0.0,0,0.38,0,0,0,1,0,0,1
CLI-002433,0,16,85,76,89.4,97,87.7,10,2,4,2,10.5,3,0,2525.1,0.01,0,0.62,0,0,0,1,0,0,1
CLI-001521,0,11,486,351,72.2,36,24.3,5,1,1,0,11.8,5,0,6536.47,0.0,0,0.62,0,1,0,0,0,1,0
CLI-002266,0,2,214,171,79.9,51,30.0,20,0,1,0,6.0,5,2,18867.81,0.02,0,0.5,0,1,0,0,1,0,0
CLI-001019,0,15,52,16,30.8,5,5.65,9,6,1,0,3.6,5,0,1258.13,0.0,0,0.56,0,0,0,1,0,0,1
CLI-001613,0,3,206,152,73.8,26,9.5,12,0,0,3,6.1,4,1,9583.21,0.0,0,0.46,0,0,0,1,1,0,0
CLI-001323,0,26,185,35,18.9,13,8.1,4,7,1,4,10.5,3,0,2574.29,0.0,0,0.5,1,0,0,0,0,0,1
CLI-000053,0,13,168,126,75.0,38,19.3,7,2,0,0,1.1,4,0,5492.41,0.0,0,0.27,0,0,0,1,0,0,1
CLI-002988,0,10,20,5,25.0,4,1.0,9,0,1,1,5.7,3,1,763.83,0.0,0,0.35,0,1,0,0,0,1,0
CLI-001491,0,18,7,4,57.1,20,11.3,3,2,2,0,11.7,4,0,83.97,0.0,0,0.38,0,0,0,1,0,0,1
CLI-000706,0,4,21,11,52.4,39,41.4,9,2,0,3,11.5,3,2,536.15,0.0,0,0.56,0,1,0,0,0,1,0
CLI-001370,1,5,172,0,0.0,0,0.0,0,0,72,0,3.9,5,0,4701.92,0.48,1,0.0,0,0,0,1,0,1,0
CLI-001643,0,18,6,5,83.3,73,36.6,13,4,2,0,0.5,5,0,278.71,0.0,0,0.5,0,0,0,1,0,0,1
CLI-001780,0,33,4,1,25.0,4,1.3,0,10,18,0,10.8,4,0,50.99,0.02,0,0.0,0,0,0,1,0,0,1
CLI-000313,0,13,54,24,44.4,5,1.4,4,4,3,3,5.1,3,2,2863.66,0.01,0,0.15,0,1,0,0,0,0,1
CLI-003106,0,15,10,5,50.0,19,12.3,7,2,3,4,16.9,3,0,242.93,0.01,0,0.44,0,0,0,1,0,0,1
CLI-004836,0,4,176,37,50.0,5,0.8,5,1,9,1,8.3,4,0,5071.8,0.08,0,0.31,1,0,0,0,0,1,0
CLI-002387,1,1,11,9,81.8,60,37.6,9,0,1,2,20.9,3,2,316.21,0.03,0,0.56,0,0,0,1,1,0,0
CLI-003381,0,5,118,85,72.0,50,48.9,9,2,0,1,10.5,4,0,3325.1,0.0,0,0.56,0,1,0,0,0,1,0
CLI-004287,0,17,49,28,57.1,36,20.4,7,2,2,5,12.9,2,0,1168.82,0.0,0,0.44,1,0,0,0,0,0,1
CLI-000646,0,20,32,7,21.9,6,3.0,14,10,3,0,0.5,5,0,2805.8,0.0,0,0.35,0,0,0,1,0,0,1
CLI-002581,0,17,13,10,50.0,44,6.7,15,2,1,3,8.7,2,0,638.33,0.0,0,0.58,0,0,0,1,0,0,1
CLI-000167,1,5,7,1,14.3,3,0.2,3,1,12,2,29.1,3,1,76.75,0.08,0,0.38,0,0,0,1,0,1,0
CLI-003516,0,7,187,0,50.0,0,0.0,0,2,58,0,7.1,4,0,4205.14,0.28,1,0.0,0,0,0,1,0,1,0
CLI-002767,0,1,57,19,33.3,5,2.2,1,0,0,1,16.1,4,4,520.99,0.0,0,0.12,0,1,0,0,1,0,0
CLI-003640,0,6,5,3,50.0,34,10.9,10,4,1,7,10.5,2,0,261.31,0.01,0,0.38,0,0,0,1,0,1,0
CLI-001777,0,12,24,9,37.5,15,3.7,5,2,4,0,9.4,5,0,636.62,0.01,0,0.31,0,1,0,0,0,1,0
CLI-003471,0,10,170,106,62.4,19,9.0,3,3,0,1,14.7,3,2,2124.77,0.0,0,0.38,0,0,0,1,0,1,0
CLI-000971,1,1,36,28,77.8,76,39.0,11,0,0,6,24.0,2,2,998.65,0.0,0,0.69,0,0,0,1,1,0,0
CLI-000689,0,1,41,27,65.9,29,11.6,7,0,2,1,8.9,3,1,1099.09,0.07,0,0.44,0,1,0,0,1,0,0
CLI-001818,0,17,18,9,50.0,5,2.1,3,2,4,0,24.2,4,0,214.19,0.01,0,0.38,0,0,0,1,0,0,1
CLI-003119,0,5,11,9,81.8,52,44.6,3,1,1,1,10.5,4,3,111.92,0.01,0,0.38,0,0,0,1,0,1,0
CLI-001155,1,6,90,66,73.3,26,5.65,9,1,0,5,5.7,2,5,3230.93,0.0,0,0.35,0,0,0,1,0,1,0
CLI-004750,1,1,27,0,0.0,0,5.65,0,0,30,7,27.6,2,0,338.06,1.0,1,0.0,0,0,0,1,1,0,0
CLI-004384,0,20,113,90,79.6,63,44.1,14,2,1,5,6.0,2,0,9206.91,0.0,0,0.35,0,0,0,1,0,0,1
CLI-002472,0,9,32,16,50.0,8,1.9,2,2,0,1,8.1,3,0,752.98,0.0,0,0.12,0,1,0,0,0,1,0
CLI-002977,0,17,48,42,87.5,70,14.5,20,3,0,0,10.5,5,1,2518.76,0.0,0,0.77,0,0,0,1,0,0,1
CLI-002252,0,26,191,49,25.7,2,1.1,3,4,7,2,4.7,3,0,8170.07,0.01,0,0.12,0,0,0,1,0,0,1
CLI-001741,0,9,57,16,28.1,2,0.4,2,0,12,2,19.6,3,1,690.65,0.04,0,0.25,0,1,0,0,0,1,0
CLI-001320,0,2,783,533,68.1,22,15.1,16,0,0,1,2.2,3,2,54739.74,0.0,0,0.4,0,0,0,1,1,0,0
CLI-001293,0,9,1,1,100.0,80,30.1,5,1,1,8,30.8,3,0,14.18,0.0,0,0.62,1,0,0,0,0,1,0
CLI-004887,0,1,8,5,62.5,31,12.1,2,0,0,1,15.1,5,2,113.39,0.0,0,0.25,0,1,0,0,1,0,0
CLI-003787,0,6,164,76,46.3,15,4.0,21,1,1,2,3.9,3,1,15017.55,0.01,0,0.52,0,0,0,1,0,1,0
CLI-002739,1,1,48,28,58.3,20,7.0,4,0,1,0,10.5,5,4,1994.48,0.03,0,0.15,0,0,0,1,1,0,0
CLI-000897,1,2,11,6,54.5,25,18.2,8,2,1,2,14.4,3,3,279.56,0.02,0,0.5,0,0,0,1,1,0,0
CLI-002378,1,10,13,4,30.8,1,0.3,2,2,15,0,10.5,4,2,271.81,0.05,0,0.12,0,0,0,1,0,1,0
CLI-000056,1,7,39,18,46.2,16,8.7,4,1,0,1,10.5,3,4,859.76,0.0,0,0.25,0,0,0,1,0,1,0
CLI-004938,0,10,16,7,43.8,15,2.5,8,4,2,2,12.2,2,0,395.77,0.01,0,0.5,1,0,0,0,0,1,0
CLI-004317,0,16,45,14,31.1,16,5.65,6,6,2,0,9.7,4,0,1055.9,0.0,0,0.38,0,0,1,0,0,0,1
CLI-000360,0,5,3,1,33.3,1,0.1,0,1,12,2,9.7,5,1,50.89,0.08,0,0.0,0,0,0,1,0,1,0
CLI-003507,0,16,5,3,60.0,15,4.3,3,5,1,3,30.5,3,0,73.09,0.0,0,0.38,0,0,0,1,0,0,1
CLI-003830,1,15,66,0,0.0,0,0.0,0,0,144,2,3.3,3,0,6529.01,0.32,1,0.0,0,0,0,1,0,0,1
CLI-003372,0,11,33,27,81.8,42,23.7,7,0,0,4,17.7,4,0,901.12,0.0,0,0.44,0,0,0,1,0,1,0
CLI-003559,0,13,153,108,70.6,39,18.3,14,4,0,3,5.3,3,1,6606.75,0.0,0,0.54,0,0,0,1,0,0,1
CLI-001239,0,9,35,20,57.1,14,7.8,3,3,2,3,14.4,3,0,808.2,0.01,0,0.19,0,0,0,1,0,1,0
CLI-001625,0,12,575,309,53.7,20,11.3,5,5,1,1,13.8,2,0,12584.54,0.0,0,0.31,1,0,0,0,0,1,0
CLI-000209,0,22,35,16,50.0,11,5.2,9,10,11,2,5.7,2,0,1568.52,0.02,0,0.35,1,0,0,0,0,0,1
CLI-000071,0,5,44,24,54.5,32,13.8,6,0,2,7,10.5,4,0,875.41,0.01,0,0.38,1,0,0,0,0,1,0
CLI-002364,0,5,37,29,78.4,58,5.65,8,1,3,10,10.5,3,4,977.34,0.02,0,0.5,1,0,0,0,0,1,0
CLI-003195,0,18,7,4,57.1,10,1.8,3,5,14,2,11.7,4,0,171.67,0.03,0,0.19,0,0,0,1,0,0,1
CLI-000880,0,17,22,11,50.0,19,8.0,6,9,0,1,8.2,4,0,583.36,0.0,0,0.38,0,0,1,0,0,0,1
CLI-000130,0,16,3,2,66.7,19,10.8,6,6,0,2,13.4,4,0,82.37,0.0,0,0.38,0,0,0,1,0,0,1
CLI-002434,1,1,44,28,63.6,63,30.9,4,0,1,0,18.2,5,7,525.21,0.03,0,0.5,0,0,0,1,1,0,0
CLI-000342,1,10,1,1,100.0,8,2.8,3,1,3,9,45.4,1,0,10.41,0.01,0,0.38,1,0,0,0,0,1,0
CLI-002456,0,27,78,72,50.0,63,44.5,11,4,2,1,3.3,3,0,4817.33,0.0,0,0.42,0,0,0,1,0,0,1
CLI-001888,0,10,154,121,50.0,31,17.6,5,0,1,4,15.0,2,0,3637.79,0.0,0,0.31,1,0,0,0,0,1,0
CLI-003228,1,8,5,2,40.0,30,9.7,3,2,3,3,29.7,3,1,56.23,0.01,0,0.38,0,1,0,0,0,1,0
CLI-002929,0,29,56,45,80.4,61,25.0,7,6,1,1,14.1,3,0,1571.81,0.0,0,0.44,0,0,0,1,0,0,1
CLI-003896,0,15,50,32,64.0,33,6.7,22,3,0,0,0.5,5,0,4636.02,0.0,0,0.55,0,0,0,1,0,0,1
CLI-003483,0,15,55,45,81.8,58,30.8,4,4,0,2,21.8,4,0,721.39,0.0,0,0.5,0,0,0,1,0,0,1
CLI-000024,0,15,130,94,72.3,32,23.4,4,5,1,2,14.0,4,0,2647.81,0.0,0,0.25,0,0,0,1,0,0,1
CLI-000137,0,1,10,4,40.0,10,0.5,4,0,6,0,19.0,5,1,103.52,0.2,0,0.5,0,1,0,0,1,0,0
CLI-000415,0,23,5,4,80.0,72,5.65,5,3,1,0,7.6,5,0,65.3,0.0,0,0.62,0,0,0,1,0,0,1
CLI-004071,0,1,19,15,50.0,40,7.4,5,0,0,1,19.7,3,0,246.0,0.0,0,0.62,0,0,0,1,1,0,0
CLI-000084,0,15,21,18,85.7,55,35.9,19,3,1,3,0.5,3,0,1732.03,0.0,0,0.48,0,1,0,0,0,0,1
CLI-002026,1,1,8,5,62.5,21,9.3,4,0,0,3,18.4,4,3,65.41,0.0,0,0.5,0,0,0,1,1,0,0
CLI-003843,0,11,40,12,30.0,12,2.8,16,3,1,2,8.5,3,0,2249.52,0.0,0,0.62,0,0,0,1,0,1,0
CLI-003943,1,6,141,0,50.0,0,0.0,0,0,77,3,8.3,4,0,5358.6,0.43,1,0.0,0,0,0,1,0,1,0
CLI-003258,0,2,210,134,63.8,38,17.3,14,2,0,4,9.7,3,3,11030.21,0.0,0,0.54,0,0,0,1,1,0,0
CLI-002076,0,5,8,6,75.0,41,27.6,3,4,3,5,34.3,3,3,113.35,0.02,0,0.38,0,1,0,0,0,1,0
CLI-002125,1,5,21,5,23.8,2,0.6,1,1,18,5,10.1,3,5,882.1,0.12,0,0.04,0,0,0,1,0,1,0
CLI-002583,1,1,3,2,66.7,29,8.3,4,0,0,1,25.1,4,0,31.99,0.0,0,0.5,0,1,0,0,1,0,0
CLI-001262,0,16,23,11,47.8,1,0.4,1,4,0,1,9.0,4,0,644.91,0.0,0,0.06,0,0,1,0,0,0,1
CLI-000323,1,9,198,0,0.0,0,0.0,0,0,38,4,16.6,2,1,4352.38,0.14,1,0.0,1,0,0,0,0,1,0
CLI-003724,1,9,28,16,57.1,16,12.8,9,0,1,1,16.7,4,1,782.35,0.0,0,0.56,0,0,0,1,0,1,0
CLI-002501,0,13,9,2,22.2,5,2.4,5,4,7,6,16.7,2,0,242.02,0.02,0,0.31,0,0,0,1,0,0,1
CLI-000776,1,22,6,2,33.3,10,3.5,7,2,0,0,9.1,5,0,147.67,0.0,0,0.44,0,1,0,0,0,0,1
CLI-002009,1,5,7,2,28.6,1,0.4,0,1,9,1,19.5,4,1,88.69,0.06,0,0.0,0,0,0,1,0,1,0
CLI-002682,1,1,5,1,20.0,1,0.1,0,0,11,9,35.1,1,0,61.58,0.37,0,0.0,0,0,0,1,1,0,0
CLI-002112,0,14,34,23,67.6,21,5.65,7,2,3,1,13.0,4,0,855.76,0.01,0,0.44,0,0,0,1,0,0,1
CLI-004218,0,10,24,16,66.7,47,25.7,7,3,1,0,10.5,4,0,559.84,0.0,0,0.44,0,0,0,1,0,1,0
CLI-002080,0,1,278,125,45.0,12,4.6,1,0,7,0,12.9,5,1,3511.22,0.23,0,0.12,0,0,0,1,1,0,0
CLI-000069,0,1,9,3,33.3,8,2.2,2,0,1,1,19.9,5,3,112.91,0.03,0,0.25,0,0,0,1,1,0,0
CLI-003335,0,9,2,1,50.0,1,0.1,10,5,1,4,7.5,2,1,90.04,0.0,0,0.38,0,0,0,1,0,1,0
CLI-002008,0,15,188,128,68.1,38,15.8,7,2,1,6,17.3,4,0,4993.86,0.0,0,0.44,0,0,0,1,0,0,1
CLI-002113,0,9,30,26,86.7,81,7.2,9,1,1,2,11.3,5,1,843.55,0.0,0,0.56,0,1,0,0,0,1,0
CLI-004558,0,12,219,139,63.5,27,21.2,19,2,0,0,3.7,4,0,16934.72,0.0,0,0.48,0,1,0,0,0,1,0
CLI-004642,0,9,46,27,58.7,26,14.6,10,1,1,3,8.7,3,1,2192.31,0.0,0,0.38,0,0,0,1,0,1,0
CLI-001627,0,33,2,1,50.0,25,21.7,14,4,2,4,8.4,2,0,92.15,0.0,0,0.54,1,0,0,0,0,0,1
CLI-001633,1,8,15,5,33.3,1,0.3,1,1,23,7,8.3,4,2,674.14,0.1,0,0.04,0,0,0,1,0,1,0
CLI-004229,0,15,56,25,44.6,15,4.0,4,1,4,0,20.1,2,0,1635.14,0.01,0,0.25,1,0,0,0,0,0,1
CLI-001269,0,22,1,1,100.0,42,34.5,3,2,0,6,10.5,3,0,14.19,0.0,0,0.38,0,0,0,1,0,0,1
CLI-003295,1,9,186,82,50.0,1,0.2,5,3,1,2,5.0,4,1,7762.4,0.0,0,0.19,0,0,0,1,0,1,0
CLI-000545,0,8,89,48,53.9,12,4.6,6,4,1,6,10.1,3,1,4526.42,0.0,0,0.23,0,1,0,0,0,1,0
CLI-001845,0,1,23,0,0.0,0,0.0,0,0,30,0,11.1,4,1,551.74,1.0,1,0.0,1,0,0,0,1,0,0
CLI-002107,0,19,91,15,16.5,1,0.4,3,2,12,4,5.5,3,0,3649.81,0.02,0,0.12,1,0,0,0,0,0,1
CLI-002251,0,6,8,2,25.0,2,5.65,3,0,6,0,18.3,5,0,98.95,0.03,0,0.38,0,1,0,0,0,1,0
CLI-000282,0,4,24,9,37.5,12,2.3,8,1,0,0,0.5,5,4,1080.0,0.0,0,0.31,0,0,0,1,0,1,0
CLI-004920,0,8,36,19,52.8,45,18.2,3,1,0,3,27.2,4,0,461.33,0.0,0,0.38,0,1,0,0,0,1,0
CLI-001863,0,5,19,15,50.0,46,30.7,4,3,0,3,31.8,4,0,234.82,0.0,0,0.5,0,0,1,0,0,1,0
CLI-003419,0,7,5,4,80.0,29,7.5,5,0,1,0,8.9,5,1,120.57,0.0,0,0.31,0,0,0,1,0,1,0
CLI-000376,0,14,303,144,47.5,11,1.9,11,3,1,4,9.5,3,1,15705.04,0.0,0,0.42,0,1,0,0,0,0,1
CLI-003341,0,1,189,78,41.3,1,0.3,10,1,11,0,0.8,4,1,13425.54,0.37,0,0.25,0,1,0,0,1,0,0
CLI-004146,0,19,7,3,42.9,29,9.5,2,4,0,0,12.4,5,0,95.29,0.0,0,0.25,0,0,0,1,0,0,1
CLI-003700,0,1,3,2,66.7,53,45.2,5,0,0,2,10.5,4,1,34.04,0.0,0,0.62,0,0,0,1,1,0,0
CLI-001163,1,3,4,2,50.0,28,8.4,3,1,1,4,36.6,3,0,50.83,0.01,0,0.38,0,1,0,0,1,0,0
CLI-001396,0,20,128,67,52.3,30,20.4,9,6,0,3,12.6,4,0,3458.3,0.0,0,0.56,0,0,1,0,0,0,1
CLI-003034,0,12,9,8,88.9,55,31.0,4,0,0,0,22.0,4,0,85.05,0.0,0,0.5,0,0,0,1,0,1,0
CLI-002458,0,8,9,5,55.6,35,16.9,13,3,0,1,3.5,3,1,389.45,0.0,0,0.5,0,1,0,0,0,1,0
CLI-000838,1,6,2,1,50.0,6,1.6,3,0,5,6,40.2,1,1,20.96,0.03,0,0.38,1,0,0,0,0,1,0
CLI-001873,0,17,48,11,22.9,5,1.0,2,4,1,0,13.8,4,0,502.97,0.0,0,0.25,1,0,0,0,0,0,1
CLI-003944,0,16,11,7,63.6,27,5.65,7,5,0,2,12.5,5,0,301.29,0.0,0,0.44,0,0,1,0,0,0,1
CLI-004925,1,3,8,0,0.0,0,0.0,0,0,54,3,30.0,2,3,93.63,0.6,1,0.0,1,0,0,0,1,0,0
CLI-002888,0,4,1,1,100.0,98,91.2,12,2,1,4,6.1,3,0,49.04,0.01,0,0.46,0,1,0,0,0,1,0
CLI-003879,0,5,33,29,87.9,72,23.5,16,1,2,3,7.6,4,1,1578.55,0.01,0,0.62,0,0,0,1,0,1,0
CLI-003349,1,9,10,4,40.0,6,2.8,3,0,5,6,26.9,4,1,125.22,0.02,0,0.38,0,1,0,0,0,1,0
CLI-004285,0,16,52,35,67.3,24,19.8,10,4,1,1,8.7,3,0,1540.96,0.0,0,0.62,0,0,1,0,0,0,1
CLI-003526,0,28,647,426,65.8,31,12.2,26,2,0,4,2.2,2,0,51760.0,0.0,0,0.65,1,0,0,0,0,0,1
CLI-003306,1,15,48,0,0.0,0,0.0,0,0,31,3,14.4,3,0,1137.15,0.07,1,0.0,0,0,0,1,0,0,1
CLI-002649,1,4,14,0,0.0,0,0.0,0,0,68,3,1.2,2,0,907.73,0.57,1,0.0,1,0,0,0,0,1,0
CLI-000834,0,14,57,44,77.2,29,12.9,8,2,1,1,1.8,4,0,2411.27,0.0,0,0.31,0,0,0,1,0,0,1
CLI-002999,0,19,44,21,47.7,11,4.0,10,3,1,5,8.4,3,0,2159.6,0.0,0,0.38,0,1,0,0,0,0,1
CLI-003488,0,24,29,8,27.6,13,3.9,3,4,3,0,5.1,3,0,1547.97,0.0,0,0.12,0,0,0,1,0,0,1
CLI-001869,0,6,9,5,55.6,28,11.4,14,0,1,4,2.0,4,0,612.77,0.01,0,0.35,0,1,0,0,0,1,0
CLI-002202,0,16,4,1,25.0,8,4.3,4,3,5,5,28.2,3,0,44.75,0.01,0,0.5,0,1,0,0,0,0,1
CLI-004672,0,6,46,38,82.6,60,5.65,26,2,0,0,2.6,4,1,3465.93,0.0,0,0.65,0,1,0,0,0,1,0
CLI-001753,0,10,695,285,41.0,19,9.2,16,1,1,2,2.8,3,0,60843.62,0.0,0,0.4,0,1,0,0,0,1,0
CLI-004769,0,19,27,19,70.4,54,35.0,5,6,0,4,10.1,4,0,655.22,0.0,0,0.31,0,0,1,0,0,0,1
CLI-004102,0,23,527,171,32.4,10,5.65,9,7,7,1,0.5,5,0,27554.34,0.01,0,0.35,0,0,1,0,0,0,1
CLI-004531,0,3,168,104,61.9,22,11.0,19,0,0,0,2.2,5,1,12790.07,0.0,0,0.48,0,1,0,0,1,0,0
CLI-001374,0,18,8,4,50.0,34,20.5,5,4,8,0,14.1,4,0,115.41,0.01,0,0.62,0,0,1,0,0,0,1
CLI-000358,1,15,4,3,75.0,22,8.7,4,2,0,8,38.6,2,0,46.42,0.0,0,0.5,0,0,0,1,0,0,1
CLI-004124,0,17,97,31,32.0,4,0.2,9,1,2,1,17.6,3,0,1856.64,0.0,0,0.56,0,0,0,1,0,0,1
CLI-001097,0,23,8,3,37.5,17,10.2,4,6,6,4,26.4,3,0,120.35,0.01,0,0.5,0,0,0,1,0,0,1
CLI-004605,1,1,22,0,0.0,0,0.0,0,0,30,5,35.8,3,1,226.29,1.0,1,0.0,0,0,0,1,1,0,0
CLI-000777,0,13,5,2,40.0,16,0.8,4,1,0,5,10.1,3,0,241.57,0.0,0,0.15,0,0,0,1,0,0,1
CLI-002492,1,1,45,19,42.2,4,1.7,4,0,13,0,11.8,5,5,453.77,0.43,0,0.5,0,1,0,0,1,0,0
CLI-003417,0,19,26,19,73.1,62,34.2,4,1,1,1,10.5,4,0,815.2,0.0,0,0.25,0,1,0,0,0,0,1
CLI-001376,1,14,1,1,100.0,17,5.4,2,1,2,3,21.2,4,0,12.27,0.0,0,0.25,0,0,0,1,0,0,1
CLI-002662,0,13,431,37,8.6,1,0.1,4,2,24,0,1.2,4,0,29890.16,0.06,0,0.1,0,0,0,1,0,0,1
CLI-000782,0,6,135,24,17.8,3,1.5,12,1,8,5,5.3,3,1,8656.72,0.04,0,0.3,1,0,0,0,0,1,0
CLI-003484,0,24,188,112,59.6,34,7.0,14,2,4,1,6.0,3,0,11573.31,0.01,0,0.54,0,1,0,0,0,0,1
CLI-001428,0,19,11,3,27.3,5,3.0,2,5,1,0,11.9,4,0,159.81,0.0,0,0.25,0,0,0,1,0,0,1
CLI-002151,0,26,27,10,37.0,13,0.9,8,4,1,3,13.0,2,0,735.83,0.0,0,0.5,0,0,0,1,0,0,1
CLI-002863,0,15,203,66,32.5,1,0.3,6,4,0,6,15.7,2,0,3940.29,0.0,0,0.38,1,0,0,0,0,0,1
CLI-003057,1,19,171,18,10.5,1,0.1,0,3,22,5,25.1,3,0,2245.47,0.04,0,0.0,0,0,0,1,0,0,1
CLI-004598,1,1,47,8,17.0,2,0.2,4,0,4,6,14.4,2,3,960.44,0.13,0,0.25,1,0,0,0,1,0,0
CLI-003891,0,30,1,1,100.0,47,26.6,3,8,0,1,25.2,3,0,13.66,0.0,0,0.38,0,0,0,1,0,0,1
CLI-001338,1,5,6,0,50.0,0,0.0,0,0,104,0,4.4,4,3,213.32,0.69,1,0.0,0,0,0,1,0,1,0
CLI-001053,0,15,7,6,85.7,63,27.3,8,1,0,2,14.6,4,0,172.94,0.0,0,0.5,0,0,0,1,0,0,1
CLI-002410,0,16,9,6,66.7,49,28.8,8,5,1,4,10.5,4,0,204.28,0.0,0,0.5,0,0,0,1,0,0,1
CLI-001759,0,5,48,13,27.1,1,0.3,6,2,9,0,0.6,5,0,1202.27,0.06,0,0.38,0,1,0,0,0,1,0
CLI-001713,0,16,46,38,82.6,61,53.8,14,6,1,2,3.7,3,0,2378.8,0.0,0,0.54,0,1,0,0,0,0,1
CLI-000680,1,7,8,1,12.5,1,0.1,0,2,28,3,38.5,3,0,83.42,0.13,0,0.0,1,0,0,0,0,1,0
CLI-002946,0,16,9,7,50.0,61,43.2,1,7,2,3,32.0,4,0,98.43,0.0,0,0.12,0,0,1,0,0,0,1
CLI-002926,0,1,3,1,33.3,24,5.0,3,0,0,1,21.2,3,2,34.35,0.0,0,0.38,0,0,0,1,1,0,0
CLI-000274,0,16,8,6,75.0,18,3.6,3,4,1,6,24.2,4,0,82.36,0.0,0,0.38,0,0,1,0,0,0,1
CLI-004509,0,8,17,8,47.1,14,1.6,10,2,1,4,18.8,3,1,402.0,0.0,0,0.62,0,1,0,0,0,1,0
CLI-002436,1,10,116,57,49.1,16,6.1,8,1,1,6,5.8,4,1,5756.1,0.0,0,0.31,0,0,0,1,0,1,0
CLI-001325,1,1,106,44,41.5,2,1.3,7,0,3,0,3.2,5,2,4619.29,0.1,0,0.27,0,0,0,1,1,0,0
CLI-002168,1,13,4,3,75.0,56,25.2,4,0,0,0,15.6,3,0,48.25,0.0,0,0.5,0,1,0,0,0,0,1
CLI-000159,0,6,23,19,82.6,87,55.5,11,0,0,2,10.5,4,0,599.24,0.0,0,0.69,0,0,0,1,0,1,0
CLI-002757,0,24,9,5,55.6,41,20.8,10,7,0,0,6.4,3,0,249.9,0.0,0,0.62,0,0,1,0,0,0,1
CLI-000456,0,8,57,48,84.2,69,37.1,14,3,1,1,5.9,5,1,2752.83,0.0,0,0.54,0,0,0,1,0,1,0
CLI-001412,1,1,81,56,69.1,30,20.2,4,0,0,7,34.0,3,2,972.0,0.0,0,0.5,1,0,0,0,1,0,0
CLI-003762,0,21,28,7,25.0,1,0.2,3,4,30,1,8.2,5,0,515.13,0.05,1,0.19,0,0,0,1,0,0,1
CLI-003294,0,14,2,1,50.0,18,6.7,4,6,1,3,26.2,4,0,25.23,0.0,0,0.5,0,0,0,1,0,0,1
CLI-001326,0,9,9,4,44.4,14,0.7,6,3,1,0,3.2,4,0,369.42,0.0,0,0.23,0,0,1,0,0,1,0
CLI-004372,0,1,53,29,54.7,37,18.8,16,0,0,2,3.1,3,0,4112.87,0.0,0,0.4,0,1,0,0,1,0,0
CLI-000720,1,7,41,20,48.8,8,0.4,2,0,2,4,11.9,4,2,930.88,0.01,0,0.12,0,1,0,0,0,1,0
CLI-000962,0,8,179,117,65.4,43,8.1,11,2,3,2,4.8,4,0,8050.34,0.01,0,0.42,0,0,0,1,0,1,0
CLI-004250,0,9,11,2,18.2,2,1.2,5,2,2,0,10.4,3,0,289.44,0.01,0,0.31,0,0,0,1,0,1,0
CLI-001480,0,15,48,31,64.6,61,39.0,9,1,0,2,18.6,3,0,1213.88,0.0,0,0.56,0,0,0,1,0,0,1
CLI-003974,1,13,4,1,25.0,8,2.1,3,4,1,2,30.5,3,0,48.54,0.0,0,0.38,0,0,0,1,0,0,1
CLI-002763,1,3,6,3,50.0,10,4.2,7,2,1,0,11.0,5,1,139.32,0.01,0,0.44,0,1,0,0,1,0,0
CLI-001556,0,18,114,49,43.0,26,18.4,14,5,0,5,9.3,2,0,5282.03,0.0,0,0.54,0,0,0,1,0,0,1
CLI-001411,1,3,53,42,79.2,69,42.2,8,1,0,7,18.2,2,3,1297.27,0.0,0,0.5,0,0,0,1,1,0,0
CLI-002132,0,1,2,2,100.0,51,43.8,5,0,1,0,12.7,5,0,27.11,0.03,0,0.62,0,0,0,1,1,0,0
CLI-004645,0,3,102,51,50.0,21,8.3,3,0,0,1,6.3,5,0,2618.18,0.0,0,0.19,0,0,0,1,1,0,0
CLI-003139,0,15,3,1,33.3,2,0.2,1,5,0,1,7.9,5,0,67.04,0.0,0,0.06,0,0,0,1,0,0,1
CLI-002656,1,6,6,1,16.7,1,0.1,0,0,30,9,40.9,2,0,56.26,0.17,1,0.0,1,0,0,0,0,1,0
CLI-000970,0,9,55,5,9.1,1,0.1,6,2,10,3,9.0,3,0,1565.81,0.04,0,0.38,1,0,0,0,0,1,0
CLI-000470,0,8,143,32,22.4,1,0.1,5,1,10,2,5.4,5,1,6406.48,0.04,0,0.19,1,0,0,0,0,1,0
CLI-004992,1,1,8,7,87.5,82,51.7,4,2,2,1,32.0,3,0,79.79,0.07,0,0.5,0,0,0,1,1,0,0
CLI-003322,0,1,715,573,80.1,66,37.5,20,0,0,5,4.8,4,2,44264.93,0.0,0,0.5,0,0,0,1,1,0,0
CLI-000161,1,5,2,1,50.0,16,4.8,3,0,0,0,20.7,4,0,19.91,0.0,0,0.38,0,0,0,1,0,1,0
CLI-004489,1,10,4,1,25.0,5,0.5,5,3,6,2,13.6,3,1,79.87,0.02,0,0.31,0,0,0,1,0,1,0
CLI-004513,1,23,36,0,0.0,0,0.0,0,0,46,2,3.9,3,0,1397.83,0.07,1,0.0,1,0,0,0,0,0,1
CLI-000058,1,13,10,4,40.0,15,6.2,4,4,3,2,37.7,2,1,135.41,0.01,0,0.5,0,0,0,1,0,0,1
CLI-004378,0,21,8,0,0.0,0,0.0,0,0,36,4,10.1,3,0,206.14,0.06,1,0.0,1,0,0,0,0,0,1
CLI-000567,1,2,7,3,42.9,6,1.2,11,0,1,0,10.5,4,3,253.9,0.02,0,0.42,0,1,0,0,1,0,0
CLI-002534,0,15,19,7,36.8,15,3.4,1,2,1,0,10.6,4,0,263.37,0.0,0,0.12,0,1,0,0,0,0,1
CLI-001716,0,1,53,18,34.0,8,2.9,3,0,11,0,8.8,3,1,928.78,0.37,0,0.19,0,0,0,1,1,0,0
CLI-001245,0,12,11,2,18.2,1,0.4,2,6,11,3,22.2,4,0,158.82,0.03,0,0.25,0,0,0,1,0,1,0
CLI-001324,0,7,18,7,38.9,11,0.6,6,2,5,0,4.2,4,2,502.92,0.02,0,0.38,0,0,0,1,0,1,0
CLI-002764,0,1,12,7,58.3,5,3.1,7,0,4,3,8.3,3,2,559.71,0.13,0,0.27,0,0,0,1,1,0,0
CLI-001861,1,3,38,5,13.2,1,0.2,4,0,1,3,7.9,3,2,591.9,0.01,0,0.25,0,0,0,1,1,0,0
CLI-004403,0,23,21,4,19.0,1,0.1,5,5,20,4,3.6,1,0,1444.86,0.03,0,0.12,0,0,0,1,0,0,1
CLI-000725,1,6,15,3,20.0,1,0.1,4,1,20,5,13.3,4,3,320.35,0.11,0,0.25,0,0,0,1,0,1,0
CLI-003427,0,19,7,4,57.1,27,9.7,9,3,1,1,5.6,3,0,250.93,0.0,0,0.35,0,0,0,1,0,0,1
CLI-004096,0,15,126,80,63.5,28,21.0,11,5,1,5,11.0,3,0,5036.98,0.0,0,0.42,0,0,0,1,0,0,1
CLI-002517,0,19,83,27,32.5,2,1.4,3,2,9,2,22.9,4,0,1156.37,0.02,0,0.38,0,0,0,1,0,0,1
CLI-002533,0,20,125,27,21.6,6,0.5,2,7,2,8,5.1,2,0,5248.28,0.0,0,0.08,0,0,0,1,0,0,1
CLI-003921,1,9,7,2,28.6,7,1.2,3,1,2,2,32.7,2,1,66.76,0.01,0,0.38,0,0,0,1,0,1,0
CLI-000493,0,15,52,21,40.4,5,1.4,1,3,1,2,25.4,3,0,599.23,0.0,0,0.12,0,0,0,1,0,0,1
CLI-000497,0,15,8,2,25.0,6,3.5,2,5,4,1,30.1,3,0,111.73,0.01,0,0.25,1,0,0,0,0,0,1
CLI-000307,0,6,6,2,33.3,18,17.0,6,0,7,0,13.0,4,0,68.9,0.04,0,0.75,0,0,0,1,0,1,0
CLI-000290,0,9,144,65,45.1,18,1.0,5,1,1,2,10.6,4,0,3221.59,0.0,0,0.31,0,0,0,1,0,1,0
CLI-000109,0,25,38,24,63.2,42,14.8,3,4,0,3,24.6,4,0,536.32,0.0,0,0.38,0,0,1,0,0,0,1
CLI-004405,0,17,7,2,28.6,9,3.4,2,4,0,0,15.8,3,0,91.67,0.0,0,0.25,0,0,0,1,0,0,1
CLI-001507,0,1,6,1,16.7,1,0.1,1,0,12,0,11.7,4,0,64.63,0.4,0,0.12,1,0,0,0,1,0,0
CLI-003708,0,19,48,17,35.4,7,0.6,3,2,6,3,24.0,3,0,573.95,0.01,0,0.38,0,0,0,1,0,0,1
CLI-000840,1,4,48,33,68.8,36,10.8,2,0,1,7,45.0,2,0,595.92,0.01,0,0.25,0,0,0,1,0,1,0
CLI-001666,0,5,27,23,85.2,80,79.1,9,0,0,0,14.8,3,0,595.12,0.0,0,0.56,0,1,0,0,0,1,0
CLI-001760,0,15,19,12,63.2,31,18.5,21,2,0,0,3.6,4,0,1615.57,0.0,0,0.52,0,1,0,0,0,0,1
CLI-004224,0,8,2,1,50.0,9,0.9,5,2,1,10,8.3,2,1,74.47,0.0,0,0.19,0,0,0,1,0,1,0
CLI-000021,0,21,18,11,61.1,28,10.9,11,4,1,3,7.7,3,0,727.37,0.0,0,0.42,0,0,0,1,0,0,1
CLI-000648,1,18,76,45,59.2,15,5.5,4,3,8,3,15.7,3,0,2080.96,0.01,0,0.25,0,1,0,0,0,0,1
CLI-003327,0,22,63,46,73.0,60,5.65,13,2,2,0,2.6,3,0,3398.12,0.0,0,0.5,0,0,1,0,0,0,1
CLI-002703,0,9,58,10,17.2,1,0.4,1,2,4,2,0.7,4,2,3485.92,0.01,0,0.02,1,0,0,0,0,1,0
CLI-000819,0,13,5,3,60.0,30,32.0,3,3,0,0,20.7,5,0,72.76,0.0,0,0.38,0,0,1,0,0,0,1
CLI-003791,1,1,2,1,50.0,19,7.1,10,0,0,1,13.0,3,0,54.09,0.0,0,0.62,0,0,0,1,1,0,0
CLI-000745,0,23,12,5,41.7,22,6.8,4,7,1,0,7.0,5,0,320.08,0.0,0,0.25,0,0,0,1,0,0,1
CLI-002704,0,14,2,1,50.0,22,1.9,1,5,2,3,24.3,3,0,26.12,0.0,0,0.12,0,0,0,1,0,0,1
CLI-004874,0,16,7,2,50.0,14,4.0,9,6,2,1,4.9,5,0,310.0,0.0,0,0.35,0,0,0,1,0,0,1
CLI-004173,0,11,211,56,26.5,7,4.7,1,3,9,1,10.5,4,1,8350.81,0.03,0,0.04,0,0,1,0,0,1,0
CLI-001805,0,12,7,5,71.4,54,23.9,13,3,2,1,9.5,3,1,413.94,0.01,0,0.5,0,1,0,0,0,1,0
CLI-004481,0,1,35,27,77.1,55,36.6,13,0,1,0,10.5,4,0,1539.38,0.03,0,0.5,0,0,0,1,1,0,0
CLI-004593,1,14,4,1,25.0,1,0.2,0,1,30,1,10.5,2,0,98.14,0.07,1,0.0,1,0,0,0,0,0,1
CLI-001998,0,26,8,1,12.5,1,5.65,3,2,5,0,10.5,3,0,319.17,0.01,0,0.12,0,0,0,1,0,0,1
CLI-003770,1,14,536,37,6.9,1,0.2,1,2,7,6,2.7,2,0,37549.49,0.02,0,0.02,0,0,0,1,0,0,1
CLI-004217,1,1,8,2,25.0,6,3.1,3,0,2,3,22.5,3,3,74.89,0.07,0,0.38,0,1,0,0,1,0,0
CLI-003525,0,1,124,65,52.4,29,5.65,6,0,0,2,10.7,3,1,2944.33,0.0,0,0.38,0,0,0,1,1,0,0
CLI-001009,0,14,169,141,83.4,53,30.3,7,3,1,2,16.1,4,0,4668.57,0.0,0,0.44,0,0,0,1,0,0,1
CLI-002146,0,11,37,8,21.6,2,0.8,6,3,20,7,13.8,3,0,783.41,0.06,0,0.38,1,0,0,0,0,1,0
CLI-004535,1,1,45,22,48.9,21,6.7,6,0,1,2,11.2,4,4,1121.86,0.03,0,0.38,0,1,0,0,1,0,0
CLI-004650,0,26,19,7,36.8,6,0.4,7,7,8,1,7.0,4,0,417.96,0.01,0,0.44,0,0,1,0,0,0,1
CLI-001140,0,12,36,18,50.0,11,4.6,6,3,0,0,10.5,4,0,894.74,0.0,0,0.38,0,0,1,0,0,1,0
CLI-003450,0,5,10,5,50.0,16,6.9,1,0,0,3,19.3,5,1,103.58,0.0,0,0.12,0,0,0,1,0,1,0
CLI-003297,0,15,334,135,40.4,7,4.5,3,7,5,3,5.4,5,0,14301.76,0.01,0,0.12,0,0,0,1,0,0,1
CLI-004691,0,7,52,46,88.5,71,66.5,8,0,0,2,14.6,4,1,1288.66,0.0,0,0.5,0,0,0,1,0,1,0
CLI-002950,0,10,2,1,50.0,13,4.0,1,3,2,0,3.7,4,0,48.41,0.01,0,0.06,0,0,1,0,0,1,0
CLI-003399,1,8,89,0,0.0,0,0.0,0,0,75,6,4.6,4,0,5364.85,0.31,1,0.0,0,0,0,1,0,1,0
CLI-002173,0,18,41,38,92.7,96,43.4,6,1,1,1,10.5,2,0,445.72,0.0,0,0.75,1,0,0,0,0,0,1
CLI-000810,1,2,9,7,77.8,17,3.5,5,0,2,10,17.1,1,0,244.02,0.03,0,0.31,1,0,0,0,1,0,0
CLI-001620,0,9,57,28,49.1,4,1.2,6,2,6,2,16.7,4,1,1333.53,0.02,0,0.38,0,0,0,1,0,1,0
CLI-003268,0,11,64,51,79.7,76,52.2,12,3,0,1,16.6,3,1,1991.12,0.0,0,0.75,0,0,0,1,0,1,0
CLI-001849,0,22,50,8,16.0,1,0.1,2,4,3,3,3.2,4,0,2372.14,0.0,0,0.08,0,0,0,1,0,0,1
CLI-002419,0,21,8,4,50.0,23,14.5,17,3,0,1,2.6,4,0,700.16,0.0,0,0.42,0,0,0,1,0,0,1
CLI-001578,0,8,56,26,46.4,22,10.5,9,3,3,2,11.5,3,0,1307.7,0.01,0,0.56,0,0,0,1,0,1,0
CLI-003078,0,6,55,25,45.5,15,4.4,2,0,2,1,24.2,4,0,511.63,0.01,0,0.25,0,0,0,1,0,1,0
CLI-004061,0,10,9,6,66.7,45,29.6,8,2,1,1,8.1,4,0,236.09,0.0,0,0.5,0,1,0,0,0,1,0
CLI-000537,0,18,9,6,66.7,33,1.8,5,3,2,1,7.9,3,0,204.0,0.0,0,0.31,0,1,0,0,0,0,1
CLI-004621,0,12,166,121,72.9,3,1.2,6,2,6,3,22.7,2,0,3555.11,0.02,0,0.38,0,0,0,1,0,1,0
CLI-001035,0,4,16,7,43.8,22,12.3,5,0,1,1,12.3,3,0,406.06,0.01,0,0.31,0,1,0,0,0,1,0
CLI-003809,1,1,50,22,44.0,15,6.7,14,0,6,2,5.7,3,3,2597.99,0.2,0,0.54,0,0,0,1,1,0,0
CLI-001077,0,18,714,226,31.7,3,1.9,7,2,1,5,4.3,3,0,52007.86,0.0,0,0.18,1,0,0,0,0,0,1
CLI-004842,0,2,17,10,58.8,36,21.5,8,0,1,2,11.1,4,0,414.14,0.02,0,0.5,0,0,0,1,1,0,0
CLI-002687,0,14,15,8,53.3,12,4.0,4,0,11,1,16.3,5,0,216.37,0.03,0,0.5,0,0,0,1,0,0,1
CLI-002589,0,10,58,45,77.6,51,33.7,9,2,2,5,9.2,4,1,2944.13,0.01,0,0.35,0,1,0,0,0,1,0
CLI-001958,0,16,6,4,66.7,47,39.0,12,2,2,2,13.1,3,0,158.31,0.0,0,0.75,0,0,1,0,0,0,1
CLI-004388,1,1,55,12,21.8,1,0.1,2,0,1,2,3.6,3,6,1812.27,0.03,0,0.08,1,0,0,0,1,0,0
CLI-001918,1,11,1,1,100.0,51,19.4,5,2,2,2,28.0,3,0,10.15,0.01,0,0.62,0,0,0,1,0,1,0
CLI-002335,0,22,4,2,50.0,29,22.7,4,7,1,0,4.9,5,0,107.21,0.0,0,0.25,0,0,0,1,0,0,1
CLI-004870,0,19,40,8,20.0,1,0.1,1,3,17,0,2.1,4,0,1653.94,0.03,0,0.04,1,0,0,0,0,0,1
CLI-004860,0,8,52,25,48.1,22,15.9,4,2,0,0,7.4,5,0,493.37,0.0,0,0.5,0,1,0,0,0,1,0
CLI-003868,0,16,19,9,47.4,13,7.2,3,3,0,1,22.4,4,0,255.2,0.0,0,0.38,0,0,1,0,0,0,1
CLI-002374,0,1,11,7,63.6,34,7.7,4,0,1,0,11.9,4,1,134.74,0.03,0,0.5,0,1,0,0,1,0,0
CLI-004595,0,13,43,34,50.0,48,16.7,17,3,0,3,2.2,4,1,3785.13,0.0,0,0.42,0,0,0,1,0,0,1
CLI-003407,1,6,11,5,45.5,23,9.9,8,0,2,4,14.7,3,0,219.22,0.01,0,0.5,0,0,0,1,0,1,0
CLI-001944,1,1,217,157,72.4,28,5.65,5,0,1,0,15.1,3,1,5333.66,0.03,0,0.31,0,0,0,1,1,0,0
CLI-004710,0,13,21,10,47.6,39,19.0,14,2,0,5,10.5,3,0,1048.07,0.0,0,0.54,1,0,0,0,0,0,1
CLI-002206,1,17,72,32,44.4,11,3.9,7,2,1,6,19.9,1,0,1787.81,0.0,0,0.44,1,0,0,0,0,0,1
CLI-000695,0,7,8,3,37.5,8,2.2,6,2,0,0,3.5,5,2,166.9,0.0,0,0.38,0,0,0,1,0,1,0
CLI-002675,0,10,147,49,33.3,13,2.2,4,4,1,1,11.5,3,1,4382.02,0.0,0,0.25,0,1,0,0,0,1,0
CLI-004714,0,11,6,2,33.3,1,0.8,7,1,3,0,9.0,3,0,174.68,0.01,0,0.44,0,0,0,1,0,1,0
CLI-002361,0,12,26,17,50.0,27,13.0,10,1,0,2,14.4,3,1,702.77,0.0,0,0.62,0,1,0,0,0,1,0
CLI-001191,0,1,23,18,78.3,72,58.6,11,0,1,0,7.2,4,1,929.18,0.03,0,0.42,0,1,0,0,1,0,0
CLI-001081,0,18,49,19,38.8,2,0.4,10,2,15,1,1.4,3,1,2680.28,0.03,0,0.25,0,0,0,1,0,0,1
CLI-004042,0,11,8,2,25.0,1,0.1,8,0,1,1,4.1,4,0,426.01,0.0,0,0.31,0,0,0,1,0,1,0
CLI-002389,0,15,466,172,36.9,19,8.7,9,5,4,1,7.6,3,0,21031.25,0.01,0,0.35,0,1,0,0,0,0,1
CLI-004834,0,1,102,57,55.9,21,5.1,6,0,0,0,5.6,4,0,5001.85,0.0,0,0.23,0,0,0,1,1,0,0
CLI-004062,0,19,5,1,20.0,1,0.3,0,3,14,0,3.2,5,0,94.62,0.02,0,0.0,1,0,0,0,0,0,1
CLI-004883,1,5,13,4,30.8,1,0.3,3,1,17,5,10.6,2,1,223.85,0.11,0,0.19,0,0,0,1,0,1,0
CLI-003813,0,1,111,43,38.7,3,0.9,10,0,10,4,4.2,4,1,8063.95,0.33,0,0.25,0,0,0,1,1,0,0
CLI-000153,1,5,217,29,13.4,1,0.1,8,0,4,3,1.5,5,3,15889.3,0.03,0,0.2,0,0,0,1,0,1,0
CLI-000826,0,10,9,5,55.6,25,1.2,27,4,0,3,4.4,3,0,632.69,0.0,0,0.68,0,0,0,1,0,1,0
CLI-002700,0,1,199,157,50.0,58,16.1,28,0,1,3,7.4,4,2,17663.9,0.03,0,0.7,0,1,0,0,1,0,0
CLI-001993,0,21,45,4,8.9,1,0.2,3,6,8,0,6.5,3,0,1135.2,0.01,0,0.19,0,0,0,1,0,0,1
CLI-004126,1,3,11,10,90.9,77,35.8,5,1,1,3,16.5,2,1,298.58,0.01,0,0.31,1,0,0,0,1,0,0
CLI-002904,1,15,40,13,32.5,3,5.65,5,4,6,5,10.1,3,0,1547.07,0.01,0,0.19,0,0,0,1,0,0,1
CLI-003467,0,15,27,2,7.4,1,0.1,0,3,2,2,9.9,4,0,702.6,0.0,0,0.0,1,0,0,0,0,0,1
CLI-001705,0,5,251,103,41.0,22,12.3,10,1,1,1,8.1,3,2,11097.82,0.01,0,0.38,0,0,0,1,0,1,0
CLI-003558,0,10,96,35,36.5,10,1.5,5,3,1,11,10.1,3,1,3644.47,0.0,0,0.19,1,0,0,0,0,1,0
CLI-002446,1,2,7,3,42.9,11,0.6,4,0,2,2,14.8,1,2,127.97,0.03,0,0.25,0,0,0,1,1,0,0
CLI-001651,0,9,419,135,32.2,14,6.0,14,1,1,0,4.4,5,1,18861.83,0.0,0,0.54,0,0,0,1,0,1,0
CLI-000968,1,7,621,477,76.8,57,36.3,7,1,0,4,15.6,1,3,20765.16,0.0,0,0.44,0,0,0,1,0,1,0
CLI-000847,1,1,143,0,0.0,0,0.0,0,0,30,3,6.6,3,2,6605.34,1.0,1,0.0,1,0,0,0,1,0,0
CLI-001989,1,1,11,8,72.7,42,25.8,8,0,0,3,14.7,2,1,257.3,0.0,0,0.5,1,0,0,0,1,0,0
CLI-001144,0,9,3,1,50.0,1,0.3,3,3,25,2,14.6,3,0,81.69,0.09,0,0.19,0,1,0,0,0,1,0
CLI-002428,0,13,1,1,100.0,12,4.7,2,2,1,0,16.7,5,0,13.28,0.0,0,0.25,0,1,0,0,0,0,1
CLI-004052,0,13,10,3,30.0,1,0.2,2,3,22,0,22.8,3,0,122.98,0.06,0,0.25,0,0,0,1,0,0,1
CLI-000521,1,1,3,2,66.7,18,4.7,4,0,1,6,10.5,2,1,34.92,0.03,0,0.5,0,0,0,1,1,0,0
CLI-003042,1,11,209,98,46.9,22,12.2,2,2,0,3,16.5,3,2,2475.44,0.0,0,0.25,0,0,0,1,0,1,0
CLI-001632,1,1,2,1,50.0,3,0.6,2,1,1,0,20.0,3,3,18.84,0.03,0,0.25,0,0,0,1,1,0,0
CLI-004919,0,9,42,18,42.9,15,11.1,6,2,0,3,7.2,4,0,2083.0,0.0,0,0.23,0,0,0,1,0,1,0
CLI-002209,0,14,50,14,28.0,2,0.1,5,5,10,3,8.7,2,0,1216.46,0.02,0,0.31,1,0,0,0,0,0,1
CLI-000073,0,16,10,3,30.0,3,0.6,2,2,6,0,6.9,5,0,104.37,0.01,0,0.25,0,0,1,0,0,0,1
CLI-000242,0,12,2,1,50.0,4,2.4,8,0,5,3,10.5,3,0,50.28,0.01,0,0.5,0,1,0,0,0,1,0
CLI-000522,1,13,21,0,0.0,0,0.0,0,0,92,7,22.2,2,0,596.49,0.24,1,0.0,0,0,0,1,0,0,1
CLI-002317,0,6,10,5,50.0,26,6.7,11,1,1,1,5.0,3,0,397.53,0.01,0,0.42,0,1,0,0,0,1,0
CLI-001722,1,12,24,15,62.5,16,8.3,6,2,1,5,20.5,2,1,638.09,0.0,0,0.38,0,0,0,1,0,1,0
CLI-003146,0,22,1,1,100.0,25,12.8,7,4,0,4,10.5,2,0,36.33,0.0,0,0.27,1,0,0,0,0,0,1
CLI-000620,0,14,14,6,42.9,16,9.4,8,2,0,2,10.8,5,0,371.89,0.0,0,0.5,0,0,0,1,0,0,1
CLI-004121,0,12,4,2,50.0,27,11.4,3,6,1,0,16.9,4,0,52.19,0.0,0,0.38,0,0,0,1,0,1,0
CLI-000874,1,1,88,36,40.9,9,2.5,3,0,1,6,8.5,2,5,3884.89,0.03,0,0.12,0,0,0,1,1,0,0
CLI-002524,0,14,19,16,84.2,57,13.4,16,4,1,2,7.1,4,0,990.21,0.0,0,0.62,0,0,1,0,0,0,1
CLI-000101,0,13,49,8,16.3,1,0.3,14,4,9,0,0.5,4,1,3850.49,0.02,0,0.35,1,0,0,0,0,0,1
CLI-001591,0,12,826,462,55.9,43,37.9,27,6,0,0,4.5,2,0,75576.54,0.0,0,0.68,1,0,0,0,0,1,0
CLI-003052,0,1,11,6,54.5,28,8.2,4,0,0,4,14.7,2,3,265.77,0.0,0,0.25,0,0,0,1,1,0,0
CLI-000529,0,15,5,1,20.0,1,0.5,1,2,30,4,10.5,5,0,188.62,0.07,1,0.04,1,0,0,0,0,0,1
CLI-002139,1,9,54,12,50.0,5,1.2,4,1,2,7,13.3,3,1,1453.41,0.01,0,0.25,1,0,0,0,0,1,0
CLI-003111,0,30,11,3,27.3,1,0.4,3,2,0,8,35.3,3,0,103.81,0.0,0,0.38,1,0,0,0,0,0,1
CLI-000587,1,10,21,14,66.7,37,24.6,3,4,1,2,30.2,3,0,283.28,0.0,0,0.38,0,0,0,1,0,1,0
CLI-001991,0,27,49,18,36.7,10,6.5,9,8,5,2,4.1,3,0,2614.17,0.01,0,0.35,0,1,0,0,0,0,1
CLI-003126,0,13,4,2,50.0,10,2.3,3,1,3,5,13.7,3,0,99.28,0.01,0,0.19,0,0,0,1,0,0,1
CLI-001791,0,18,44,27,61.4,30,10.5,7,5,2,0,2.6,5,0,3237.78,0.0,0,0.18,0,0,0,1,0,0,1
CLI-002770,0,19,4,3,75.0,70,36.4,4,2,0,0,20.2,3,0,57.11,0.0,0,0.5,0,1,0,0,0,0,1
CLI-001458,1,3,588,67,11.4,1,0.1,1,0,2,0,5.0,5,1,12434.69,0.02,0,0.06,1,0,0,0,1,0,0
CLI-000685,0,20,43,12,27.9,13,6.5,4,3,1,4,10.5,3,0,1132.57,0.0,0,0.25,0,0,0,1,0,0,1
CLI-004472,0,18,86,35,40.7,13,0.6,7,2,0,1,8.9,3,0,2521.35,0.0,0,0.44,0,0,0,1,0,0,1
CLI-003296,0,6,252,90,35.7,2,1.1,11,1,1,1,3.0,4,0,17745.09,0.01,0,0.28,0,0,0,1,0,1,0
CLI-000743,0,4,37,25,67.6,43,17.5,14,1,0,5,9.0,2,1,1987.29,0.0,0,0.54,0,0,0,1,0,1,0
CLI-002580,0,11,16,5,31.2,12,6.8,1,0,1,2,23.4,2,0,382.33,0.0,0,0.06,1,0,0,0,0,1,0
CLI-002084,0,12,204,144,70.6,59,27.6,16,4,0,1,4.1,5,0,8895.24,0.0,0,0.62,0,0,0,1,0,1,0
CLI-001807,0,20,1,1,100.0,38,17.3,3,7,0,6,15.7,3,0,25.55,0.0,0,0.19,0,0,0,1,0,0,1
CLI-002846,0,9,2,1,50.0,4,1.5,3,0,0,0,19.8,4,0,18.73,0.0,0,0.38,0,0,0,1,0,1,0
CLI-001413,0,19,51,32,62.7,37,14.6,5,3,0,2,11.0,4,0,1231.43,0.0,0,0.31,0,0,0,1,0,0,1
CLI-002712,0,15,488,63,12.9,1,0.1,4,4,8,0,5.5,5,0,29798.53,0.02,0,0.1,1,0,0,0,0,0,1
CLI-001363,0,18,17,3,17.6,2,0.5,20,3,6,4,6.5,1,0,1357.54,0.01,0,0.5,1,0,0,0,0,0,1
CLI-002611,0,1,192,138,50.0,27,10.9,6,0,2,2,10.3,3,2,9117.22,0.07,0,0.23,0,0,0,1,1,0,0
CLI-004808,1,5,24,19,79.2,40,6.6,7,0,2,2,3.6,3,4,1280.05,0.01,0,0.27,0,1,0,0,0,1,0
CLI-001145,1,14,149,36,24.2,2,0.1,3,4,5,12,18.9,2,0,3136.15,0.01,0,0.19,1,0,0,0,0,0,1
CLI-000645,0,14,11,6,54.5,22,11.4,4,1,0,2,26.1,5,0,107.53,0.0,0,0.5,0,1,0,0,0,0,1
CLI-000879,0,19,40,13,32.5,17,5.1,21,6,1,2,4.5,4,0,3082.21,0.0,0,0.52,0,0,0,1,0,0,1
CLI-002192,0,10,51,30,58.8,27,5.65,2,2,1,4,10.5,2,0,612.29,0.0,0,0.25,0,0,0,1,0,1,0
CLI-002525,1,6,38,19,50.0,2,0.8,3,2,30,9,10.5,1,0,1710.0,0.17,1,0.12,1,0,0,0,0,1,0
CLI-001229,0,22,6,2,33.3,7,2.5,4,3,3,2,11.1,3,0,154.32,0.0,0,0.25,0,1,0,0,0,0,1
CLI-001509,0,12,37,19,51.4,9,4.4,6,2,3,0,10.5,3,0,1706.93,0.01,0,0.23,0,1,0,0,0,1,0
CLI-001146,0,13,219,122,55.7,1,0.1,5,2,10,4,6.9,4,0,17232.53,0.03,0,0.12,0,1,0,0,0,0,1
CLI-003065,0,3,44,33,75.0,54,46.5,3,0,0,0,17.8,5,3,545.87,0.0,0,0.38,0,0,0,1,1,0,0
CLI-003746,0,19,8,5,62.5,32,13.4,1,5,2,1,23.4,3,0,108.14,0.0,0,0.12,0,0,0,1,0,0,1
CLI-003768,0,11,814,422,51.8,36,26.2,10,3,1,1,7.6,4,0,29250.97,0.0,0,0.38,0,0,0,1,0,1,0
CLI-000241,0,21,264,126,47.7,26,2.3,13,3,4,3,8.5,3,0,11880.0,0.01,0,0.5,0,0,0,1,0,0,1
CLI-002968,1,16,194,0,0.0,0,0.0,0,0,181,0,3.3,3,0,15814.01,0.38,1,0.0,1,0,0,0,0,0,1
CLI-002810,0,9,61,17,27.9,1,0.1,17,2,17,2,4.0,4,0,4692.68,0.06,0,0.42,0,0,0,1,0,1,0
CLI-004280,1,8,6,3,50.0,20,9.4,6,2,4,7,17.9,1,0,155.36,0.02,0,0.38,0,0,0,1,0,1,0
CLI-003037,1,2,26,19,73.1,84,49.5,18,0,0,4,11.2,3,1,1383.72,0.0,0,0.69,0,0,0,1,1,0,0
CLI-000179,1,14,671,211,31.4,1,0.1,7,1,11,7,10.5,4,0,54958.69,0.03,0,0.18,1,0,0,0,0,0,1
CLI-002961,0,10,38,13,34.2,4,1.0,5,3,2,3,10.5,3,1,1669.85,0.01,0,0.19,0,1,0,0,0,1,0
CLI-001746,1,5,689,379,55.0,1,0.1,8,2,13,9,10.4,1,0,24681.42,0.09,0,0.31,0,0,0,1,0,1,0
CLI-000737,0,22,9,3,33.3,2,1.0,3,8,2,1,17.3,3,0,112.4,0.0,0,0.38,0,0,0,1,0,0,1
CLI-002087,0,23,10,9,90.0,90,85.4,9,8,4,2,14.4,4,0,307.81,0.01,0,0.56,0,0,0,1,0,0,1
