client_id,churn,anciennete_mois,sieges_souscrits,utilisateurs_actifs,taux_adoption_pct,connexions_30j,heures_usage_30j,fonctionnalites_utilisees,nb_integrations,derniere_connexion_jours,tickets_support_90j,delai_reponse_support_h,csat,retards_paiement_12m,revenu_mensuel_recurrent_eur,inactivite_relative,inactif_30j,taux_fonctionnalites,polarite_csm_alerte,polarite_csm_neutre,polarite_csm_positif,polarite_csm_absent,niveau_anciennete_recent,niveau_anciennete_etabli,niveau_anciennete_ancien
CLI-002447,0,12,3,0,0.0,0,0.0,0,0,34,0,14.2,4,1,40.0,0.09,1,0.0,0,0,0,1,0,1,0
CLI-000087,1,1,10,2,20.0,1,0.1,0,0,25,2,17.7,1,2,171.02,0.83,0,0.0,1,0,0,0,1,0,0
CLI-001671,1,1,4,3,75.0,73,11.9,6,0,1,7,31.8,2,4,50.01,0.03,0,0.75,0,0,0,1,1,0,0
CLI-002103,0,7,11,7,63.6,25,10.0,4,3,2,2,14.5,4,0,280.62,0.01,0,0.25,0,0,1,0,0,1,0
CLI-001474,0,10,39,26,66.7,60,15.8,13,3,1,3,6.4,3,0,2000.67,0.0,0,0.5,0,0,0,1,0,1,0
CLI-002414,0,10,593,334,56.3,3,1.2,12,2,4,3,1.8,4,1,47220.94,0.01,0,0.3,0,0,0,1,0,1,0
CLI-000475,0,8,49,31,63.3,37,18.3,14,5,1,1,1.7,5,0,3862.48,0.0,0,0.35,0,0,1,0,0,1,0
CLI-004297,1,19,48,27,56.2,18,6.0,4,2,1,4,10.65,4,0,595.07,0.0,0,0.5,0,1,0,0,0,0,1
CLI-004909,1,6,6,1,16.7,1,0.1,0,2,4,0,2.7,4,2,90.0,0.02,0,0.0,1,0,0,0,0,1,0
CLI-000115,0,18,48,13,27.1,5,0.9,7,9,14,1,5.7,3,0,2117.68,0.03,0,0.27,0,0,0,1,0,0,1
CLI-000107,0,23,3,2,66.7,57,39.7,6,5,2,1,12.3,3,0,73.85,0.0,0,0.38,0,0,0,1,0,0,1
CLI-001247,0,11,42,20,47.6,10,5.4,2,6,1,3,24.1,4,1,562.28,0.0,0,0.25,0,0,1,0,0,1,0
CLI-000692,0,1,4,2,50.0,21,6.7,7,0,1,2,6.5,3,1,72.4,0.03,0,0.44,0,0,0,1,1,0,0
CLI-002448,1,9,184,77,41.8,19,4.7,15,3,0,5,10.3,1,2,9921.7,0.0,0,0.58,1,0,0,0,0,1,0
CLI-003079,1,14,121,98,81.0,71,9.7,8,3,3,3,9.8,3,0,3289.48,0.01,0,0.5,0,1,0,0,0,0,1
CLI-002633,0,2,2,1,50.0,27,5.7,5,0,0,1,12.0,5,2,45.66,0.0,0,0.31,0,1,0,0,1,0,0
CLI-004722,0,11,8,4,50.0,24,11.4,5,3,0,9,13.2,3,1,151.9,0.0,0,0.31,1,0,0,0,0,1,0
CLI-001960,0,26,20,0,0.0,0,0.0,0,0,53,0,1.2,5,0,567.89,0.07,1,0.0,0,0,0,1,0,0,1
CLI-003759,0,19,52,41,78.8,46,24.3,7,2,0,5,14.5,3,0,1499.72,0.0,0,0.44,0,1,0,0,0,0,1
CLI-000604,0,6,4,4,100.0,123,92.9,20,2,0,1,7.5,4,1,214.32,0.0,0,0.77,0,0,0,1,0,1,0
CLI-002683,1,11,53,0,0.0,0,0.0,0,0,40,0,3.8,5,0,1339.11,0.12,1,0.0,1,0,0,0,0,1,0
CLI-000814,0,8,7,5,71.4,44,28.2,9,1,1,0,5.6,5,0,180.29,0.0,0,0.56,0,0,0,1,0,1,0
CLI-003067,1,1,43,13,30.2,6,4.0,25,0,1,2,1.4,2,0,4371.79,0.03,0,0.62,0,0,0,1,1,0,0
CLI-001415,0,3,2,1,50.0,10,2.5,4,0,0,3,10.65,2,2,45.51,0.0,0,0.25,0,0,0,1,1,0,0
CLI-004462,0,21,35,23,65.7,18,12.1,8,6,1,2,10.65,3,0,1619.11,0.0,0,0.31,0,0,0,1,0,0,1
CLI-004512,0,16,18,15,83.3,68,42.8,3,2,1,4,29.9,3,0,252.96,0.0,0,0.38,0,0,0,1,0,0,1
CLI-002415,0,13,30,8,50.0,3,5.7,4,2,30,2,10.9,4,0,721.48,0.08,1,0.25,0,0,0,1,0,0,1
CLI-001170,0,7,54,10,18.5,1,0.1,0,5,11,1,18.5,4,0,615.55,0.05,0,0.0,0,0,0,1,0,1,0
CLI-002570,0,18,134,103,76.9,54,32.7,9,3,1,3,6.7,3,0,6531.64,0.0,0,0.35,0,0,0,1,0,0,1
CLI-001260,0,7,2,2,100.0,78,49.9,9,1,5,3,17.4,3,0,57.9,0.02,0,0.56,0,0,0,1,0,1,0
CLI-003900,0,19,123,101,50.0,88,61.8,24,4,1,7,5.4,3,0,11828.34,0.0,0,0.6,1,0,0,0,0,0,1
CLI-001946,0,26,833,475,57.0,9,4.1,6,6,3,4,16.3,2,0,23825.28,0.0,0,0.38,0,0,0,1,0,0,1
CLI-001861,1,3,38,5,13.2,1,0.2,4,0,1,3,7.9,3,2,591.9,0.01,0,0.25,0,0,0,1,1,0,0
CLI-001821,0,16,11,9,81.8,74,5.7,12,0,0,1,6.7,3,0,288.58,0.0,0,0.75,0,0,0,1,0,0,1
CLI-004313,1,10,102,0,0.0,0,0.0,0,0,82,6,26.7,2,0,1103.52,0.27,1,0.0,1,0,0,0,0,1,0
CLI-001782,0,18,112,52,46.4,13,2.0,20,3,0,1,2.1,2,0,8559.39,0.0,0,0.5,1,0,0,0,0,0,1
CLI-004849,0,16,36,6,16.7,1,0.1,1,4,12,9,7.2,1,0,1249.04,0.02,0,0.04,0,0,0,1,0,0,1
CLI-001981,1,10,26,7,26.9,10,8.6,7,3,1,0,10.65,3,0,717.44,0.0,0,0.44,0,0,0,1,0,1,0
CLI-003391,0,11,1,1,100.0,4,3.4,4,2,8,0,11.4,5,0,10.22,0.02,0,0.5,0,0,0,1,0,1,0
CLI-002551,0,11,32,14,43.8,1,0.3,7,2,8,3,13.6,4,0,781.7,0.02,0,0.44,0,0,0,1,0,1,0
CLI-003042,1,11,209,98,46.9,22,12.2,2,2,0,3,16.5,3,2,2475.44,0.0,0,0.25,0,0,0,1,0,1,0
CLI-001556,0,18,114,49,43.0,26,18.4,14,5,0,5,9.3,2,0,5282.03,0.0,0,0.54,0,0,0,1,0,0,1
CLI-004929,0,6,7,5,71.4,48,2.4,3,1,2,1,34.3,3,1,86.8,0.01,0,0.38,0,0,0,1,0,1,0
CLI-003366,0,21,54,18,33.3,1,0.2,2,1,3,5,10.65,4,0,1516.96,0.0,0,0.12,0,0,0,1,0,0,1
CLI-000940,0,21,35,10,28.6,1,0.4,3,5,15,5,14.1,3,0,955.72,0.02,0,0.19,0,1,0,0,0,0,1
CLI-000246,0,16,10,5,50.0,19,12.8,2,3,1,2,10.65,3,0,132.31,0.0,0,0.25,0,0,0,1,0,0,1
CLI-004718,0,4,50,37,74.0,21,7.4,5,0,2,0,10.65,5,0,1333.62,0.02,0,0.31,0,1,0,0,0,1,0
CLI-003141,0,10,688,529,76.9,32,6.9,19,2,0,1,4.4,4,0,46638.01,0.0,0,0.48,0,1,0,0,0,1,0
CLI-004803,0,8,4,3,75.0,27,13.1,4,1,1,0,17.6,3,1,37.59,0.0,0,0.5,0,0,0,1,0,1,0
CLI-003869,0,16,2,1,50.0,25,13.6,3,4,3,2,22.8,4,0,18.63,0.01,0,0.38,0,0,0,1,0,0,1
CLI-003939,0,4,727,76,10.5,1,0.1,8,0,14,0,4.6,3,2,31870.33,0.12,0,0.31,0,0,0,1,0,1,0
CLI-000212,0,15,37,36,97.3,75,5.7,9,3,1,2,13.6,4,1,887.36,0.0,0,0.56,0,0,0,1,0,0,1
CLI-001626,0,11,38,16,42.1,9,3.1,2,3,1,0,9.2,5,0,409.4,0.0,0,0.25,0,0,1,0,0,1,0
CLI-000199,0,12,24,5,20.8,1,0.4,5,6,21,0,0.5,4,1,944.61,0.06,0,0.19,1,0,0,0,0,1,0
CLI-003393,0,11,32,24,75.0,50,27.9,6,3,0,1,10.4,5,0,1072.39,0.0,0,0.38,0,0,1,0,0,1,0
CLI-002214,0,17,10,5,50.0,25,18.5,3,4,2,0,20.5,4,0,114.63,0.0,0,0.38,0,0,0,1,0,0,1
CLI-002489,0,23,814,285,50.0,1,0.5,3,6,30,1,14.7,3,0,20767.02,0.04,1,0.19,0,1,0,0,0,0,1
CLI-002384,0,23,1,1,100.0,10,5.7,7,4,4,1,3.6,3,0,35.77,0.01,0,0.27,0,1,0,0,0,0,1
CLI-003396,1,6,52,0,0.0,0,0.0,0,0,60,0,0.5,5,0,2524.44,0.33,1,0.0,0,0,0,1,0,1,0
CLI-001672,1,2,103,22,21.4,1,0.3,2,0,8,2,5.9,4,0,5256.39,0.13,0,0.08,1,0,0,0,1,0,0
CLI-001784,1,1,7,5,71.4,44,20.8,7,0,0,4,11.6,3,0,142.55,0.0,0,0.44,0,0,0,1,1,0,0
CLI-000569,0,14,10,2,20.0,5,1.1,1,3,2,1,20.0,3,0,131.82,0.0,0,0.12,0,0,0,1,0,0,1
CLI-004258,0,26,1,1,100.0,55,28.6,6,6,0,4,13.5,3,0,26.19,0.0,0,0.38,0,0,0,1,0,0,1
CLI-003022,0,19,53,34,64.2,8,0.4,2,3,5,0,9.8,5,0,724.82,0.01,0,0.25,0,0,0,1,0,0,1
CLI-002375,0,9,5,4,80.0,33,6.4,6,3,0,0,12.2,5,0,143.26,0.0,0,0.38,0,0,0,1,0,1,0
CLI-001113,0,15,3,1,33.3,8,3.6,5,3,7,3,14.8,3,0,87.41,0.02,0,0.31,0,0,0,1,0,0,1
CLI-001779,0,19,4,3,75.0,55,37.4,4,3,1,0,22.4,4,0,56.1,0.0,0,0.5,0,0,1,0,0,0,1
CLI-000967,1,12,1,0,0.0,0,0.0,0,0,34,7,32.4,3,0,10.82,0.09,1,0.0,0,0,0,1,0,1,0
CLI-002730,0,11,39,30,76.9,57,30.5,18,3,1,3,8.6,2,1,1956.77,0.0,0,0.69,0,0,0,1,0,1,0
CLI-004757,0,3,1,1,100.0,44,22.0,17,1,1,2,11.0,3,0,38.45,0.01,0,0.65,0,0,0,1,1,0,0
CLI-001182,0,20,6,5,83.3,82,47.1,5,1,0,0,10.65,5,0,83.89,0.0,0,0.62,0,0,0,1,0,0,1
CLI-002780,1,10,5,1,20.0,13,3.5,4,0,7,6,38.7,2,3,43.47,0.02,0,0.5,0,0,0,1,0,1,0
CLI-004049,0,1,7,5,71.4,31,7.8,3,0,0,0,10.7,5,4,72.84,0.0,0,0.38,0,1,0,0,1,0,0
CLI-002390,0,3,5,2,40.0,28,23.3,4,0,2,0,18.2,5,0,67.68,0.02,0,0.5,0,0,0,1,1,0,0
CLI-002800,1,23,9,0,0.0,0,0.0,0,0,62,5,34.7,3,0,106.41,0.09,1,0.0,1,0,0,0,0,0,1
CLI-003000,0,14,50,23,46.0,17,2.6,6,1,5,2,14.4,4,0,1085.29,0.01,0,0.38,0,1,0,0,0,0,1
CLI-002226,0,14,39,12,30.8,8,3.9,2,2,1,8,13.8,3,0,1120.5,0.0,0,0.12,1,0,0,0,0,0,1
CLI-000056,1,7,39,18,46.2,16,8.7,4,1,0,1,10.65,3,4,859.76,0.0,0,0.25,0,0,0,1,0,1,0
CLI-001522,0,18,58,0,0.0,0,0.0,0,0,35,0,18.6,5,0,754.63,0.06,1,0.0,1,0,0,0,0,0,1
CLI-000436,1,12,5,1,20.0,1,5.7,4,2,13,0,3.0,5,1,223.14,0.04,0,0.15,1,0,0,0,0,1,0
CLI-004998,0,18,63,56,88.9,87,95.7,9,5,0,2,10.65,5,0,1671.69,0.0,0,0.56,0,0,0,1,0,0,1
CLI-001303,1,3,30,21,70.0,48,27.8,9,0,2,4,15.0,2,1,978.38,0.02,0,0.56,1,0,0,0,1,0,0
CLI-002263,1,21,206,31,15.0,1,0.5,0,1,21,5,10.65,2,0,4957.26,0.03,0,0.0,0,0,0,1,0,0,1
CLI-002156,0,23,135,38,28.1,8,5.5,8,4,1,2,10.65,3,1,4073.0,0.0,0,0.5,0,0,0,1,0,0,1
CLI-001104,1,4,2,1,50.0,10,5.9,1,1,1,5,10.65,2,1,14.76,0.01,0,0.12,1,0,0,0,0,1,0
CLI-000208,0,21,10,3,30.0,1,0.1,4,3,3,2,10.2,4,0,260.72,0.0,0,0.25,0,0,1,0,0,0,1
CLI-002944,0,20,39,14,35.9,1,0.2,4,2,2,3,13.6,4,0,903.27,0.0,0,0.25,0,0,0,1,0,0,1
CLI-001712,0,14,10,6,60.0,16,3.9,9,3,1,2,4.9,4,0,372.59,0.0,0,0.35,0,0,1,0,0,0,1
CLI-002324,0,13,17,9,52.9,17,8.0,5,7,0,4,10.5,4,0,371.37,0.0,0,0.31,0,0,1,0,0,0,1
CLI-001124,1,10,884,126,14.3,3,0.9,13,2,8,3,2.7,3,0,64379.68,0.03,0,0.32,0,0,0,1,0,1,0
CLI-000082,0,18,55,22,40.0,11,6.8,5,6,0,2,13.1,2,0,1386.53,0.0,0,0.31,1,0,0,0,0,0,1
CLI-002580,0,11,16,5,31.2,12,6.8,1,0,1,2,23.4,2,0,382.33,0.0,0,0.06,1,0,0,0,0,1,0
CLI-001562,0,17,30,13,43.3,10,3.7,7,7,5,2,9.8,4,0,767.76,0.01,0,0.44,0,0,1,0,0,0,1
CLI-002698,1,3,13,5,38.5,2,0.8,3,0,0,4,17.9,3,1,139.0,0.0,0,0.38,1,0,0,0,1,0,0
CLI-003819,0,13,51,12,50.0,9,1.7,2,4,1,7,38.1,1,0,584.71,0.0,0,0.25,1,0,0,0,0,0,1
CLI-002655,0,7,46,28,60.9,37,14.0,10,4,1,7,10.6,3,1,2176.31,0.0,0,0.38,0,0,0,1,0,1,0
CLI-000946,1,1,201,79,39.3,11,5.2,1,0,0,8,47.8,1,3,1868.21,0.0,0,0.12,0,0,0,1,1,0,0
CLI-002463,1,7,5,2,40.0,14,4.1,3,2,1,0,24.3,4,0,56.32,0.0,0,0.38,0,1,0,0,0,1,0
CLI-004281,1,23,47,14,29.8,3,0.2,1,2,3,7,15.0,2,0,1344.89,0.0,0,0.06,1,0,0,0,0,0,1
CLI-004963,0,17,26,7,26.9,6,1.4,6,7,2,2,0.5,4,0,1324.11,0.0,0,0.23,0,0,1,0,0,0,1
CLI-004330,0,11,10,3,30.0,10,3.7,2,3,6,1,24.4,3,0,122.3,0.02,0,0.25,0,1,0,0,0,1,0
CLI-002372,0,20,15,6,40.0,20,13.0,8,3,1,8,10.3,3,0,753.03,0.0,0,0.31,1,0,0,0,0,0,1
CLI-000642,0,15,9,6,66.7,41,14.9,7,4,2,1,10.65,4,0,239.07,0.0,0,0.44,0,0,0,1,0,0,1
CLI-002355,0,10,43,31,72.1,29,4.0,15,3,1,3,4.8,3,1,2024.31,0.0,0,0.58,0,0,0,1,0,1,0
CLI-000990,0,4,855,451,52.7,16,1.7,8,1,2,0,9.4,2,1,36264.48,0.02,0,0.31,1,0,0,0,0,1,0
CLI-002793,0,22,621,497,80.0,42,18.0,8,9,0,6,1.4,2,0,55542.77,0.0,0,0.2,0,0,0,1,0,0,1
CLI-001911,1,1,2,2,100.0,49,28.9,4,0,1,3,32.7,3,3,23.37,0.03,0,0.5,0,1,0,0,1,0,0
CLI-003539,1,10,9,5,55.6,29,11.9,5,2,0,5,27.9,4,0,104.29,0.0,0,0.62,0,0,0,1,0,1,0
CLI-001644,1,10,4,0,0.0,0,0.0,0,0,53,0,6.7,4,1,101.54,0.18,1,0.0,0,0,0,1,0,1,0
CLI-004111,0,3,10,3,30.0,8,5.7,4,3,1,0,15.0,3,2,214.86,0.01,0,0.25,0,1,0,0,1,0,0
CLI-000262,0,2,137,70,51.1,4,5.7,5,1,1,0,8.4,3,3,2890.12,0.02,0,0.31,0,1,0,0,1,0,0
CLI-000432,0,18,37,22,59.5,24,10.9,6,5,0,0,3.2,5,0,1883.7,0.0,0,0.23,0,0,0,1,0,0,1
CLI-000718,0,7,48,34,70.8,35,17.5,9,0,1,4,10.65,3,0,1350.31,0.0,0,0.56,0,1,0,0,0,1,0
CLI-003114,0,1,33,17,51.5,27,12.4,13,0,0,1,6.9,3,1,1483.8,0.0,0,0.5,0,0,0,1,1,0,0
CLI-003679,0,29,25,8,32.0,15,1.5,2,6,2,5,38.8,2,0,298.73,0.0,0,0.25,1,0,0,0,0,0,1
CLI-004907,0,31,2,2,100.0,92,67.9,5,2,0,0,2.0,5,0,31.57,0.0,0,0.62,0,0,1,0,0,0,1
CLI-000693,0,2,42,31,73.8,46,19.3,5,0,0,5,14.6,3,0,1077.91,0.0,0,0.31,0,0,0,1,1,0,0
CLI-001262,0,16,23,11,47.8,1,0.4,1,4,0,1,9.0,4,0,644.91,0.0,0,0.06,0,0,1,0,0,0,1
CLI-004754,0,9,1,1,100.0,36,9.0,10,2,1,5,6.0,4,1,40.48,0.0,0,0.38,0,0,0,1,0,1,0
CLI-001202,1,12,2,1,50.0,6,1.2,2,5,5,4,31.2,3,1,22.38,0.01,0,0.25,0,0,0,1,0,1,0
CLI-002577,0,22,40,18,45.0,16,5.6,6,5,0,1,10.65,4,0,1144.63,0.0,0,0.38,0,0,1,0,0,0,1
CLI-000787,0,10,8,3,37.5,20,13.8,3,3,1,4,10.65,4,0,114.84,0.0,0,0.38,0,0,1,0,0,1,0
CLI-003523,1,6,40,25,62.5,31,1.6,12,1,1,5,5.6,3,1,1462.18,0.01,0,0.46,0,0,0,1,0,1,0
CLI-001321,0,11,58,27,46.6,2,0.8,5,1,13,4,10.65,4,1,2536.66,0.04,0,0.19,0,1,0,0,0,1,0
CLI-004613,1,12,9,6,66.7,29,13.6,6,2,0,1,9.5,5,1,193.68,0.0,0,0.38,0,1,0,0,0,1,0
CLI-003330,1,7,10,6,60.0,27,15.6,16,0,3,6,5.2,3,2,735.37,0.01,0,0.4,0,0,0,1,0,1,0
CLI-003834,0,7,5,4,80.0,59,29.3,3,2,1,4,27.6,3,0,62.21,0.0,0,0.38,0,0,0,1,0,1,0
CLI-002335,0,22,4,2,50.0,29,22.7,4,7,1,0,4.9,5,0,107.21,0.0,0,0.25,0,0,0,1,0,0,1
CLI-003823,0,8,217,145,66.8,44,25.0,8,1,0,2,13.1,4,0,5197.48,0.0,0,0.5,0,0,0,1,0,1,0
CLI-002907,0,5,8,1,12.5,1,0.6,0,0,1,6,24.4,2,1,102.69,0.01,0,0.0,0,0,0,1,0,1,0
CLI-000200,0,14,15,12,80.0,34,20.3,4,3,0,5,14.4,3,0,382.21,0.0,0,0.25,0,0,0,1,0,0,1
CLI-000083,1,1,49,29,59.2,37,12.7,6,0,1,9,15.3,2,2,1133.76,0.03,0,0.38,0,0,0,1,1,0,0
CLI-004231,0,15,28,22,78.6,63,42.3,5,2,0,1,12.5,4,0,904.92,0.0,0,0.31,0,0,1,0,0,0,1
CLI-000622,0,21,20,9,45.0,24,3.5,7,5,1,1,0.8,5,0,509.25,0.0,0,0.44,0,0,0,1,0,0,1
CLI-004242,0,4,39,29,74.4,46,6.1,7,1,0,0,10.65,3,0,918.91,0.0,0,0.44,0,0,0,1,0,1,0
CLI-002439,1,10,7,4,57.1,21,11.3,5,3,0,2,26.6,2,0,85.77,0.0,0,0.62,1,0,0,0,0,1,0
CLI-004388,1,1,55,12,21.8,1,0.1,2,0,1,2,3.6,3,6,1812.27,0.03,0,0.08,1,0,0,0,1,0,0
CLI-004468,0,14,59,47,79.7,89,67.2,20,3,2,0,3.7,5,0,5202.14,0.0,0,0.5,0,0,0,1,0,0,1
CLI-000157,1,13,8,5,62.5,38,31.1,3,1,1,3,25.8,4,0,107.18,0.0,0,0.38,0,0,0,1,0,0,1
CLI-001932,0,6,796,694,87.2,80,74.8,16,1,2,0,0.5,3,0,61412.53,0.01,0,0.4,0,0,0,1,0,1,0
CLI-001049,1,8,7,4,57.1,18,4.9,11,2,0,1,7.8,1,3,298.33,0.0,0,0.42,1,0,0,0,0,1,0
CLI-001465,0,21,47,35,74.5,38,19.6,18,6,0,0,0.5,4,0,4010.04,0.0,0,0.45,0,0,1,0,0,0,1
CLI-002336,1,8,52,0,0.0,0,5.7,0,0,62,7,15.4,2,0,1049.88,0.26,1,0.0,1,0,0,0,0,1,0
CLI-004088,0,5,4,2,50.0,26,5.7,4,0,1,1,10.65,4,1,95.8,0.01,0,0.25,0,0,0,1,0,1,0
CLI-003359,1,7,16,0,0.0,0,0.0,0,0,104,0,3.7,4,3,371.09,0.5,1,0.0,0,0,0,1,0,1,0
CLI-001423,0,21,11,7,63.6,19,7.5,9,6,3,8,23.0,2,0,284.27,0.0,0,0.56,0,0,0,1,0,0,1
CLI-001031,1,5,6,3,50.0,19,12.8,2,2,3,0,15.4,4,0,74.68,0.02,0,0.25,0,1,0,0,0,1,0
CLI-000272,1,1,138,83,60.1,38,1.9,1,0,1,2,25.7,3,3,1551.59,0.03,0,0.12,0,1,0,0,1,0,0
CLI-002472,0,9,32,16,50.0,8,1.9,2,2,0,1,8.1,3,0,752.98,0.0,0,0.12,0,1,0,0,0,1,0
CLI-003821,1,1,4,1,25.0,6,1.6,9,0,1,5,9.8,4,0,87.12,0.03,0,0.56,0,0,0,1,1,0,0
CLI-004306,0,21,7,2,28.6,2,0.7,4,5,14,1,9.2,1,0,179.66,0.02,0,0.25,0,0,0,1,0,0,1
CLI-004801,0,9,53,10,18.9,1,0.1,9,2,30,0,2.9,5,1,3241.09,0.11,1,0.22,0,0,0,1,0,1,0
CLI-002646,0,17,48,29,60.4,43,24.5,15,5,0,1,8.2,4,0,2604.95,0.0,0,0.58,0,0,0,1,0,0,1
CLI-003309,0,30,60,13,21.7,1,0.3,4,2,21,2,10.65,2,0,1441.85,0.02,0,0.25,0,0,0,1,0,0,1
CLI-004575,0,24,46,36,78.3,47,34.8,14,2,0,1,7.2,4,0,2285.86,0.0,0,0.54,0,1,0,0,0,0,1
CLI-000947,0,8,145,94,64.8,40,6.5,8,1,1,0,14.9,3,1,3029.31,0.0,0,0.5,0,0,0,1,0,1,0
CLI-004690,0,1,7,0,0.0,0,0.0,0,0,30,0,10.65,5,0,73.49,1.0,1,0.0,0,0,0,1,1,0,0
CLI-000474,0,10,3,2,50.0,51,36.5,4,3,0,4,29.3,4,1,38.56,0.0,0,0.5,0,0,0,1,0,1,0
CLI-001537,0,15,3,2,66.7,27,12.3,20,6,0,0,10.65,3,1,213.73,0.0,0,0.5,0,0,0,1,0,0,1
CLI-004617,0,5,5,3,50.0,29,12.3,4,2,1,7,44.6,1,1,68.42,0.01,0,0.5,1,0,0,0,0,1,0
CLI-004175,0,7,19,13,68.4,66,52.5,16,0,1,0,5.5,4,1,872.4,0.0,0,0.62,0,0,0,1,0,1,0
CLI-003582,0,10,12,7,58.3,19,14.2,11,2,0,1,14.2,4,1,323.83,0.0,0,0.69,0,0,0,1,0,1,0
CLI-003920,0,15,36,20,55.6,40,18.0,10,5,1,0,2.6,5,0,1332.58,0.0,0,0.38,0,0,1,0,0,0,1
CLI-004481,0,1,35,27,77.1,55,36.6,13,0,1,0,10.65,4,0,1539.38,0.03,0,0.5,0,0,0,1,1,0,0
CLI-003332,0,5,41,35,85.4,96,58.2,17,0,1,1,9.7,5,3,2199.88,0.01,0,0.65,0,1,0,0,0,1,0
CLI-000323,1,9,198,0,0.0,0,0.0,0,0,38,4,16.6,2,1,4352.38,0.14,1,0.0,1,0,0,0,0,1,0
CLI-004060,1,5,9,4,44.4,13,6.0,10,2,0,0,3.3,4,1,376.65,0.0,0,0.38,0,0,0,1,0,1,0
CLI-004280,1,8,6,3,50.0,20,9.4,6,2,4,7,17.9,1,0,155.36,0.02,0,0.38,0,0,0,1,0,1,0
CLI-000864,0,13,52,41,78.8,42,32.6,16,2,0,1,6.2,4,1,2229.87,0.0,0,0.62,0,0,0,1,0,0,1
CLI-004752,0,9,12,10,83.3,57,47.9,18,0,0,2,5.3,4,0,616.14,0.0,0,0.69,0,1,0,0,0,1,0
CLI-002166,0,1,34,15,44.1,17,5.0,9,0,0,2,1.0,4,2,1466.95,0.0,0,0.35,0,1,0,0,1,0,0
CLI-003019,0,3,26,14,53.8,14,6.8,9,2,3,6,10.65,4,0,632.6,0.03,0,0.56,0,1,0,0,1,0,0
CLI-001209,0,7,6,1,16.7,2,0.7,2,1,18,8,35.5,3,0,65.52,0.09,0,0.25,0,0,0,1,0,1,0
CLI-000929,1,1,167,89,53.3,7,0.7,3,0,3,1,2.7,5,2,11191.94,0.1,0,0.08,0,1,0,0,1,0,0
CLI-004760,0,14,10,2,20.0,1,0.4,2,2,30,1,6.9,4,1,124.37,0.07,1,0.25,0,0,0,1,0,0,1
CLI-002625,0,15,10,4,40.0,16,1.3,2,3,1,1,18.4,4,0,83.56,0.0,0,0.25,0,0,1,0,0,0,1
CLI-001797,0,4,55,33,60.0,16,3.5,10,1,2,3,9.4,3,2,2814.91,0.02,0,0.38,0,1,0,0,0,1,0
CLI-000100,1,1,46,9,19.6,1,0.1,8,0,16,5,11.2,2,0,860.31,0.53,0,0.5,1,0,0,0,1,0,0
CLI-001469,0,24,27,0,0.0,0,0.0,0,0,33,0,10.65,4,0,268.59,0.05,1,0.0,0,0,0,1,0,0,1
CLI-004679,0,10,9,4,44.4,9,1.0,3,2,1,1,6.8,4,1,279.32,0.0,0,0.19,0,0,0,1,0,1,0
CLI-001935,0,5,11,4,36.4,24,6.1,2,0,2,0,11.2,5,1,129.05,0.01,0,0.25,0,0,0,1,0,1,0
CLI-000844,0,16,782,339,43.4,16,2.9,15,3,5,0,3.1,5,0,59088.28,0.01,0,0.38,0,0,1,0,0,0,1
CLI-000125,0,9,6,3,50.0,22,9.4,8,0,1,3,10.9,3,0,171.59,0.0,0,0.5,0,1,0,0,0,1,0
CLI-002748,0,28,7,6,85.7,57,41.0,3,6,3,0,9.2,5,0,106.78,0.0,0,0.38,0,0,0,1,0,0,1
CLI-002671,0,21,8,5,62.5,39,14.0,9,1,1,2,12.6,4,0,182.69,0.0,0,0.56,0,0,0,1,0,0,1
CLI-002293,0,15,141,40,28.4,1,0.1,1,1,4,8,10.65,1,0,1495.41,0.01,0,0.12,0,0,0,1,0,0,1
CLI-001803,0,24,2,1,50.0,26,9.1,3,7,1,6,21.0,4,0,27.48,0.0,0,0.38,0,0,1,0,0,0,1
CLI-001175,0,13,171,88,51.5,33,10.3,18,4,2,6,2.3,4,1,12506.49,0.01,0,0.45,0,0,0,1,0,0,1
CLI-003660,0,12,5,2,40.0,10,8.1,4,1,1,2,12.5,5,0,46.91,0.0,0,0.5,0,1,0,0,0,1,0
CLI-004215,0,19,212,81,38.2,7,3.2,1,5,1,4,20.7,1,0,5071.61,0.0,0,0.06,1,0,0,0,0,0,1
CLI-003071,0,19,46,17,37.0,2,1.0,4,6,12,3,13.6,4,0,1176.87,0.02,0,0.25,0,0,0,1,0,0,1
CLI-002585,1,11,10,5,50.0,13,10.1,5,2,2,4,41.8,1,0,120.92,0.01,0,0.62,0,0,0,1,0,1,0
CLI-003827,0,19,14,8,57.1,14,10.6,10,4,0,2,4.3,5,0,745.7,0.0,0,0.38,0,0,0,1,0,0,1
CLI-004316,0,3,186,50,26.9,3,0.2,1,2,22,2,24.4,4,0,1915.54,0.24,0,0.12,0,1,0,0,1,0,0
CLI-004249,1,1,430,73,17.0,1,5.7,4,0,9,4,16.5,2,3,9075.64,0.3,0,0.25,1,0,0,0,1,0,0
CLI-000322,0,20,3,1,33.3,1,0.1,7,3,4,2,10.65,3,0,105.18,0.01,0,0.27,0,0,0,1,0,0,1
CLI-002874,1,1,49,38,50.0,67,44.1,7,0,0,5,21.0,4,0,621.72,0.0,0,0.88,0,1,0,0,1,0,0
CLI-004652,0,18,47,22,46.8,23,7.2,5,1,1,0,7.9,5,0,1350.04,0.0,0,0.31,0,0,0,1,0,0,1
CLI-000599,0,17,10,7,70.0,17,9.6,8,3,3,3,16.8,2,0,236.45,0.01,0,0.5,0,0,0,1,0,0,1
CLI-000807,0,6,28,11,39.3,4,0.8,11,1,0,6,5.3,2,1,985.78,0.0,0,0.42,1,0,0,0,0,1,0
CLI-004144,0,26,3,1,33.3,1,0.2,2,6,1,6,10.65,3,0,41.75,0.0,0,0.25,0,0,0,1,0,0,1
CLI-004506,1,1,47,9,19.1,4,1.3,3,0,3,3,17.3,3,1,867.56,0.1,0,0.19,0,0,0,1,1,0,0
CLI-002020,1,1,56,25,44.6,17,7.8,5,0,3,1,12.7,3,3,1227.63,0.1,0,0.31,0,0,0,1,1,0,0
CLI-001968,0,12,134,51,38.1,19,11.0,11,5,3,2,10.65,3,1,5688.25,0.01,0,0.42,0,0,0,1,0,1,0
CLI-004047,0,8,29,6,20.7,1,0.1,0,2,9,2,13.6,3,0,655.62,0.04,0,0.0,1,0,0,0,0,1,0
CLI-004656,0,7,36,12,50.0,11,0.7,4,1,3,2,5.2,2,2,1371.47,0.01,0,0.15,0,0,0,1,0,1,0
CLI-001966,0,18,764,510,50.0,28,9.3,7,3,0,0,3.7,4,0,73524.22,0.0,0,0.18,0,0,1,0,0,0,1
CLI-002545,0,4,49,28,57.1,25,9.9,11,3,0,2,7.0,2,2,2096.48,0.0,0,0.42,1,0,0,0,0,1,0
CLI-001650,0,13,8,4,50.0,28,14.4,3,6,0,2,32.5,2,1,93.46,0.0,0,0.38,0,0,0,1,0,0,1
CLI-002048,1,3,75,48,64.0,14,4.4,12,0,4,5,0.5,3,4,6493.52,0.04,0,0.3,0,0,0,1,1,0,0
CLI-000917,0,16,198,92,46.5,18,10.8,15,1,0,1,2.5,4,0,8847.81,0.0,0,0.58,0,0,0,1,0,0,1
CLI-003853,0,6,57,8,14.0,1,0.2,9,2,5,1,10.65,5,3,2293.98,0.03,0,0.35,1,0,0,0,0,1,0
CLI-001685,1,11,207,90,43.5,18,8.9,10,1,1,4,9.1,4,2,8387.42,0.0,0,0.38,0,1,0,0,0,1,0
CLI-001885,0,1,53,15,28.3,1,0.1,2,0,30,0,0.5,5,3,1924.44,1.0,1,0.08,0,0,0,1,1,0,0
CLI-004480,0,2,53,45,84.9,52,39.4,8,0,0,0,12.2,3,1,1324.32,0.0,0,0.5,0,0,0,1,1,0,0
CLI-001659,0,2,42,36,85.7,63,40.5,12,1,0,0,7.8,5,0,1118.56,0.0,0,0.75,0,1,0,0,1,0,0
CLI-004466,0,15,180,140,77.8,25,19.5,10,4,2,0,7.8,4,0,4591.35,0.0,0,0.62,0,0,1,0,0,0,1
CLI-004122,0,9,514,247,48.1,35,27.2,20,2,0,0,0.5,5,0,43848.49,0.0,0,0.5,0,0,0,1,0,1,0
CLI-002973,0,14,129,36,27.9,1,0.1,5,2,5,0,3.7,5,1,10715.76,0.01,0,0.12,0,0,0,1,0,0,1
CLI-000591,0,20,38,14,36.8,17,0.8,4,3,1,3,8.9,3,0,2009.38,0.0,0,0.15,0,1,0,0,0,0,1
CLI-004925,1,3,8,0,0.0,0,0.0,0,0,54,3,30.0,2,3,93.63,0.6,1,0.0,1,0,0,0,1,0,0
CLI-002159,0,22,7,6,85.7,91,36.1,5,3,1,0,1.2,5,0,110.81,0.0,0,0.62,0,0,0,1,0,0,1
CLI-003663,0,21,2,1,50.0,4,1.9,1,4,9,3,10.65,3,0,24.05,0.01,0,0.12,0,0,0,1,0,0,1
CLI-001357,0,17,9,6,66.7,55,16.2,10,2,1,2,8.8,5,0,266.89,0.0,0,0.62,0,0,0,1,0,0,1
CLI-003591,0,12,817,30,3.7,1,0.3,5,3,1,0,0.5,3,1,69460.69,0.0,0,0.12,1,0,0,0,0,1,0
CLI-003959,0,23,258,37,14.3,1,0.2,1,9,1,0,4.4,3,0,10533.42,0.0,0,0.04,0,0,0,1,0,0,1
CLI-003447,0,17,4,3,75.0,21,10.6,3,2,3,4,28.4,2,0,53.86,0.01,0,0.38,0,0,0,1,0,0,1
CLI-003888,0,18,18,8,44.4,2,1.3,9,4,20,2,12.4,2,0,473.3,0.04,0,0.56,0,0,0,1,0,0,1
CLI-004326,0,1,16,5,31.2,8,6.5,3,2,2,5,11.6,4,3,323.33,0.07,0,0.19,0,1,0,0,1,0,0
CLI-003788,0,19,4,3,75.0,57,29.4,4,2,1,3,14.5,3,0,107.37,0.0,0,0.25,0,1,0,0,0,0,1
CLI-003149,0,18,14,9,64.3,45,21.9,9,3,2,1,4.6,4,0,282.66,0.0,0,0.56,0,0,0,1,0,0,1
CLI-004416,0,1,160,94,58.8,22,1.1,9,1,1,0,10.65,4,4,6194.08,0.03,0,0.35,0,0,0,1,1,0,0
CLI-004158,0,13,8,3,37.5,13,2.7,5,5,2,7,18.1,3,0,173.4,0.01,0,0.31,1,0,0,0,0,0,1
CLI-002093,0,16,19,14,73.7,77,75.6,10,1,1,0,8.4,5,0,514.84,0.0,0,0.62,0,1,0,0,0,0,1
CLI-002492,1,1,45,19,42.2,4,1.7,4,0,13,0,11.8,5,5,453.77,0.43,0,0.5,0,1,0,0,1,0,0
CLI-001369,0,18,8,8,100.0,119,85.2,13,3,3,4,12.1,2,0,382.43,0.01,0,0.5,0,0,0,1,0,0,1
CLI-002768,0,18,27,19,70.4,47,7.0,14,8,2,0,6.3,3,0,1178.58,0.0,0,0.54,0,0,1,0,0,0,1
CLI-001814,0,17,58,31,53.4,30,15.7,4,6,0,1,10.65,3,0,682.11,0.0,0,0.5,0,1,0,0,0,0,1
CLI-003148,0,19,4,3,75.0,71,30.0,8,8,1,5,10.65,4,1,119.01,0.0,0,0.5,0,0,0,1,0,0,1
CLI-001585,0,17,57,32,56.1,26,11.2,7,5,0,2,10.65,3,0,1597.15,0.0,0,0.44,0,1,0,0,0,0,1
CLI-004853,0,13,9,6,50.0,26,17.1,3,4,1,0,0.5,5,0,108.75,0.0,0,0.38,0,0,1,0,0,0,1
CLI-003136,1,21,105,0,0.0,0,0.0,0,0,85,5,4.3,3,0,9230.8,0.13,1,0.0,1,0,0,0,0,0,1
CLI-001475,1,5,3,1,33.3,1,0.4,1,0,19,4,23.0,3,0,34.05,0.13,0,0.12,0,0,0,1,0,1,0
CLI-002540,0,11,80,44,50.0,36,15.4,7,2,0,3,6.1,3,0,6400.0,0.0,0,0.18,0,1,0,0,0,1,0
CLI-001835,0,11,51,44,86.3,61,34.5,5,1,1,0,4.9,3,1,2497.8,0.0,0,0.19,0,0,0,1,0,1,0
CLI-004457,0,13,7,6,85.7,52,46.6,21,2,1,4,4.5,3,0,560.0,0.0,0,0.52,0,0,0,1,0,0,1
CLI-000414,0,21,59,25,42.4,15,7.2,8,5,3,0,8.0,4,1,2941.85,0.0,0,0.31,0,0,1,0,0,0,1
CLI-004095,1,1,9,5,55.6,27,16.1,3,0,0,2,28.5,4,4,101.37,0.0,0,0.38,0,1,0,0,1,0,0
CLI-002537,1,1,158,0,0.0,0,0.0,0,0,30,2,1.9,2,2,10648.88,1.0,1,0.0,1,0,0,0,1,0,0
CLI-001662,0,12,9,4,44.4,10,3.1,2,2,0,1,17.3,4,1,106.55,0.0,0,0.25,0,1,0,0,0,1,0
CLI-000131,1,13,21,5,23.8,1,0.4,3,0,22,1,8.2,2,0,945.0,0.06,0,0.12,0,0,0,1,0,0,1
CLI-002756,1,1,11,0,0.0,0,0.0,0,0,30,4,15.1,3,2,271.63,1.0,1,0.0,0,0,0,1,1,0,0
CLI-000114,1,5,8,6,75.0,49,5.7,4,0,0,9,41.6,1,0,99.76,0.0,0,0.5,1,0,0,0,0,1,0
CLI-000072,0,1,16,9,56.2,42,31.5,13,0,1,0,8.3,4,3,774.31,0.03,0,0.5,0,1,0,0,1,0,0
CLI-000625,1,1,38,16,42.1,17,2.4,8,0,1,2,13.9,3,1,1001.74,0.03,0,0.5,0,0,0,1,1,0,0
CLI-001073,0,1,10,6,60.0,17,5.5,4,0,0,2,18.2,2,1,218.57,0.0,0,0.25,1,0,0,0,1,0,0
CLI-001230,0,10,17,8,47.1,27,17.7,8,2,0,2,16.2,1,0,455.68,0.0,0,0.5,1,0,0,0,0,1,0
CLI-003968,0,6,541,457,84.5,74,5.7,9,4,0,0,6.3,3,1,13107.05,0.0,0,0.56,0,0,0,1,0,1,0
CLI-001760,0,15,19,12,63.2,31,18.5,21,2,0,0,3.6,4,0,1615.57,0.0,0,0.52,0,1,0,0,0,0,1
CLI-002119,0,6,9,6,66.7,4,1.0,3,0,5,0,11.9,5,1,114.17,0.03,0,0.38,0,1,0,0,0,1,0
CLI-003842,0,8,1,1,100.0,53,28.4,2,2,0,0,12.8,5,0,13.83,0.0,0,0.25,0,0,0,1,0,1,0
CLI-002433,0,16,85,76,89.4,97,87.7,10,2,4,2,10.65,3,0,2525.1,0.01,0,0.62,0,0,0,1,0,0,1
CLI-000952,0,6,40,32,80.0,65,29.1,17,2,0,0,6.4,4,0,2043.12,0.0,0,0.65,0,1,0,0,0,1,0
CLI-004100,0,16,37,10,27.0,6,0.8,4,5,27,1,11.4,5,0,839.5,0.06,0,0.25,0,1,0,0,0,0,1
CLI-003678,1,5,57,0,0.0,0,0.0,0,0,56,5,11.0,2,1,2240.62,0.37,1,0.0,0,0,0,1,0,1,0
CLI-004424,0,5,11,4,50.0,17,3.5,2,0,2,0,17.6,4,1,132.0,0.01,0,0.25,0,0,0,1,0,1,0
CLI-004301,1,16,50,0,0.0,0,0.0,0,2,32,7,35.2,1,0,733.48,0.07,1,0.0,0,0,0,1,0,0,1
CLI-004423,0,2,16,15,93.8,70,34.4,5,0,0,2,13.6,5,2,508.6,0.0,0,0.31,0,1,0,0,1,0,0
CLI-000823,0,1,13,7,53.8,24,5.7,5,0,1,5,15.7,2,3,257.06,0.03,0,0.31,1,0,0,0,1,0,0
CLI-001141,0,19,11,8,72.7,43,32.6,7,2,2,1,14.7,3,0,270.66,0.0,0,0.44,0,0,0,1,0,0,1
CLI-001401,0,1,31,28,90.3,107,90.1,9,1,1,0,8.9,3,3,730.78,0.03,0,0.56,0,0,0,1,1,0,0
CLI-001000,0,14,3,2,66.7,24,11.2,8,7,1,4,12.5,4,0,93.26,0.0,0,0.5,0,0,0,1,0,0,1
CLI-002735,0,13,1,1,100.0,52,38.4,11,7,1,4,4.0,4,0,50.73,0.0,0,0.42,0,0,0,1,0,0,1
CLI-004320,1,1,22,2,9.1,1,0.2,0,0,8,3,9.4,4,4,487.98,0.27,0,0.0,0,0,0,1,1,0,0
CLI-000571,1,3,9,6,66.7,19,4.2,2,0,2,0,9.6,5,1,117.9,0.02,0,0.25,0,0,0,1,1,0,0
CLI-000184,0,5,46,35,76.1,78,51.6,9,2,3,5,11.5,4,0,1238.96,0.02,0,0.56,0,1,0,0,0,1,0
CLI-004598,1,1,47,8,17.0,2,0.2,4,0,4,6,14.4,2,3,960.44,0.13,0,0.25,1,0,0,0,1,0,0
CLI-000469,0,24,48,20,41.7,1,0.5,8,7,30,0,3.0,5,0,2214.47,0.04,1,0.31,0,0,0,1,0,0,1
CLI-000076,1,17,29,8,27.6,13,3.6,7,2,1,3,13.0,3,0,817.68,0.0,0,0.44,0,0,0,1,0,0,1
CLI-003062,0,10,54,8,14.8,1,0.1,3,2,14,1,3.7,4,0,2147.17,0.05,0,0.12,0,0,0,1,0,1,0
CLI-003687,0,12,40,27,67.5,35,23.2,7,5,0,0,5.4,5,0,760.76,0.0,0,0.44,0,0,1,0,0,1,0
CLI-000332,0,1,9,5,55.6,16,0.8,3,0,2,1,10.3,4,2,201.07,0.07,0,0.19,0,1,0,0,1,0,0
CLI-004692,1,1,31,11,35.5,1,0.1,9,0,1,4,4.8,4,0,1395.0,0.03,0,0.35,0,0,0,1,1,0,0
CLI-004883,1,5,13,4,30.8,1,0.3,3,1,17,5,10.6,2,1,223.85,0.11,0,0.19,0,0,0,1,0,1,0
CLI-003075,0,6,104,51,49.0,21,13.0,8,2,0,2,4.8,3,1,3966.47,0.0,0,0.31,0,0,0,1,0,1,0
CLI-002356,0,19,8,2,25.0,1,0.4,4,1,10,4,12.6,3,0,188.13,0.02,0,0.25,0,1,0,0,0,0,1
CLI-003825,1,4,47,21,44.7,10,2.6,9,1,1,2,10.65,3,3,1788.87,0.01,0,0.35,0,0,0,1,0,1,0
CLI-000273,0,25,206,143,69.4,50,34.8,13,4,1,0,3.5,4,0,10458.47,0.0,0,0.5,0,0,0,1,0,0,1
CLI-004261,1,3,11,1,9.1,1,0.4,1,0,3,2,0.5,4,1,658.0,0.03,0,0.02,0,0,0,1,1,0,0
CLI-002387,1,1,11,9,81.8,60,37.6,9,0,1,2,20.9,3,2,316.21,0.03,0,0.56,0,0,0,1,1,0,0
CLI-002270,1,6,8,5,62.5,14,11.1,4,0,0,4,28.5,3,0,95.65,0.0,0,0.5,0,0,0,1,0,1,0
CLI-002666,0,20,189,122,64.6,29,9.7,3,2,6,0,11.3,5,0,2293.57,0.01,0,0.38,0,1,0,0,0,0,1
CLI-004624,0,7,10,5,50.0,16,4.7,3,1,3,2,24.0,4,0,113.36,0.01,0,0.38,0,0,0,1,0,1,0
CLI-000118,0,23,159,0,0.0,0,5.7,0,0,36,4,5.4,2,0,12737.16,0.05,1,0.0,1,0,0,0,0,0,1
CLI-003255,0,20,7,4,57.1,18,7.2,9,3,1,5,4.2,3,0,615.35,0.0,0,0.22,0,0,0,1,0,0,1
CLI-004890,0,1,4,3,75.0,64,27.9,8,0,1,0,9.2,5,2,80.29,0.03,0,0.5,0,0,0,1,1,0,0
CLI-003414,1,10,4,0,0.0,0,0.0,0,2,91,5,10.9,3,0,99.57,0.3,1,0.0,1,0,0,0,0,1,0
CLI-000677,0,1,45,20,44.4,9,3.5,10,0,4,4,8.8,2,0,1884.08,0.13,0,0.38,0,0,0,1,1,0,0
CLI-000012,0,4,1,1,100.0,83,5.7,4,2,1,4,27.2,4,1,12.35,0.01,0,0.5,0,0,0,1,0,1,0
CLI-002346,0,23,40,12,30.0,3,1.2,13,5,1,2,9.5,3,0,2172.9,0.0,0,0.5,0,1,0,0,0,0,1
CLI-002731,1,17,44,0,0.0,0,0.0,0,0,69,3,15.0,2,0,1068.55,0.14,1,0.0,0,0,0,1,0,0,1
CLI-001651,0,9,419,135,32.2,14,6.0,14,1,1,0,4.4,5,1,18861.83,0.0,0,0.54,0,0,0,1,0,1,0
CLI-002459,0,1,22,9,40.9,1,5.7,9,1,6,3,5.6,3,3,817.98,0.2,0,0.35,0,0,0,1,1,0,0
CLI-001341,0,11,185,101,54.6,13,4.6,6,2,4,0,5.8,5,0,9909.16,0.01,0,0.23,0,1,0,0,0,1,0
CLI-003771,0,9,3,2,66.7,35,7.6,2,0,1,1,33.4,2,0,44.01,0.0,0,0.25,0,0,0,1,0,1,0
CLI-000911,1,2,8,7,87.5,67,5.7,10,1,2,5,14.2,4,1,191.39,0.03,0,0.62,0,0,0,1,1,0,0
CLI-003972,0,8,9,4,44.4,5,5.7,11,3,12,3,9.5,3,1,485.97,0.05,0,0.42,0,1,0,0,0,1,0
CLI-003423,1,14,15,6,40.0,1,0.1,2,4,21,1,16.1,4,0,190.68,0.05,0,0.25,0,0,0,1,0,0,1
CLI-003911,0,1,48,16,33.3,7,3.4,2,0,0,1,15.2,3,2,1241.69,0.0,0,0.12,0,1,0,0,1,0,0
CLI-004460,1,1,14,1,7.1,1,0.2,2,0,18,1,10.65,2,3,293.5,0.6,0,0.12,1,0,0,0,1,0,0
CLI-003754,1,9,1,1,100.0,64,34.1,11,1,0,6,10.65,2,0,29.36,0.0,0,0.69,1,0,0,0,0,1,0
CLI-003937,0,12,7,2,50.0,1,0.3,4,4,30,5,5.6,3,1,258.52,0.08,1,0.15,0,0,0,1,0,1,0
CLI-004245,0,31,6,5,83.3,65,57.5,11,6,1,7,13.3,3,0,178.58,0.0,0,0.69,1,0,0,0,0,0,1
CLI-000080,0,29,43,10,23.3,1,0.3,11,8,30,3,3.8,3,0,4370.22,0.03,1,0.28,0,0,0,1,0,0,1
CLI-001934,1,6,38,0,0.0,0,0.0,0,0,89,0,0.8,5,0,1558.43,0.49,1,0.0,0,0,0,1,0,1,0
CLI-001410,1,19,4,0,0.0,0,0.0,0,0,121,10,5.2,3,0,366.03,0.21,1,0.0,0,0,0,1,0,0,1
CLI-000313,0,13,54,24,44.4,5,1.4,4,4,3,3,5.1,3,2,2863.66,0.01,0,0.15,0,1,0,0,0,0,1
CLI-004381,0,15,14,9,50.0,47,33.2,13,1,1,4,10.65,3,0,793.53,0.0,0,0.5,0,0,0,1,0,0,1
CLI-003624,1,1,6,4,66.7,28,22.2,6,0,1,5,18.6,1,4,146.69,0.03,0,0.38,0,0,0,1,1,0,0
CLI-003739,0,14,535,133,24.9,1,0.3,2,3,6,3,14.2,4,1,14446.57,0.01,0,0.12,1,0,0,0,0,0,1
CLI-001454,0,8,43,12,27.9,2,0.3,3,1,3,0,25.9,4,2,457.75,0.01,0,0.38,0,0,0,1,0,1,0
CLI-000271,1,2,49,25,51.0,39,16.9,10,0,1,6,18.5,2,2,1398.34,0.02,0,0.62,1,0,0,0,1,0,0
CLI-003002,0,13,45,21,46.7,42,39.5,17,0,1,6,10.6,3,0,2574.41,0.0,0,0.65,0,0,0,1,0,0,1
CLI-000944,0,18,8,5,62.5,18,6.2,1,7,1,3,10.65,4,0,267.47,0.0,0,0.06,0,0,0,1,0,0,1
CLI-001603,0,14,2,1,50.0,8,5.6,6,7,2,0,6.8,4,0,48.68,0.0,0,0.38,0,0,1,0,0,0,1
CLI-003674,0,4,49,34,69.4,52,55.6,7,1,1,1,9.5,5,1,1271.4,0.01,0,0.44,0,1,0,0,0,1,0
CLI-000934,1,4,69,54,78.3,57,18.6,8,0,5,4,10.65,4,3,1190.81,0.04,0,0.5,0,0,0,1,0,1,0
CLI-003083,0,3,182,148,81.3,51,31.2,8,0,1,1,7.6,5,1,4836.44,0.01,0,0.5,0,0,0,1,1,0,0
CLI-001770,0,13,48,26,54.2,16,1.9,2,3,1,9,10.65,3,0,658.45,0.0,0,0.25,1,0,0,0,0,0,1
CLI-003605,1,1,84,23,27.4,5,2.4,16,0,2,6,10.65,2,3,8381.99,0.07,0,0.4,1,0,0,0,1,0,0
CLI-004296,0,3,7,6,85.7,39,2.1,3,1,3,1,26.5,3,2,85.23,0.03,0,0.38,0,1,0,0,1,0,0
CLI-000296,1,16,11,3,27.3,7,0.4,1,3,3,2,18.9,3,0,130.51,0.01,0,0.12,0,1,0,0,0,0,1
CLI-001181,0,13,5,3,60.0,27,4.2,8,2,1,5,8.1,2,2,228.29,0.0,0,0.31,0,0,0,1,0,0,1
CLI-001306,0,13,8,5,62.5,20,4.3,6,5,0,5,12.2,3,0,212.93,0.0,0,0.38,0,0,0,1,0,0,1
CLI-002650,0,14,1,1,100.0,58,48.6,3,3,0,1,39.8,2,0,13.83,0.0,0,0.38,0,0,0,1,0,0,1
CLI-002397,0,26,11,7,63.6,22,7.9,4,4,0,3,29.8,3,0,135.74,0.0,0,0.5,0,1,0,0,0,0,1
CLI-003208,0,15,172,85,49.4,26,11.3,6,2,1,1,11.7,4,0,4458.51,0.0,0,0.38,0,0,1,0,0,0,1
CLI-001894,1,8,27,14,51.9,33,17.6,10,1,1,2,13.7,3,3,675.0,0.0,0,0.62,0,0,0,1,0,1,0
CLI-001705,0,5,251,103,41.0,22,12.3,10,1,1,1,8.1,3,2,11097.82,0.01,0,0.38,0,0,0,1,0,1,0
CLI-001497,1,3,172,50,29.1,1,0.4,1,1,12,4,32.6,2,1,2338.11,0.13,0,0.12,1,0,0,0,1,0,0
CLI-000503,0,26,6,5,83.3,70,25.6,5,9,2,1,22.1,4,0,79.32,0.0,0,0.62,0,0,0,1,0,0,1
CLI-004470,1,3,1,1,100.0,77,52.4,4,2,0,6,36.2,2,0,10.92,0.0,0,0.5,1,0,0,0,1,0,0
CLI-000255,0,10,63,0,0.0,0,0.0,0,0,34,1,6.4,3,1,3218.02,0.11,1,0.0,0,0,0,1,0,1,0
CLI-001679,0,3,8,2,25.0,1,0.1,2,0,10,0,4.9,4,1,173.53,0.11,0,0.12,0,0,0,1,1,0,0
CLI-000133,0,20,38,19,50.0,10,2.4,4,5,11,4,18.1,2,0,914.55,0.02,0,0.25,1,0,0,0,0,0,1
CLI-004730,1,16,9,3,33.3,9,0.4,1,3,2,5,32.8,2,0,97.17,0.0,0,0.12,0,0,0,1,0,0,1
CLI-002076,0,5,8,6,75.0,41,27.6,3,4,3,5,34.3,3,3,113.35,0.02,0,0.38,0,1,0,0,0,1,0
CLI-000282,0,4,24,9,37.5,12,2.3,8,1,0,0,0.5,5,4,1080.0,0.0,0,0.31,0,0,0,1,0,1,0
CLI-000214,0,4,876,594,67.8,10,3.6,7,0,0,2,9.1,5,2,24911.02,0.0,0,0.44,0,1,0,0,0,1,0
CLI-003569,0,6,173,156,90.2,93,48.7,16,1,1,6,3.6,3,1,15212.65,0.01,0,0.4,0,1,0,0,0,1,0
CLI-004324,0,11,10,9,90.0,113,100.7,4,1,2,2,20.2,5,2,151.16,0.01,0,0.5,0,0,0,1,0,1,0
CLI-002661,0,10,18,6,33.3,1,0.3,5,1,0,2,11.0,4,0,397.26,0.0,0,0.31,0,0,0,1,0,1,0
CLI-001320,0,2,783,533,68.1,22,15.1,16,0,0,1,2.2,3,2,54739.74,0.0,0,0.4,0,0,0,1,1,0,0
CLI-004916,1,9,30,0,0.0,0,0.0,0,0,45,5,10.0,4,0,1426.31,0.17,1,0.0,0,0,0,1,0,1,0
CLI-001296,0,17,653,196,30.0,8,3.6,11,3,0,0,2.6,5,0,32988.72,0.0,0,0.42,0,0,1,0,0,0,1
CLI-001102,1,9,24,17,70.8,52,12.5,3,3,0,2,25.5,3,1,394.48,0.0,0,0.38,0,0,0,1,0,1,0
CLI-002831,0,18,72,39,54.2,21,5.6,14,4,0,7,9.7,3,0,4466.39,0.0,0,0.54,0,0,0,1,0,0,1
CLI-001757,0,20,58,22,37.9,4,0.5,5,2,4,2,15.8,2,0,1392.14,0.01,0,0.31,1,0,0,0,0,0,1
CLI-000149,0,19,6,2,33.3,5,2.6,4,4,1,1,19.7,4,0,71.36,0.0,0,0.5,0,0,1,0,0,0,1
CLI-002365,1,2,41,23,56.1,17,2.7,6,0,0,4,5.2,4,2,1761.14,0.0,0,0.23,0,0,0,1,1,0,0
CLI-000068,1,9,118,0,50.0,0,0.0,0,0,42,4,4.9,2,4,8899.84,0.16,1,0.0,0,0,0,1,0,1,0
CLI-003638,0,6,21,12,57.1,20,5.7,6,1,0,0,6.8,5,0,444.51,0.0,0,0.38,0,0,0,1,0,1,0
CLI-000875,0,15,26,15,50.0,34,11.9,3,5,1,2,10.65,3,0,352.63,0.0,0,0.38,0,0,1,0,0,0,1
CLI-004065,0,3,17,10,58.8,35,9.1,19,2,1,0,1.4,4,2,1244.8,0.01,0,0.48,0,0,0,1,1,0,0
CLI-000415,0,23,5,4,80.0,72,5.7,5,3,1,0,7.6,5,0,65.3,0.0,0,0.62,0,0,0,1,0,0,1
CLI-002275,0,8,3,1,33.3,11,7.7,5,2,2,1,14.9,5,3,31.18,0.01,0,0.62,0,0,0,1,0,1,0
CLI-001598,0,13,44,24,54.5,28,13.9,13,3,0,0,1.9,5,1,2341.76,0.0,0,0.5,0,0,0,1,0,0,1
CLI-001434,0,15,884,829,93.8,71,50.8,22,4,0,5,4.5,3,0,76511.23,0.0,0,0.55,0,0,0,1,0,0,1
CLI-002915,1,11,43,36,83.7,55,29.2,9,1,2,4,14.7,2,0,1289.1,0.01,0,0.56,0,0,0,1,0,1,0
CLI-004209,0,17,9,4,50.0,11,6.9,1,2,2,0,19.2,4,0,119.99,0.0,0,0.12,0,0,0,1,0,0,1
CLI-003440,0,17,201,174,86.6,86,19.4,10,2,1,1,8.9,4,0,5773.9,0.0,0,0.62,0,0,0,1,0,0,1
CLI-001633,1,8,15,5,33.3,1,0.3,1,1,23,7,8.3,4,2,674.14,0.1,0,0.04,0,0,0,1,0,1,0
CLI-003994,1,1,126,45,35.7,11,5.7,11,0,4,4,5.8,3,3,4434.74,0.13,0,0.42,0,0,0,1,1,0,0
CLI-001242,0,24,3,1,33.3,6,2.2,2,3,5,2,24.3,3,0,36.0,0.01,0,0.25,0,1,0,0,0,0,1
CLI-001236,0,6,42,19,45.2,24,9.9,7,2,1,1,9.6,3,1,1751.1,0.01,0,0.27,0,1,0,0,0,1,0
CLI-001309,0,16,108,72,66.7,36,27.9,12,2,0,3,4.1,3,0,4916.69,0.0,0,0.46,0,1,0,0,0,0,1
CLI-000889,1,4,2,1,50.0,37,12.0,4,0,2,2,23.4,4,4,28.8,0.02,0,0.5,0,0,0,1,0,1,0
CLI-002110,0,19,40,21,52.5,3,0.5,11,4,5,3,2.4,5,0,2697.62,0.01,0,0.28,0,0,0,1,0,0,1
CLI-004333,0,19,35,12,34.3,1,0.5,5,4,7,0,2.4,4,0,1920.95,0.01,0,0.19,0,0,1,0,0,0,1
CLI-002724,1,10,52,0,0.0,0,0.0,0,0,69,2,5.1,4,2,2297.43,0.23,1,0.0,1,0,0,0,0,1,0
CLI-001865,1,20,9,1,11.1,1,0.1,1,8,30,0,10.65,5,0,81.1,0.05,1,0.12,0,0,0,1,0,0,1
CLI-003348,0,14,9,5,55.6,23,13.9,3,5,3,5,37.3,3,0,129.86,0.01,0,0.38,0,0,0,1,0,0,1
CLI-001687,0,21,7,2,28.6,1,0.3,0,8,13,0,0.5,5,0,160.95,0.02,0,0.0,0,1,0,0,0,0,1
CLI-000549,0,18,11,3,27.3,1,0.1,6,8,30,4,2.6,1,0,927.91,0.06,1,0.15,0,0,0,1,0,0,1
CLI-000798,0,1,35,17,48.6,19,8.9,5,0,2,1,10.65,5,0,726.45,0.07,0,0.31,0,0,0,1,1,0,0
CLI-000249,0,1,53,44,83.0,26,5.7,3,0,2,0,7.6,4,1,1344.94,0.07,0,0.19,0,1,0,0,1,0,0
CLI-002253,0,18,18,11,61.1,7,0.5,7,4,2,7,16.2,3,0,432.74,0.0,0,0.44,1,0,0,0,0,0,1
CLI-001762,0,16,201,17,8.5,1,0.3,1,5,14,2,10.65,4,0,14771.81,0.03,0,0.02,0,0,0,1,0,0,1
CLI-003432,1,6,199,0,50.0,0,0.0,0,0,74,1,9.2,4,1,5224.02,0.41,1,0.0,1,0,0,0,0,1,0
CLI-003558,0,10,96,35,36.5,10,1.5,5,3,1,11,10.1,3,1,3644.47,0.0,0,0.19,1,0,0,0,0,1,0
CLI-002118,0,11,164,57,34.8,6,1.6,12,2,1,0,5.6,4,0,14018.45,0.0,0,0.3,0,1,0,0,0,1,0
CLI-000071,0,5,44,24,54.5,32,13.8,6,0,2,7,10.65,4,0,875.41,0.01,0,0.38,1,0,0,0,0,1,0
CLI-000073,0,16,10,3,30.0,3,0.6,2,2,6,0,6.9,5,0,104.37,0.01,0,0.25,0,0,1,0,0,0,1
CLI-000773,0,10,37,3,8.1,1,0.1,4,1,30,5,2.6,3,0,3002.72,0.1,1,0.1,0,0,0,1,0,1,0
CLI-003229,0,13,5,2,40.0,1,0.3,8,4,3,5,8.4,3,0,173.74,0.01,0,0.31,0,0,0,1,0,0,1
CLI-003537,1,2,824,159,19.3,6,0.3,5,1,4,0,6.0,4,3,55054.74,0.07,0,0.12,0,0,0,1,1,0,0
CLI-001833,0,17,38,22,57.9,30,18.6,1,2,2,0,3.1,5,0,414.22,0.0,0,0.12,0,0,1,0,0,0,1
CLI-003814,0,18,42,20,47.6,14,7.1,10,4,0,2,12.6,3,0,1865.09,0.0,0,0.38,0,0,0,1,0,0,1
CLI-004766,1,10,30,8,26.7,2,5.7,9,0,1,5,13.3,3,1,781.72,0.0,0,0.56,0,1,0,0,0,1,0
CLI-000094,0,24,6,1,16.7,1,0.2,2,9,8,0,10.65,4,0,77.39,0.01,0,0.25,0,0,0,1,0,0,1
CLI-004716,0,14,14,1,7.1,1,0.4,2,3,9,0,9.6,4,0,165.03,0.02,0,0.25,0,0,0,1,0,0,1
CLI-004257,0,4,52,40,76.9,51,28.2,4,3,0,1,12.5,4,0,1503.83,0.0,0,0.25,0,0,0,1,0,1,0
CLI-004572,0,12,8,5,62.5,31,3.5,7,1,2,0,6.0,5,0,239.77,0.01,0,0.44,0,0,0,1,0,1,0
CLI-002281,0,10,55,24,43.6,3,0.8,5,5,4,1,10.65,3,0,1222.06,0.01,0,0.31,0,1,0,0,0,1,0
CLI-001888,0,10,154,121,50.0,31,17.6,5,0,1,4,15.0,2,0,3637.79,0.0,0,0.31,1,0,0,0,0,1,0
CLI-001854,0,17,8,5,62.5,45,17.0,6,9,0,1,11.9,3,0,185.8,0.0,0,0.38,0,0,0,1,0,0,1
CLI-000610,0,12,4,1,25.0,3,1.4,3,1,1,3,34.6,2,0,48.89,0.0,0,0.38,1,0,0,0,0,1,0
CLI-001952,0,19,52,22,42.3,24,10.9,9,1,0,1,8.6,4,0,2495.39,0.0,0,0.35,0,0,0,1,0,0,1
CLI-004970,0,2,417,103,24.7,1,0.1,7,2,2,5,4.4,3,0,33360.0,0.03,0,0.18,1,0,0,0,1,0,0
CLI-002716,0,19,175,111,63.4,9,0.8,7,1,4,1,0.6,4,0,8134.88,0.01,0,0.27,0,0,0,1,0,0,1
CLI-000753,0,6,42,25,59.5,32,25.9,12,3,1,0,9.0,3,0,2074.02,0.01,0,0.46,0,1,0,0,0,1,0
CLI-004812,0,5,181,70,38.7,1,0.2,6,1,7,3,4.8,4,1,8145.0,0.05,0,0.23,0,0,0,1,0,1,0
CLI-002857,0,4,9,5,55.6,43,16.3,8,1,0,4,10.65,3,2,250.84,0.0,0,0.5,0,1,0,0,0,1,0
CLI-004392,1,1,2,1,50.0,1,0.1,1,1,1,11,39.1,3,2,23.38,0.03,0,0.12,0,0,0,1,1,0,0
CLI-001133,0,23,6,1,16.7,2,0.8,8,4,1,8,20.5,3,0,149.11,0.0,0,0.5,1,0,0,0,0,0,1
CLI-004746,0,15,2,1,50.0,15,3.5,7,0,2,4,11.0,4,0,50.41,0.0,0,0.44,0,1,0,0,0,0,1
CLI-000037,0,19,38,14,36.8,7,3.4,15,2,2,1,7.4,3,0,1889.58,0.0,0,0.58,0,1,0,0,0,0,1
CLI-004043,0,16,31,17,54.8,6,0.7,3,3,5,0,2.3,5,1,757.78,0.01,0,0.19,0,0,1,0,0,0,1
CLI-000893,1,3,115,12,10.4,1,5.7,3,1,14,3,7.8,3,2,4409.41,0.16,0,0.12,0,0,0,1,1,0,0
CLI-004262,1,11,10,4,40.0,16,5.7,6,2,5,1,10.3,4,2,260.43,0.02,0,0.38,0,0,0,1,0,1,0
CLI-003227,1,1,52,23,44.2,15,4.0,6,0,2,0,10.1,4,1,1215.33,0.07,0,0.38,0,0,0,1,1,0,0
CLI-002687,0,14,15,8,53.3,12,4.0,4,0,11,1,16.3,5,0,216.37,0.03,0,0.5,0,0,0,1,0,0,1
CLI-001584,1,7,31,0,0.0,0,0.0,0,0,48,8,7.6,2,0,1547.26,0.23,1,0.0,1,0,0,0,0,1,0
CLI-004161,0,12,35,8,22.9,3,0.6,3,3,15,3,6.0,3,0,1267.55,0.04,0,0.12,0,0,0,1,0,1,0
CLI-000606,0,25,679,151,22.2,8,2.4,11,7,3,1,10.65,3,0,30555.0,0.0,0,0.42,1,0,0,0,0,0,1
CLI-000824,0,24,53,14,26.4,7,2.9,2,7,2,0,7.3,4,0,537.73,0.0,0,0.25,0,0,0,1,0,0,1
CLI-002734,1,4,19,8,42.1,1,0.3,11,0,7,0,6.4,2,3,887.83,0.06,0,0.42,1,0,0,0,0,1,0
CLI-000338,0,3,891,708,50.0,22,8.3,11,0,0,2,9.7,5,2,40996.35,0.0,0,0.42,0,1,0,0,1,0,0
CLI-000861,0,10,3,1,33.3,1,0.1,2,2,17,2,10.2,4,0,75.0,0.06,0,0.12,0,0,0,1,0,1,0
CLI-004318,0,11,206,143,69.4,50,5.7,14,2,0,0,1.4,3,0,9552.76,0.0,0,0.54,0,0,0,1,0,1,0
CLI-002443,0,7,87,52,59.8,27,7.9,16,2,1,9,9.7,1,1,3915.0,0.0,0,0.62,1,0,0,0,0,1,0
CLI-001197,0,19,8,4,50.0,22,20.6,7,2,3,0,11.2,5,0,256.75,0.01,0,0.44,0,0,0,1,0,0,1
CLI-000969,0,10,37,27,73.0,63,50.9,8,3,0,0,10.5,4,0,985.2,0.0,0,0.5,0,0,1,0,0,1,0
CLI-002946,0,16,9,7,50.0,61,43.2,1,7,2,3,32.0,4,0,98.43,0.0,0,0.12,0,0,1,0,0,0,1
CLI-003602,0,13,22,7,31.8,1,0.6,3,3,3,1,19.7,4,0,268.08,0.01,0,0.38,0,0,1,0,0,0,1
CLI-003082,0,9,43,32,74.4,57,70.1,19,1,1,4,2.4,4,0,3933.57,0.0,0,0.48,0,0,0,1,0,1,0
CLI-003984,0,13,1,1,100.0,21,4.6,4,4,4,1,8.9,3,0,21.56,0.01,0,0.25,0,0,0,1,0,0,1
CLI-002504,0,12,59,22,50.0,12,8.2,7,1,4,4,13.7,2,0,1589.32,0.01,0,0.44,0,0,0,1,0,1,0
CLI-003711,1,1,47,9,19.1,1,0.1,0,0,8,2,16.9,3,2,936.86,0.27,0,0.0,0,0,0,1,1,0,0
CLI-003331,1,9,11,4,36.4,2,0.6,1,2,16,6,31.1,2,1,141.95,0.06,0,0.12,1,0,0,0,0,1,0
CLI-001583,0,19,19,12,63.2,38,18.3,5,6,0,0,5.2,5,0,587.6,0.0,0,0.31,0,0,0,1,0,0,1
CLI-003102,0,17,45,42,93.3,76,52.8,7,6,0,4,30.1,4,0,643.91,0.0,0,0.88,0,0,0,1,0,0,1
CLI-004796,0,25,2,1,50.0,19,4.0,3,4,1,3,33.4,3,0,21.41,0.0,0,0.38,0,1,0,0,0,0,1
CLI-001367,0,26,4,2,50.0,17,9.8,3,5,0,0,23.3,3,0,50.92,0.0,0,0.38,0,1,0,0,0,0,1
CLI-003462,0,12,86,24,50.0,1,0.2,4,2,6,5,5.9,2,0,3603.94,0.02,0,0.15,1,0,0,0,0,1,0
CLI-002803,0,14,9,4,44.4,11,3.2,3,2,0,0,16.9,5,0,108.71,0.0,0,0.38,0,1,0,0,0,0,1
CLI-002363,0,20,6,3,50.0,23,12.0,9,3,1,2,7.6,5,0,173.29,0.0,0,0.56,0,0,0,1,0,0,1
CLI-001674,1,1,52,35,67.3,7,1.2,5,0,2,6,17.5,4,1,1091.62,0.07,0,0.31,0,0,0,1,1,0,0
CLI-004896,0,11,9,5,55.6,8,2.4,3,1,1,1,20.8,4,0,116.68,0.0,0,0.38,0,1,0,0,0,1,0
CLI-004192,0,17,195,113,57.9,20,4.9,15,3,0,4,0.5,3,0,12670.05,0.0,0,0.38,0,1,0,0,0,0,1
CLI-003386,0,1,9,0,0.0,0,0.0,0,0,30,3,5.6,2,0,279.26,1.0,1,0.0,1,0,0,0,1,0,0
CLI-003273,0,10,1,1,100.0,22,5.7,3,3,2,4,18.4,4,0,11.77,0.01,0,0.38,0,0,1,0,0,1,0
CLI-002413,0,18,11,2,18.2,1,0.1,2,4,2,2,20.8,3,0,140.52,0.0,0,0.25,0,0,0,1,0,0,1
CLI-001059,0,21,2,1,50.0,7,0.4,17,3,8,1,10.65,2,0,163.02,0.01,0,0.42,1,0,0,0,0,0,1
CLI-004868,0,28,643,202,31.4,3,1.6,6,8,0,5,2.9,3,0,31814.34,0.0,0,0.23,0,0,0,1,0,0,1
CLI-000226,1,8,173,0,0.0,0,0.0,0,0,56,0,4.1,4,3,7175.2,0.23,1,0.0,0,0,0,1,0,1,0
CLI-000297,1,6,1,1,100.0,19,6.2,4,1,0,6,32.8,1,1,12.3,0.0,0,0.5,1,0,0,0,0,1,0
CLI-002805,0,4,3,1,33.3,7,1.8,4,0,1,1,14.5,2,2,71.88,0.01,0,0.25,1,0,0,0,0,1,0
CLI-001649,0,28,8,2,25.0,7,0.4,0,4,7,2,13.5,4,0,199.11,0.01,0,0.0,0,0,0,1,0,0,1
CLI-002894,0,13,42,14,33.3,9,4.9,3,2,3,4,15.3,3,1,1028.69,0.01,0,0.19,0,1,0,0,0,0,1
CLI-000901,0,10,52,29,55.8,18,5.7,9,3,3,4,3.0,4,0,1818.38,0.01,0,0.35,0,0,0,1,0,1,0
CLI-004731,0,24,179,34,19.0,1,0.1,1,3,3,0,2.7,5,0,8218.38,0.0,0,0.04,0,0,0,1,0,0,1
CLI-003168,1,1,7,2,28.6,1,0.4,9,0,30,3,10.65,3,3,317.66,1.0,1,0.35,0,0,0,1,1,0,0
CLI-003970,0,23,2,1,50.0,16,8.4,6,0,0,1,10.65,4,0,51.43,0.0,0,0.38,0,0,0,1,0,0,1
CLI-001420,0,11,6,5,83.3,60,30.2,5,4,0,1,20.9,5,1,78.13,0.0,0,0.62,0,0,0,1,0,1,0
CLI-000190,1,18,6,2,33.3,1,5.7,2,2,7,7,25.2,3,0,76.78,0.01,0,0.25,1,0,0,0,0,0,1
CLI-000697,0,9,10,6,60.0,47,28.4,14,1,0,4,10.1,4,0,462.65,0.0,0,0.54,0,1,0,0,0,1,0
CLI-003699,0,14,882,635,72.0,44,26.2,16,3,0,2,6.0,4,0,49788.0,0.0,0,0.62,0,0,0,1,0,0,1
CLI-004946,0,21,44,31,70.5,46,33.4,3,3,0,0,14.5,5,0,528.0,0.0,0,0.38,0,0,1,0,0,0,1
CLI-004393,0,5,118,104,88.1,68,20.8,17,1,0,0,0.5,4,0,5317.55,0.0,0,0.65,0,0,0,1,0,1,0
CLI-004196,0,7,48,30,62.5,51,32.3,9,3,1,1,13.7,4,2,1404.09,0.0,0,0.56,0,0,1,0,0,1,0
CLI-003284,0,18,5,4,80.0,72,33.7,3,6,0,1,19.2,5,0,68.28,0.0,0,0.38,0,0,1,0,0,0,1
CLI-002893,0,8,11,9,81.8,41,5.7,19,3,0,2,1.3,4,0,850.22,0.0,0,0.48,0,0,1,0,0,1,0
CLI-003216,0,8,7,4,57.1,29,22.4,6,2,0,1,11.3,3,0,202.71,0.0,0,0.38,0,0,0,1,0,1,0
CLI-000498,0,17,46,26,56.5,30,22.2,12,2,0,0,0.9,4,0,3169.69,0.0,0,0.3,0,0,0,1,0,0,1
CLI-003693,1,11,870,0,0.0,0,0.0,0,0,56,3,2.1,3,1,70940.69,0.17,1,0.0,1,0,0,0,0,1,0
CLI-000920,0,15,7,2,28.6,12,0.6,3,4,8,7,15.1,3,0,178.75,0.02,0,0.19,1,0,0,0,0,0,1
CLI-002475,0,10,4,2,50.0,22,5.5,11,2,1,0,3.5,5,0,190.89,0.0,0,0.42,0,0,0,1,0,1,0
CLI-003995,1,13,5,1,20.0,2,0.7,2,4,17,2,16.0,5,1,62.38,0.04,0,0.25,0,0,0,1,0,0,1
CLI-003603,0,10,2,1,50.0,9,0.4,5,3,0,0,7.3,4,2,53.3,0.0,0,0.31,0,0,1,0,0,1,0
CLI-004758,1,24,10,0,0.0,0,0.0,0,0,78,2,10.65,1,0,275.75,0.11,1,0.0,1,0,0,0,0,0,1
CLI-001737,0,18,7,5,71.4,72,43.7,10,4,0,3,11.7,4,0,210.33,0.0,0,0.62,0,0,1,0,0,0,1
CLI-002617,0,20,22,9,40.9,16,12.0,5,0,1,8,3.5,3,0,1044.88,0.0,0,0.19,0,0,0,1,0,0,1
CLI-001592,1,10,7,4,57.1,1,0.2,0,3,19,3,23.9,5,1,90.81,0.06,0,0.0,0,0,0,1,0,1,0
CLI-003867,1,1,207,51,24.6,6,1.5,10,0,10,0,2.9,4,2,14923.89,0.33,0,0.25,0,0,0,1,1,0,0
CLI-003065,0,3,44,33,75.0,54,46.5,3,0,0,0,17.8,5,3,545.87,0.0,0,0.38,0,0,0,1,1,0,0
CLI-004240,1,1,6,1,16.7,5,2.0,3,1,1,4,31.5,3,3,80.42,0.03,0,0.38,0,0,0,1,1,0,0
CLI-002241,1,6,34,8,23.5,9,2.9,6,1,22,3,13.2,1,0,864.17,0.12,0,0.38,0,0,0,1,0,1,0
CLI-003373,0,29,12,3,25.0,1,0.4,3,3,27,3,29.9,3,0,156.03,0.03,0,0.38,0,1,0,0,0,0,1
CLI-004530,1,7,38,0,0.0,0,0.0,0,0,89,0,10.65,4,0,1928.01,0.42,1,0.0,1,0,0,0,0,1,0
CLI-003574,1,4,3,2,66.7,8,5.0,5,0,2,2,22.3,3,0,32.4,0.02,0,0.62,0,0,0,1,0,1,0
CLI-001445,0,2,47,30,63.8,9,5.3,11,1,6,5,7.5,3,2,2277.46,0.1,0,0.42,0,1,0,0,1,0,0
CLI-004413,1,13,42,0,0.0,0,0.0,0,0,48,3,9.3,3,0,1162.7,0.12,1,0.0,1,0,0,0,0,0,1
CLI-002964,0,23,2,1,50.0,4,1.5,5,8,9,2,13.9,3,0,54.1,0.01,0,0.31,0,0,0,1,0,0,1
CLI-003235,0,2,8,6,75.0,89,21.0,10,1,0,0,13.2,4,0,237.43,0.0,0,0.62,0,0,0,1,1,0,0
CLI-004361,0,5,352,94,26.7,1,0.4,3,1,6,4,9.5,3,2,15324.48,0.04,0,0.12,0,0,0,1,0,1,0
CLI-000095,0,16,43,6,14.0,3,0.4,3,5,16,1,9.7,5,0,1122.33,0.03,0,0.19,1,0,0,0,0,0,1
CLI-000842,0,2,209,167,79.9,42,12.3,11,0,1,0,2.0,5,0,10071.86,0.02,0,0.42,0,1,0,0,1,0,0
CLI-002665,1,26,10,0,0.0,0,0.0,0,0,53,0,23.0,3,0,124.83,0.07,1,0.0,0,0,0,1,0,0,1
CLI-002406,0,21,89,56,62.9,30,5.5,9,5,1,1,5.1,3,0,3544.44,0.0,0,0.35,0,1,0,0,0,0,1
CLI-000390,0,14,6,3,50.0,27,19.4,6,3,1,2,7.9,4,0,153.91,0.0,0,0.38,0,0,0,1,0,0,1
CLI-002663,0,29,39,29,74.4,33,5.2,8,7,3,0,2.4,5,0,926.69,0.0,0,0.5,0,0,0,1,0,0,1
CLI-003681,0,1,39,31,79.5,59,36.5,18,0,0,0,1.2,5,3,2763.07,0.0,0,0.45,0,0,0,1,1,0,0
CLI-003996,1,3,9,2,22.2,1,0.3,11,0,12,3,4.2,3,2,624.02,0.13,0,0.28,0,0,0,1,1,0,0
CLI-003684,0,22,164,70,42.7,8,4.1,4,4,3,1,10.0,3,0,4656.19,0.0,0,0.25,0,1,0,0,0,0,1
CLI-000053,0,13,168,126,75.0,38,19.3,7,2,0,0,1.1,4,0,5492.41,0.0,0,0.27,0,0,0,1,0,0,1
CLI-001191,0,1,23,18,78.3,72,58.6,11,0,1,0,7.2,4,1,929.18,0.03,0,0.42,0,1,0,0,1,0,0
CLI-004805,0,9,216,40,18.5,1,0.1,4,2,1,11,7.6,1,0,17046.51,0.0,0,0.1,0,0,0,1,0,1,0
CLI-002424,0,6,11,6,54.5,17,2.4,6,2,1,1,9.5,3,0,264.86,0.01,0,0.38,0,1,0,0,0,1,0
CLI-003549,1,1,37,0,0.0,0,5.7,0,0,30,2,10.65,3,3,1535.85,1.0,1,0.0,0,0,0,1,1,0,0
CLI-004969,0,12,35,6,17.1,1,0.5,4,1,30,0,6.9,4,0,924.98,0.08,1,0.25,0,0,0,1,0,1,0
CLI-004188,0,6,107,81,75.7,80,35.2,9,1,0,9,10.3,3,2,4594.49,0.0,0,0.35,0,0,0,1,0,1,0
CLI-003899,0,18,7,5,71.4,30,8.8,3,5,2,0,22.2,3,0,74.66,0.0,0,0.38,0,0,0,1,0,0,1
CLI-003529,0,18,205,37,18.0,5,0.2,11,4,5,0,4.7,5,0,7816.83,0.01,0,0.42,1,0,0,0,0,0,1
CLI-002268,0,10,7,1,14.3,1,0.3,3,0,1,0,10.65,5,2,93.25,0.0,0,0.38,1,0,0,0,0,1,0
CLI-002826,1,9,56,44,78.6,37,22.8,8,2,0,9,21.8,2,0,1695.34,0.0,0,0.5,0,0,0,1,0,1,0
CLI-000544,0,19,36,15,41.7,17,6.3,6,5,1,0,7.4,3,0,873.88,0.0,0,0.38,0,0,0,1,0,0,1
CLI-004214,1,7,11,7,63.6,5,1.5,4,0,1,2,24.0,3,1,149.34,0.0,0,0.5,0,0,0,1,0,1,0
CLI-003044,1,1,1,1,100.0,34,23.6,1,0,0,4,31.3,2,2,12.3,0.0,0,0.12,1,0,0,0,1,0,0
CLI-000409,0,15,8,5,62.5,28,11.4,5,5,0,5,20.9,3,0,198.97,0.0,0,0.31,0,1,0,0,0,0,1
CLI-004610,1,1,29,14,48.3,7,4.0,4,0,16,0,19.1,4,0,319.4,0.53,0,0.5,0,0,0,1,1,0,0
CLI-001563,1,10,65,27,41.5,2,0.4,4,1,30,4,9.9,4,0,1699.35,0.1,1,0.25,0,0,0,1,0,1,0
CLI-001586,0,1,826,701,84.9,78,51.1,11,2,2,0,9.8,4,1,42516.2,0.07,0,0.42,0,1,0,0,1,0,0
CLI-003580,0,15,7,1,14.3,1,0.2,1,2,30,4,25.1,3,0,84.41,0.07,1,0.12,0,0,0,1,0,0,1
CLI-002259,1,9,56,0,0.0,0,0.0,0,0,40,1,23.0,4,1,658.73,0.15,1,0.0,0,0,0,1,0,1,0
CLI-001448,1,10,205,0,0.0,0,0.0,0,0,59,2,11.5,4,0,5829.08,0.2,1,0.0,1,0,0,0,0,1,0
CLI-004053,1,21,1,0,0.0,0,0.0,0,0,48,3,10.65,2,0,10.12,0.08,1,0.0,1,0,0,0,0,0,1
CLI-001269,0,22,1,1,100.0,42,34.5,3,2,0,6,10.65,3,0,14.19,0.0,0,0.38,0,0,0,1,0,0,1
CLI-001776,0,11,378,328,86.8,88,85.0,12,3,1,3,6.3,3,1,18489.09,0.0,0,0.46,0,0,0,1,0,1,0
CLI-003052,0,1,11,6,54.5,28,8.2,4,0,0,4,14.7,2,3,265.77,0.0,0,0.25,0,0,0,1,1,0,0
CLI-001694,1,4,11,3,27.3,1,5.7,2,3,30,1,15.4,5,0,252.27,0.25,1,0.12,0,1,0,0,0,1,0
CLI-004494,0,21,58,27,46.6,22,13.2,10,3,1,0,1.6,5,0,4468.23,0.0,0,0.25,0,0,0,1,0,0,1
CLI-004063,0,8,37,5,13.5,2,1.1,1,2,2,0,10.65,3,0,1241.45,0.01,0,0.04,0,0,0,1,0,1,0
CLI-001545,0,4,4,2,50.0,12,5.7,4,0,2,1,20.5,5,5,34.41,0.02,0,0.5,0,0,0,1,0,1,0
CLI-002880,0,8,37,19,51.4,31,5.7,14,2,0,0,4.0,3,0,1854.18,0.0,0,0.54,0,0,0,1,0,1,0
CLI-004434,0,13,107,48,44.9,9,5.7,4,1,0,5,6.5,4,0,4560.0,0.0,0,0.15,0,0,0,1,0,0,1
CLI-003116,0,11,1,1,100.0,61,51.5,6,4,0,4,16.4,4,1,25.0,0.0,0,0.38,0,0,1,0,0,1,0
CLI-004676,0,14,161,39,24.2,8,2.6,3,0,2,4,7.8,2,1,6517.29,0.0,0,0.12,1,0,0,0,0,0,1
CLI-001264,0,1,58,33,56.9,21,8.3,9,0,1,0,4.3,4,1,2511.65,0.03,0,0.35,0,1,0,0,1,0,0
CLI-000725,1,6,15,3,20.0,1,0.1,4,1,20,5,13.3,4,3,320.35,0.11,0,0.25,0,0,0,1,0,1,0
CLI-004655,0,8,2,1,50.0,27,3.5,11,4,0,1,8.7,4,1,83.01,0.0,0,0.42,0,0,0,1,0,1,0
CLI-004908,0,13,2,1,50.0,7,1.3,3,3,3,0,16.3,5,1,23.88,0.01,0,0.38,0,0,1,0,0,0,1
CLI-002124,0,1,502,410,81.7,52,30.5,15,0,1,2,0.5,4,0,41227.25,0.03,0,0.38,0,1,0,0,1,0,0
CLI-002009,1,5,7,2,28.6,1,0.4,0,1,9,1,19.5,4,1,88.69,0.06,0,0.0,0,0,0,1,0,1,0
CLI-002657,0,7,3,1,33.3,1,0.6,6,1,4,4,15.2,3,1,86.2,0.02,0,0.38,0,0,0,1,0,1,0
CLI-001910,1,2,30,15,50.0,12,8.1,4,0,1,3,15.7,1,0,652.47,0.02,0,0.25,0,0,0,1,1,0,0
CLI-002229,0,10,8,4,50.0,22,1.9,5,2,0,3,18.6,3,0,188.59,0.0,0,0.31,0,0,0,1,0,1,0
CLI-001933,0,17,46,30,65.2,30,10.4,10,7,0,0,8.5,3,0,2236.84,0.0,0,0.38,0,0,0,1,0,0,1
CLI-000851,1,8,36,21,58.3,24,8.0,6,1,2,4,17.6,2,2,635.29,0.01,0,0.38,1,0,0,0,0,1,0
CLI-002155,0,11,5,4,80.0,69,51.0,7,0,0,4,9.6,4,0,125.0,0.0,0,0.44,0,0,0,1,0,1,0
CLI-004809,0,14,74,47,63.5,45,32.1,10,3,0,6,12.5,3,1,1760.51,0.0,0,0.62,0,0,0,1,0,0,1
CLI-003194,1,10,167,107,64.1,45,11.6,10,3,1,0,2.0,3,0,4608.83,0.0,0,0.62,0,0,1,0,0,1,0
CLI-002941,0,23,274,218,79.6,54,45.8,23,2,2,3,3.5,3,0,18828.62,0.0,0,0.57,0,0,0,1,0,0,1
CLI-002328,0,13,4,2,50.0,30,14.9,5,3,0,0,8.1,3,1,90.15,0.0,0,0.31,0,0,1,0,0,0,1
CLI-004256,0,22,3,1,33.3,1,0.4,4,7,1,0,5.1,3,0,61.43,0.0,0,0.25,0,1,0,0,0,0,1
CLI-000545,0,8,89,48,53.9,12,4.6,6,4,1,6,10.1,3,1,4526.42,0.0,0,0.23,0,1,0,0,0,1,0
CLI-002700,0,1,199,157,50.0,58,16.1,28,0,1,3,7.4,4,2,17663.9,0.03,0,0.7,0,1,0,0,1,0,0
CLI-004464,0,19,4,1,25.0,10,2.3,10,2,6,1,3.7,5,0,80.36,0.01,0,0.62,0,0,0,1,0,0,1
CLI-003801,1,6,9,1,11.1,2,0.2,2,2,30,4,13.2,2,1,205.05,0.17,1,0.12,1,0,0,0,0,1,0
CLI-004442,0,9,10,5,50.0,11,4.8,4,3,3,0,7.1,5,2,154.23,0.01,0,0.5,0,0,1,0,0,1,0
CLI-001551,0,1,168,120,71.4,37,5.7,11,0,1,0,2.4,5,5,6075.71,0.03,0,0.42,0,1,0,0,1,0,0
CLI-004186,0,18,6,0,0.0,0,0.0,0,2,56,0,15.1,5,0,73.94,0.1,1,0.0,1,0,0,0,0,0,1
CLI-001368,0,5,11,6,50.0,14,7.0,6,0,2,0,10.65,5,0,165.0,0.01,0,0.38,0,1,0,0,0,1,0
CLI-003619,1,1,6,0,50.0,0,0.0,0,0,30,0,20.4,3,2,71.31,1.0,1,0.0,1,0,0,0,1,0,0
CLI-004002,0,10,48,37,77.1,53,43.5,7,2,1,3,13.5,3,0,1345.91,0.0,0,0.44,0,1,0,0,0,1,0
CLI-004814,1,9,52,21,50.0,6,2.4,0,2,0,2,10.65,2,2,546.33,0.0,0,0.0,0,0,0,1,0,1,0
CLI-004529,1,1,6,0,0.0,0,0.0,0,0,30,4,7.5,3,1,453.2,1.0,1,0.0,1,0,0,0,1,0,0
CLI-004543,1,6,3,1,33.3,3,0.7,1,0,6,2,29.4,2,1,31.38,0.03,0,0.12,0,0,0,1,0,1,0
CLI-000218,0,14,152,53,34.9,14,8.8,6,4,3,3,4.4,4,0,7015.68,0.01,0,0.23,0,0,1,0,0,0,1
CLI-004500,0,11,108,68,63.0,46,5.7,7,5,1,5,12.9,2,0,2454.05,0.0,0,0.44,1,0,0,0,0,1,0
CLI-002184,0,17,39,19,48.7,26,3.9,11,2,0,8,6.6,1,0,2111.39,0.0,0,0.42,1,0,0,0,0,0,1
CLI-003772,0,14,54,37,68.5,37,16.3,11,2,1,2,10.65,4,0,3057.54,0.0,0,0.42,0,0,0,1,0,0,1
CLI-003800,1,1,3,1,33.3,1,0.2,1,0,13,4,28.4,4,2,42.7,0.43,0,0.12,0,0,0,1,1,0,0
CLI-004082,1,11,218,142,65.1,42,14.1,4,4,0,3,23.1,3,2,3164.77,0.0,0,0.5,0,0,0,1,0,1,0
CLI-000516,0,3,7,3,42.9,14,5.7,2,1,1,3,32.1,3,1,91.71,0.01,0,0.25,0,1,0,0,1,0,0
CLI-002339,0,24,58,23,39.7,23,14.6,4,9,1,0,17.9,3,0,839.5,0.0,0,0.5,0,0,0,1,0,0,1
CLI-001052,0,29,42,4,9.5,1,0.2,2,6,13,3,25.9,3,0,492.26,0.01,0,0.25,0,0,0,1,0,0,1
CLI-002367,0,8,5,4,80.0,33,12.6,8,0,1,4,16.5,2,0,125.64,0.0,0,0.5,0,0,0,1,0,1,0
CLI-000205,0,15,41,18,43.9,8,2.1,2,2,5,5,20.6,3,0,1025.0,0.01,0,0.12,0,0,0,1,0,0,1
CLI-003480,0,14,42,29,69.0,28,9.8,14,2,0,6,6.4,3,0,1956.69,0.0,0,0.54,0,0,0,1,0,0,1
CLI-003803,1,1,330,151,45.8,1,0.3,7,0,30,6,5.2,4,2,15641.13,1.0,1,0.27,0,1,0,0,1,0,0
CLI-003326,0,17,10,7,70.0,62,42.5,26,3,2,1,4.8,4,0,580.27,0.0,0,0.65,0,0,1,0,0,0,1
CLI-004672,0,6,46,38,82.6,60,5.7,26,2,0,0,2.6,4,1,3465.93,0.0,0,0.65,0,1,0,0,0,1,0
CLI-004436,1,1,802,202,25.2,11,2.1,4,0,1,0,0.5,4,1,58374.49,0.03,0,0.1,0,0,0,1,1,0,0
CLI-002937,0,9,4,1,25.0,1,0.1,4,2,8,1,5.2,4,0,200.15,0.03,0,0.15,0,0,0,1,0,1,0
CLI-003343,1,1,1,1,100.0,8,3.3,1,0,4,0,5.3,4,1,44.8,0.13,0,0.04,0,0,0,1,1,0,0
CLI-001639,0,14,33,25,75.8,69,45.9,14,0,1,0,0.5,5,1,1406.05,0.0,0,0.54,0,0,0,1,0,0,1
CLI-000507,0,9,32,26,81.2,28,8.1,3,4,1,3,31.7,3,1,397.42,0.0,0,0.38,0,1,0,0,0,1,0
CLI-001513,1,12,5,1,50.0,1,0.1,6,4,10,4,7.4,2,0,212.24,0.03,0,0.23,0,0,0,1,0,1,0
CLI-000279,0,9,45,21,46.7,13,2.3,9,2,1,4,18.5,3,0,1138.63,0.0,0,0.56,1,0,0,0,0,1,0
CLI-004286,1,5,50,26,52.0,17,2.9,5,0,3,3,15.6,3,0,904.34,0.02,0,0.31,0,0,0,1,0,1,0
CLI-001766,1,1,4,2,50.0,27,6.9,2,0,0,4,25.1,2,3,41.55,0.0,0,0.25,1,0,0,0,1,0,0
CLI-003281,1,6,174,24,13.8,1,0.1,6,2,8,7,4.4,2,2,12836.49,0.04,0,0.15,0,0,0,1,0,1,0
CLI-004876,0,16,11,2,18.2,1,0.4,2,5,19,2,6.0,3,0,254.85,0.04,0,0.12,1,0,0,0,0,0,1
CLI-002512,1,19,59,14,23.7,9,5.7,2,5,3,5,29.2,2,0,662.63,0.01,0,0.25,0,0,0,1,0,0,1
CLI-003021,0,4,11,3,27.3,10,3.1,1,0,1,1,18.0,3,3,122.67,0.01,0,0.12,0,1,0,0,0,1,0
CLI-003839,0,8,11,8,72.7,9,2.1,2,0,5,3,18.8,4,0,126.92,0.02,0,0.25,0,0,0,1,0,1,0
CLI-001294,1,4,36,14,38.9,3,0.8,9,0,3,1,6.5,3,1,1336.52,0.02,0,0.35,0,1,0,0,0,1,0
CLI-001120,0,4,52,17,50.0,22,7.0,4,3,7,0,10.65,4,0,507.42,0.06,0,0.5,0,0,1,0,0,1,0
CLI-000287,1,10,74,24,32.4,6,0.3,10,2,1,6,10.3,3,3,3664.1,0.0,0,0.38,0,0,0,1,0,1,0
CLI-000968,1,7,621,477,76.8,57,36.3,7,1,0,4,15.6,1,3,20765.16,0.0,0,0.44,0,0,0,1,0,1,0
CLI-002784,0,17,7,6,85.7,35,13.2,3,6,0,0,14.6,5,0,64.93,0.0,0,0.38,0,0,1,0,0,0,1
CLI-003552,0,21,267,115,43.1,13,4.4,9,6,1,2,4.5,4,0,12910.68,0.0,0,0.35,0,0,1,0,0,0,1
CLI-003571,1,13,57,27,47.4,22,9.9,4,1,0,8,36.3,1,0,910.94,0.0,0,0.5,0,0,0,1,0,0,1
CLI-004756,1,3,22,14,63.6,33,11.1,7,1,1,11,17.8,2,3,622.02,0.01,0,0.44,1,0,0,0,1,0,0
CLI-002494,0,17,11,5,45.5,6,3.1,6,3,0,6,16.5,2,0,275.0,0.0,0,0.38,0,0,0,1,0,0,1
CLI-000705,1,6,6,4,66.7,54,33.5,4,2,1,3,28.1,3,1,79.97,0.01,0,0.5,0,1,0,0,0,1,0
CLI-002744,1,10,3,1,33.3,1,0.5,4,0,4,5,14.2,1,1,65.58,0.01,0,0.25,0,0,0,1,0,1,0
CLI-000670,1,12,199,0,0.0,0,5.7,0,0,114,0,2.0,5,0,18484.05,0.32,1,0.0,1,0,0,0,0,1,0
CLI-003631,1,15,40,25,62.5,5,4.3,5,4,7,5,17.3,2,0,1153.19,0.02,0,0.31,0,0,0,1,0,0,1
CLI-002939,1,4,95,56,58.9,38,10.5,20,0,0,8,3.3,2,1,7409.56,0.0,0,0.5,0,0,0,1,0,1,0
CLI-002741,0,8,8,4,50.0,5,2.1,0,1,0,0,26.4,3,1,78.68,0.0,0,0.0,0,1,0,0,0,1,0
CLI-002792,1,26,141,0,0.0,0,0.0,0,0,113,1,4.7,4,0,5812.66,0.14,1,0.0,1,0,0,0,0,0,1
CLI-004647,1,16,5,2,40.0,11,4.7,4,2,6,3,29.2,4,0,48.4,0.01,0,0.5,0,1,0,0,0,0,1
CLI-003608,0,22,3,2,66.7,46,22.4,4,3,0,3,30.6,2,0,41.6,0.0,0,0.5,1,0,0,0,0,0,1
CLI-000220,0,15,169,138,81.7,38,29.0,7,4,1,0,6.1,3,0,9036.52,0.0,0,0.27,0,0,0,1,0,0,1
CLI-000741,0,11,44,10,22.7,8,5.7,6,0,2,0,3.9,3,0,2254.37,0.01,0,0.23,0,0,0,1,0,1,0
CLI-002297,0,20,202,164,81.2,49,22.5,7,6,1,3,13.5,3,0,4923.5,0.0,0,0.44,0,1,0,0,0,0,1
CLI-000910,1,1,28,0,0.0,0,0.0,0,0,30,1,8.8,3,1,1397.26,1.0,1,0.0,1,0,0,0,1,0,0
CLI-003978,0,10,123,106,86.2,46,20.6,5,2,0,1,7.2,5,1,3020.34,0.0,0,0.31,0,1,0,0,0,1,0
CLI-001559,1,4,20,0,0.0,0,0.0,0,0,120,0,9.1,2,1,474.15,1.0,1,0.0,0,0,0,1,0,1,0
CLI-001554,0,8,11,5,50.0,10,3.6,2,0,1,2,22.5,3,2,120.37,0.0,0,0.25,0,0,0,1,0,1,0
CLI-004892,0,12,180,131,72.8,63,48.3,7,9,1,2,15.2,3,0,4221.41,0.0,0,0.44,0,1,0,0,0,1,0
CLI-004419,0,16,27,5,18.5,1,0.1,7,5,17,5,8.3,5,0,1320.19,0.04,0,0.27,0,0,0,1,0,0,1
CLI-003666,1,5,10,8,80.0,45,23.1,13,1,1,5,8.7,3,1,451.68,0.01,0,0.5,0,0,0,1,0,1,0
CLI-004852,0,6,1,1,100.0,49,39.4,9,1,2,2,5.6,4,0,24.99,0.01,0,0.56,0,0,0,1,0,1,0
CLI-001713,0,16,46,38,82.6,61,53.8,14,6,1,2,3.7,3,0,2378.8,0.0,0,0.54,0,1,0,0,0,0,1
CLI-003665,1,1,8,4,50.0,42,5.7,5,0,2,0,29.2,4,1,96.45,0.07,0,0.62,0,1,0,0,1,0,0
CLI-002212,0,10,210,122,58.1,33,9.4,10,1,0,0,2.3,3,1,6905.92,0.0,0,0.38,0,0,0,1,0,1,0
CLI-004449,0,23,1,1,100.0,37,3.2,8,7,1,1,9.9,4,0,21.54,0.0,0,0.5,0,0,1,0,0,0,1
CLI-002474,1,8,814,0,0.0,0,0.0,0,0,63,0,1.5,2,2,30549.69,0.26,1,0.0,0,0,0,1,0,1,0
CLI-000446,0,1,12,8,66.7,41,11.8,8,1,1,2,14.4,4,0,323.8,0.03,0,0.5,0,0,0,1,1,0,0
CLI-000737,0,22,9,3,33.3,2,1.0,3,8,2,1,17.3,3,0,112.4,0.0,0,0.38,0,0,0,1,0,0,1
CLI-002578,1,1,9,6,66.7,29,5.7,7,1,1,6,14.1,2,3,225.83,0.03,0,0.44,1,0,0,0,1,0,0
CLI-003320,0,12,179,99,55.3,27,17.4,7,1,2,1,5.7,4,0,15251.95,0.01,0,0.18,0,0,0,1,0,1,0
CLI-000090,1,1,11,7,63.6,6,0.4,8,0,2,3,22.0,3,1,275.54,0.07,0,0.5,0,1,0,0,1,0,0
CLI-004750,1,1,27,0,0.0,0,5.7,0,0,30,7,27.6,2,0,338.06,1.0,1,0.0,0,0,0,1,1,0,0
CLI-002294,1,1,49,18,36.7,3,5.7,1,0,11,3,6.2,1,0,3463.2,0.37,0,0.02,1,0,0,0,1,0,0
CLI-001949,1,10,29,14,48.3,12,5.7,3,5,4,10,14.2,3,1,754.95,0.01,0,0.19,1,0,0,0,0,1,0
CLI-003850,0,16,9,6,66.7,26,22.1,5,1,0,4,14.4,4,0,235.03,0.0,0,0.31,0,0,0,1,0,0,1
CLI-003686,1,2,14,8,57.1,32,12.3,7,1,5,6,13.4,3,0,318.51,0.08,0,0.44,0,1,0,0,1,0,0
CLI-001292,1,8,53,5,9.4,1,0.1,3,1,0,3,10.65,3,0,2608.78,0.0,0,0.12,0,0,0,1,0,1,0
CLI-004115,1,12,7,5,71.4,35,17.1,2,3,0,9,10.65,1,1,83.59,0.0,0,0.25,1,0,0,0,0,1,0
CLI-001466,0,29,51,38,74.5,82,55.6,22,9,1,2,2.8,4,0,4026.32,0.0,0,0.55,0,0,0,1,0,0,1
CLI-001244,1,15,7,4,57.1,44,3.1,4,2,1,5,47.7,2,0,80.87,0.0,0,0.5,1,0,0,0,0,0,1
CLI-002403,0,15,42,9,21.4,1,0.2,0,2,10,3,14.0,4,0,988.96,0.02,0,0.0,0,0,0,1,0,0,1
CLI-001711,0,10,5,4,80.0,72,41.2,4,1,0,3,28.2,4,2,66.06,0.0,0,0.5,0,0,0,1,0,1,0
CLI-003301,0,10,57,25,43.9,22,2.9,4,2,4,0,6.4,5,1,1223.74,0.01,0,0.25,0,1,0,0,0,1,0
CLI-002747,0,21,7,6,85.7,66,10.0,7,3,1,0,16.5,3,0,206.15,0.0,0,0.44,0,1,0,0,0,0,1
CLI-004239,0,6,4,1,25.0,1,0.6,4,0,9,0,9.4,4,1,107.5,0.05,0,0.25,0,0,0,1,0,1,0
CLI-002298,0,12,880,453,51.5,27,12.2,11,1,1,0,6.9,3,0,40374.98,0.0,0,0.42,0,1,0,0,0,1,0
CLI-002043,0,20,3,1,33.3,1,0.5,2,6,13,2,19.2,4,0,31.68,0.02,0,0.25,0,1,0,0,0,0,1
CLI-001376,1,14,1,1,100.0,17,5.4,2,1,2,3,21.2,4,0,12.27,0.0,0,0.25,0,0,0,1,0,0,1
CLI-002932,1,12,52,14,26.9,4,0.5,3,0,8,5,16.0,3,0,1335.29,0.02,0,0.19,0,0,0,1,0,1,0
CLI-000904,1,1,34,27,79.4,35,23.2,8,0,0,4,16.7,3,2,1014.53,0.0,0,0.5,0,0,0,1,1,0,0
CLI-004465,0,11,52,26,50.0,27,16.6,3,0,0,2,20.3,5,1,621.65,0.0,0,0.38,0,0,0,1,0,1,0
CLI-001051,0,27,6,2,33.3,1,0.4,2,6,25,5,30.2,4,0,72.0,0.03,0,0.25,0,0,0,1,0,0,1
CLI-002383,0,13,47,39,83.0,61,38.1,32,5,0,0,0.5,5,0,4087.87,0.0,0,0.8,0,0,0,1,0,0,1
CLI-004879,0,13,836,657,78.6,24,4.1,16,4,2,2,10.65,3,0,69522.07,0.01,0,0.4,0,0,0,1,0,0,1
CLI-004221,0,16,143,131,91.6,64,51.6,10,7,1,0,3.5,5,0,4501.98,0.0,0,0.62,0,0,0,1,0,0,1
CLI-002643,0,16,41,17,41.5,6,1.7,4,2,12,0,0.5,4,0,811.93,0.02,0,0.25,0,1,0,0,0,0,1
CLI-000626,0,9,10,3,30.0,1,0.1,1,4,19,0,12.4,4,1,121.65,0.07,0,0.12,0,0,0,1,0,1,0
CLI-001093,1,2,25,14,56.0,28,9.8,8,0,1,1,9.7,3,0,714.02,0.02,0,0.5,0,1,0,0,1,0,0
CLI-001353,0,23,51,37,72.5,26,7.5,6,5,1,0,0.5,5,0,2120.05,0.0,0,0.23,0,0,1,0,0,0,1
CLI-001808,0,5,21,11,52.4,16,5.7,4,2,0,1,17.5,4,1,196.01,0.0,0,0.5,0,1,0,0,0,1,0
CLI-001753,0,10,695,285,41.0,19,9.2,16,1,1,2,2.8,3,0,60843.62,0.0,0,0.4,0,1,0,0,0,1,0
CLI-001066,0,15,123,87,70.7,72,61.8,15,3,3,1,5.4,4,0,6109.65,0.01,0,0.58,0,0,0,1,0,0,1
CLI-002154,0,13,831,151,18.2,1,5.7,3,3,4,5,3.8,3,1,39034.24,0.01,0,0.12,0,0,0,1,0,0,1
CLI-000730,0,17,34,30,88.2,66,5.7,4,3,1,4,33.7,3,0,460.14,0.0,0,0.5,0,1,0,0,0,0,1
CLI-001322,0,11,51,34,66.7,23,8.8,9,4,0,6,7.9,3,0,2325.61,0.0,0,0.35,0,0,1,0,0,1,0
CLI-002757,0,24,9,5,55.6,41,20.8,10,7,0,0,6.4,3,0,249.9,0.0,0,0.62,0,0,1,0,0,0,1
CLI-004640,0,20,46,27,58.7,46,14.9,17,5,0,0,10.65,4,0,2361.5,0.0,0,0.65,0,0,0,1,0,0,1
CLI-001850,0,20,33,17,51.5,32,21.8,3,5,0,3,10.65,4,0,389.33,0.0,0,0.38,0,0,1,0,0,0,1
CLI-004917,0,13,182,62,34.1,13,5.9,2,1,1,0,5.9,5,0,8190.0,0.0,0,0.08,0,1,0,0,0,0,1
CLI-000806,1,13,1,1,100.0,39,4.3,1,2,1,1,20.7,4,0,12.01,0.0,0,0.12,0,1,0,0,0,0,1
CLI-002662,0,13,431,37,8.6,1,0.1,4,2,24,0,1.2,4,0,29890.16,0.06,0,0.1,0,0,0,1,0,0,1
CLI-001205,0,15,16,10,62.5,14,4.6,8,5,5,1,11.7,4,0,375.12,0.01,0,0.5,0,0,0,1,0,0,1
CLI-004182,0,6,140,115,82.1,78,45.8,19,0,1,0,5.8,5,0,6654.05,0.01,0,0.73,0,0,0,1,0,1,0
CLI-003586,0,16,99,67,67.7,51,7.4,5,4,1,5,17.6,3,0,2542.79,0.0,0,0.31,0,1,0,0,0,0,1
CLI-000260,1,8,49,18,36.7,9,3.9,8,0,1,0,0.5,5,3,2607.96,0.0,0,0.31,0,0,0,1,0,1,0
CLI-000174,0,10,6,5,83.3,81,23.2,4,2,0,0,15.6,5,0,68.8,0.0,0,0.5,0,0,0,1,0,1,0
CLI-003865,1,11,11,1,9.1,1,0.2,1,2,1,1,17.4,4,0,129.37,0.0,0,0.12,1,0,0,0,0,1,0
CLI-003737,0,3,124,92,74.2,55,20.9,9,1,1,0,11.6,3,1,3285.69,0.01,0,0.56,0,0,0,1,1,0,0
CLI-002719,0,8,234,160,68.4,65,46.2,14,4,0,2,7.0,4,1,10824.4,0.0,0,0.54,0,0,1,0,0,1,0
CLI-000607,0,1,36,25,69.4,26,8.4,7,2,0,3,15.2,3,1,900.0,0.0,0,0.44,0,0,0,1,1,0,0
CLI-001995,1,9,11,6,54.5,17,4.0,4,1,8,6,10.65,3,1,229.96,0.03,0,0.25,0,0,0,1,0,1,0
CLI-004555,0,9,186,91,48.9,26,13.0,13,2,1,6,6.1,2,0,8197.13,0.0,0,0.5,1,0,0,0,0,1,0
CLI-000490,0,14,3,2,66.7,32,19.0,3,5,1,1,21.9,4,0,37.61,0.0,0,0.38,0,0,0,1,0,0,1
CLI-003478,1,1,140,80,57.1,43,24.5,9,0,1,3,7.8,3,3,6273.76,0.03,0,0.35,0,1,0,0,1,0,0
CLI-000978,1,6,1,1,100.0,24,12.8,1,2,2,2,21.0,4,1,10.91,0.01,0,0.12,0,0,0,1,0,1,0
CLI-000876,0,15,8,1,12.5,4,1.9,0,3,0,0,16.8,3,0,105.89,0.0,0,0.0,1,0,0,0,0,0,1
CLI-001927,1,5,136,35,25.7,1,0.3,3,1,2,5,5.7,2,0,5264.91,0.01,0,0.12,1,0,0,0,0,1,0
CLI-002828,0,5,8,1,50.0,1,0.1,1,0,4,3,10.65,4,1,588.62,0.03,0,0.02,0,0,0,1,0,1,0
CLI-003328,0,6,185,149,80.5,49,22.9,12,0,2,3,8.8,3,1,9276.36,0.01,0,0.46,0,0,0,1,0,1,0
CLI-000324,0,9,8,3,37.5,24,10.3,4,3,1,3,11.4,4,0,193.0,0.0,0,0.25,0,0,1,0,0,1,0
CLI-004903,0,9,2,2,100.0,87,94.5,12,1,1,0,0.8,4,1,99.26,0.0,0,0.46,0,1,0,0,0,1,0
CLI-001412,1,1,81,56,69.1,30,20.2,4,0,0,7,34.0,3,2,972.0,0.0,0,0.5,1,0,0,0,1,0,0
CLI-000182,1,1,38,28,73.7,52,10.1,6,0,0,1,15.7,3,1,981.43,0.0,0,0.38,0,1,0,0,1,0,0
CLI-002057,0,16,49,35,71.4,30,5.8,7,2,2,1,13.3,3,0,1234.89,0.0,0,0.44,0,0,0,1,0,0,1
CLI-000723,0,14,1,1,100.0,30,17.6,3,3,2,1,20.3,2,0,10.85,0.0,0,0.38,1,0,0,0,0,0,1
CLI-002430,1,2,49,29,59.2,41,7.3,7,0,2,3,10.1,2,1,1225.0,0.03,0,0.44,1,0,0,0,1,0,0
CLI-004027,0,8,204,93,45.6,17,5.7,4,2,5,0,7.0,5,0,5393.84,0.02,0,0.25,0,1,0,0,0,1,0
CLI-003612,0,13,194,65,33.5,12,1.4,12,6,1,4,2.2,4,0,9268.09,0.0,0,0.46,0,0,1,0,0,0,1
CLI-001413,0,19,51,32,62.7,37,14.6,5,3,0,2,11.0,4,0,1231.43,0.0,0,0.31,0,0,0,1,0,0,1
CLI-001984,0,15,10,3,30.0,2,0.7,2,4,5,1,33.1,3,1,121.47,0.01,0,0.25,0,0,0,1,0,0,1
CLI-003791,1,1,2,1,50.0,19,7.1,10,0,0,1,13.0,3,0,54.09,0.0,0,0.62,0,0,0,1,1,0,0
CLI-004128,0,27,56,36,64.3,25,12.6,6,7,1,4,12.8,3,0,1664.42,0.0,0,0.38,0,0,0,1,0,0,1
CLI-000266,1,4,4,2,50.0,21,7.0,6,0,2,0,3.3,4,4,183.84,0.02,0,0.23,0,0,0,1,0,1,0
CLI-002622,0,1,48,18,50.0,10,2.1,4,0,8,3,11.9,5,2,1094.41,0.27,0,0.25,0,1,0,0,1,0,0
CLI-001335,0,1,52,38,50.0,71,14.2,10,1,1,2,10.5,3,3,1221.86,0.03,0,0.62,0,1,0,0,1,0,0
CLI-004103,0,15,30,6,20.0,1,0.6,0,6,6,1,14.2,5,0,743.06,0.01,0,0.0,1,0,0,0,0,0,1
CLI-000027,0,16,23,16,69.6,18,9.3,7,3,0,5,14.2,3,0,636.49,0.0,0,0.44,0,0,0,1,0,0,1
CLI-002206,1,17,72,32,44.4,11,3.9,7,2,1,6,19.9,1,0,1787.81,0.0,0,0.44,1,0,0,0,0,0,1
CLI-002849,0,1,2,1,50.0,1,0.2,6,0,2,2,9.4,4,0,40.44,0.07,0,0.38,0,0,0,1,1,0,0
CLI-003380,0,8,3,1,33.3,20,9.7,23,1,0,6,0.5,2,0,219.52,0.0,0,0.57,1,0,0,0,0,1,0
CLI-003904,1,15,58,0,0.0,0,0.0,0,0,172,0,9.7,4,0,1408.02,0.38,1,0.0,1,0,0,0,0,0,1
CLI-001352,0,23,3,2,66.7,58,50.4,13,7,0,0,8.1,5,0,76.59,0.0,0,0.81,0,0,0,1,0,0,1
CLI-000708,1,3,21,10,47.6,18,4.8,5,1,2,0,10.3,2,1,417.79,0.02,0,0.31,0,0,0,1,1,0,0
CLI-001780,0,33,4,1,25.0,4,1.3,0,10,18,0,10.8,4,0,50.99,0.02,0,0.0,0,0,0,1,0,0,1
CLI-002121,1,26,9,0,0.0,0,0.0,0,0,48,5,21.1,3,0,114.62,0.06,1,0.0,1,0,0,0,0,0,1
CLI-002244,0,16,57,15,26.3,10,0.5,3,3,5,3,10.2,3,0,1330.49,0.01,0,0.19,0,1,0,0,0,0,1
CLI-003993,0,6,8,1,12.5,6,1.1,1,3,6,3,15.7,5,4,88.77,0.03,0,0.12,0,0,0,1,0,1,0
CLI-003504,1,1,32,0,0.0,0,0.0,0,0,30,2,16.3,2,1,340.78,1.0,1,0.0,1,0,0,0,1,0,0
CLI-003725,1,1,8,1,12.5,1,0.1,16,0,3,4,2.3,3,0,590.01,0.1,0,0.4,0,0,0,1,1,0,0
CLI-001926,0,2,1,1,100.0,44,30.4,5,0,4,2,11.5,5,1,18.24,0.07,0,0.31,0,0,0,1,1,0,0
CLI-004528,0,23,3,2,66.7,25,20.8,2,6,2,0,16.3,5,0,36.67,0.0,0,0.25,0,0,0,1,0,0,1
CLI-001482,0,20,53,20,37.7,27,12.8,4,4,0,3,7.8,2,0,2229.9,0.0,0,0.15,1,0,0,0,0,0,1
CLI-004396,0,17,55,0,0.0,0,0.0,0,0,75,0,10.1,4,0,1460.66,0.15,1,0.0,1,0,0,0,0,0,1
CLI-000101,0,13,49,8,16.3,1,0.3,14,4,9,0,0.5,4,1,3850.49,0.02,0,0.35,1,0,0,0,0,0,1
CLI-003272,0,17,58,35,60.3,1,0.3,8,3,2,1,8.0,4,0,1522.38,0.0,0,0.5,0,0,1,0,0,0,1
CLI-003473,1,7,37,9,24.3,4,1.6,5,1,0,6,20.3,2,0,836.09,0.0,0,0.31,0,0,0,1,0,1,0
CLI-000669,0,26,5,2,40.0,8,3.2,4,2,10,8,13.4,1,0,216.28,0.01,0,0.15,0,0,0,1,0,0,1
CLI-003139,0,15,3,1,33.3,2,0.2,1,5,0,1,7.9,5,0,67.04,0.0,0,0.06,0,0,0,1,0,0,1
CLI-003270,0,4,86,44,51.2,15,7.4,6,0,0,0,2.2,3,0,3482.56,0.0,0,0.23,0,1,0,0,0,1,0
CLI-001595,0,7,56,19,33.9,7,0.4,0,2,0,2,12.4,3,0,1312.47,0.0,0,0.0,0,1,0,0,0,1,0
CLI-000412,0,1,260,122,46.9,23,7.0,26,0,1,1,4.0,2,0,18496.1,0.03,0,0.65,1,0,0,0,1,0,0
CLI-004233,0,11,7,5,71.4,28,14.0,4,1,0,3,27.8,4,0,91.95,0.0,0,0.5,0,1,0,0,0,1,0
CLI-004848,0,14,116,86,74.1,51,5.7,14,3,2,1,4.5,5,0,6680.23,0.0,0,0.54,0,0,1,0,0,0,1
CLI-001506,0,14,106,83,78.3,74,48.1,9,2,1,1,3.3,3,0,5734.01,0.0,0,0.35,0,0,0,1,0,0,1
CLI-004859,0,13,24,21,87.5,67,51.3,10,4,1,0,10.65,5,0,700.59,0.0,0,0.62,0,0,0,1,0,0,1
CLI-000841,0,20,7,4,57.1,19,6.8,4,4,2,1,21.2,5,0,93.37,0.0,0,0.5,0,0,1,0,0,0,1
CLI-002300,0,11,3,1,33.3,1,0.4,1,1,9,0,16.4,4,0,32.59,0.03,0,0.12,0,0,0,1,0,1,0
CLI-004373,0,1,5,3,60.0,35,26.3,4,0,0,2,23.3,4,0,57.01,0.0,0,0.5,0,0,0,1,1,0,0
CLI-003043,0,1,23,13,50.0,19,7.0,8,0,3,3,11.9,4,3,532.52,0.1,0,0.5,0,0,0,1,1,0,0
CLI-002794,0,3,57,37,64.9,30,11.6,18,0,1,5,2.9,3,2,4752.07,0.01,0,0.45,0,0,0,1,1,0,0
CLI-001667,0,14,9,6,66.7,35,15.3,2,5,1,2,22.1,4,0,129.59,0.0,0,0.25,0,0,1,0,0,0,1
CLI-002564,0,13,84,56,66.7,38,16.1,8,2,1,3,9.9,4,0,1967.36,0.0,0,0.5,0,1,0,0,0,0,1
CLI-003751,0,8,45,13,28.9,4,1.0,7,2,2,3,2.1,3,2,3890.07,0.01,0,0.18,0,1,0,0,0,1,0
CLI-004006,0,23,2,1,50.0,27,27.7,10,2,1,4,8.7,4,0,49.21,0.0,0,0.62,0,0,0,1,0,0,1
CLI-000735,0,6,44,6,13.6,1,0.3,4,2,0,1,4.2,3,1,2407.78,0.0,0,0.1,1,0,0,0,0,1,0
CLI-004410,1,1,53,41,77.4,56,28.7,3,0,1,2,3.2,3,1,2618.87,0.03,0,0.12,0,0,0,1,1,0,0
CLI-002464,0,14,1,1,100.0,1,0.1,0,5,15,0,4.7,5,1,10.67,0.04,0,0.0,0,0,0,1,0,0,1
CLI-002402,0,13,35,8,22.9,1,0.2,3,2,9,0,10.65,5,1,740.81,0.02,0,0.19,1,0,0,0,0,0,1
CLI-004894,0,6,166,76,45.8,27,5.7,12,0,0,0,4.1,3,1,3802.1,0.0,0,0.75,0,0,0,1,0,1,0
CLI-002074,0,12,101,29,28.7,9,0.5,12,1,17,2,0.5,4,0,4848.23,0.05,0,0.46,0,0,0,1,0,1,0
CLI-001628,0,22,4,2,50.0,23,9.4,6,8,0,0,10.9,4,0,104.05,0.0,0,0.38,0,0,1,0,0,0,1
CLI-001284,0,14,106,48,45.3,15,9.4,6,6,1,6,11.2,3,0,4355.14,0.0,0,0.23,0,1,0,0,0,0,1
CLI-001729,1,13,34,0,0.0,0,0.0,0,0,33,9,18.9,2,0,722.12,0.08,1,0.0,1,0,0,0,0,0,1
CLI-000310,0,11,8,6,75.0,53,27.7,8,1,1,1,13.3,5,0,221.41,0.0,0,0.5,0,0,0,1,0,1,0
CLI-002990,0,20,10,3,30.0,3,0.8,1,9,3,2,12.3,5,0,274.77,0.0,0,0.06,0,0,0,1,0,0,1
CLI-004048,0,20,114,35,30.7,1,0.3,2,2,11,1,26.4,2,0,1121.64,0.02,0,0.25,0,0,0,1,0,0,1
CLI-001900,0,1,1,1,100.0,1,0.4,5,2,7,0,13.7,4,3,19.81,0.23,0,0.31,0,0,0,1,1,0,0
CLI-000651,0,21,32,23,71.9,38,18.3,13,7,1,3,5.1,3,0,1653.59,0.0,0,0.5,0,0,0,1,0,0,1
CLI-002838,0,10,1,1,100.0,41,23.4,5,2,0,5,10.65,2,0,38.88,0.0,0,0.19,0,0,0,1,0,1,0
CLI-002132,0,1,2,2,100.0,51,43.8,5,0,1,0,12.7,5,0,27.11,0.03,0,0.62,0,0,0,1,1,0,0
CLI-003917,0,3,218,31,14.2,2,0.5,9,0,9,0,0.5,3,0,16145.25,0.1,0,0.22,0,0,0,1,1,0,0
CLI-004260,0,22,30,16,53.3,11,5.5,3,7,0,1,9.1,4,0,862.71,0.0,0,0.19,0,0,1,0,0,0,1
CLI-000126,0,3,49,37,75.5,30,23.9,14,0,4,5,4.2,2,1,4115.17,0.04,0,0.35,0,0,0,1,1,0,0
CLI-002055,0,5,17,10,58.8,35,19.1,28,0,3,3,4.6,4,2,1395.86,0.02,0,0.7,0,0,0,1,0,1,0
CLI-001988,0,1,32,18,56.2,31,11.1,8,0,3,2,9.4,3,1,1454.63,0.1,0,0.31,0,0,0,1,1,0,0
CLI-000219,1,7,29,0,0.0,0,0.0,0,0,116,1,7.0,5,0,1219.87,0.55,1,0.0,0,0,0,1,0,1,0
CLI-003106,0,15,10,5,50.0,19,12.3,7,2,3,4,16.9,3,0,242.93,0.01,0,0.44,0,0,0,1,0,0,1
CLI-000882,0,2,57,33,57.9,39,5.7,0,0,1,3,20.8,3,2,475.17,0.02,0,0.0,0,1,0,0,1,0,0
CLI-003171,0,23,20,6,30.0,1,0.2,4,5,11,2,14.4,2,0,470.0,0.02,0,0.25,0,0,0,1,0,0,1
CLI-002579,1,18,10,5,50.0,16,7.4,7,2,1,1,14.4,4,0,240.65,0.0,0,0.44,0,0,0,1,0,0,1
CLI-004323,1,2,23,20,87.0,61,25.3,9,0,1,4,16.6,2,1,558.01,0.02,0,0.56,0,0,0,1,1,0,0
CLI-002429,0,14,8,2,25.0,5,0.5,6,3,2,0,11.3,5,0,178.48,0.0,0,0.38,0,0,0,1,0,0,1
CLI-000794,0,9,9,4,44.4,15,4.8,6,2,5,0,7.7,5,0,198.15,0.02,0,0.38,0,1,0,0,0,1,0
CLI-000586,1,1,8,6,75.0,43,32.9,6,0,1,2,31.3,3,2,95.18,0.03,0,0.75,0,1,0,0,1,0,0
CLI-001338,1,5,6,0,50.0,0,0.0,0,0,104,0,4.4,4,3,213.32,0.69,1,0.0,0,0,0,1,0,1,0
CLI-004988,1,18,50,0,0.0,0,0.0,0,0,133,0,2.8,3,0,2045.75,0.25,1,0.0,1,0,0,0,0,0,1
CLI-004382,0,6,3,2,66.7,25,7.3,2,3,0,0,5.3,5,1,39.54,0.0,0,0.25,0,0,1,0,0,1,0
CLI-002718,0,31,34,17,50.0,10,3.0,14,9,5,1,5.1,3,0,1396.13,0.01,0,0.54,0,0,0,1,0,0,1
CLI-003419,0,7,5,4,80.0,29,7.5,5,0,1,0,8.9,5,1,120.57,0.0,0,0.31,0,0,0,1,0,1,0
CLI-003290,0,22,52,21,40.4,1,0.3,14,3,14,2,10.65,4,0,4334.4,0.02,0,0.35,0,0,0,1,0,0,1
CLI-002274,1,1,21,15,71.4,17,1.5,7,0,1,5,16.7,3,5,438.63,0.03,0,0.44,0,0,0,1,1,0,0
CLI-000630,0,16,117,30,25.6,2,0.4,4,4,6,2,13.5,3,0,2794.42,0.01,0,0.25,0,0,0,1,0,0,1
CLI-004295,0,26,48,32,66.7,9,5.5,6,2,0,2,8.6,4,0,1476.24,0.0,0,0.38,0,1,0,0,0,0,1
CLI-001379,1,1,32,2,6.2,2,0.5,1,0,0,4,32.6,2,3,331.99,0.0,0,0.12,0,0,0,1,1,0,0
CLI-000425,0,10,24,19,50.0,30,9.0,8,2,1,5,10.65,2,0,1084.59,0.0,0,0.31,1,0,0,0,0,1,0
CLI-000680,1,7,8,1,12.5,1,0.1,0,2,28,3,38.5,3,0,83.42,0.13,0,0.0,1,0,0,0,0,1,0
CLI-004522,0,4,11,8,72.7,51,30.3,3,2,1,0,15.0,5,0,130.27,0.01,0,0.38,0,1,0,0,0,1,0
CLI-000719,1,1,37,13,35.1,5,5.7,1,0,1,0,3.8,4,2,1627.32,0.03,0,0.04,0,0,0,1,1,0,0
CLI-004243,1,17,52,0,0.0,0,0.0,0,0,40,8,13.1,3,0,1455.39,0.08,1,0.0,1,0,0,0,0,0,1
CLI-002864,0,17,50,39,78.0,34,5.7,2,5,2,1,25.5,3,0,830.27,0.0,0,0.25,0,0,0,1,0,0,1
CLI-000706,0,4,21,11,52.4,39,41.4,9,2,0,3,11.5,3,2,536.15,0.0,0,0.56,0,1,0,0,0,1,0
CLI-003251,0,17,7,3,42.9,29,16.5,5,4,1,0,4.2,4,0,327.14,0.0,0,0.19,0,0,0,1,0,0,1
CLI-004997,0,10,28,17,60.7,42,25.6,7,1,1,1,8.1,5,0,781.6,0.0,0,0.44,0,0,0,1,0,1,0
CLI-004342,0,10,41,32,78.0,95,101.7,7,4,0,3,11.0,5,0,1115.54,0.0,0,0.44,0,0,0,1,0,1,0
CLI-003565,0,1,5,4,80.0,56,37.3,7,0,1,1,10.6,5,1,108.45,0.03,0,0.44,0,1,0,0,1,0,0
CLI-004078,0,1,95,48,50.5,19,6.5,8,0,0,0,10.65,3,2,4278.33,0.0,0,0.31,0,1,0,0,1,0,0
CLI-002313,0,24,2,1,50.0,7,1.8,6,6,3,5,14.7,2,0,61.93,0.0,0,0.38,0,0,0,1,0,0,1
CLI-000333,0,9,54,21,38.9,19,9.5,8,2,0,6,18.5,2,0,1354.61,0.0,0,0.5,1,0,0,0,0,1,0
CLI-002814,0,10,618,554,89.6,102,101.5,25,4,1,1,5.7,3,0,49420.66,0.0,0,0.62,0,0,0,1,0,1,0
CLI-004866,0,11,42,20,47.6,14,2.4,5,5,3,0,10.65,3,0,997.26,0.01,0,0.31,0,0,0,1,0,1,0
CLI-001535,0,5,20,16,80.0,61,50.9,10,1,1,3,9.8,3,0,783.29,0.01,0,0.38,0,0,0,1,0,1,0
CLI-004038,0,19,107,59,55.1,30,21.9,13,2,0,3,9.3,2,0,4758.36,0.0,0,0.5,1,0,0,0,0,0,1
CLI-002916,0,6,45,22,48.9,20,7.3,9,0,3,0,7.9,4,1,2044.44,0.02,0,0.35,0,0,0,1,0,1,0
CLI-000290,0,9,144,65,45.1,18,1.0,5,1,1,2,10.6,4,0,3221.59,0.0,0,0.31,0,0,0,1,0,1,0
CLI-001973,0,1,19,10,52.6,27,8.6,16,0,1,4,1.9,3,3,1520.0,0.03,0,0.4,0,0,0,1,1,0,0
CLI-003460,0,12,4,3,75.0,35,18.5,10,0,0,0,2.8,5,0,179.34,0.0,0,0.38,0,1,0,0,0,1,0
CLI-000489,1,6,2,1,50.0,24,13.8,2,0,1,2,26.0,3,2,21.5,0.01,0,0.25,0,0,0,1,0,1,0
CLI-001380,0,12,1,1,100.0,69,13.7,5,1,1,3,10.65,4,1,12.98,0.0,0,0.62,0,0,0,1,0,1,0
CLI-001846,0,8,29,12,41.4,7,3.7,7,1,0,2,6.8,3,1,1362.49,0.0,0,0.27,0,1,0,0,0,1,0
CLI-003190,0,9,9,2,22.2,8,5.7,8,0,0,2,9.0,3,1,732.67,0.0,0,0.2,0,0,0,1,0,1,0
CLI-003209,0,19,39,27,69.2,58,48.1,6,3,0,2,10.65,3,1,1117.87,0.0,0,0.38,0,0,0,1,0,0,1
CLI-003555,0,15,23,7,30.4,7,1.4,8,2,1,1,7.6,3,0,993.81,0.0,0,0.31,0,0,0,1,0,0,1
CLI-002520,0,10,48,46,95.8,107,93.8,33,2,2,3,2.6,2,2,4724.11,0.01,0,0.82,0,0,0,1,0,1,0
CLI-000354,0,16,155,75,48.4,14,5.7,5,7,0,2,7.7,4,0,3956.37,0.0,0,0.31,0,0,1,0,0,0,1
CLI-001546,1,11,4,2,50.0,24,1.2,3,2,0,1,18.8,3,1,48.61,0.0,0,0.38,0,1,0,0,0,1,0
CLI-004573,0,11,390,226,57.9,30,5.7,18,3,2,0,4.1,4,0,27521.69,0.01,0,0.45,0,0,0,1,0,1,0
CLI-000982,1,12,43,6,50.0,3,0.9,2,1,6,2,11.8,3,1,1188.98,0.02,0,0.12,1,0,0,0,0,1,0
CLI-004305,1,12,183,0,0.0,0,0.0,0,0,80,1,6.3,2,0,8194.96,0.22,1,0.0,0,0,0,1,0,1,0
CLI-004412,1,1,2,2,100.0,36,19.1,7,1,1,5,17.0,2,1,46.95,0.03,0,0.44,0,0,0,1,1,0,0
CLI-000970,0,9,55,5,9.1,1,0.1,6,2,10,3,9.0,3,0,1565.81,0.04,0,0.38,1,0,0,0,0,1,0
CLI-001989,1,1,11,8,72.7,42,25.8,8,0,0,3,14.7,2,1,257.3,0.0,0,0.5,1,0,0,0,1,0,0
CLI-002264,0,14,650,407,62.6,20,9.0,18,3,0,2,2.5,4,0,54709.41,0.0,0,0.45,0,0,0,1,0,0,1
CLI-004294,0,29,24,9,37.5,8,0.8,5,7,4,2,14.9,4,0,581.23,0.0,0,0.31,0,0,1,0,0,0,1
CLI-003874,0,1,17,6,35.3,6,2.7,1,2,3,1,23.4,3,2,162.91,0.1,0,0.12,0,1,0,0,1,0,0
CLI-002435,0,5,59,47,50.0,57,35.0,5,1,3,0,10.65,5,1,1529.13,0.02,0,0.31,0,0,0,1,0,1,0
CLI-002207,0,20,4,2,50.0,24,8.9,7,2,0,1,14.1,3,0,116.38,0.0,0,0.44,0,1,0,0,0,0,1
CLI-004547,0,23,2,1,50.0,10,3.3,1,3,3,1,14.7,3,0,29.31,0.0,0,0.12,0,0,0,1,0,0,1
CLI-002279,1,14,11,0,0.0,0,0.0,0,0,72,5,26.4,4,0,117.9,0.17,1,0.0,1,0,0,0,0,0,1
CLI-003140,1,11,29,4,13.8,1,0.1,3,0,14,6,10.3,3,1,656.31,0.04,0,0.19,0,0,0,1,0,1,0
CLI-000650,0,11,249,64,25.7,6,2.0,6,5,3,3,7.3,2,1,9614.64,0.01,0,0.23,0,0,0,1,0,1,0
CLI-001602,1,15,9,5,55.6,24,2.5,1,2,0,9,31.3,4,1,108.0,0.0,0,0.12,0,0,0,1,0,0,1
CLI-001696,0,20,106,12,11.3,2,0.8,1,4,5,4,10.65,3,0,1088.59,0.01,0,0.12,0,0,0,1,0,0,1
CLI-003430,0,12,31,16,51.6,28,13.0,4,2,1,0,15.0,3,1,402.18,0.0,0,0.5,0,0,0,1,0,1,0
CLI-002130,0,4,169,90,53.3,25,13.0,16,0,1,1,5.9,3,0,6805.69,0.01,0,0.62,0,0,0,1,0,1,0
CLI-001111,0,21,55,35,63.6,52,14.6,6,2,1,4,11.4,3,0,1414.71,0.0,0,0.38,0,0,0,1,0,0,1
CLI-000612,0,1,2,1,50.0,20,2.5,1,0,4,3,37.0,3,0,26.19,0.13,0,0.12,0,0,0,1,1,0,0
CLI-003167,0,16,142,126,88.7,45,27.0,12,4,2,4,6.4,4,0,7297.02,0.0,0,0.46,0,0,1,0,0,0,1
CLI-003851,0,16,2,1,50.0,17,5.7,1,2,0,0,24.8,3,0,30.93,0.0,0,0.12,0,0,0,1,0,0,1
CLI-002843,0,17,184,52,28.3,7,2.8,3,2,1,8,29.8,3,0,2399.79,0.0,0,0.38,1,0,0,0,0,0,1
CLI-001992,0,6,99,24,50.0,8,1.4,17,1,0,0,0.5,4,0,8191.81,0.0,0,0.42,0,0,0,1,0,1,0
CLI-000951,0,17,194,12,6.2,1,0.1,1,2,2,5,10.65,2,0,11091.97,0.0,0,0.04,1,0,0,0,0,0,1
CLI-001429,1,1,177,105,59.3,48,24.8,23,0,5,5,4.2,3,6,14160.0,0.17,0,0.57,0,0,0,1,1,0,0
CLI-000722,0,18,1,1,100.0,1,0.1,2,5,27,2,18.4,2,0,21.62,0.05,0,0.12,1,0,0,0,0,0,1
CLI-004645,0,3,102,51,50.0,21,8.3,3,0,0,1,6.3,5,0,2618.18,0.0,0,0.19,0,0,0,1,1,0,0
CLI-004069,0,26,24,3,12.5,1,0.1,1,2,13,0,10.65,5,0,983.63,0.02,0,0.04,1,0,0,0,0,0,1
CLI-002721,0,16,58,21,36.2,9,2.4,10,0,4,0,6.0,5,0,2621.1,0.01,0,0.38,0,0,0,1,0,0,1
CLI-001107,0,8,9,8,88.9,62,51.4,4,3,0,2,10.65,4,0,245.54,0.0,0,0.25,0,0,0,1,0,1,0
CLI-003014,0,5,181,116,64.1,37,8.2,4,2,0,4,14.0,4,0,4525.0,0.0,0,0.25,0,0,0,1,0,1,0
CLI-003581,1,14,111,40,36.0,1,0.3,3,2,8,2,10.65,3,0,2525.17,0.02,0,0.19,0,0,0,1,0,0,1
CLI-002641,1,3,8,2,25.0,1,0.1,2,2,11,1,15.4,4,0,104.45,0.12,0,0.25,0,1,0,0,1,0,0
CLI-004009,0,21,33,21,63.6,5,1.2,5,3,5,3,10.0,4,0,849.21,0.01,0,0.31,0,0,1,0,0,0,1
CLI-000288,0,13,37,11,50.0,2,0.9,3,3,3,4,10.9,4,1,997.36,0.01,0,0.19,0,0,1,0,0,0,1
CLI-003705,0,4,9,5,55.6,1,0.1,3,1,7,1,20.1,5,0,129.42,0.06,0,0.38,0,0,0,1,0,1,0
CLI-001548,0,9,200,67,33.5,1,0.5,6,2,3,0,6.3,3,1,7864.13,0.01,0,0.23,0,0,0,1,0,1,0
CLI-004308,0,17,126,16,12.7,1,0.1,3,2,16,1,13.9,4,0,3677.87,0.03,0,0.19,0,0,0,1,0,0,1
CLI-002928,1,14,5,2,40.0,1,0.1,2,1,30,7,10.65,2,0,134.94,0.07,1,0.12,1,0,0,0,0,0,1
CLI-000491,0,15,31,13,41.9,7,0.7,3,1,15,2,14.6,2,0,746.23,0.03,0,0.19,0,0,0,1,0,0,1
CLI-004230,1,1,16,2,12.5,1,0.1,0,1,30,1,17.1,3,2,142.03,1.0,1,0.0,0,0,0,1,1,0,0
CLI-004961,0,11,10,9,90.0,76,62.2,12,2,2,2,4.2,5,1,501.63,0.01,0,0.46,0,1,0,0,0,1,0
CLI-001072,0,21,3,2,66.7,2,0.1,7,3,10,0,9.1,4,0,82.45,0.02,0,0.44,0,1,0,0,0,0,1
CLI-004877,1,12,21,7,33.3,1,0.1,3,6,30,4,16.3,3,0,469.1,0.08,1,0.19,0,1,0,0,0,1,0
CLI-001332,0,17,26,16,61.5,41,34.0,1,4,2,0,17.6,5,0,310.42,0.0,0,0.12,0,0,1,0,0,0,1
CLI-001680,0,17,2,1,50.0,7,3.8,2,6,3,4,27.0,4,0,23.23,0.01,0,0.25,0,0,1,0,0,0,1
CLI-003935,0,8,57,40,70.2,51,2.6,13,0,0,1,0.5,5,0,2486.47,0.0,0,0.5,0,0,0,1,0,1,0
CLI-003695,1,5,1,1,100.0,55,33.5,4,0,2,4,22.7,3,2,12.0,0.01,0,0.5,0,1,0,0,0,1,0
CLI-004822,0,15,33,14,42.4,13,5.4,9,3,5,2,9.1,3,0,1456.49,0.01,0,0.35,0,1,0,0,0,0,1
CLI-002704,0,14,2,1,50.0,22,1.9,1,5,2,3,24.3,3,0,26.12,0.0,0,0.12,0,0,0,1,0,0,1
CLI-002913,1,1,1,1,100.0,56,25.8,2,0,1,3,37.9,3,3,12.07,0.03,0,0.25,0,0,0,1,1,0,0
CLI-002777,0,14,4,2,50.0,12,6.9,12,0,1,0,1.2,5,0,170.18,0.0,0,0.46,0,0,0,1,0,0,1
CLI-003999,0,21,58,19,32.8,1,0.1,3,2,16,1,10.4,2,0,1275.94,0.03,0,0.19,1,0,0,0,0,0,1
CLI-001370,1,5,172,0,0.0,0,0.0,0,0,72,0,3.9,5,0,4701.92,0.48,1,0.0,0,0,0,1,0,1,0
CLI-000127,0,10,8,1,12.5,1,5.7,2,3,30,2,10.65,2,0,90.96,0.1,1,0.25,1,0,0,0,0,1,0
CLI-002164,1,10,189,73,38.6,1,0.5,6,1,4,1,4.0,4,1,9389.44,0.01,0,0.23,0,1,0,0,0,1,0
CLI-000106,0,25,51,29,56.9,3,1.7,3,10,3,7,19.4,3,0,1411.01,0.0,0,0.19,0,0,0,1,0,0,1
CLI-003658,0,8,49,29,59.2,21,6.5,9,3,0,0,7.5,3,0,1253.3,0.0,0,0.56,0,0,1,0,0,1,0
CLI-002097,1,3,24,9,37.5,21,16.1,14,0,0,1,6.6,3,2,1065.44,0.0,0,0.54,0,1,0,0,1,0,0
CLI-002886,0,4,59,13,22.0,2,0.5,4,0,1,2,12.5,2,2,1378.98,0.01,0,0.25,0,0,0,1,0,1,0
CLI-001692,0,14,9,6,66.7,30,2.5,3,4,0,2,21.7,5,0,99.41,0.0,0,0.38,0,0,1,0,0,0,1
CLI-000216,1,1,39,21,53.8,16,10.7,4,0,1,6,16.0,2,0,852.96,0.03,0,0.25,1,0,0,0,1,0,0
CLI-002867,0,19,7,3,42.9,24,12.2,3,3,0,1,10.65,2,0,97.82,0.0,0,0.38,0,0,0,1,0,0,1
CLI-001793,0,17,3,2,66.7,57,21.8,8,4,1,0,7.9,4,0,89.02,0.0,0,0.5,0,0,1,0,0,0,1
CLI-003855,0,16,10,6,60.0,40,33.7,11,6,0,6,4.8,3,0,500.03,0.0,0,0.42,0,0,0,1,0,0,1
CLI-003180,0,5,36,12,33.3,4,0.8,5,1,5,5,15.2,3,0,867.1,0.03,0,0.31,0,0,0,1,0,1,0
CLI-001461,1,5,3,2,66.7,51,20.8,4,2,1,1,19.1,5,3,42.48,0.01,0,0.5,0,0,0,1,0,1,0
CLI-000796,0,24,7,5,71.4,49,26.1,3,4,1,5,32.7,3,0,84.0,0.0,0,0.38,0,1,0,0,0,0,1
CLI-000502,0,12,59,12,20.3,3,5.7,7,4,2,0,10.65,4,0,1412.82,0.01,0,0.44,0,0,0,1,0,1,0
CLI-003672,1,14,52,28,53.8,21,5.5,12,6,2,4,8.2,3,0,2543.28,0.0,0,0.46,0,0,0,1,0,0,1
CLI-004918,0,5,6,3,50.0,23,5.8,5,0,5,0,10.65,3,1,234.55,0.03,0,0.19,0,0,0,1,0,1,0
CLI-003367,0,13,22,10,45.5,22,10.4,18,1,2,0,0.5,4,0,1630.14,0.01,0,0.45,0,0,0,1,0,0,1
CLI-004099,0,6,13,10,76.9,44,41.4,24,0,0,1,3.5,5,0,1080.41,0.0,0,0.6,0,1,0,0,0,1,0
CLI-000480,0,14,16,8,50.0,16,5.7,2,0,2,8,20.9,1,0,357.44,0.0,0,0.12,1,0,0,0,0,0,1
CLI-003157,1,1,184,136,73.9,33,25.2,11,0,0,6,8.3,3,3,8422.32,0.0,0,0.42,0,0,0,1,1,0,0
CLI-004120,0,8,100,54,54.0,6,2.8,9,4,5,6,8.2,3,2,5380.23,0.02,0,0.35,0,0,0,1,0,1,0
CLI-002981,1,1,847,402,47.5,7,1.0,1,0,1,6,14.1,4,3,17010.24,0.03,0,0.06,0,1,0,0,1,0,0
CLI-000353,0,9,25,14,50.0,29,5.7,8,2,0,5,15.1,3,2,636.21,0.0,0,0.5,0,0,0,1,0,1,0
CLI-002006,0,5,2,1,50.0,6,0.3,5,0,0,0,5.8,5,4,47.05,0.0,0,0.31,0,1,0,0,0,1,0
CLI-000783,1,6,10,2,20.0,1,0.1,2,1,0,6,17.9,4,1,197.18,0.0,0,0.12,0,0,0,1,0,1,0
CLI-002613,0,8,9,8,88.9,76,51.9,9,2,1,6,14.9,5,0,272.46,0.0,0,0.56,0,0,0,1,0,1,0
CLI-000033,0,13,46,9,19.6,3,1.0,6,6,11,4,11.4,3,0,977.61,0.03,0,0.38,0,0,0,1,0,0,1
CLI-003929,1,4,15,5,33.3,7,2.7,7,1,1,2,10.65,2,0,351.45,0.01,0,0.44,1,0,0,0,0,1,0
CLI-002883,0,18,1,1,100.0,1,0.5,3,3,9,4,32.0,2,0,13.98,0.02,0,0.38,1,0,0,0,0,0,1
CLI-003982,0,24,90,47,52.2,18,6.2,7,3,6,8,22.2,2,0,2420.5,0.01,0,0.44,1,0,0,0,0,0,1
CLI-001079,0,9,1,1,100.0,1,0.3,5,1,1,1,23.2,4,1,9.75,0.0,0,0.62,0,0,0,1,0,1,0
CLI-002644,0,21,179,148,50.0,66,38.2,13,5,0,0,3.4,5,0,7830.91,0.0,0,0.5,0,0,1,0,0,0,1
CLI-003448,1,6,186,131,70.4,32,15.1,7,0,1,3,14.2,4,0,5080.14,0.01,0,0.44,0,0,0,1,0,1,0
CLI-001505,0,18,194,164,84.5,91,46.6,19,2,0,6,8.2,1,0,9679.58,0.0,0,0.73,0,0,0,1,0,0,1
CLI-000301,0,3,376,306,81.4,39,5.7,31,0,1,4,2.1,2,0,24571.43,0.01,0,0.78,1,0,0,0,1,0,0
CLI-002316,1,12,53,13,24.5,7,5.0,8,1,7,2,16.2,2,1,1266.42,0.02,0,0.5,0,0,0,1,0,1,0
CLI-004364,0,14,59,5,8.5,1,0.4,1,0,6,2,10.65,3,1,665.19,0.01,0,0.12,0,0,0,1,0,0,1
CLI-002682,1,1,5,1,20.0,1,0.1,0,0,11,9,35.1,1,0,61.58,0.37,0,0.0,0,0,0,1,1,0,0
CLI-003530,1,8,8,4,50.0,15,8.7,2,0,1,1,6.3,4,1,203.82,0.0,0,0.12,0,0,0,1,0,1,0
CLI-003288,1,7,209,184,88.0,72,24.2,7,0,1,10,14.3,3,3,6456.67,0.0,0,0.44,0,0,0,1,0,1,0
CLI-000363,0,11,10,6,60.0,46,29.7,6,3,0,0,7.7,5,0,255.76,0.0,0,0.38,0,0,1,0,0,1,0
CLI-000369,0,16,58,30,51.7,26,14.8,6,3,1,5,9.3,3,0,2905.7,0.0,0,0.23,0,1,0,0,0,0,1
CLI-003988,0,15,10,4,40.0,15,7.8,8,3,0,2,7.2,3,0,512.94,0.0,0,0.31,0,0,0,1,0,0,1
CLI-003038,0,20,95,36,37.9,4,1.3,3,6,13,3,21.6,3,0,1310.02,0.02,0,0.38,0,0,0,1,0,0,1
CLI-000637,0,5,44,36,81.8,42,35.7,16,0,0,6,9.5,1,0,1980.0,0.0,0,0.62,0,0,0,1,0,1,0
CLI-003338,0,15,13,7,50.0,29,7.6,6,4,2,2,11.5,5,0,318.64,0.0,0,0.38,0,0,1,0,0,0,1
CLI-000248,1,11,2,1,50.0,33,15.3,9,1,0,5,15.8,3,0,51.41,0.0,0,0.56,0,1,0,0,0,1,0
CLI-001061,1,5,23,19,82.6,46,9.4,10,1,2,4,10.65,2,0,575.0,0.01,0,0.62,1,0,0,0,0,1,0
CLI-003572,0,10,58,0,0.0,0,0.0,0,0,38,3,0.5,4,0,3860.23,0.13,1,0.0,1,0,0,0,0,1,0
CLI-000207,0,29,7,3,42.9,15,6.2,6,8,3,0,10.65,5,0,341.59,0.0,0,0.23,0,0,0,1,0,0,1
CLI-000478,0,14,10,3,50.0,12,0.6,6,2,5,3,12.6,4,0,215.86,0.01,0,0.38,0,0,0,1,0,0,1
CLI-002645,0,20,11,1,9.1,1,0.2,1,3,0,3,33.7,2,0,155.81,0.0,0,0.12,0,0,0,1,0,0,1
CLI-004792,1,4,22,9,40.9,10,5.3,8,1,1,9,1.4,1,0,1484.12,0.01,0,0.2,1,0,0,0,0,1,0
CLI-004636,0,1,59,44,74.6,26,18.8,16,0,1,3,2.5,3,0,3860.71,0.03,0,0.4,0,0,0,1,1,0,0
CLI-004156,1,9,495,0,0.0,0,0.0,0,0,35,4,8.1,2,1,19438.72,0.13,1,0.0,0,0,0,1,0,1,0
CLI-001198,0,12,8,5,62.5,42,19.4,3,2,3,4,28.7,3,1,110.85,0.01,0,0.38,0,0,0,1,0,1,0
CLI-000661,0,17,16,3,18.8,4,1.1,3,3,1,2,8.9,4,0,481.22,0.0,0,0.19,0,0,0,1,0,0,1
CLI-001091,0,18,1,1,100.0,28,5.7,0,7,1,4,10.65,3,0,24.36,0.0,0,0.0,0,0,0,1,0,0,1
CLI-002183,0,1,53,40,75.5,61,27.6,13,0,2,0,5.7,4,0,3546.67,0.07,0,0.5,0,1,0,0,1,0,0
CLI-001523,1,7,24,0,0.0,0,0.0,0,0,71,3,23.3,4,0,256.23,0.34,1,0.0,1,0,0,0,0,1,0
CLI-002953,0,2,58,20,34.5,9,1.4,5,1,1,2,14.1,3,3,1213.29,0.02,0,0.31,0,1,0,0,1,0,0
CLI-000004,0,29,42,25,50.0,39,20.2,10,8,1,0,10.65,5,0,1600.67,0.0,0,0.38,0,0,1,0,0,0,1
CLI-003698,1,11,124,24,19.4,2,0.8,2,0,1,4,25.7,3,0,1506.21,0.0,0,0.25,1,0,0,0,0,1,0
CLI-001402,0,18,15,8,53.3,23,10.5,4,5,0,4,17.2,3,0,351.82,0.0,0,0.25,0,0,0,1,0,0,1
CLI-002541,0,9,10,5,50.0,17,7.0,7,3,3,4,11.6,3,0,240.49,0.01,0,0.44,0,1,0,0,0,1,0
CLI-002807,0,17,504,295,58.5,32,7.3,14,2,2,6,6.8,3,0,24202.68,0.0,0,0.54,0,0,0,1,0,0,1
CLI-001455,0,23,33,8,24.2,1,0.3,4,4,7,3,28.2,3,0,455.87,0.01,0,0.5,1,0,0,0,0,0,1
CLI-003740,1,2,11,9,81.8,22,15.5,5,0,0,7,12.2,3,3,275.63,0.0,0,0.31,1,0,0,0,1,0,0
CLI-004171,0,3,42,25,59.5,35,2.1,9,1,0,1,6.1,3,1,859.23,0.0,0,0.56,0,0,0,1,1,0,0
CLI-001971,1,5,11,6,54.5,4,1.1,0,0,16,3,16.4,4,1,110.17,0.11,0,0.0,0,0,0,1,0,1,0
CLI-001856,0,12,24,9,37.5,20,14.7,5,3,1,0,10.4,3,1,555.93,0.0,0,0.31,0,0,0,1,0,1,0
CLI-002830,1,9,9,6,66.7,37,5.7,5,1,0,3,32.1,2,0,146.77,0.0,0,0.62,0,0,0,1,0,1,0
CLI-004974,0,20,209,150,71.8,29,14.5,8,3,1,3,10.65,4,0,9438.53,0.0,0,0.31,0,0,1,0,0,0,1
CLI-004994,0,19,89,20,22.5,10,3.2,5,1,1,0,5.1,4,0,2516.31,0.0,0,0.31,0,0,0,1,0,0,1
CLI-001552,1,1,57,30,52.6,18,6.2,11,0,0,2,7.3,4,3,1723.25,0.0,0,0.42,0,0,0,1,1,0,0
CLI-003926,1,9,4,3,75.0,63,48.9,5,2,1,1,26.8,2,3,55.44,0.0,0,0.62,0,0,0,1,0,1,0
CLI-004254,0,18,17,7,41.2,39,24.2,16,1,1,5,6.4,2,0,894.94,0.0,0,0.62,0,0,0,1,0,0,1
CLI-004514,0,16,21,9,42.9,14,5.7,6,3,0,2,10.65,3,0,600.75,0.0,0,0.38,0,1,0,0,0,0,1
CLI-004786,0,1,32,18,56.2,26,9.5,7,0,0,3,10.65,3,1,650.28,0.0,0,0.44,0,0,0,1,1,0,0
CLI-001788,0,5,41,13,31.7,12,1.4,12,0,10,2,2.6,5,2,2027.56,0.07,0,0.46,0,1,0,0,0,1,0
CLI-004191,0,1,162,111,68.5,52,5.7,14,0,4,4,5.5,3,1,7191.25,0.13,0,0.54,0,0,0,1,1,0,0
CLI-003056,1,1,45,15,33.3,13,3.0,5,0,1,4,15.7,3,1,1125.0,0.03,0,0.31,0,1,0,0,1,0,0
CLI-004285,0,16,52,35,67.3,24,19.8,10,4,1,1,8.7,3,0,1540.96,0.0,0,0.62,0,0,1,0,0,0,1
CLI-004431,1,8,9,7,77.8,43,38.3,5,0,1,7,18.0,3,2,228.73,0.0,0,0.31,0,0,0,1,0,1,0
CLI-001561,0,7,6,3,50.0,23,9.9,2,1,1,1,0.5,5,1,73.81,0.0,0,0.25,0,1,0,0,0,1,0
CLI-004646,0,13,3,2,66.7,52,21.6,5,1,0,0,19.4,5,0,37.16,0.0,0,0.62,0,0,0,1,0,0,1
CLI-004350,0,5,45,22,48.9,10,5.6,13,1,0,5,9.4,3,0,2453.77,0.0,0,0.5,0,1,0,0,0,1,0
CLI-001270,1,2,136,38,27.9,5,1.0,1,2,1,0,10.3,3,0,2363.36,0.02,0,0.06,0,1,0,0,1,0,0
CLI-002153,0,14,47,32,68.1,38,10.2,4,2,0,3,1.3,4,0,2001.78,0.0,0,0.15,0,1,0,0,0,0,1
CLI-004802,0,11,34,8,23.5,3,0.5,4,2,9,3,11.3,2,0,810.17,0.03,0,0.25,0,0,0,1,0,1,0
CLI-004355,0,1,10,6,60.0,40,30.2,3,0,0,1,21.1,5,2,129.34,0.0,0,0.38,0,0,0,1,1,0,0
CLI-004108,0,10,217,104,47.9,5,5.7,7,3,6,7,10.65,3,2,15069.12,0.02,0,0.18,1,0,0,0,0,1,0
CLI-001715,0,12,54,43,79.6,34,6.0,5,1,0,2,4.1,5,0,2833.64,0.0,0,0.19,0,0,0,1,0,1,0
CLI-004177,1,1,11,8,72.7,17,5.7,9,0,2,11,19.4,2,1,245.31,0.07,0,0.56,0,0,0,1,1,0,0
CLI-002529,0,1,7,4,57.1,13,5.4,7,0,1,2,5.8,4,2,310.2,0.03,0,0.27,0,0,0,1,1,0,0
CLI-003706,0,27,17,2,11.8,1,0.1,0,2,18,0,14.7,4,0,431.01,0.02,0,0.0,1,0,0,0,0,0,1
CLI-002936,0,1,19,6,31.6,1,0.2,1,1,9,2,19.7,3,0,218.83,0.3,0,0.12,0,0,0,1,1,0,0
CLI-001345,1,5,40,11,27.5,1,0.1,3,3,23,0,7.3,4,1,752.92,0.15,0,0.19,0,1,0,0,0,1,0
CLI-002586,1,6,11,0,0.0,0,0.0,0,0,55,0,10.65,4,1,79.73,0.31,1,0.0,0,0,0,1,0,1,0
CLI-000277,1,10,7,0,0.0,0,0.0,0,0,78,4,10.6,2,0,133.78,0.26,1,0.0,0,0,0,1,0,1,0
CLI-002148,0,22,40,19,47.5,35,24.1,4,8,2,1,10.65,4,0,1060.44,0.0,0,0.25,0,0,1,0,0,0,1
CLI-001215,0,5,171,89,52.0,16,8.3,7,0,1,3,10.65,4,0,3355.8,0.01,0,0.44,0,1,0,0,0,1,0
CLI-001898,0,4,32,20,62.5,16,6.2,7,0,2,3,5.8,3,0,1263.64,0.02,0,0.27,0,1,0,0,0,1,0
CLI-003477,1,11,55,7,12.7,1,0.1,2,5,6,5,45.8,2,1,432.17,0.02,0,0.25,1,0,0,0,0,1,0
CLI-002839,0,6,50,27,54.0,18,5.6,3,2,0,3,23.6,3,0,704.8,0.0,0,0.38,0,0,0,1,0,1,0
CLI-002835,0,17,505,181,35.8,10,0.5,4,4,3,1,5.8,3,0,24154.52,0.01,0,0.15,0,1,0,0,0,0,1
CLI-001239,0,9,35,20,57.1,14,7.8,3,3,2,3,14.4,3,0,808.2,0.01,0,0.19,0,0,0,1,0,1,0
CLI-002934,0,19,4,2,50.0,24,5.7,5,4,4,3,24.4,3,0,51.28,0.01,0,0.62,0,0,0,1,0,0,1
CLI-004781,0,7,29,17,58.6,39,20.4,13,1,1,5,8.7,2,2,1322.46,0.0,0,0.5,1,0,0,0,0,1,0
CLI-002291,0,12,59,32,54.2,15,0.8,0,7,0,2,22.1,2,0,1468.36,0.0,0,0.0,0,0,0,1,0,1,0
CLI-003528,0,1,7,5,71.4,69,39.3,5,0,0,2,24.4,4,2,79.49,0.0,0,0.62,0,0,0,1,1,0,0
CLI-000002,1,11,37,6,16.2,1,0.1,3,2,20,4,16.3,3,1,824.37,0.06,0,0.19,0,0,0,1,0,1,0
CLI-003457,0,19,9,6,66.7,43,25.8,4,4,1,2,21.2,4,0,127.73,0.0,0,0.5,0,0,1,0,0,0,1
CLI-004728,1,2,5,3,60.0,14,0.7,2,1,1,5,19.0,3,0,134.49,0.02,0,0.12,0,1,0,0,1,0,0
CLI-002955,0,1,205,22,10.7,1,0.4,1,0,0,0,5.3,5,2,5535.0,0.0,0,0.04,0,0,0,1,1,0,0
CLI-004870,0,19,40,8,20.0,1,0.1,1,3,17,0,2.1,4,0,1653.94,0.03,0,0.04,1,0,0,0,0,0,1
CLI-004885,1,4,91,40,44.0,18,5.6,3,0,0,8,40.3,1,0,1041.82,0.0,0,0.38,1,0,0,0,0,1,0
CLI-000109,0,25,38,24,63.2,42,14.8,3,4,0,3,24.6,4,0,536.32,0.0,0,0.38,0,0,1,0,0,0,1
CLI-004784,1,9,13,2,15.4,1,0.3,1,4,8,4,26.6,3,1,150.4,0.03,0,0.12,1,0,0,0,0,1,0
CLI-004921,0,2,10,5,50.0,8,5.7,20,0,1,1,2.8,5,3,641.59,0.02,0,0.5,0,0,0,1,1,0,0
CLI-001540,0,7,7,3,42.9,5,2.8,5,2,11,0,8.8,3,2,172.17,0.05,0,0.31,0,0,0,1,0,1,0
CLI-000049,0,12,10,5,50.0,37,24.5,10,2,1,4,5.8,3,0,454.54,0.0,0,0.38,0,0,0,1,0,1,0
CLI-002231,0,2,10,4,50.0,16,4.9,4,0,1,8,16.9,2,2,245.71,0.02,0,0.25,0,0,0,1,1,0,0
CLI-003655,0,6,21,7,33.3,1,0.4,14,1,5,2,10.65,4,0,1747.77,0.03,0,0.35,0,1,0,0,0,1,0
CLI-001936,0,1,137,75,54.7,19,15.4,16,0,3,2,4.3,3,3,9818.47,0.1,0,0.4,0,0,0,1,1,0,0
CLI-004546,0,13,59,51,86.4,67,32.5,7,3,1,0,7.8,5,1,1456.23,0.0,0,0.44,0,0,1,0,0,0,1
CLI-004033,0,1,4,3,75.0,81,60.7,6,0,1,0,10.65,5,2,56.92,0.03,0,0.75,0,1,0,0,1,0,0
CLI-002493,0,19,51,41,80.4,72,43.3,13,3,0,5,18.6,2,0,1421.11,0.0,0,0.81,1,0,0,0,0,0,1
CLI-000098,0,17,10,4,50.0,16,5.2,16,4,0,4,4.5,4,0,480.0,0.0,0,0.62,0,0,0,1,0,0,1
CLI-004695,1,1,55,45,81.8,55,22.0,13,0,2,2,10.1,4,1,1276.04,0.07,0,0.81,0,0,0,1,1,0,0
CLI-003535,0,11,15,6,40.0,18,1.8,13,1,0,9,5.2,2,0,642.84,0.0,0,0.5,1,0,0,0,0,1,0
CLI-002962,1,1,45,38,84.4,55,5.7,10,0,0,7,19.6,3,4,1212.63,0.0,0,0.62,0,0,0,1,1,0,0
CLI-002373,0,13,30,14,46.7,17,11.1,3,2,5,1,17.2,4,1,419.16,0.01,0,0.38,0,0,0,1,0,0,1
CLI-004583,0,14,8,3,37.5,15,12.1,15,3,5,3,5.0,3,0,423.61,0.01,0,0.58,0,1,0,0,0,0,1
CLI-003427,0,19,7,4,57.1,27,9.7,9,3,1,1,5.6,3,0,250.93,0.0,0,0.35,0,0,0,1,0,0,1
CLI-003401,0,3,572,475,83.0,64,13.5,18,0,1,8,9.5,3,1,22211.12,0.01,0,0.69,1,0,0,0,1,0,0
CLI-001842,0,9,34,27,79.4,99,100.9,19,2,0,0,2.2,4,3,1884.9,0.0,0,0.73,0,0,0,1,0,1,0
CLI-003566,0,10,12,9,75.0,44,20.3,8,2,0,4,11.8,4,1,238.52,0.0,0,0.5,0,0,0,1,0,1,0
CLI-000074,0,10,55,48,87.3,66,5.7,5,2,1,2,19.0,5,0,862.07,0.0,0,0.62,0,0,0,1,0,1,0
CLI-004251,0,16,183,34,18.6,5,0.2,8,3,2,11,2.6,1,0,16583.03,0.0,0,0.2,0,0,0,1,0,0,1
CLI-000158,0,22,47,33,70.2,46,31.1,6,4,0,3,10.1,4,0,1622.54,0.0,0,0.38,0,0,0,1,0,0,1
CLI-000011,1,6,1,1,100.0,1,0.2,3,2,6,4,10.65,3,0,11.74,0.03,0,0.38,0,0,0,1,0,1,0
CLI-001501,0,13,37,13,35.1,21,5.3,9,4,2,0,10.65,4,1,983.35,0.01,0,0.56,0,0,0,1,0,0,1
CLI-004273,0,10,7,3,42.9,5,1.6,12,2,4,8,3.5,3,0,594.49,0.01,0,0.3,0,0,0,1,0,1,0
CLI-000561,0,1,5,3,60.0,21,5.9,3,1,1,0,10.65,5,1,57.04,0.03,0,0.38,0,0,0,1,1,0,0
CLI-003928,0,12,180,91,50.6,29,5.7,11,4,1,0,1.2,5,0,7606.68,0.0,0,0.42,0,0,0,1,0,1,0
CLI-001579,1,15,9,0,0.0,0,0.0,0,0,44,10,21.4,3,0,211.58,0.1,1,0.0,0,0,0,1,0,0,1
CLI-003769,1,1,32,19,59.4,25,15.8,9,0,4,1,8.6,5,2,708.47,0.13,0,0.56,0,0,0,1,1,0,0
CLI-003268,0,11,64,51,79.7,76,52.2,12,3,0,1,16.6,3,1,1991.12,0.0,0,0.75,0,0,0,1,0,1,0
CLI-001301,0,28,5,4,80.0,46,31.2,9,3,2,6,20.2,2,0,154.83,0.0,0,0.56,1,0,0,0,0,0,1
CLI-003634,1,14,11,7,63.6,54,31.7,4,3,3,5,30.4,2,0,164.79,0.01,0,0.5,1,0,0,0,0,0,1
CLI-004862,0,1,58,49,84.5,72,37.1,8,0,3,2,15.2,3,0,1393.78,0.1,0,0.5,0,1,0,0,1,0,0
CLI-002816,1,3,142,77,54.2,18,5.0,14,3,4,8,7.3,2,1,7292.57,0.04,0,0.54,0,0,0,1,1,0,0
CLI-001964,0,12,23,19,50.0,37,15.6,4,0,0,1,12.5,3,0,675.9,0.0,0,0.25,0,1,0,0,0,1,0
CLI-001436,0,23,4,2,50.0,23,8.2,3,9,0,4,23.9,3,0,59.43,0.0,0,0.38,0,0,0,1,0,0,1
CLI-000481,0,13,27,9,33.3,1,0.2,5,4,10,0,5.4,3,0,1311.18,0.03,0,0.19,0,0,0,1,0,0,1
CLI-002453,0,4,7,4,57.1,30,13.2,3,0,1,5,39.0,2,0,101.52,0.01,0,0.38,1,0,0,0,0,1,0
CLI-000326,0,11,108,78,72.2,46,25.2,13,2,2,0,0.7,4,2,4511.61,0.01,0,0.5,0,0,0,1,0,1,0
CLI-002037,0,1,141,118,83.7,47,13.3,12,0,0,0,2.1,5,1,7185.71,0.0,0,0.46,0,0,0,1,1,0,0
CLI-001652,0,8,55,21,38.2,1,0.2,0,4,4,0,8.2,5,1,622.29,0.02,0,0.0,0,0,1,0,0,1,0
CLI-004345,0,23,45,12,26.7,3,0.8,2,4,9,1,10.65,3,0,1005.33,0.01,0,0.12,0,0,0,1,0,0,1
CLI-001263,0,1,8,6,75.0,39,26.8,4,0,2,0,21.5,5,1,80.6,0.07,0,0.5,0,0,0,1,1,0,0
CLI-003575,0,1,57,40,70.2,40,22.4,14,0,5,1,7.7,4,2,2424.31,0.17,0,0.54,0,0,0,1,1,0,0
CLI-001025,0,14,2,1,50.0,28,4.0,4,2,3,3,12.9,2,1,48.92,0.01,0,0.25,0,0,0,1,0,0,1
CLI-003398,0,16,318,255,80.2,66,48.3,15,3,1,1,10.65,4,1,14571.18,0.0,0,0.58,0,0,0,1,0,0,1
CLI-000254,0,8,9,2,22.2,1,5.7,1,3,20,0,10.65,3,1,233.01,0.08,0,0.06,1,0,0,0,0,1,0
CLI-000795,1,12,39,0,0.0,0,0.0,0,0,74,0,6.9,4,1,1969.29,0.21,1,0.0,0,0,0,1,0,1,0
CLI-003129,1,10,28,0,0.0,0,0.0,0,0,37,2,25.4,3,1,300.56,0.12,1,0.0,0,0,0,1,0,1,0
CLI-000339,0,9,45,28,50.0,39,18.1,10,0,3,1,12.7,3,0,1074.26,0.01,0,0.62,0,1,0,0,0,1,0
CLI-002696,0,24,64,29,45.3,6,2.4,9,6,1,3,6.8,1,0,5534.02,0.0,0,0.22,0,0,0,1,0,0,1
CLI-000437,0,29,3,2,66.7,61,51.1,7,5,3,1,15.8,3,0,75.14,0.0,0,0.44,0,1,0,0,0,0,1
CLI-004649,0,17,335,60,17.9,1,0.1,6,1,3,1,2.2,3,0,23858.36,0.01,0,0.15,1,0,0,0,0,0,1
CLI-001531,0,28,10,4,40.0,23,10.5,8,8,1,0,6.2,3,0,534.27,0.0,0,0.31,0,0,1,0,0,0,1
CLI-002606,0,8,10,8,80.0,70,47.9,9,4,1,1,6.8,5,1,252.89,0.0,0,0.56,0,0,1,0,0,1,0
CLI-004600,0,1,14,8,57.1,25,19.5,9,1,0,0,11.9,4,2,368.24,0.0,0,0.56,0,0,0,1,1,0,0
CLI-003892,0,16,47,26,55.3,11,3.6,3,3,0,2,11.3,3,0,1093.79,0.0,0,0.19,0,1,0,0,0,0,1
CLI-003310,1,4,54,24,44.4,9,3.0,6,0,5,1,14.5,3,2,1370.48,0.04,0,0.38,0,1,0,0,0,1,0
CLI-001640,0,7,8,7,87.5,77,51.6,10,3,0,4,12.3,4,1,233.39,0.0,0,0.62,0,0,0,1,0,1,0
CLI-004193,1,5,9,7,77.8,23,13.5,7,1,2,1,11.7,4,4,222.79,0.01,0,0.44,0,0,0,1,0,1,0
CLI-002636,0,24,31,25,80.6,42,24.9,11,4,3,3,7.5,4,1,1412.16,0.0,0,0.42,0,0,1,0,0,0,1
CLI-002306,0,14,23,15,65.2,33,5.7,3,0,1,2,18.5,4,0,254.64,0.0,0,0.38,0,0,0,1,0,0,1
CLI-003507,0,16,5,3,60.0,15,4.3,3,5,1,3,30.5,3,0,73.09,0.0,0,0.38,0,0,0,1,0,0,1
CLI-002727,0,13,12,6,50.0,22,14.5,11,1,3,1,8.6,2,0,566.73,0.01,0,0.42,0,0,0,1,0,0,1
CLI-004167,0,15,59,28,47.5,2,0.8,2,4,16,6,23.4,3,1,688.68,0.04,0,0.25,0,0,0,1,0,0,1
CLI-003459,1,1,198,38,19.2,1,0.3,7,0,30,3,4.9,3,2,6748.93,1.0,1,0.27,1,0,0,0,1,0,0
CLI-001538,0,23,10,6,60.0,27,7.8,3,8,0,5,34.2,2,0,140.19,0.0,0,0.38,0,0,0,1,0,0,1
CLI-003849,1,18,56,42,75.0,51,31.5,7,4,0,10,11.6,2,0,2691.63,0.0,0,0.27,0,0,0,1,0,0,1
CLI-003951,0,5,40,28,70.0,53,16.2,25,0,0,1,2.8,3,0,3027.77,0.0,0,0.62,0,0,0,1,0,1,0
CLI-003770,1,14,536,37,6.9,1,0.2,1,2,7,6,2.7,2,0,37549.49,0.02,0,0.02,0,0,0,1,0,0,1
CLI-000391,0,20,72,38,52.8,45,8.8,8,4,0,0,1.0,4,0,3343.2,0.0,0,0.31,0,0,0,1,0,0,1
CLI-004769,0,19,27,19,70.4,54,35.0,5,6,0,4,10.1,4,0,655.22,0.0,0,0.31,0,0,1,0,0,0,1
CLI-003533,0,13,3,2,66.7,19,5.7,2,1,1,0,5.9,5,1,69.01,0.0,0,0.12,0,0,0,1,0,0,1
CLI-003765,0,25,547,517,94.5,88,59.0,12,5,1,2,5.2,4,0,29345.3,0.0,0,0.46,0,0,1,0,0,0,1
CLI-000797,0,6,36,16,44.4,7,3.0,7,0,7,0,1.9,5,0,770.29,0.04,0,0.44,0,0,0,1,0,1,0
CLI-002515,0,15,18,14,77.8,38,11.3,9,5,0,0,4.7,4,0,504.02,0.0,0,0.56,0,0,0,1,0,0,1
CLI-002808,1,15,44,3,6.8,1,0.1,0,3,23,3,24.2,3,0,643.55,0.05,0,0.0,1,0,0,0,0,0,1
CLI-001863,0,5,19,15,50.0,46,30.7,4,3,0,3,31.8,4,0,234.82,0.0,0,0.5,0,0,1,0,0,1,0
CLI-002583,1,1,3,2,66.7,29,8.3,4,0,0,1,25.1,4,0,31.99,0.0,0,0.5,0,1,0,0,1,0,0
CLI-001050,0,14,27,11,40.7,7,0.6,1,6,21,4,16.9,1,0,696.13,0.05,0,0.06,0,0,0,1,0,0,1
CLI-004678,0,30,55,40,72.7,34,5.7,3,12,0,0,11.5,5,0,770.89,0.0,0,0.38,0,0,1,0,0,0,1
CLI-004620,0,1,27,21,77.8,61,53.2,7,0,4,2,15.2,2,0,555.09,0.13,0,0.44,1,0,0,0,1,0,0
CLI-002818,0,6,2,1,50.0,22,7.1,8,0,0,4,10.65,2,2,103.06,0.0,0,0.31,0,0,0,1,0,1,0
CLI-000240,0,17,57,25,43.9,14,2.7,8,6,1,0,8.0,5,0,2657.17,0.0,0,0.31,0,0,0,1,0,0,1
CLI-000748,0,1,46,36,78.3,49,28.5,15,0,0,0,2.1,5,1,2025.39,0.0,0,0.58,0,0,0,1,1,0,0
CLI-003998,0,10,33,25,75.8,36,23.3,6,5,0,1,11.4,4,2,746.19,0.0,0,0.38,0,0,1,0,0,1,0
CLI-001874,0,22,50,15,30.0,5,2.3,6,4,8,1,14.2,3,0,1245.05,0.01,0,0.38,0,0,0,1,0,0,1
CLI-001676,0,16,11,7,63.6,24,6.6,3,3,3,5,39.5,3,0,156.96,0.01,0,0.38,0,0,0,1,0,0,1
CLI-002498,1,1,86,0,0.0,0,0.0,0,0,30,2,10.65,3,2,6378.87,1.0,1,0.0,1,0,0,0,1,0,0
CLI-004958,0,18,28,14,50.0,12,7.5,10,4,3,5,7.4,2,0,1436.65,0.01,0,0.38,0,0,0,1,0,0,1
CLI-004685,0,18,292,161,55.1,21,11.7,16,3,1,3,3.6,5,0,27704.29,0.0,0,0.4,0,0,0,1,0,0,1
CLI-004347,1,6,2,0,0.0,0,5.7,0,0,55,0,6.3,3,4,17.61,0.31,1,0.0,1,0,0,0,0,1,0
CLI-002958,0,23,205,25,50.0,1,0.4,6,5,30,0,5.8,3,0,9320.18,0.04,1,0.23,0,0,0,1,0,0,1
CLI-004097,0,9,9,5,55.6,12,3.4,2,0,4,5,32.1,3,1,112.2,0.01,0,0.25,0,0,0,1,0,1,0
CLI-003503,0,9,1,1,100.0,1,0.2,2,1,1,3,10.65,3,1,10.82,0.0,0,0.25,0,0,0,1,0,1,0
CLI-004456,1,8,52,11,21.2,3,1.1,2,2,23,6,23.7,3,2,494.48,0.1,0,0.25,0,0,0,1,0,1,0
CLI-001499,0,7,47,31,66.0,22,7.0,19,2,2,1,2.5,4,0,3300.11,0.01,0,0.48,0,0,0,1,0,1,0
CLI-001234,0,17,1,1,100.0,59,10.5,3,5,0,1,10.65,4,0,12.41,0.0,0,0.38,0,0,1,0,0,0,1
CLI-003787,0,6,164,76,46.3,15,4.0,21,1,1,2,3.9,3,1,15017.55,0.01,0,0.52,0,0,0,1,0,1,0
CLI-004275,0,4,147,118,80.3,45,24.2,15,0,2,3,8.2,4,2,5995.3,0.02,0,0.58,0,0,0,1,0,1,0
CLI-001081,0,18,49,19,38.8,2,0.4,10,2,15,1,1.4,3,1,2680.28,0.03,0,0.25,0,0,0,1,0,0,1
CLI-002882,0,11,203,76,37.4,2,0.1,4,2,5,2,10.8,2,0,9342.55,0.02,0,0.15,0,0,0,1,0,1,0
CLI-001857,0,17,196,109,55.6,35,15.5,10,3,0,2,6.5,4,0,8020.18,0.0,0,0.38,0,0,1,0,0,0,1
CLI-003675,0,10,57,39,68.4,46,16.8,7,1,0,3,18.8,1,2,1602.32,0.0,0,0.44,0,0,0,1,0,1,0
CLI-003450,0,5,10,5,50.0,16,6.9,1,0,0,3,19.3,5,1,103.58,0.0,0,0.12,0,0,0,1,0,1,0
CLI-000335,0,19,22,9,40.9,4,5.7,13,3,3,0,3.8,3,0,1131.39,0.01,0,0.5,0,0,0,1,0,0,1
CLI-001076,0,14,24,8,33.3,3,1.2,3,6,6,0,12.9,4,0,648.64,0.01,0,0.19,0,0,0,1,0,0,1
CLI-004905,0,9,39,33,84.6,28,17.2,8,2,2,0,8.3,5,0,975.0,0.01,0,0.5,0,0,1,0,0,1,0
CLI-004867,0,9,10,7,70.0,53,39.3,7,3,1,1,9.2,3,0,276.6,0.0,0,0.44,0,1,0,0,0,1,0
CLI-000815,0,2,58,34,58.6,23,12.8,5,0,2,3,14.1,2,2,1398.16,0.03,0,0.31,1,0,0,0,1,0,0
CLI-003124,1,11,3,2,66.7,15,4.0,4,4,0,8,35.6,3,0,37.04,0.0,0,0.5,0,0,0,1,0,1,0
CLI-004823,0,8,130,78,60.0,2,0.7,12,0,30,0,5.4,5,1,5738.28,0.12,1,0.46,0,1,0,0,0,1,0
CLI-000870,0,1,4,3,75.0,56,15.0,10,0,0,0,6.3,4,2,217.94,0.0,0,0.38,0,1,0,0,1,0,0
CLI-003322,0,1,715,573,80.1,66,37.5,20,0,0,5,4.8,4,2,44264.93,0.0,0,0.5,0,0,0,1,1,0,0
CLI-004833,1,24,639,0,0.0,0,0.0,0,0,63,3,4.1,5,0,35341.33,0.09,1,0.0,0,0,0,1,0,0,1
CLI-004340,0,10,1,1,100.0,22,15.3,2,1,3,0,14.4,4,1,9.91,0.01,0,0.25,0,1,0,0,0,1,0
CLI-000383,0,17,32,12,37.5,1,0.1,11,6,30,5,2.2,3,0,2451.33,0.06,1,0.28,0,0,0,1,0,0,1
CLI-002129,0,28,5,3,60.0,25,15.7,4,9,2,4,22.3,4,0,59.98,0.0,0,0.5,0,0,0,1,0,0,1
CLI-000686,0,6,24,5,20.8,1,0.4,4,0,9,0,8.4,4,1,566.02,0.05,0,0.25,0,0,0,1,0,1,0
CLI-004861,0,1,16,11,68.8,18,6.1,3,0,2,0,5.0,5,4,430.5,0.07,0,0.19,0,0,0,1,1,0,0
CLI-004179,0,23,24,18,50.0,70,65.6,17,4,1,0,1.9,4,0,2181.68,0.0,0,0.42,0,0,0,1,0,0,1
CLI-003006,1,1,159,108,67.9,32,25.2,14,0,2,1,3.1,3,3,7464.79,0.07,0,0.54,0,0,0,1,1,0,0
CLI-004062,0,19,5,1,20.0,1,0.3,0,3,14,0,3.2,5,0,94.62,0.02,0,0.0,1,0,0,0,0,0,1
CLI-000105,0,8,88,76,86.4,95,76.8,35,0,0,1,2.2,5,3,5252.03,0.0,0,0.88,0,0,0,1,0,1,0
CLI-002338,0,13,11,4,36.4,7,2.7,17,4,7,2,1.8,5,0,1038.15,0.02,0,0.42,0,0,1,0,0,0,1
CLI-003096,1,4,37,12,32.4,1,0.3,3,2,14,2,13.1,3,0,698.22,0.12,0,0.19,0,0,0,1,0,1,0
CLI-003066,0,13,97,30,30.9,9,0.4,18,5,0,0,0.5,5,0,7115.69,0.0,0,0.45,0,0,0,1,0,0,1
CLI-000385,0,5,151,94,62.3,27,12.4,12,1,2,1,4.5,2,0,9729.97,0.01,0,0.3,1,0,0,0,0,1,0
CLI-000638,0,16,6,5,83.3,64,49.1,4,4,4,0,14.1,5,0,67.19,0.01,0,0.5,0,0,1,0,0,0,1
CLI-000121,0,8,5,3,60.0,30,12.9,8,2,1,1,11.4,4,0,123.58,0.0,0,0.5,0,0,0,1,0,1,0
CLI-003189,0,21,18,6,33.3,1,0.1,8,8,27,2,5.9,3,1,861.15,0.04,0,0.31,0,0,0,1,0,0,1
CLI-002508,0,19,8,3,50.0,10,4.0,3,6,1,1,15.9,3,0,93.19,0.0,0,0.38,0,1,0,0,0,0,1
CLI-001012,0,14,2,1,50.0,11,4.2,5,3,0,0,10.65,4,0,28.35,0.0,0,0.62,0,0,0,1,0,0,1
CLI-003860,0,8,7,5,71.4,67,23.8,4,3,0,0,19.0,5,1,85.04,0.0,0,0.5,0,0,1,0,0,1,0
CLI-004681,0,12,20,13,65.0,34,13.1,6,1,1,0,1.3,5,2,492.74,0.0,0,0.38,0,1,0,0,0,1,0
CLI-000018,0,12,71,60,84.5,110,37.9,10,0,0,4,14.6,3,0,2032.97,0.0,0,0.62,0,1,0,0,0,1,0
CLI-003262,0,13,12,8,50.0,13,0.7,14,0,1,5,11.6,4,0,536.3,0.0,0,0.54,0,0,0,1,0,0,1
CLI-002109,1,1,4,4,100.0,76,55.6,16,0,1,6,10.8,3,5,178.79,0.03,0,0.62,0,0,0,1,1,0,0
CLI-002196,0,1,11,2,18.2,1,0.1,1,0,13,0,6.8,3,1,396.54,0.43,0,0.04,0,0,0,1,1,0,0
CLI-004950,1,13,4,2,50.0,23,15.1,5,2,1,6,19.9,3,1,108.31,0.0,0,0.31,1,0,0,0,0,0,1
CLI-002204,0,1,6,3,50.0,32,11.0,11,0,1,0,1.6,5,1,250.53,0.03,0,0.42,0,0,0,1,1,0,0
CLI-002381,0,7,9,5,55.6,23,15.2,12,2,2,1,1.6,5,3,443.21,0.01,0,0.46,0,0,0,1,0,1,0
CLI-004983,0,6,54,47,87.0,70,35.1,17,2,0,4,5.9,4,0,2896.51,0.0,0,0.65,0,0,0,1,0,1,0
CLI-003404,1,11,32,23,71.9,45,26.6,2,2,0,4,32.4,3,4,370.0,0.0,0,0.25,0,1,0,0,0,1,0
CLI-002904,1,15,40,13,32.5,3,5.7,5,4,6,5,10.1,3,0,1547.07,0.01,0,0.19,0,0,0,1,0,0,1
CLI-004200,0,9,59,29,49.2,19,9.2,6,1,1,2,14.6,3,0,1477.13,0.0,0,0.38,0,1,0,0,0,1,0
CLI-004443,1,11,30,6,20.0,5,0.2,8,4,3,5,12.2,3,1,521.24,0.01,0,0.5,0,0,0,1,0,1,0
CLI-002576,1,2,131,76,58.0,4,2.1,10,0,4,10,8.3,1,1,6857.32,0.07,0,0.38,1,0,0,0,1,0,0
CLI-001837,1,14,49,44,89.8,85,17.2,4,2,2,6,10.65,2,0,740.88,0.0,0,0.5,1,0,0,0,0,0,1
CLI-004493,0,10,17,13,76.5,42,20.4,7,5,1,8,15.7,3,0,514.98,0.0,0,0.44,1,0,0,0,0,1,0
CLI-003237,0,2,58,52,89.7,81,5.7,10,0,0,0,6.3,4,1,2941.34,0.0,0,0.38,0,1,0,0,1,0,0
CLI-004429,1,3,18,12,66.7,8,2.2,10,1,2,3,4.9,3,3,790.19,0.02,0,0.38,0,0,0,1,1,0,0
CLI-004121,0,12,4,2,50.0,27,11.4,3,6,1,0,16.9,4,0,52.19,0.0,0,0.38,0,0,0,1,0,1,0
CLI-002467,0,26,136,113,83.1,46,10.7,7,7,2,1,11.2,4,0,4171.89,0.0,0,0.44,0,0,0,1,0,0,1
CLI-000563,0,25,95,65,68.4,57,23.2,13,5,1,0,4.2,3,0,5166.96,0.0,0,0.5,0,0,1,0,0,0,1
CLI-001646,0,17,42,13,31.0,1,0.6,4,3,22,1,10.5,5,0,478.34,0.04,0,0.5,0,0,0,1,0,0,1
CLI-003228,1,8,5,2,40.0,30,9.7,3,2,3,3,29.7,3,1,56.23,0.01,0,0.38,0,1,0,0,0,1,0
CLI-000458,0,15,17,3,17.6,1,0.1,7,4,3,2,10.9,4,0,480.42,0.01,0,0.44,0,0,0,1,0,0,1
CLI-000171,0,1,34,4,11.8,1,0.4,4,0,1,0,10.65,5,0,617.27,0.03,0,0.25,0,0,0,1,1,0,0
CLI-000846,0,5,44,24,54.5,29,7.2,6,2,1,3,11.1,4,2,1107.76,0.01,0,0.38,0,0,0,1,0,1,0
CLI-003445,1,18,133,0,0.0,0,0.0,0,2,107,1,2.1,4,0,10668.67,0.2,1,0.0,0,0,0,1,0,0,1
CLI-003053,1,3,11,2,18.2,1,0.5,0,0,4,3,13.0,2,3,211.98,0.04,0,0.0,0,0,0,1,1,0,0
CLI-001009,0,14,169,141,83.4,53,30.3,7,3,1,2,16.1,4,0,4668.57,0.0,0,0.44,0,0,0,1,0,0,1
CLI-002319,0,9,6,3,50.0,9,3.1,6,3,6,5,12.2,3,3,144.83,0.02,0,0.38,0,1,0,0,0,1,0
CLI-000084,0,15,21,18,85.7,55,35.9,19,3,1,3,0.5,3,0,1732.03,0.0,0,0.48,0,1,0,0,0,0,1
CLI-003461,0,2,10,2,20.0,1,0.2,7,0,1,6,10.65,1,1,740.24,0.02,0,0.18,1,0,0,0,1,0,0
CLI-004664,0,10,3,1,33.3,16,5.7,2,3,2,2,30.2,3,0,38.12,0.01,0,0.25,0,0,0,1,0,1,0
CLI-001963,0,19,9,8,88.9,76,37.3,7,8,1,1,11.5,3,0,266.33,0.0,0,0.44,0,0,0,1,0,0,1
CLI-001847,0,11,44,19,43.2,11,4.6,3,2,2,6,19.6,5,0,579.81,0.01,0,0.38,0,0,0,1,0,1,0
CLI-002251,0,6,8,2,25.0,2,5.7,3,0,6,0,18.3,5,0,98.95,0.03,0,0.38,0,1,0,0,0,1,0
CLI-003561,1,5,36,23,63.9,36,19.5,0,0,3,7,31.6,3,2,418.91,0.02,0,0.0,1,0,0,0,0,1,0
CLI-002672,0,17,41,16,39.0,9,1.5,8,2,5,3,10.8,3,0,1025.0,0.01,0,0.5,0,0,0,1,0,0,1
CLI-004712,1,1,25,5,20.0,1,0.1,4,2,5,10,19.9,2,5,375.0,0.17,0,0.25,0,0,0,1,1,0,0
CLI-000309,0,15,51,22,43.1,16,3.7,13,6,2,5,9.7,3,0,2200.65,0.0,0,0.5,0,0,0,1,0,0,1
CLI-004096,0,15,126,80,63.5,28,21.0,11,5,1,5,11.0,3,0,5036.98,0.0,0,0.42,0,0,0,1,0,0,1
CLI-003806,0,1,45,14,31.1,10,6.6,3,0,11,0,17.8,5,0,509.62,0.37,0,0.38,0,0,0,1,1,0,0
CLI-004090,0,13,7,4,57.1,9,2.7,2,5,5,3,25.3,4,0,80.97,0.01,0,0.25,0,0,0,1,0,0,1
CLI-000649,1,2,4,1,25.0,4,2.7,5,0,10,3,14.8,2,2,94.65,0.17,0,0.31,1,0,0,0,1,0,0
CLI-000048,1,1,2,1,50.0,2,1.2,1,0,13,3,22.2,4,5,22.15,0.43,0,0.12,0,1,0,0,1,0,0
CLI-004143,0,7,167,38,22.8,3,1.1,9,1,2,0,3.6,5,1,6217.08,0.01,0,0.35,1,0,0,0,0,1,0
CLI-000152,0,15,6,2,33.3,17,1.5,3,3,0,6,10.65,2,0,66.35,0.0,0,0.38,0,0,0,1,0,0,1
CLI-002064,1,1,4,3,75.0,36,27.4,2,0,3,4,26.6,4,3,50.12,0.1,0,0.25,0,1,0,0,1,0,0
CLI-003616,0,14,58,12,20.7,1,0.3,3,5,5,0,7.3,4,0,1367.82,0.01,0,0.19,1,0,0,0,0,0,1
CLI-001730,1,1,206,102,49.5,22,6.6,11,0,0,7,4.4,5,3,14003.33,0.0,0,0.28,0,0,0,1,1,0,0
CLI-002405,1,1,7,0,0.0,0,0.0,0,0,30,4,24.9,3,2,87.74,1.0,1,0.0,1,0,0,0,1,0,0
CLI-001231,0,19,439,360,82.0,62,61.4,14,3,1,0,3.0,3,0,21512.33,0.0,0,0.54,0,0,0,1,0,0,1
CLI-004634,1,8,55,4,7.3,1,0.1,1,0,23,0,1.7,5,1,4045.71,0.1,0,0.02,1,0,0,0,0,1,0
CLI-002290,0,14,179,111,62.0,29,9.1,13,0,1,0,9.8,4,0,8902.98,0.0,0,0.5,0,0,0,1,0,0,1
CLI-004222,0,1,1,1,100.0,33,21.5,2,0,1,0,15.0,3,0,11.37,0.03,0,0.25,0,1,0,0,1,0,0
CLI-002314,0,15,7,1,14.3,1,0.4,0,2,2,4,18.6,4,0,88.58,0.0,0,0.0,1,0,0,0,0,0,1
CLI-000624,0,1,43,13,30.2,4,0.6,7,0,0,0,9.9,3,3,874.12,0.0,0,0.44,0,0,0,1,1,0,0
CLI-000215,0,16,25,14,56.0,45,31.2,12,3,0,2,7.3,4,1,1202.73,0.0,0,0.46,0,0,0,1,0,0,1
CLI-004996,0,13,31,12,38.7,19,2.4,6,4,1,2,9.1,5,0,697.8,0.0,0,0.38,0,0,1,0,0,0,1
CLI-001290,0,8,59,4,6.8,1,0.2,1,0,6,0,5.5,5,1,2313.79,0.02,0,0.04,1,0,0,0,0,1,0
CLI-004979,0,6,8,6,75.0,27,10.9,6,2,0,1,14.6,3,2,208.5,0.0,0,0.38,0,1,0,0,0,1,0
CLI-003437,1,3,37,27,73.0,72,40.0,8,1,1,5,12.0,3,3,1709.11,0.01,0,0.31,0,0,0,1,1,0,0
CLI-002899,0,12,2,1,50.0,30,9.7,7,2,1,2,16.1,3,0,54.21,0.0,0,0.44,0,1,0,0,0,1,0
CLI-000614,0,7,107,57,53.3,27,20.5,10,2,0,0,4.6,5,1,2391.73,0.0,0,0.62,0,0,0,1,0,1,0
CLI-004871,1,13,6,2,50.0,1,0.5,3,3,27,2,22.9,1,0,157.78,0.07,0,0.19,1,0,0,0,0,0,1
CLI-003173,0,1,48,36,75.0,62,39.9,14,0,1,0,0.5,5,2,1755.9,0.03,0,0.54,0,1,0,0,1,0,0
CLI-001789,1,1,8,1,12.5,1,0.2,1,1,30,1,9.1,2,3,164.26,1.0,1,0.06,1,0,0,0,1,0,0
CLI-001089,0,1,5,1,20.0,2,0.1,3,1,0,3,10.65,4,4,61.17,0.0,0,0.38,0,0,0,1,1,0,0
CLI-004482,0,3,77,39,50.6,19,7.4,13,0,2,0,11.7,3,1,3339.16,0.02,0,0.5,0,0,0,1,1,0,0
CLI-002717,1,1,8,3,37.5,6,3.6,3,1,7,1,20.8,3,1,108.27,0.23,0,0.38,0,1,0,0,1,0,0
CLI-003155,1,22,4,0,0.0,0,0.0,0,0,89,1,9.5,4,0,100.0,0.13,1,0.0,1,0,0,0,0,0,1
CLI-000608,0,8,8,5,62.5,25,9.4,10,3,1,4,3.8,4,0,307.82,0.0,0,0.38,0,0,1,0,0,1,0
CLI-003325,0,7,9,3,50.0,19,1.0,3,3,5,3,33.4,3,1,115.6,0.02,0,0.38,0,0,0,1,0,1,0
CLI-001913,0,12,32,18,56.2,10,5.9,6,0,10,5,14.1,1,1,939.96,0.03,0,0.38,1,0,0,0,0,1,0
CLI-002764,0,1,12,7,58.3,5,3.1,7,0,4,3,8.3,3,2,559.71,0.13,0,0.27,0,0,0,1,1,0,0
CLI-001813,0,15,186,74,39.8,1,5.7,4,1,3,0,9.1,4,1,4683.99,0.01,0,0.25,0,0,0,1,0,0,1
CLI-002468,1,7,30,11,36.7,1,0.1,2,2,30,0,19.6,4,1,344.53,0.14,1,0.25,0,1,0,0,0,1,0
CLI-004688,0,1,3,1,33.3,1,0.6,1,0,8,1,9.4,5,1,73.6,0.27,0,0.06,0,0,0,1,1,0,0
CLI-004826,0,9,28,15,53.6,20,7.3,5,4,2,3,9.3,3,0,1319.3,0.01,0,0.19,0,0,0,1,0,1,0
CLI-002187,0,8,1,1,100.0,60,9.6,3,2,2,0,18.7,3,0,10.84,0.01,0,0.38,0,1,0,0,0,1,0
CLI-004683,0,7,45,20,44.4,6,5.7,9,3,4,3,9.1,5,1,1136.91,0.02,0,0.56,0,0,1,0,0,1,0
CLI-001062,0,22,27,21,77.8,53,39.6,9,2,1,0,15.2,4,0,813.03,0.0,0,0.56,0,1,0,0,0,0,1
CLI-001930,0,10,34,20,58.8,26,7.4,8,3,3,4,7.9,4,1,865.12,0.01,0,0.5,0,0,0,1,0,1,0
CLI-003514,0,8,27,14,51.9,23,7.0,8,0,1,5,6.2,5,3,1166.46,0.0,0,0.31,0,1,0,0,0,1,0
CLI-004378,0,21,8,0,0.0,0,0.0,0,0,36,4,10.1,3,0,206.14,0.06,1,0.0,1,0,0,0,0,0,1
CLI-000938,0,13,58,21,36.2,8,2.7,12,4,1,0,0.5,5,0,2695.96,0.0,0,0.46,0,0,0,1,0,0,1
CLI-004759,0,24,7,1,14.3,1,0.1,0,7,4,2,9.4,5,0,173.44,0.01,0,0.0,1,0,0,0,0,0,1
CLI-003095,1,5,42,23,54.8,16,5.4,6,0,2,4,16.3,4,2,948.56,0.01,0,0.38,0,0,0,1,0,1,0
CLI-003101,0,23,9,8,88.9,74,46.1,8,7,1,5,17.0,3,0,272.98,0.0,0,0.5,0,0,0,1,0,0,1
CLI-004389,0,31,123,0,0.0,0,0.0,0,0,46,8,17.3,2,0,3003.79,0.05,1,0.0,0,0,0,1,0,0,1
CLI-001077,0,18,714,226,31.7,3,1.9,7,2,1,5,4.3,3,0,52007.86,0.0,0,0.18,1,0,0,0,0,0,1
CLI-003991,0,4,44,20,45.5,15,4.2,10,1,1,2,4.0,3,0,1977.7,0.01,0,0.38,0,1,0,0,0,1,0
CLI-000729,0,5,112,107,95.5,99,45.3,4,0,1,2,31.3,3,0,1426.47,0.01,0,0.5,0,0,0,1,0,1,0
CLI-002922,0,18,53,48,90.6,103,82.6,19,3,0,1,4.7,4,0,2597.77,0.0,0,0.73,0,0,1,0,0,0,1
CLI-001634,0,6,195,34,17.4,1,0.4,11,0,25,0,10.65,3,2,12139.53,0.14,0,0.28,0,0,0,1,0,1,0
CLI-002860,0,1,1,1,100.0,98,21.2,3,0,1,1,18.2,5,1,11.33,0.03,0,0.38,0,0,0,1,1,0,0
CLI-002364,0,5,37,29,78.4,58,5.7,8,1,3,10,10.65,3,4,977.34,0.02,0,0.5,1,0,0,0,0,1,0
CLI-001830,0,17,5,4,80.0,56,10.9,3,4,0,2,27.2,4,0,71.3,0.0,0,0.38,0,0,1,0,0,0,1
CLI-004352,0,16,36,32,88.9,88,49.0,12,2,0,2,9.7,3,0,1294.78,0.0,0,0.75,0,1,0,0,0,0,1
CLI-003271,0,12,50,40,80.0,58,29.3,6,4,2,3,32.7,3,0,623.47,0.01,0,0.75,0,0,0,1,0,1,0
CLI-002542,0,12,5,2,40.0,17,10.5,1,1,1,2,25.4,3,0,64.9,0.0,0,0.12,0,0,0,1,0,1,0
CLI-004515,0,20,38,10,26.3,4,1.1,5,2,2,4,10.7,4,0,897.63,0.0,0,0.31,0,0,0,1,0,0,1
CLI-001943,1,4,25,20,80.0,42,38.2,21,3,1,5,8.2,2,1,1097.24,0.01,0,0.81,0,0,0,1,0,1,0
CLI-004545,0,8,37,18,48.6,16,5.3,6,3,6,0,2.6,5,0,1423.45,0.02,0,0.23,0,0,1,0,0,1,0
CLI-002219,0,7,53,43,81.1,62,22.7,15,2,3,2,3.4,3,3,2385.0,0.01,0,0.58,0,0,0,1,0,1,0
CLI-001858,1,5,4,3,50.0,69,44.6,5,1,2,1,10.65,5,1,48.99,0.01,0,0.62,0,0,0,1,0,1,0
CLI-002881,0,8,5,4,80.0,58,41.1,9,1,0,3,14.9,5,1,125.0,0.0,0,0.56,0,0,0,1,0,1,0
CLI-002340,1,1,7,1,14.3,1,0.1,1,0,2,3,24.3,3,2,60.4,0.07,0,0.12,0,0,0,1,1,0,0
CLI-001629,1,4,10,4,40.0,19,10.1,2,0,6,3,15.8,4,2,120.0,0.05,0,0.25,0,0,0,1,0,1,0
CLI-003311,0,19,3,2,66.7,19,6.3,12,6,5,4,7.5,4,0,140.12,0.01,0,0.46,0,0,1,0,0,0,1
CLI-000928,1,1,613,85,13.9,1,0.5,0,0,30,0,11.0,4,3,12058.6,1.0,1,0.0,1,0,0,0,1,0,0
CLI-002847,0,14,1,1,100.0,41,17.1,15,3,0,4,11.0,2,0,45.99,0.0,0,0.58,0,0,0,1,0,0,1
CLI-003501,0,9,108,63,58.3,15,15.1,16,3,3,5,2.8,4,2,6091.21,0.01,0,0.62,0,0,1,0,0,1,0
CLI-004178,0,16,56,48,85.7,74,54.0,4,7,1,0,0.5,5,0,672.0,0.0,0,0.5,0,0,1,0,0,0,1
CLI-004406,1,1,39,25,64.1,31,10.7,19,0,0,7,3.3,3,3,2848.86,0.0,0,0.48,0,0,0,1,1,0,0
CLI-003567,1,1,16,9,56.2,25,10.9,5,1,2,4,10.65,2,3,335.6,0.07,0,0.31,0,0,0,1,1,0,0
CLI-004581,0,11,28,8,28.6,13,6.8,5,2,1,8,21.4,2,0,602.68,0.0,0,0.31,0,0,0,1,0,1,0
CLI-002555,1,15,37,2,5.4,1,0.1,2,2,30,4,1.3,2,0,1289.97,0.07,1,0.08,1,0,0,0,0,0,1
CLI-003858,0,17,215,137,50.0,40,29.6,8,2,1,4,6.1,3,0,10676.68,0.0,0,0.31,0,0,0,1,0,0,1
CLI-001764,0,21,43,24,55.8,20,6.9,5,2,0,0,10.65,4,0,566.5,0.0,0,0.62,0,0,0,1,0,0,1
CLI-003792,0,12,175,87,49.7,11,4.0,8,3,3,2,2.1,3,0,6736.6,0.01,0,0.31,0,1,0,0,0,1,0
CLI-000103,0,18,6,4,66.7,21,4.5,3,4,8,2,9.2,4,0,127.07,0.01,0,0.19,0,0,0,1,0,0,1
CLI-002639,1,8,11,6,50.0,17,5.7,2,2,1,2,22.7,3,0,109.8,0.0,0,0.25,0,0,0,1,0,1,0
CLI-004571,0,18,1,1,100.0,58,48.3,6,4,2,6,10.3,3,0,33.13,0.0,0,0.38,0,1,0,0,0,0,1
CLI-002896,0,14,7,6,85.7,53,25.5,5,2,0,4,16.6,3,0,195.87,0.0,0,0.31,0,0,0,1,0,0,1
CLI-004461,0,11,3,1,33.3,15,11.9,2,0,1,0,0.5,5,0,37.22,0.0,0,0.25,0,1,0,0,0,1,0
CLI-001969,0,16,41,23,56.1,28,15.9,7,2,0,0,10.65,3,0,1053.9,0.0,0,0.44,0,0,0,1,0,0,1
CLI-000542,0,10,55,25,45.5,8,3.4,7,3,7,0,8.9,4,1,1200.21,0.02,0,0.44,0,0,1,0,0,1,0
CLI-004255,0,13,152,72,47.4,14,6.8,3,5,0,1,10.65,3,0,3663.17,0.0,0,0.19,0,1,0,0,0,0,1
CLI-003795,1,6,58,0,0.0,0,0.0,0,0,53,0,12.2,4,1,696.0,0.29,1,0.0,1,0,0,0,0,1,0
CLI-000307,0,6,6,2,33.3,18,17.0,6,0,7,0,13.0,4,0,68.9,0.04,0,0.75,0,0,0,1,0,1,0
CLI-003579,0,2,47,27,57.4,37,17.0,10,0,0,0,9.1,5,1,1274.72,0.0,0,0.62,0,0,0,1,1,0,0
CLI-000358,1,15,4,3,75.0,22,8.7,4,2,0,8,38.6,2,0,46.42,0.0,0,0.5,0,0,0,1,0,0,1
CLI-003499,1,6,41,23,56.1,14,2.7,6,0,0,1,3.6,3,2,1580.42,0.0,0,0.23,0,0,0,1,0,1,0
CLI-001718,0,19,12,7,58.3,15,4.7,3,4,0,2,13.4,4,0,357.3,0.0,0,0.19,0,0,0,1,0,0,1
CLI-002147,0,10,48,27,56.2,20,5.1,5,3,0,1,18.1,3,1,1118.97,0.0,0,0.31,0,0,0,1,0,1,0
CLI-004891,0,5,1,1,100.0,52,21.4,3,1,1,2,23.3,4,0,12.89,0.01,0,0.38,0,0,0,1,0,1,0
CLI-001373,0,28,32,28,50.0,77,44.3,17,3,1,0,4.9,4,0,1898.61,0.0,0,0.65,0,0,1,0,0,0,1
CLI-000384,0,9,142,27,50.0,1,0.3,11,2,7,1,4.4,4,0,6793.03,0.03,0,0.42,0,0,0,1,0,1,0
CLI-001008,0,17,49,14,28.6,5,1.6,19,1,0,0,6.2,4,0,4131.99,0.0,0,0.48,0,0,0,1,0,0,1
CLI-002362,1,5,27,0,0.0,0,0.0,0,0,70,2,19.9,3,1,377.6,0.47,1,0.0,0,0,0,1,0,1,0
CLI-000031,1,7,98,10,10.2,1,0.3,2,0,17,0,4.8,3,3,3037.11,0.08,0,0.08,0,0,0,1,0,1,0
CLI-002539,0,1,49,28,57.1,20,5.7,9,0,1,2,5.7,4,1,1685.97,0.03,0,0.35,0,1,0,0,1,0,0
CLI-004556,0,19,1,1,100.0,15,2.9,3,8,1,5,10.65,4,0,26.98,0.0,0,0.19,0,0,0,1,0,0,1
CLI-004626,1,1,9,7,77.8,44,5.7,4,0,1,5,28.8,4,0,114.61,0.03,0,0.5,0,1,0,0,1,0,0
CLI-000780,0,15,9,6,66.7,35,16.5,3,3,1,1,17.2,5,0,111.91,0.0,0,0.38,0,0,0,1,0,0,1
CLI-000521,1,1,3,2,66.7,18,4.7,4,0,1,6,10.65,2,1,34.92,0.03,0,0.5,0,0,0,1,1,0,0
CLI-001010,0,16,106,62,58.5,23,5.7,5,3,1,0,4.2,5,0,2800.7,0.0,0,0.31,0,0,1,0,0,0,1
CLI-000710,0,18,133,80,60.2,26,5.7,5,2,0,1,16.1,3,0,3556.34,0.0,0,0.31,0,0,0,1,0,0,1
CLI-004832,1,13,6,0,0.0,0,0.0,0,0,85,5,18.5,2,0,131.88,0.22,1,0.0,0,0,0,1,0,0,1
CLI-000448,0,17,7,6,85.7,74,76.3,5,0,1,0,7.7,5,0,104.6,0.0,0,0.62,0,1,0,0,0,0,1
CLI-001627,0,33,2,1,50.0,25,21.7,14,4,2,4,8.4,2,0,92.15,0.0,0,0.54,1,0,0,0,0,0,1
CLI-001761,1,8,215,0,0.0,0,0.0,0,0,79,0,9.7,3,1,5202.3,0.33,1,0.0,0,0,0,1,0,1,0
CLI-002223,1,27,13,0,0.0,0,0.0,0,0,42,1,12.7,2,0,333.7,0.05,1,0.0,0,0,0,1,0,0,1
CLI-003656,0,15,52,12,23.1,2,0.3,12,3,2,8,10.65,2,0,2153.88,0.0,0,0.46,0,0,0,1,0,0,1
CLI-004557,1,10,3,2,66.7,29,14.2,3,2,0,2,40.8,1,1,33.11,0.0,0,0.38,1,0,0,0,0,1,0
CLI-001906,0,1,57,36,63.2,34,17.3,14,0,1,1,5.6,5,1,2565.0,0.03,0,0.54,0,0,0,1,1,0,0
CLI-000698,1,1,35,15,42.9,1,0.2,7,0,12,7,15.1,4,4,894.25,0.4,0,0.44,1,0,0,0,1,0,0
CLI-003594,0,1,13,8,61.5,36,14.9,4,0,0,2,14.0,4,2,364.13,0.0,0,0.25,0,0,0,1,1,0,0
CLI-004595,0,13,43,34,50.0,48,16.7,17,3,0,3,2.2,4,1,3785.13,0.0,0,0.42,0,0,0,1,0,0,1
CLI-000191,0,2,92,36,39.1,4,2.2,4,2,9,1,6.4,5,2,4712.51,0.15,0,0.15,0,1,0,0,1,0,0
CLI-000574,1,7,53,38,71.7,36,23.3,7,0,0,2,19.5,3,2,1325.0,0.0,0,0.44,0,0,0,1,0,1,0
CLI-000178,1,11,5,0,0.0,0,0.0,0,0,64,3,12.7,2,0,78.31,0.19,1,0.0,1,0,0,0,0,1,0
CLI-003946,1,1,54,15,27.8,1,0.5,6,0,1,2,10.65,3,4,1347.8,0.03,0,0.38,0,0,0,1,1,0,0
CLI-001990,0,7,193,164,85.0,85,43.2,26,1,0,5,7.8,2,1,15269.61,0.0,0,0.65,0,0,0,1,0,1,0
CLI-000540,1,1,14,8,57.1,36,26.8,9,0,0,4,15.6,3,1,320.73,0.0,0,0.56,0,1,0,0,1,0,0
CLI-003234,1,12,9,6,66.7,1,0.1,2,2,12,0,6.8,3,0,102.95,0.03,0,0.25,0,0,0,1,0,1,0
CLI-003531,0,28,50,40,80.0,48,14.1,5,10,0,5,35.2,3,0,612.92,0.0,0,0.62,0,1,0,0,0,0,1
CLI-002943,0,19,44,28,63.6,30,14.4,10,3,0,0,2.3,4,0,2264.69,0.0,0,0.38,0,0,1,0,0,0,1
CLI-002890,0,1,179,108,60.3,36,9.5,7,0,1,4,17.2,3,2,3963.02,0.03,0,0.44,0,0,0,1,1,0,0
CLI-002299,0,12,2,2,100.0,59,35.6,5,0,0,2,30.5,2,0,21.33,0.0,0,0.62,1,0,0,0,0,1,0
CLI-000493,0,15,52,21,40.4,5,1.4,1,3,1,2,25.4,3,0,599.23,0.0,0,0.12,0,0,0,1,0,0,1
CLI-001137,0,4,20,9,45.0,10,5.7,7,1,6,0,6.0,3,2,726.32,0.05,0,0.27,0,1,0,0,0,1,0
CLI-002927,0,18,6,2,33.3,13,0.6,5,1,3,3,16.2,3,0,143.72,0.01,0,0.31,0,1,0,0,0,0,1
CLI-000732,1,20,10,5,50.0,16,8.3,3,1,1,6,27.7,3,0,112.46,0.0,0,0.38,0,0,0,1,0,0,1
CLI-003719,0,19,172,123,71.5,68,36.3,10,5,4,3,12.2,4,1,4308.32,0.01,0,0.62,0,0,0,1,0,0,1
CLI-002781,1,18,1,0,0.0,0,0.0,0,0,46,0,25.0,4,0,12.41,0.09,1,0.0,0,0,0,1,0,0,1
CLI-002480,0,1,38,18,47.4,11,1.3,13,2,7,1,10.65,3,2,1489.79,0.23,0,0.5,0,0,0,1,1,0,0
CLI-004492,0,21,10,3,30.0,5,0.2,5,7,6,4,12.0,3,0,196.06,0.01,0,0.31,0,0,0,1,0,0,1
CLI-002401,1,2,39,7,17.9,3,1.4,1,0,7,0,5.8,3,1,1070.19,0.12,0,0.06,1,0,0,0,1,0,0
CLI-002974,0,12,8,5,62.5,39,20.0,5,5,0,0,27.0,4,0,99.28,0.0,0,0.62,0,0,1,0,0,1,0
CLI-000135,0,5,5,4,80.0,36,16.2,12,0,1,1,6.9,4,1,254.4,0.01,0,0.46,0,0,0,1,0,1,0
CLI-001319,1,9,192,93,48.4,1,0.5,7,0,17,0,6.8,3,0,5957.41,0.06,0,0.44,0,1,0,0,0,1,0
CLI-004857,0,8,57,19,33.3,11,5.7,8,4,1,2,3.8,3,0,2781.58,0.0,0,0.31,0,0,0,1,0,1,0
CLI-000726,1,17,52,0,0.0,0,0.0,0,0,43,8,11.3,4,0,1344.9,0.08,1,0.0,1,0,0,0,0,0,1
CLI-000566,0,13,1,1,100.0,57,30.6,4,5,0,1,33.6,2,0,12.04,0.0,0,0.5,0,0,0,1,0,0,1
CLI-000147,0,23,194,74,38.1,1,0.2,18,9,4,0,3.8,4,0,18865.05,0.01,0,0.45,0,0,1,0,0,0,1
CLI-004869,0,15,2,2,100.0,83,47.8,3,5,2,3,37.9,2,0,24.46,0.0,0,0.38,0,0,0,1,0,0,1
CLI-004471,1,15,10,3,30.0,9,5.5,4,3,1,5,29.4,2,0,109.55,0.0,0,0.5,0,0,0,1,0,0,1
CLI-001030,0,6,56,35,62.5,14,0.7,1,1,9,3,11.9,4,0,977.86,0.05,0,0.06,0,1,0,0,0,1,0
CLI-003870,1,9,4,2,50.0,25,14.1,3,2,1,3,28.2,4,0,52.18,0.0,0,0.38,0,1,0,0,0,1,0
CLI-003607,1,14,6,0,0.0,0,0.0,0,0,64,1,26.5,3,0,73.51,0.15,1,0.0,0,0,0,1,0,0,1
CLI-002844,1,10,43,9,20.9,3,0.9,5,2,3,6,7.6,3,1,1924.07,0.01,0,0.19,1,0,0,0,0,1,0
CLI-003578,0,16,22,11,50.0,11,6.6,4,3,2,4,24.3,4,0,289.22,0.0,0,0.5,0,0,1,0,0,0,1
CLI-000623,0,12,112,13,50.0,1,5.7,2,5,5,7,18.6,2,0,3245.93,0.01,0,0.12,0,0,0,1,0,1,0
CLI-000535,0,5,5,2,40.0,28,3.0,9,1,1,0,10.65,3,1,125.0,0.01,0,0.56,0,1,0,0,0,1,0
CLI-001235,0,25,53,40,75.5,44,16.9,6,4,2,11,21.3,1,0,1283.69,0.0,0,0.38,1,0,0,0,0,0,1
CLI-003282,0,2,51,34,66.7,46,26.2,10,0,1,0,10.65,4,0,2110.83,0.02,0,0.38,0,0,0,1,1,0,0
CLI-002979,0,18,51,15,29.4,8,0.4,3,6,2,1,8.0,3,1,1263.93,0.0,0,0.19,0,0,0,1,0,0,1
CLI-000244,0,7,135,63,46.7,5,1.4,8,2,9,0,3.5,5,2,9970.85,0.04,0,0.2,0,1,0,0,0,1,0
CLI-004943,1,1,4,1,25.0,5,1.5,2,0,5,10,43.5,1,3,44.01,0.17,0,0.25,1,0,0,0,1,0,0
CLI-001555,0,20,49,10,20.4,1,0.1,6,2,13,0,9.3,5,0,1403.28,0.02,0,0.38,0,0,0,1,0,0,1
CLI-002891,1,7,646,0,0.0,0,0.0,0,0,40,4,3.3,2,1,58331.06,0.19,1,0.0,0,0,0,1,0,1,0
CLI-004863,0,28,201,109,54.2,46,27.3,2,2,1,0,10.65,4,0,3159.2,0.0,0,0.25,0,0,1,0,0,0,1
CLI-003364,0,1,35,18,51.4,30,2.0,6,0,0,2,10.65,3,0,969.02,0.0,0,0.38,0,1,0,0,1,0,0
CLI-003610,1,1,50,5,50.0,1,0.2,1,0,14,1,13.8,3,2,1396.91,0.47,0,0.06,0,0,0,1,1,0,0
CLI-004451,0,21,7,3,42.9,18,9.9,4,3,2,4,32.5,5,0,83.93,0.0,0,0.5,0,0,0,1,0,0,1
CLI-001063,0,25,57,17,29.8,1,5.7,2,5,22,13,11.2,2,0,2229.54,0.03,0,0.08,0,0,0,1,0,0,1
CLI-001653,0,14,722,396,54.8,16,3.3,8,2,4,3,11.9,3,1,29728.4,0.01,0,0.31,0,0,0,1,0,0,1
CLI-001100,0,11,4,2,50.0,24,7.4,5,4,1,3,12.4,3,0,90.39,0.0,0,0.31,0,0,0,1,0,1,0
CLI-002126,1,2,3,1,33.3,1,0.1,0,1,11,2,10.7,3,0,78.64,0.18,0,0.0,0,1,0,0,1,0,0
CLI-001035,0,4,16,7,43.8,22,12.3,5,0,1,1,12.3,3,0,406.06,0.01,0,0.31,0,1,0,0,0,1,0
CLI-003522,0,14,30,21,70.0,41,24.2,4,5,1,3,24.0,3,1,421.0,0.0,0,0.5,0,0,0,1,0,0,1
CLI-001147,0,8,7,4,57.1,19,5.5,13,1,0,5,4.9,2,2,567.71,0.0,0,0.32,1,0,0,0,0,1,0
CLI-000714,1,10,40,36,90.0,50,27.7,6,5,1,10,17.6,2,1,1012.86,0.0,0,0.38,1,0,0,0,0,1,0
CLI-002242,0,8,92,67,72.8,48,38.7,16,0,1,3,3.7,4,1,4476.05,0.0,0,0.62,0,0,0,1,0,1,0
CLI-001250,1,26,40,0,0.0,0,0.0,0,0,71,0,9.4,3,0,1014.38,0.09,1,0.0,1,0,0,0,0,0,1
CLI-002361,0,12,26,17,50.0,27,13.0,10,1,0,2,14.4,3,1,702.77,0.0,0,0.62,0,1,0,0,0,1,0
CLI-000268,0,7,261,30,11.5,1,0.3,1,2,9,0,7.9,4,0,9826.75,0.04,0,0.04,0,0,0,1,0,1,0
CLI-004112,0,11,4,3,75.0,58,13.0,3,2,1,4,29.9,3,0,46.25,0.0,0,0.38,0,0,0,1,0,1,0
CLI-004956,0,17,203,104,51.2,7,1.7,3,4,2,3,19.7,3,0,5510.42,0.0,0,0.19,0,0,0,1,0,0,1
CLI-003050,0,18,6,2,33.3,9,7.4,5,2,1,5,10.65,4,0,137.27,0.0,0,0.31,0,0,0,1,0,0,1
CLI-000752,0,10,6,4,66.7,15,5.9,3,4,0,2,10.2,3,0,141.72,0.0,0,0.19,0,0,0,1,0,1,0
CLI-004747,1,6,5,2,40.0,19,6.2,7,1,2,0,11.8,4,1,111.4,0.01,0,0.44,0,0,0,1,0,1,0
CLI-004202,0,20,57,43,50.0,53,42.1,22,2,1,0,0.5,4,0,5498.16,0.0,0,0.55,0,0,0,1,0,0,1
CLI-003274,0,6,44,37,84.1,65,30.7,22,0,0,1,1.0,3,1,4202.33,0.0,0,0.55,0,0,0,1,0,1,0
CLI-000738,0,10,107,75,70.1,43,5.7,9,1,1,4,15.8,4,0,2845.35,0.0,0,0.56,0,0,0,1,0,1,0
CLI-001116,0,5,11,3,27.3,2,5.7,5,0,14,6,11.4,4,1,288.95,0.09,0,0.31,0,1,0,0,0,1,0
CLI-003944,0,16,11,7,63.6,27,5.7,7,5,0,2,12.5,5,0,301.29,0.0,0,0.44,0,0,1,0,0,0,1
CLI-004432,0,13,34,25,73.5,51,27.5,10,3,0,1,13.0,4,0,950.88,0.0,0,0.62,0,0,1,0,0,0,1
CLI-003868,0,16,19,9,47.4,13,7.2,3,3,0,1,22.4,4,0,255.2,0.0,0,0.38,0,0,1,0,0,0,1
CLI-003070,0,24,11,9,81.8,66,31.6,11,1,1,0,6.3,5,0,311.02,0.0,0,0.69,0,1,0,0,0,0,1
CLI-002341,1,8,14,13,92.9,56,49.5,11,1,0,1,9.0,4,1,366.48,0.0,0,0.69,0,1,0,0,0,1,0
CLI-004669,1,18,181,49,27.1,1,5.7,4,2,30,5,13.9,4,0,3140.16,0.06,1,0.25,0,0,0,1,0,0,1
CLI-003444,1,1,9,0,0.0,0,0.0,0,0,30,2,9.4,5,2,170.43,1.0,1,0.0,1,0,0,0,1,0,0
CLI-004657,0,3,8,5,62.5,22,12.4,2,0,0,0,9.9,4,1,98.54,0.0,0,0.25,0,0,0,1,1,0,0
CLI-003340,0,9,177,60,33.9,7,0.4,5,2,7,4,3.8,3,1,7166.21,0.03,0,0.19,0,0,0,1,0,1,0
CLI-003033,0,12,8,5,62.5,28,7.7,4,4,0,5,9.6,3,0,222.68,0.0,0,0.25,0,1,0,0,0,1,0
CLI-002823,1,5,9,5,55.6,54,42.0,4,0,1,1,22.2,5,3,101.8,0.01,0,0.5,0,0,0,1,0,1,0
CLI-003490,0,11,9,3,33.3,12,3.6,8,3,4,0,6.3,5,1,223.16,0.01,0,0.5,0,0,1,0,0,1,0
CLI-001043,0,25,5,2,40.0,13,6.5,3,7,5,7,10.65,3,0,57.48,0.01,0,0.38,1,0,0,0,0,0,1
CLI-004860,0,8,52,25,48.1,22,15.9,4,2,0,0,7.4,5,0,493.37,0.0,0,0.5,0,1,0,0,0,1,0
CLI-000367,0,20,12,4,33.3,1,0.4,6,5,4,2,8.0,4,0,307.52,0.01,0,0.38,0,0,0,1,0,0,1
CLI-004680,0,14,6,2,33.3,8,5.1,4,2,3,4,20.4,5,0,69.14,0.01,0,0.5,0,0,0,1,0,0,1
CLI-001334,0,10,42,13,31.0,15,12.1,12,1,9,2,7.9,3,2,1812.89,0.03,0,0.46,0,1,0,0,0,1,0
CLI-000145,0,7,1,1,50.0,85,20.4,6,0,1,4,18.4,3,2,21.35,0.0,0,0.38,0,0,0,1,0,1,0
CLI-000554,0,14,43,27,62.8,20,7.7,7,0,0,1,8.1,3,0,984.22,0.0,0,0.44,0,0,0,1,0,0,1
CLI-003843,0,11,40,12,30.0,12,2.8,16,3,1,2,8.5,3,0,2249.52,0.0,0,0.62,0,0,0,1,0,1,0
CLI-000871,0,18,10,8,80.0,42,43.1,4,7,0,1,21.3,3,0,128.64,0.0,0,0.5,0,0,0,1,0,0,1
CLI-000040,0,11,95,53,55.8,36,13.7,5,3,1,3,4.7,2,0,5442.41,0.0,0,0.19,0,0,0,1,0,1,0
CLI-004560,0,8,4,3,75.0,51,32.7,4,1,0,0,13.6,5,1,54.05,0.0,0,0.5,0,0,0,1,0,1,0
CLI-002594,1,15,15,0,0.0,0,0.0,0,0,46,5,14.9,1,0,336.74,0.1,1,0.0,1,0,0,0,0,0,1
CLI-001873,0,17,48,11,22.9,5,1.0,2,4,1,0,13.8,4,0,502.97,0.0,0,0.25,1,0,0,0,0,0,1
CLI-000148,1,1,55,44,80.0,73,35.3,5,0,1,3,25.2,3,4,678.82,0.03,0,0.62,0,1,0,0,1,0,0
CLI-001346,1,20,9,0,0.0,0,0.0,0,0,84,0,25.0,1,0,136.81,0.14,1,0.0,1,0,0,0,0,0,1
CLI-004840,0,34,9,2,22.2,1,0.1,4,7,5,0,6.9,4,0,279.42,0.0,0,0.25,1,0,0,0,0,0,1
CLI-002081,0,22,35,0,0.0,0,0.0,0,0,44,4,27.9,2,0,385.75,0.07,1,0.0,0,0,0,1,0,0,1
CLI-000576,0,12,5,2,40.0,9,3.1,3,2,1,2,9.2,3,1,129.31,0.0,0,0.19,0,0,0,1,0,1,0
CLI-000343,0,8,9,1,11.1,1,0.4,3,5,3,1,13.8,2,0,197.09,0.01,0,0.19,1,0,0,0,0,1,0
CLI-000514,0,1,418,141,33.7,2,0.9,15,0,17,2,0.5,5,2,31649.35,0.57,0,0.38,0,0,0,1,1,0,0
CLI-002133,0,17,1,1,100.0,73,28.2,15,3,2,5,5.8,2,0,55.62,0.0,0,0.58,0,0,0,1,0,0,1
CLI-001517,1,10,112,28,25.0,1,0.1,1,2,1,2,9.0,4,0,2619.07,0.0,0,0.06,0,1,0,0,0,1,0
CLI-000392,1,12,2,2,50.0,88,60.8,10,2,1,5,9.7,1,0,78.99,0.0,0,0.38,0,0,0,1,0,1,0
CLI-004660,0,3,10,2,50.0,1,0.3,2,0,12,1,27.3,2,1,115.28,0.13,0,0.25,1,0,0,0,1,0,0
CLI-000257,1,4,57,3,5.3,1,0.1,4,1,30,3,10.2,3,1,1010.12,0.25,1,0.25,1,0,0,0,0,1,0
CLI-003553,0,1,53,41,77.4,34,14.3,7,0,1,2,11.4,4,2,1262.79,0.03,0,0.44,0,0,0,1,1,0,0
CLI-000060,1,2,849,244,28.7,12,5.0,19,0,1,5,4.7,2,5,58810.66,0.02,0,0.48,0,0,0,1,1,0,0
CLI-004370,1,19,3,2,66.7,36,14.0,2,2,0,3,25.2,4,0,39.84,0.0,0,0.25,0,1,0,0,0,0,1
CLI-001565,1,14,47,11,23.4,1,0.2,0,1,6,0,20.1,4,0,609.26,0.01,0,0.0,1,0,0,0,0,0,1
CLI-004259,1,12,7,0,0.0,0,0.0,0,0,64,0,15.4,5,0,84.0,0.18,1,0.0,0,0,0,1,0,1,0
CLI-004995,0,6,14,8,57.1,41,5.7,11,0,3,1,10.5,3,3,392.02,0.02,0,0.69,0,1,0,0,0,1,0
CLI-001101,0,3,8,5,62.5,21,13.2,2,0,3,0,0.9,5,1,200.0,0.03,0,0.12,0,0,0,1,1,0,0
CLI-001058,0,18,110,93,84.5,68,44.1,9,4,2,1,6.3,4,0,4899.58,0.0,0,0.35,0,0,1,0,0,0,1
CLI-003645,0,17,32,10,31.2,1,0.1,0,6,10,0,10.65,3,0,336.92,0.02,0,0.0,1,0,0,0,0,0,1
CLI-002554,1,6,7,5,71.4,28,22.0,3,1,0,3,28.1,4,0,79.16,0.0,0,0.38,0,1,0,0,0,1,0
CLI-003315,0,7,9,3,33.3,10,5.3,1,2,2,0,9.7,5,0,201.25,0.01,0,0.06,0,1,0,0,0,1,0
CLI-004880,0,18,184,69,37.5,6,1.6,6,3,11,4,9.7,2,0,8622.35,0.02,0,0.23,1,0,0,0,0,0,1
CLI-004878,1,11,16,3,18.8,2,0.8,6,1,6,3,11.9,3,0,457.71,0.02,0,0.38,1,0,0,0,0,1,0
CLI-002389,0,15,466,172,36.9,19,8.7,9,5,4,1,7.6,3,0,21031.25,0.01,0,0.35,0,1,0,0,0,0,1
CLI-003258,0,2,210,134,63.8,38,17.3,14,2,0,4,9.7,3,3,11030.21,0.0,0,0.54,0,0,0,1,1,0,0
CLI-000330,0,23,181,144,79.6,65,43.4,15,2,2,1,1.2,5,0,15607.62,0.0,0,0.38,0,0,1,0,0,0,1
CLI-000471,0,6,11,3,27.3,1,0.1,2,2,25,4,26.7,3,0,107.68,0.14,0,0.25,0,0,0,1,0,1,0
CLI-004788,0,18,13,9,69.2,47,37.6,3,6,2,0,13.0,5,0,176.45,0.0,0,0.38,0,0,0,1,0,0,1
CLI-002411,0,2,46,20,50.0,14,1.7,10,0,0,6,10.65,2,1,2059.02,0.0,0,0.38,1,0,0,0,1,0,0
CLI-000286,0,14,21,17,81.0,71,35.9,4,4,2,0,12.4,4,1,262.21,0.0,0,0.5,0,0,1,0,0,0,1
CLI-000821,0,4,4,1,25.0,1,0.3,0,1,16,0,12.5,5,2,31.58,0.13,0,0.0,0,1,0,0,0,1,0
CLI-000450,0,9,43,30,69.8,50,29.9,10,1,0,6,12.1,1,0,1806.28,0.0,0,0.38,1,0,0,0,0,1,0
CLI-000897,1,2,11,6,54.5,25,18.2,8,2,1,2,14.4,3,3,279.56,0.02,0,0.5,0,0,0,1,1,0,0
CLI-003188,0,12,43,26,50.0,18,7.7,17,1,4,0,3.0,3,0,1944.39,0.01,0,0.65,0,0,0,1,0,1,0
CLI-003238,0,2,43,19,50.0,25,16.6,4,0,1,2,9.1,4,3,901.74,0.02,0,0.25,0,0,0,1,1,0,0
CLI-000086,0,12,9,1,11.1,1,0.1,0,4,6,0,18.0,4,0,78.05,0.02,0,0.0,1,0,0,0,0,1,0
CLI-004208,1,17,208,0,0.0,0,0.0,0,0,63,4,10.65,4,0,17566.33,0.12,1,0.0,0,0,0,1,0,0,1
CLI-000763,0,7,32,15,46.9,1,0.3,5,3,14,3,7.5,3,2,770.88,0.07,0,0.31,0,0,0,1,0,1,0
CLI-002358,1,1,11,6,54.5,1,0.4,5,0,1,5,20.6,2,7,320.92,0.03,0,0.31,1,0,0,0,1,0,0
CLI-001363,0,18,17,3,17.6,2,0.5,20,3,6,4,6.5,1,0,1357.54,0.01,0,0.5,1,0,0,0,0,0,1
CLI-001625,0,12,575,309,53.7,20,11.3,5,5,1,1,13.8,2,0,12584.54,0.0,0,0.31,1,0,0,0,0,1,0
CLI-001710,0,12,3,2,50.0,50,39.1,6,0,2,1,12.5,3,0,80.89,0.01,0,0.38,0,0,0,1,0,1,0
CLI-001503,0,1,47,40,85.1,84,65.3,11,0,0,3,15.0,4,4,1074.74,0.0,0,0.69,0,0,0,1,1,0,0
CLI-001174,0,6,44,34,77.3,89,72.2,11,1,0,0,13.9,3,0,1222.86,0.0,0,0.69,0,0,0,1,0,1,0
CLI-003747,0,13,35,31,88.6,101,59.2,9,2,1,2,13.2,5,1,1071.23,0.0,0,0.56,0,1,0,0,0,0,1
CLI-001508,0,3,149,36,24.2,3,1.3,2,0,2,2,10.6,5,0,3424.16,0.02,0,0.12,1,0,0,0,1,0,0
CLI-003054,1,12,59,12,20.3,3,0.2,5,6,16,1,11.5,4,2,1662.46,0.04,0,0.31,1,0,0,0,0,1,0
CLI-002146,0,11,37,8,21.6,2,0.8,6,3,20,7,13.8,3,0,783.41,0.06,0,0.38,1,0,0,0,0,1,0
CLI-002669,0,11,8,7,87.5,68,61.3,17,0,1,0,3.7,4,1,542.87,0.0,0,0.42,0,0,0,1,0,1,0
CLI-003496,0,9,4,2,50.0,17,5.7,2,0,2,0,19.5,3,0,45.07,0.01,0,0.25,0,0,0,1,0,1,0
CLI-004303,1,8,183,83,45.4,16,11.8,9,2,5,3,3.1,3,1,7816.91,0.02,0,0.35,0,1,0,0,0,1,0
CLI-001396,0,20,128,67,52.3,30,20.4,9,6,0,3,12.6,4,0,3458.3,0.0,0,0.56,0,0,1,0,0,0,1
CLI-003176,0,8,8,2,25.0,1,0.1,3,5,16,6,12.6,3,1,173.27,0.07,0,0.19,0,0,0,1,0,1,0
CLI-003300,0,1,53,44,83.0,49,18.7,3,1,0,0,10.65,5,2,1232.87,0.0,0,0.19,0,1,0,0,1,0,0
CLI-002651,0,1,15,10,66.7,45,18.4,9,0,1,2,12.5,4,1,345.68,0.03,0,0.56,0,1,0,0,1,0,0
CLI-001959,0,9,36,13,36.1,1,0.2,4,2,29,0,10.6,4,0,962.98,0.11,0,0.25,0,0,0,1,0,1,0
CLI-001727,0,10,52,33,63.5,28,4.1,5,2,7,2,19.3,3,0,1203.39,0.02,0,0.31,0,0,0,1,0,1,0
CLI-003786,0,13,8,5,62.5,4,1.9,11,3,1,1,9.1,3,1,337.09,0.0,0,0.42,0,0,0,1,0,0,1
CLI-002193,1,4,10,2,20.0,1,0.1,3,1,1,3,14.6,3,1,273.73,0.01,0,0.19,0,0,0,1,0,1,0
CLI-000099,0,14,7,5,71.4,45,28.3,4,3,0,1,22.1,3,1,62.76,0.0,0,0.5,0,0,0,1,0,0,1
CLI-003954,0,1,15,6,40.0,16,6.3,6,0,0,0,10.65,3,3,362.39,0.0,0,0.38,0,0,0,1,1,0,0
CLI-002660,0,20,27,17,63.0,61,34.5,16,7,1,4,9.0,4,0,1327.81,0.0,0,0.62,0,0,0,1,0,0,1
CLI-001176,1,3,6,1,16.7,1,0.3,3,1,9,1,15.4,3,1,70.39,0.1,0,0.38,0,0,0,1,1,0,0
CLI-000888,1,18,1,0,0.0,0,0.0,0,0,133,0,9.1,5,0,29.62,0.25,1,0.0,1,0,0,0,0,0,1
CLI-000227,1,13,10,6,60.0,1,0.5,4,1,17,3,22.7,3,1,120.94,0.04,0,0.5,0,0,0,1,0,0,1
CLI-003943,1,6,141,0,50.0,0,0.0,0,0,77,3,8.3,4,0,5358.6,0.43,1,0.0,0,0,0,1,0,1,0
CLI-003324,0,20,6,3,50.0,30,22.6,4,6,2,1,25.2,3,0,75.18,0.0,0,0.5,0,1,0,0,0,0,1
CLI-003431,0,5,9,1,11.1,1,0.3,0,0,6,2,10.0,4,0,234.58,0.04,0,0.0,1,0,0,0,0,1,0
CLI-001636,0,4,48,39,81.2,68,51.7,12,0,4,0,5.2,5,3,1013.07,0.03,0,0.75,0,0,0,1,0,1,0
CLI-001132,0,7,167,118,70.7,50,20.1,10,4,1,1,14.4,5,0,4674.21,0.0,0,0.62,0,0,1,0,0,1,0
CLI-004328,0,4,785,304,38.7,7,0.7,3,0,2,0,10.65,4,0,43438.47,0.02,0,0.08,0,0,0,1,0,1,0
CLI-004835,1,19,6,2,33.3,7,3.0,6,2,1,0,9.5,5,0,155.99,0.0,0,0.38,0,1,0,0,0,0,1
CLI-003502,0,9,28,15,53.6,2,0.5,15,3,6,8,3.4,3,0,2197.96,0.02,0,0.38,0,0,0,1,0,1,0
CLI-000427,0,6,120,83,69.2,41,36.5,8,1,1,1,6.6,5,1,6073.66,0.01,0,0.31,0,1,0,0,0,1,0
CLI-003196,0,12,21,8,38.1,23,9.1,4,5,0,1,21.8,4,0,309.78,0.0,0,0.5,0,0,1,0,0,1,0
CLI-003863,1,7,56,16,28.6,1,0.3,4,2,18,7,10.65,3,0,2544.34,0.09,0,0.15,1,0,0,0,0,1,0
CLI-001831,1,2,11,3,27.3,6,3.3,9,0,0,5,7.7,2,1,483.27,0.0,0,0.35,0,0,0,1,1,0,0
CLI-004291,0,3,46,29,63.0,14,6.7,2,1,1,3,4.3,3,1,1366.27,0.01,0,0.08,0,0,0,1,1,0,0
CLI-000983,0,19,113,100,88.5,54,60.5,20,5,1,1,6.5,4,0,5756.46,0.0,0,0.77,0,0,0,1,0,0,1
CLI-002098,0,10,30,20,66.7,42,11.1,5,3,0,1,9.5,4,1,910.97,0.0,0,0.31,0,0,1,0,0,1,0
CLI-004654,0,13,621,546,87.9,78,36.5,11,4,1,0,4.8,4,0,30810.72,0.0,0,0.42,0,0,1,0,0,0,1
CLI-003847,0,16,5,3,60.0,17,2.0,9,6,1,0,2.9,5,0,198.27,0.0,0,0.35,0,0,0,1,0,0,1
CLI-003170,1,1,72,51,70.8,62,34.8,12,0,1,6,10.7,3,1,2853.19,0.03,0,0.46,0,1,0,0,1,0,0
CLI-003540,0,17,32,17,53.1,8,2.9,5,2,6,0,0.5,5,0,1564.33,0.01,0,0.19,0,0,0,1,0,0,1
CLI-004035,0,12,1,1,50.0,76,73.5,4,6,0,0,10.65,4,2,12.74,0.0,0,0.5,0,0,0,1,0,1,0
CLI-000170,1,3,25,22,88.0,71,45.5,3,0,0,3,27.2,3,3,241.98,0.0,0,0.38,0,0,0,1,1,0,0
CLI-001355,0,12,7,3,42.9,1,0.2,3,3,1,0,12.9,3,0,96.6,0.0,0,0.38,0,0,0,1,0,1,0
CLI-000541,0,7,9,4,44.4,9,4.0,4,0,2,0,8.9,3,1,186.58,0.01,0,0.25,0,1,0,0,0,1,0
CLI-000592,1,9,9,3,33.3,1,0.1,0,2,30,2,10.4,3,0,139.07,0.11,1,0.0,0,1,0,0,0,1,0
CLI-004742,1,1,9,2,22.2,1,0.3,1,0,8,0,23.5,2,1,93.44,0.27,0,0.12,0,0,0,1,1,0,0
CLI-004851,1,14,22,15,68.2,36,5.7,8,4,1,5,10.8,3,0,581.76,0.0,0,0.5,0,0,0,1,0,0,1
CLI-000485,0,10,30,21,70.0,75,39.1,10,2,0,0,6.0,3,0,1503.32,0.0,0,0.38,0,1,0,0,0,1,0
CLI-004017,1,16,7,1,14.3,1,0.2,5,2,22,5,15.6,3,0,199.9,0.05,0,0.31,0,0,0,1,0,0,1
CLI-000096,1,1,1,1,100.0,34,20.6,1,2,2,7,26.0,3,1,11.03,0.07,0,0.12,1,0,0,0,1,0,0
CLI-000154,0,8,5,3,60.0,1,5.7,5,5,20,2,12.0,3,0,122.09,0.08,0,0.31,0,0,0,1,0,1,0
CLI-001717,0,21,546,181,33.2,7,0.4,9,3,1,5,5.1,3,0,30569.07,0.0,0,0.35,0,1,0,0,0,0,1
CLI-001578,0,8,56,26,46.4,22,10.5,9,3,3,2,11.5,3,0,1307.7,0.01,0,0.56,0,0,0,1,0,1,0
CLI-004220,1,4,27,12,44.4,32,22.0,3,3,4,1,28.1,3,2,276.92,0.03,0,0.38,0,1,0,0,0,1,0
CLI-004615,0,3,9,7,77.8,33,24.3,3,2,1,3,31.8,4,1,97.12,0.01,0,0.38,0,0,0,1,1,0,0
CLI-001358,0,10,92,53,57.6,44,29.5,8,5,1,0,10.65,3,2,4427.64,0.0,0,0.31,0,0,0,1,0,1,0
CLI-000573,0,10,214,154,72.0,36,29.8,14,5,1,5,8.7,3,0,9734.89,0.0,0,0.54,0,1,0,0,0,1,0
CLI-004800,0,11,59,15,25.4,1,0.1,4,3,30,6,12.7,2,0,1481.82,0.09,1,0.25,0,0,0,1,0,1,0
CLI-003335,0,9,2,1,50.0,1,0.1,10,5,1,4,7.5,2,1,90.04,0.0,0,0.38,0,0,0,1,0,1,0
CLI-002285,0,14,285,188,66.0,1,0.3,11,5,8,3,2.4,2,0,23801.13,0.02,0,0.28,0,0,0,1,0,0,1
CLI-000804,0,22,45,10,22.2,5,5.7,2,2,8,0,7.7,5,0,561.54,0.01,0,0.25,0,0,0,1,0,0,1
CLI-000232,0,15,45,34,75.6,25,4.8,4,3,2,4,30.6,3,0,567.93,0.0,0,0.5,0,0,0,1,0,0,1
CLI-001859,0,18,11,4,36.4,14,6.7,3,6,0,0,19.9,5,0,171.25,0.0,0,0.38,0,0,0,1,0,0,1
CLI-003709,0,10,12,10,83.3,63,26.4,11,1,0,0,2.3,5,0,336.22,0.0,0,0.69,0,0,0,1,0,1,0
CLI-003662,0,12,7,4,57.1,23,3.4,6,3,5,5,11.1,2,1,245.72,0.01,0,0.23,0,0,0,1,0,1,0
CLI-003107,1,19,53,0,0.0,0,5.7,0,0,49,4,28.2,2,0,676.86,0.09,1,0.0,0,0,0,1,0,0,1
CLI-004187,1,9,28,2,7.1,1,0.1,0,0,4,5,35.8,2,0,211.47,0.01,0,0.0,0,0,0,1,0,1,0
CLI-000019,0,9,21,8,38.1,17,9.0,9,2,0,2,6.7,3,1,856.39,0.0,0,0.35,0,0,0,1,0,1,0
CLI-002745,0,12,11,8,72.7,32,9.9,2,3,0,0,19.1,4,1,128.53,0.0,0,0.25,0,0,1,0,0,1,0
CLI-002351,1,7,3,1,33.3,16,5.0,3,1,0,2,20.7,4,0,36.54,0.0,0,0.38,0,1,0,0,0,1,0
CLI-003055,0,14,199,123,61.8,25,8.3,8,1,1,1,10.65,3,0,5044.38,0.0,0,0.5,0,1,0,0,0,0,1
CLI-004584,1,1,8,5,62.5,35,20.7,3,0,1,1,10.65,4,2,99.86,0.03,0,0.38,0,0,0,1,1,0,0
CLI-000758,1,11,196,33,50.0,1,0.1,1,1,7,0,8.3,4,0,4519.64,0.02,0,0.06,1,0,0,0,0,1,0
CLI-003637,0,11,9,8,88.9,80,46.5,6,2,1,2,26.6,3,1,96.42,0.0,0,0.75,0,0,0,1,0,1,0
CLI-001518,0,24,8,7,50.0,71,5.7,3,2,2,8,31.8,1,0,109.34,0.0,0,0.38,1,0,0,0,0,0,1
CLI-003395,0,14,23,14,60.9,17,4.3,8,1,3,8,21.7,1,0,491.03,0.01,0,0.5,1,0,0,0,0,0,1
CLI-001532,0,8,9,4,44.4,9,5.7,5,3,2,0,4.9,5,1,107.75,0.01,0,0.62,0,0,0,1,0,1,0
CLI-003317,0,1,11,9,81.8,78,54.0,17,1,1,1,3.2,5,0,436.26,0.03,0,0.65,0,1,0,0,1,0,0
CLI-000994,1,1,7,2,28.6,2,0.3,1,0,0,7,38.2,2,2,71.43,0.0,0,0.12,0,0,0,1,1,0,0
CLI-002122,0,6,5,1,20.0,2,0.1,1,1,16,5,40.1,1,0,46.86,0.09,0,0.12,1,0,0,0,0,1,0
CLI-002418,1,7,55,27,49.1,27,19.8,8,0,0,4,17.9,2,0,1269.72,0.0,0,0.5,0,0,0,1,0,1,0
CLI-004360,0,2,10,6,60.0,34,4.6,15,1,1,0,10.65,4,0,368.5,0.02,0,0.58,0,1,0,0,1,0,0
CLI-002609,1,1,22,10,45.5,22,14.5,6,0,1,2,10.65,4,0,516.12,0.03,0,0.38,0,1,0,0,1,0,0
CLI-001275,0,22,3,2,66.7,66,60.5,6,4,1,1,10.65,5,0,36.0,0.0,0,0.75,0,0,1,0,0,0,1
CLI-003390,0,22,11,1,9.1,1,0.3,2,4,5,5,10.2,3,0,223.03,0.01,0,0.12,0,0,0,1,0,0,1
CLI-003024,0,20,16,7,43.8,7,1.9,14,2,5,1,8.5,3,0,797.13,0.01,0,0.54,0,0,0,1,0,0,1
CLI-001912,0,11,8,0,0.0,0,5.7,0,0,31,0,15.0,5,1,108.44,0.09,1,0.0,0,0,0,1,0,1,0
CLI-002421,0,9,13,8,61.5,29,5.7,9,2,1,5,7.1,5,0,600.43,0.0,0,0.35,0,0,0,1,0,1,0
CLI-000925,0,27,1,1,100.0,57,42.0,5,11,1,8,40.1,2,0,13.27,0.0,0,0.62,0,0,0,1,0,0,1
CLI-002073,1,15,85,68,80.0,48,28.2,8,2,1,8,19.6,1,0,1919.79,0.0,0,0.5,1,0,0,0,0,0,1
CLI-000294,0,23,3,2,50.0,59,31.8,6,4,0,0,10.65,3,0,88.25,0.0,0,0.38,0,0,0,1,0,0,1
CLI-000112,0,14,13,11,84.6,65,29.6,14,3,0,0,1.1,5,0,751.95,0.0,0,0.54,0,0,0,1,0,0,1
CLI-001371,0,10,39,17,43.6,7,1.3,10,5,2,1,4.5,2,0,1904.54,0.01,0,0.38,0,0,0,1,0,1,0
CLI-002476,1,3,10,1,10.0,1,0.3,0,1,10,0,10.3,4,0,213.61,0.11,0,0.0,0,0,0,1,1,0,0
CLI-001453,0,30,197,137,69.5,32,4.4,13,0,0,0,2.4,5,0,9261.99,0.0,0,0.5,0,0,0,1,0,0,1
CLI-000468,0,1,7,3,42.9,36,39.2,11,0,1,0,3.9,5,3,299.42,0.03,0,0.42,0,0,0,1,1,0,0
CLI-003689,0,9,18,16,88.9,64,5.7,9,4,0,7,18.9,3,0,564.95,0.0,0,0.56,0,0,0,1,0,1,0
CLI-000850,0,11,5,2,40.0,1,0.3,6,3,9,3,0.8,3,1,201.38,0.03,0,0.23,0,1,0,0,0,1,0
CLI-004051,1,12,6,2,50.0,3,1.0,0,2,3,1,33.4,2,1,63.65,0.01,0,0.0,0,0,0,1,0,1,0
CLI-004206,0,19,218,87,39.9,30,11.8,10,5,1,0,7.0,4,0,9810.0,0.0,0,0.38,0,0,1,0,0,0,1
CLI-003518,0,3,1,1,100.0,84,102.0,11,0,0,6,10.1,3,0,27.02,0.0,0,0.69,0,0,0,1,1,0,0
CLI-004195,0,14,258,201,77.9,71,38.4,32,2,3,0,1.9,3,0,22929.24,0.01,0,0.8,0,0,0,1,0,0,1
CLI-001597,1,16,7,4,57.1,26,15.2,4,2,2,2,30.8,2,0,84.02,0.0,0,0.5,1,0,0,0,0,0,1
CLI-004576,0,21,101,15,14.9,1,0.3,3,1,4,0,5.5,4,0,4863.32,0.01,0,0.12,0,0,0,1,0,0,1
CLI-001114,1,7,8,2,25.0,4,0.2,3,1,17,1,22.9,3,0,83.11,0.08,0,0.38,0,0,0,1,0,1,0
CLI-000942,0,9,97,77,79.4,57,5.7,8,3,1,4,11.0,3,1,2417.45,0.0,0,0.5,0,0,0,1,0,1,0
CLI-000933,1,5,7,0,0.0,0,0.0,0,0,56,3,5.1,3,2,458.12,0.37,1,0.0,0,0,0,1,0,1,0
CLI-002685,1,3,51,25,49.0,21,2.7,3,0,0,3,12.8,4,0,1414.48,0.0,0,0.19,0,0,0,1,1,0,0
CLI-000430,0,13,54,48,88.9,74,37.0,3,2,1,5,23.4,4,0,806.84,0.0,0,0.38,0,1,0,0,0,0,1
CLI-002112,0,14,34,23,67.6,21,5.7,7,2,3,1,13.0,4,0,855.76,0.01,0,0.44,0,0,0,1,0,0,1
CLI-003370,0,12,3,1,33.3,1,0.3,4,3,6,1,17.9,3,1,40.6,0.02,0,0.5,0,0,0,1,0,1,0
CLI-003389,0,23,2,1,50.0,27,8.9,3,2,1,0,20.0,5,0,24.0,0.0,0,0.38,0,1,0,0,0,0,1
CLI-000041,1,4,1,1,100.0,1,0.3,3,1,28,3,10.1,2,0,17.95,0.23,0,0.19,0,0,0,1,0,1,0
CLI-004309,0,11,11,6,54.5,13,5.6,3,2,2,0,11.6,5,0,116.43,0.01,0,0.38,0,1,0,0,0,1,0
CLI-003936,1,5,4,1,25.0,8,3.7,2,0,2,6,10.65,2,1,42.45,0.01,0,0.25,0,0,0,1,0,1,0
CLI-004990,1,2,188,125,66.5,56,9.0,17,0,0,9,4.4,3,0,18391.96,0.0,0,0.42,0,0,0,1,1,0,0
CLI-001007,0,4,33,22,66.7,58,31.6,8,1,0,1,12.2,3,0,907.1,0.0,0,0.5,0,1,0,0,0,1,0
CLI-004183,0,7,71,37,52.1,44,5.7,13,0,2,0,10.65,3,1,6134.2,0.01,0,0.32,0,0,0,1,0,1,0
CLI-002802,0,11,155,52,33.5,8,1.0,7,1,2,4,6.2,2,0,6856.45,0.01,0,0.27,1,0,0,0,0,1,0
CLI-000894,1,10,4,3,75.0,73,57.9,6,3,0,0,10.65,4,1,118.06,0.0,0,0.38,0,0,0,1,0,1,0
CLI-004611,0,17,3,2,66.7,62,30.3,5,4,0,1,16.6,4,0,33.6,0.0,0,0.62,0,0,0,1,0,0,1
CLI-001148,0,3,40,10,25.0,2,5.7,10,0,3,0,0.7,5,1,1960.42,0.03,0,0.38,0,1,0,0,1,0,0
CLI-002963,0,9,5,2,40.0,11,4.7,2,1,1,8,16.2,3,1,139.77,0.0,0,0.12,1,0,0,0,0,1,0
CLI-003841,0,10,13,12,92.3,107,72.6,18,4,0,6,10.65,4,0,512.14,0.0,0,0.69,0,0,1,0,0,1,0
CLI-001991,0,27,49,18,36.7,10,6.5,9,8,5,2,4.1,3,0,2614.17,0.01,0,0.35,0,1,0,0,0,0,1
CLI-002929,0,29,56,45,80.4,61,25.0,7,6,1,1,14.1,3,0,1571.81,0.0,0,0.44,0,0,0,1,0,0,1
CLI-003233,0,7,55,42,76.4,49,31.4,6,3,0,0,11.2,3,0,1490.2,0.0,0,0.38,0,0,0,1,0,1,0
CLI-003635,0,6,56,33,58.9,33,15.6,2,3,0,2,20.2,3,1,553.25,0.0,0,0.25,0,0,0,1,0,1,0
CLI-001268,0,9,1,1,100.0,4,2.9,2,4,5,2,19.8,4,1,9.11,0.02,0,0.25,0,0,0,1,0,1,0
CLI-000129,0,4,28,21,75.0,82,55.2,25,0,2,0,3.0,5,1,2367.1,0.02,0,0.62,0,0,0,1,0,1,0
CLI-003896,0,15,50,32,64.0,33,6.7,22,3,0,0,0.5,5,0,4636.02,0.0,0,0.55,0,0,0,1,0,0,1
CLI-002950,0,10,2,1,50.0,13,4.0,1,3,2,0,3.7,4,0,48.41,0.01,0,0.06,0,0,1,0,0,1,0
CLI-001110,0,1,40,18,45.0,12,11.6,6,0,5,0,10.5,4,3,888.26,0.17,0,0.38,0,1,0,0,1,0,0
CLI-000962,0,8,179,117,65.4,43,8.1,11,2,3,2,4.8,4,0,8050.34,0.01,0,0.42,0,0,0,1,0,1,0
CLI-004197,0,15,11,3,27.3,11,4.6,2,5,1,0,11.0,3,0,149.93,0.0,0,0.25,0,0,0,1,0,0,1
CLI-000831,0,30,11,6,50.0,1,0.3,3,8,1,5,4.9,3,0,847.56,0.0,0,0.08,0,0,0,1,0,0,1
CLI-004124,0,17,97,31,32.0,4,0.2,9,1,2,1,17.6,3,0,1856.64,0.0,0,0.56,0,0,0,1,0,0,1
CLI-003046,0,11,10,6,60.0,24,15.4,6,3,5,1,10.0,5,2,259.57,0.02,0,0.38,0,0,1,0,0,1,0
CLI-002359,0,14,10,4,40.0,10,1.6,5,3,2,1,8.3,3,0,547.32,0.0,0,0.19,0,0,0,1,0,0,1
CLI-001444,0,14,13,7,53.8,26,18.4,5,5,0,0,1.1,5,0,331.18,0.0,0,0.31,0,0,0,1,0,0,1
CLI-002162,0,4,11,10,90.9,56,47.5,7,0,1,3,15.5,4,1,287.56,0.01,0,0.44,0,1,0,0,0,1,0
CLI-004635,0,26,215,138,64.2,63,11.7,15,6,3,0,5.3,5,0,11834.14,0.0,0,0.58,0,0,0,1,0,0,1
CLI-004999,0,8,41,18,43.9,28,14.8,6,3,7,0,2.9,3,1,1865.51,0.03,0,0.23,0,0,0,1,0,1,0
CLI-004726,1,2,604,202,33.4,3,0.2,1,0,3,5,7.3,2,1,47473.24,0.05,0,0.02,0,0,0,1,1,0,0
CLI-000793,1,14,28,14,50.0,11,3.3,1,2,6,5,17.9,3,0,355.71,0.01,0,0.12,0,0,0,1,0,0,1
CLI-001237,0,8,27,8,29.6,12,4.7,6,1,0,2,6.7,4,1,1170.16,0.0,0,0.23,0,0,0,1,0,1,0
CLI-003012,0,15,56,19,33.9,7,1.8,3,4,1,0,4.9,3,0,1235.64,0.0,0,0.19,0,1,0,0,0,0,1
CLI-004452,0,1,16,11,68.8,45,38.4,6,0,0,0,13.0,5,3,392.98,0.0,0,0.38,0,0,0,1,1,0,0
CLI-004872,0,11,54,16,29.6,1,0.1,3,3,5,2,7.7,5,0,1407.37,0.02,0,0.19,0,0,0,1,0,1,0
CLI-002331,0,11,8,3,37.5,3,0.5,0,1,3,5,32.9,3,1,109.74,0.01,0,0.0,0,1,0,0,0,1,0
CLI-002729,1,30,11,4,36.4,6,4.0,3,7,0,6,21.2,3,0,136.78,0.0,0,0.38,0,0,0,1,0,0,1
CLI-000907,0,19,1,1,100.0,4,0.2,3,6,6,4,34.4,2,0,11.92,0.01,0,0.38,1,0,0,0,0,0,1
CLI-004430,0,11,7,5,71.4,58,40.8,13,4,1,0,10.1,5,0,193.42,0.0,0,0.81,0,0,1,0,0,1,0
CLI-000352,0,8,128,116,90.6,83,31.3,9,0,0,1,12.8,3,0,3098.68,0.0,0,0.56,0,1,0,0,0,1,0
CLI-004517,0,7,6,2,33.3,1,0.1,2,2,2,2,23.8,4,0,60.78,0.01,0,0.25,0,1,0,0,0,1,0
CLI-002951,0,2,45,27,60.0,12,9.7,5,1,7,1,10.8,4,3,956.38,0.12,0,0.31,0,0,0,1,1,0,0
CLI-001127,0,15,6,2,33.3,1,0.7,0,1,11,5,27.6,3,1,73.37,0.02,0,0.0,0,1,0,0,0,0,1
CLI-002022,0,12,17,7,41.2,2,1.3,3,6,13,5,15.4,3,0,446.9,0.04,0,0.19,1,0,0,0,0,1,0
CLI-002607,1,5,25,13,52.0,23,5.7,3,0,1,6,35.6,3,4,318.77,0.01,0,0.38,0,0,0,1,0,1,0
CLI-000564,1,1,116,0,0.0,0,0.0,0,0,30,4,3.7,3,2,8284.23,1.0,1,0.0,1,0,0,0,1,0,0
CLI-000600,0,9,9,4,44.4,7,0.4,6,0,1,0,10.65,5,0,240.37,0.0,0,0.38,0,1,0,0,0,1,0
CLI-002257,1,1,46,10,21.7,1,0.1,7,0,30,2,10.65,3,2,1800.79,1.0,1,0.27,0,0,0,1,1,0,0
CLI-001161,0,7,4,2,50.0,15,7.5,2,2,2,0,15.2,5,2,43.99,0.01,0,0.25,0,1,0,0,0,1,0
CLI-000791,1,3,679,81,11.9,1,0.1,4,0,1,5,11.0,2,2,26445.87,0.01,0,0.15,0,0,0,1,1,0,0
CLI-000594,0,14,3,3,100.0,106,81.1,13,2,0,6,17.5,3,0,87.2,0.0,0,0.81,0,0,0,1,0,0,1
CLI-004290,0,6,4,1,25.0,3,0.9,2,4,4,0,15.9,3,1,55.24,0.02,0,0.25,0,0,0,1,0,1,0
CLI-004450,0,13,57,25,43.9,4,2.3,10,4,12,0,3.8,4,0,2620.38,0.03,0,0.38,0,1,0,0,0,0,1
CLI-004207,0,1,22,10,45.5,15,8.8,10,2,0,0,4.2,3,1,794.72,0.0,0,0.38,0,0,0,1,1,0,0
CLI-001385,0,11,76,22,28.9,7,0.9,11,0,2,1,4.7,3,1,3314.74,0.01,0,0.42,0,1,0,0,0,1,0
CLI-003887,1,10,11,8,72.7,40,12.4,7,0,1,6,19.9,3,0,322.01,0.0,0,0.44,0,0,0,1,0,1,0
CLI-000689,0,1,41,27,65.9,29,11.6,7,0,2,1,8.9,3,1,1099.09,0.07,0,0.44,0,1,0,0,1,0,0
CLI-002511,0,1,1,1,100.0,66,19.7,7,0,1,1,5.7,4,0,20.4,0.03,0,0.44,0,1,0,0,1,0,0
CLI-004638,0,12,56,44,78.6,70,5.7,11,3,0,0,10.1,3,0,1484.57,0.0,0,0.69,0,0,1,0,0,1,0
CLI-000407,0,23,6,2,33.3,1,0.1,0,7,3,4,15.3,3,0,134.62,0.0,0,0.0,0,0,0,1,0,0,1
CLI-004787,0,10,231,159,68.8,56,19.5,15,1,1,0,4.0,5,1,9905.13,0.0,0,0.58,0,0,0,1,0,1,0
CLI-004618,0,1,88,29,33.0,17,3.6,9,0,2,5,6.0,3,1,4306.18,0.07,0,0.35,0,0,0,1,1,0,0
CLI-001096,0,10,48,14,29.2,5,0.9,3,2,2,2,11.5,3,0,1242.47,0.01,0,0.19,0,1,0,0,0,1,0
CLI-002603,1,1,7,3,42.9,16,1.1,9,0,1,5,12.7,3,2,156.74,0.03,0,0.56,0,0,0,1,1,0,0
CLI-004070,0,17,8,7,87.5,80,34.4,3,7,0,1,26.1,3,0,115.41,0.0,0,0.38,0,0,0,1,0,0,1
CLI-000743,0,4,37,25,67.6,43,17.5,14,1,0,5,9.0,2,1,1987.29,0.0,0,0.54,0,0,0,1,0,1,0
CLI-004409,0,2,22,12,54.5,18,9.0,4,1,1,0,14.0,4,1,288.35,0.02,0,0.5,0,0,0,1,1,0,0
CLI-003113,0,15,43,17,39.5,6,2.1,5,7,6,3,11.4,3,0,1203.14,0.01,0,0.31,0,0,0,1,0,0,1
CLI-001978,1,14,32,9,28.1,1,0.1,9,5,10,5,5.0,2,1,1209.05,0.02,0,0.35,0,0,0,1,0,0,1
CLI-004025,0,14,72,66,91.7,111,109.2,8,3,1,1,11.5,5,0,2104.31,0.0,0,0.5,0,0,1,0,0,0,1
CLI-002985,0,18,136,66,48.5,23,8.1,6,3,1,0,5.5,3,0,3203.53,0.0,0,0.38,0,1,0,0,0,0,1
CLI-000546,0,8,274,229,83.6,82,46.7,12,2,1,2,9.8,3,1,10928.3,0.0,0,0.46,0,0,0,1,0,1,0
CLI-004794,0,1,36,24,66.7,53,42.0,16,0,0,0,2.3,5,2,2964.09,0.0,0,0.4,0,1,0,0,1,0,0
CLI-000999,0,11,37,14,37.8,9,2.4,9,2,4,4,9.2,3,0,952.33,0.01,0,0.56,1,0,0,0,0,1,0
CLI-000833,0,18,116,53,45.7,23,11.7,16,2,1,0,2.5,5,0,8482.77,0.0,0,0.4,0,1,0,0,0,0,1
CLI-001343,0,14,26,14,53.8,19,9.0,10,2,1,1,1.5,4,0,1695.1,0.0,0,0.25,0,0,0,1,0,0,1
CLI-001184,1,12,9,3,33.3,1,0.5,1,2,12,4,19.6,3,1,110.56,0.03,0,0.12,0,1,0,0,0,1,0
CLI-003947,0,20,42,25,59.5,27,5.6,5,4,0,2,10.65,4,0,1076.69,0.0,0,0.31,0,0,0,1,0,0,1
CLI-003383,0,23,28,21,75.0,50,40.6,8,6,2,1,7.8,4,0,905.78,0.0,0,0.5,0,0,0,1,0,0,1
CLI-004964,0,33,11,3,27.3,17,8.4,9,4,0,5,7.0,4,0,626.64,0.0,0,0.35,0,0,0,1,0,0,1
CLI-004335,1,24,7,3,42.9,16,3.5,0,7,0,0,35.6,3,0,69.49,0.0,0,0.0,0,1,0,0,0,0,1
CLI-003682,0,10,7,2,28.6,1,0.3,2,4,3,3,22.3,3,0,85.76,0.01,0,0.25,0,1,0,0,0,1,0
CLI-004374,1,7,15,11,73.3,38,15.0,8,0,1,1,19.1,2,0,437.85,0.0,0,0.5,1,0,0,0,0,1,0
CLI-002611,0,1,192,138,50.0,27,10.9,6,0,2,2,10.3,3,2,9117.22,0.07,0,0.23,0,0,0,1,1,0,0
CLI-000653,0,1,13,11,50.0,62,51.7,6,0,0,2,15.2,4,3,253.99,0.0,0,0.38,0,0,0,1,1,0,0
CLI-003468,0,9,58,53,91.4,90,68.8,25,0,2,11,2.7,3,0,5701.5,0.01,0,0.62,0,0,0,1,0,1,0
CLI-001986,0,8,18,14,77.8,57,41.9,9,0,0,4,12.6,5,0,478.04,0.0,0,0.56,0,1,0,0,0,1,0
CLI-002992,1,7,7,2,28.6,1,0.3,3,2,5,4,6.7,4,1,226.05,0.02,0,0.12,0,0,0,1,0,1,0
CLI-000881,0,6,615,588,95.6,87,52.4,17,1,1,1,8.7,4,1,34003.36,0.01,0,0.65,0,0,0,1,0,1,0
CLI-003347,0,20,1,1,100.0,1,0.1,0,3,2,4,17.9,3,0,9.22,0.0,0,0.0,0,1,0,0,0,0,1
CLI-000356,0,6,132,98,74.2,48,30.8,6,1,0,5,10.65,3,0,3171.24,0.0,0,0.38,0,0,0,1,0,1,0
CLI-002519,0,16,2,1,50.0,15,4.4,7,3,1,7,2.7,1,0,169.34,0.0,0,0.18,1,0,0,0,0,0,1
CLI-004744,0,13,1,1,100.0,1,0.1,1,1,30,0,10.7,5,0,10.72,0.08,1,0.12,0,0,0,1,0,0,1
CLI-002392,0,1,41,27,65.9,21,13.7,3,0,0,2,22.0,5,1,447.49,0.0,0,0.38,0,0,0,1,1,0,0
CLI-002236,0,11,1,1,100.0,42,10.5,4,0,1,4,24.2,4,0,12.28,0.0,0,0.5,0,1,0,0,0,1,0
CLI-000543,1,3,115,42,36.5,1,5.7,4,0,21,0,6.4,5,3,2535.28,0.23,0,0.25,0,0,0,1,1,0,0
CLI-003688,1,4,34,11,32.4,4,0.2,2,1,5,5,41.3,1,0,343.21,0.04,0,0.25,0,0,0,1,0,1,0
CLI-003433,1,15,4,1,25.0,1,0.1,3,1,3,3,18.2,3,0,46.05,0.01,0,0.38,0,0,0,1,0,0,1
CLI-004536,1,8,59,7,11.9,1,0.1,0,2,26,5,14.8,3,0,1564.54,0.11,0,0.0,0,0,0,1,0,1,0
CLI-001430,0,13,7,4,57.1,28,10.1,6,4,1,1,14.8,3,0,147.68,0.0,0,0.38,0,0,0,1,0,0,1
CLI-002061,0,6,6,4,66.7,33,7.4,5,0,2,0,7.8,5,0,150.0,0.01,0,0.31,0,1,0,0,0,1,0
CLI-003676,0,6,21,13,61.9,27,2.2,3,2,0,0,14.4,4,2,252.0,0.0,0,0.38,0,1,0,0,0,1,0
CLI-004010,1,6,12,5,41.7,12,3.3,3,0,2,2,14.2,4,1,118.72,0.01,0,0.38,0,0,0,1,0,1,0
CLI-002070,0,13,149,126,84.6,63,17.9,10,3,3,4,7.3,3,0,6423.94,0.01,0,0.38,0,0,0,1,0,0,1
CLI-001222,1,7,2,1,50.0,1,0.1,0,2,30,5,21.8,2,0,17.98,0.14,1,0.0,0,0,0,1,0,1,0
CLI-003664,0,6,467,297,63.6,56,47.5,27,2,0,0,4.6,5,2,42134.9,0.0,0,0.68,0,1,0,0,0,1,0
CLI-000803,1,5,13,6,46.2,19,11.1,6,1,1,7,6.7,3,2,607.21,0.01,0,0.23,0,0,0,1,0,1,0
CLI-002040,0,16,6,3,50.0,29,1.5,1,6,1,2,22.3,3,0,68.39,0.0,0,0.12,0,0,1,0,0,0,1
CLI-002025,1,1,5,2,40.0,1,0.6,3,0,1,4,10.65,4,3,47.93,0.03,0,0.38,0,0,0,1,1,0,0
CLI-003321,0,2,134,42,31.3,1,0.1,5,0,30,2,4.1,5,2,11121.92,0.5,1,0.12,0,0,0,1,1,0,0
CLI-002080,0,1,278,125,45.0,12,4.6,1,0,7,0,12.9,5,1,3511.22,0.23,0,0.12,0,0,0,1,1,0,0
CLI-000778,0,3,524,219,41.8,10,3.1,12,0,7,4,6.6,2,1,44906.77,0.08,0,0.3,0,0,0,1,1,0,0
CLI-004473,0,18,116,42,36.2,1,0.4,5,4,11,1,10.65,3,0,6400.23,0.02,0,0.19,0,0,0,1,0,0,1
CLI-003204,1,1,38,0,0.0,0,0.0,0,0,30,6,28.5,3,0,409.78,1.0,1,0.0,0,0,0,1,1,0,0
CLI-000826,0,10,9,5,55.6,25,1.2,27,4,0,3,4.4,3,0,632.69,0.0,0,0.68,0,0,0,1,0,1,0
CLI-001928,1,1,6,4,66.7,10,3.4,3,0,2,1,10.0,5,4,71.83,0.07,0,0.38,0,1,0,0,1,0,0
CLI-000634,1,1,8,2,25.0,1,0.7,3,0,30,5,25.5,5,4,73.7,1.0,1,0.38,0,0,0,1,1,0,0
CLI-002505,1,16,49,0,0.0,0,0.0,0,0,45,1,13.2,3,0,918.34,0.09,1,0.0,1,0,0,0,0,0,1
CLI-002806,0,3,46,13,50.0,5,3.1,1,1,1,0,10.65,4,3,1952.88,0.01,0,0.04,0,0,0,1,1,0,0
CLI-001342,1,4,11,1,9.1,1,0.3,2,0,1,5,24.7,3,0,100.64,0.01,0,0.25,1,0,0,0,0,1,0
CLI-004394,0,1,789,506,64.1,31,5.8,25,0,0,4,3.6,2,4,54609.99,0.0,0,0.62,0,0,0,1,1,0,0
CLI-000066,0,28,360,158,43.9,18,3.8,15,7,1,8,7.4,1,0,14744.01,0.0,0,0.58,0,0,0,1,0,0,1
CLI-001144,0,9,3,1,50.0,1,0.3,3,3,25,2,14.6,3,0,81.69,0.09,0,0.19,0,1,0,0,0,1,0
CLI-000386,0,3,468,128,27.4,1,0.1,1,0,30,7,4.9,2,1,29194.97,0.33,1,0.02,1,0,0,0,1,0,0
CLI-000028,0,1,348,293,84.2,54,23.6,20,0,1,1,3.8,4,4,33977.96,0.03,0,0.5,0,0,0,1,1,0,0
CLI-000050,0,17,7,4,57.1,38,10.4,3,4,0,2,20.7,5,0,85.43,0.0,0,0.38,0,0,0,1,0,0,1
CLI-001115,0,7,18,5,27.8,13,3.5,7,2,3,2,5.2,4,0,666.24,0.01,0,0.27,0,0,0,1,0,1,0
CLI-004152,0,22,229,144,62.9,26,8.2,9,6,0,4,5.0,2,0,11426.16,0.0,0,0.35,1,0,0,0,0,0,1
CLI-002667,0,16,4,2,50.0,34,25.6,5,0,1,0,23.6,3,0,46.68,0.0,0,0.62,0,0,0,1,0,0,1
CLI-000433,0,2,19,6,31.6,1,0.2,5,0,14,2,16.4,2,2,407.07,0.23,0,0.31,0,0,0,1,1,0,0
CLI-004007,0,17,11,5,45.5,5,0.2,1,4,2,6,23.0,1,0,262.3,0.0,0,0.06,0,0,0,1,0,0,1
CLI-003169,0,9,56,37,66.1,43,25.7,6,7,4,1,10.5,4,0,1194.22,0.01,0,0.38,0,0,0,1,0,1,0
CLI-000014,0,24,3,1,33.3,15,10.2,3,4,2,1,7.7,3,0,90.53,0.0,0,0.19,0,0,0,1,0,0,1
CLI-000874,1,1,88,36,40.9,9,2.5,3,0,1,6,8.5,2,5,3884.89,0.03,0,0.12,0,0,0,1,1,0,0
CLI-000932,0,1,38,22,57.9,48,11.1,16,0,1,3,6.7,3,1,1873.04,0.03,0,0.62,0,1,0,0,1,0,0
CLI-003906,1,14,7,1,14.3,1,0.3,1,3,2,0,10.65,4,0,82.2,0.0,0,0.12,0,0,0,1,0,0,1
CLI-003897,0,22,306,60,19.6,2,1.2,4,8,30,5,5.5,3,0,23805.4,0.05,1,0.1,0,0,0,1,0,0,1
CLI-004135,0,11,46,39,84.8,77,36.4,9,5,0,5,11.6,4,1,1222.14,0.0,0,0.56,0,0,1,0,0,1,0
CLI-004034,0,13,7,4,57.1,13,1.4,4,5,2,2,7.3,5,0,175.0,0.01,0,0.25,0,0,0,1,0,0,1
CLI-000368,0,11,24,11,45.8,22,5.7,3,0,0,0,8.9,5,0,288.0,0.0,0,0.38,0,1,0,0,0,1,0
CLI-000381,0,14,25,14,56.0,31,20.7,7,8,4,3,11.6,4,0,567.83,0.01,0,0.44,0,0,0,1,0,0,1
CLI-003488,0,24,29,8,27.6,13,3.9,3,4,3,0,5.1,3,0,1547.97,0.0,0,0.12,0,0,0,1,0,0,1
CLI-003810,0,10,48,10,20.8,1,0.2,13,1,3,3,4.0,4,3,3572.09,0.01,0,0.32,0,0,0,1,0,1,0
CLI-000828,0,16,2,1,50.0,14,8.6,4,1,2,3,26.0,4,0,25.96,0.0,0,0.5,0,1,0,0,0,0,1
CLI-004793,0,16,1,1,100.0,60,27.0,5,2,0,2,24.2,4,0,12.51,0.0,0,0.62,0,0,0,1,0,0,1
CLI-003086,0,11,51,29,56.9,41,29.5,13,6,1,0,7.5,4,1,2344.0,0.0,0,0.5,0,0,0,1,0,1,0
CLI-003333,0,12,43,23,53.5,3,1.9,4,2,30,2,12.8,3,0,1063.29,0.08,1,0.25,0,0,0,1,0,1,0
CLI-000890,0,21,24,15,62.5,43,15.7,12,4,1,0,3.6,3,0,1284.71,0.0,0,0.46,0,0,0,1,0,0,1
CLI-000974,0,6,3,2,66.7,58,24.8,8,0,3,1,11.5,4,2,87.09,0.02,0,0.5,0,0,0,1,0,1,0
CLI-001677,1,17,10,7,70.0,50,21.4,5,6,4,5,33.5,2,0,130.67,0.01,0,0.62,1,0,0,0,0,0,1
CLI-003283,0,14,200,141,70.5,34,18.8,17,4,0,2,3.4,3,0,16218.35,0.0,0,0.42,0,1,0,0,0,0,1
CLI-004376,1,13,11,5,45.5,8,1.3,3,2,8,0,0.5,5,0,132.51,0.02,0,0.38,0,1,0,0,0,0,1
CLI-004663,1,7,11,2,18.2,4,1.7,2,1,2,5,36.7,3,0,142.21,0.01,0,0.25,0,0,0,1,0,1,0
CLI-003388,0,15,7,3,42.9,19,1.0,6,4,0,3,15.8,4,0,177.18,0.0,0,0.38,0,0,1,0,0,0,1
CLI-002876,0,5,11,9,81.8,52,50.2,2,2,0,1,22.1,4,1,127.76,0.0,0,0.25,0,0,0,1,0,1,0
CLI-001738,0,24,556,207,37.2,18,6.9,10,3,1,4,10.65,3,0,45258.77,0.0,0,0.25,0,1,0,0,0,0,1
CLI-004496,0,1,26,23,88.5,68,56.9,16,0,1,2,1.9,3,3,1114.72,0.03,0,0.62,0,0,0,1,1,0,0
CLI-001573,1,11,10,9,50.0,114,61.1,4,3,1,4,27.5,3,1,119.98,0.0,0,0.5,0,0,0,1,0,1,0
CLI-000801,1,14,90,18,20.0,4,1.8,6,5,0,5,17.7,1,0,1738.63,0.0,0,0.38,0,0,0,1,0,0,1
CLI-002497,0,15,497,96,19.3,1,0.3,1,1,25,2,6.5,1,0,32851.93,0.06,0,0.02,0,0,0,1,0,0,1
CLI-004607,0,16,160,124,77.5,58,20.9,14,2,0,4,7.9,3,0,8602.59,0.0,0,0.54,0,0,0,1,0,0,1
CLI-000197,0,12,7,2,28.6,5,0.4,2,2,6,0,6.8,4,1,73.19,0.02,0,0.25,0,0,0,1,0,1,0
CLI-004490,0,5,21,17,81.0,66,5.7,21,3,1,6,4.9,3,1,1734.17,0.01,0,0.52,0,1,0,0,0,1,0
CLI-002590,0,16,181,80,44.2,5,4.2,12,4,7,3,7.5,3,0,8145.0,0.01,0,0.46,0,0,0,1,0,0,1
CLI-001736,0,7,167,92,55.1,34,24.0,3,1,1,6,14.4,3,0,4328.68,0.0,0,0.19,0,1,0,0,0,1,0
CLI-003884,0,27,4,4,100.0,136,72.6,6,6,0,2,26.5,4,0,62.91,0.0,0,0.75,0,0,0,1,0,0,1
CLI-004927,1,2,54,0,0.0,0,0.0,0,0,60,0,24.3,5,2,555.83,1.0,1,0.0,1,0,0,0,1,0,0
CLI-001055,0,3,4,3,75.0,69,27.8,4,1,1,0,9.9,5,0,48.0,0.01,0,0.5,0,1,0,0,1,0,0
CLI-003525,0,1,124,65,52.4,29,5.7,6,0,0,2,10.7,3,1,2944.33,0.0,0,0.38,0,0,0,1,1,0,0
CLI-002817,0,13,4,1,25.0,7,3.2,7,3,2,1,10.7,4,2,114.34,0.01,0,0.44,0,0,1,0,0,0,1
CLI-003099,1,3,11,6,54.5,38,24.8,9,0,1,0,12.5,3,0,245.96,0.01,0,0.56,0,0,0,1,1,0,0
CLI-003154,1,1,5,0,0.0,0,0.0,0,0,30,4,50.6,2,3,40.82,1.0,1,0.0,0,0,0,1,1,0,0
CLI-004155,0,13,479,310,64.7,61,28.6,23,2,1,1,10.65,4,0,47140.98,0.0,0,0.57,0,1,0,0,0,0,1
CLI-000457,0,5,9,4,44.4,11,6.4,9,3,2,0,3.9,3,2,319.18,0.01,0,0.35,0,1,0,0,0,1,0
CLI-000915,1,5,58,15,50.0,1,0.2,1,0,30,3,7.4,3,3,1844.54,0.2,1,0.04,0,1,0,0,0,1,0
CLI-001580,0,15,22,9,40.9,14,8.0,3,1,1,2,16.3,3,0,460.82,0.0,0,0.19,0,0,0,1,0,0,1
CLI-000024,0,15,130,94,72.3,32,23.4,4,5,1,2,14.0,4,0,2647.81,0.0,0,0.25,0,0,0,1,0,0,1
CLI-001394,0,16,5,4,80.0,48,23.6,5,3,1,5,36.0,3,0,74.04,0.0,0,0.62,0,0,0,1,0,0,1
CLI-004015,0,6,4,2,50.0,42,5.7,6,1,2,4,13.4,3,0,97.76,0.01,0,0.38,0,1,0,0,0,1,0
CLI-004510,0,18,502,137,27.3,5,2.3,9,2,12,6,9.0,3,0,22300.21,0.02,0,0.35,1,0,0,0,0,0,1
CLI-000404,1,1,52,15,28.8,3,1.2,0,0,0,6,27.0,4,2,517.81,0.0,0,0.0,0,0,0,1,1,0,0
CLI-004748,0,16,57,13,22.8,7,2.9,2,5,3,4,23.5,2,0,619.86,0.01,0,0.25,0,0,0,1,0,0,1
CLI-003861,0,1,57,42,73.7,67,26.4,13,0,1,4,10.65,4,1,2218.39,0.03,0,0.5,0,0,0,1,1,0,0
CLI-002862,0,1,22,3,13.6,1,0.1,0,0,19,0,2.5,4,0,456.87,0.63,0,0.0,0,0,0,1,1,0,0
CLI-000042,0,11,37,34,91.9,116,67.6,12,4,2,3,20.1,2,1,940.21,0.01,0,0.75,1,0,0,0,0,1,0
CLI-003828,0,23,27,8,29.6,7,0.8,1,3,8,5,28.9,4,0,262.83,0.01,0,0.12,0,0,0,1,0,0,1
CLI-003278,0,10,191,108,56.5,30,5.7,12,0,0,1,2.1,3,0,16189.26,0.0,0,0.3,0,0,0,1,0,1,0
CLI-001033,0,17,38,16,42.1,1,0.2,4,6,30,1,10.8,2,0,1063.63,0.06,1,0.25,0,0,0,1,0,0,1
CLI-000659,0,23,55,11,20.0,1,0.3,4,4,8,1,8.3,3,0,1095.26,0.01,0,0.25,0,0,0,1,0,0,1
CLI-004924,0,5,46,39,84.8,34,5.7,22,0,1,1,4.4,4,1,4116.48,0.01,0,0.55,0,1,0,0,0,1,0
CLI-000949,0,21,6,2,33.3,3,5.7,2,7,8,4,31.4,3,0,82.32,0.01,0,0.25,0,1,0,0,0,0,1
CLI-000596,1,12,197,162,82.2,65,7.5,10,4,4,8,12.5,2,1,10538.61,0.01,0,0.38,0,0,0,1,0,1,0
CLI-003047,0,4,38,16,42.1,10,4.3,6,1,1,11,23.0,3,1,1014.74,0.01,0,0.38,1,0,0,0,0,1,0
CLI-000575,1,5,6,3,50.0,20,4.2,5,1,4,2,11.4,3,2,132.43,0.03,0,0.31,0,0,0,1,0,1,0
CLI-004591,0,9,52,43,82.7,39,22.5,9,2,1,2,9.7,3,1,1351.04,0.0,0,0.56,0,1,0,0,0,1,0
CLI-000948,0,25,99,30,30.3,1,0.1,1,10,30,4,8.8,1,1,5380.92,0.04,1,0.04,1,0,0,0,0,0,1
CLI-001702,1,9,319,110,34.5,11,3.8,13,1,1,10,4.7,1,0,26483.33,0.0,0,0.32,0,0,0,1,0,1,0
CLI-002514,0,4,2,2,100.0,69,21.3,4,0,0,5,16.0,3,3,54.7,0.0,0,0.25,0,1,0,0,0,1,0
CLI-003905,1,1,4,1,25.0,11,6.3,4,1,2,3,30.4,3,0,42.73,0.07,0,0.5,0,0,0,1,1,0,0
CLI-003908,0,15,57,28,49.1,38,24.4,14,4,2,1,1.0,3,0,4103.83,0.0,0,0.35,0,0,0,1,0,0,1
CLI-000487,0,1,168,61,36.3,1,0.2,11,0,21,3,1.3,3,3,12831.1,0.7,0,0.28,0,0,0,1,1,0,0
CLI-002230,0,9,161,110,68.3,20,14.5,24,4,1,0,1.2,5,0,13859.61,0.0,0,0.6,0,0,1,0,0,1,0
CLI-000761,0,19,2,1,50.0,1,0.7,1,2,30,0,10.7,4,0,23.0,0.05,1,0.12,0,0,0,1,0,0,1
CLI-001456,0,13,29,13,44.8,3,1.1,4,1,1,2,15.6,4,0,691.8,0.0,0,0.25,0,1,0,0,0,0,1
CLI-002422,0,5,39,20,51.3,15,6.5,6,1,2,2,9.5,4,1,949.31,0.01,0,0.38,0,1,0,0,0,1,0
CLI-002582,0,20,1,1,100.0,16,5.7,2,2,3,2,28.6,4,0,12.82,0.0,0,0.25,0,1,0,0,0,0,1
CLI-003028,0,16,14,7,50.0,20,4.4,4,1,2,3,21.7,3,0,168.0,0.0,0,0.5,0,0,0,1,0,0,1
CLI-000269,0,8,45,14,31.1,4,1.4,4,3,2,3,8.6,4,0,1202.6,0.01,0,0.25,0,0,0,1,0,1,0
CLI-003097,0,32,10,1,10.0,1,0.4,7,11,7,4,12.3,4,0,293.92,0.01,0,0.44,1,0,0,0,0,0,1
CLI-003642,0,19,15,9,60.0,32,4.7,9,3,0,0,2.3,3,0,548.15,0.0,0,0.35,0,0,0,1,0,0,1
CLI-000995,0,5,43,26,60.5,23,21.1,11,0,0,3,3.8,5,0,1607.92,0.0,0,0.42,0,0,0,1,0,1,0
CLI-000318,0,17,2,1,50.0,39,17.3,14,2,0,3,12.7,4,0,114.91,0.0,0,0.54,0,1,0,0,0,0,1
CLI-003796,0,17,4,1,25.0,2,5.7,2,3,6,1,8.1,3,0,84.35,0.01,0,0.12,0,0,0,1,0,0,1
CLI-001344,1,1,2,1,50.0,10,3.0,5,0,2,1,13.4,4,4,53.1,0.07,0,0.31,0,1,0,0,1,0,0
CLI-001065,1,3,11,5,45.5,1,0.4,12,0,30,2,10.65,4,2,440.24,0.33,1,0.46,0,1,0,0,1,0,0
CLI-004036,0,3,54,51,94.4,97,67.4,19,1,1,0,3.1,4,2,2702.05,0.01,0,0.73,0,0,0,1,1,0,0
CLI-002283,0,12,130,67,51.5,31,5.7,16,2,1,1,2.1,3,0,9737.65,0.0,0,0.4,0,0,0,1,0,1,0
CLI-001600,1,5,5,3,60.0,18,7.6,1,1,1,4,15.6,1,3,120.45,0.01,0,0.06,0,0,0,1,0,1,0
CLI-003026,0,6,7,3,42.9,15,6.0,12,3,0,4,7.9,3,0,291.31,0.0,0,0.46,0,1,0,0,0,1,0
CLI-004602,0,5,17,5,29.4,1,0.4,0,1,13,4,8.9,3,0,401.5,0.09,0,0.0,0,1,0,0,0,1,0
CLI-000194,0,12,11,5,45.5,15,9.7,4,4,1,0,6.4,5,0,282.33,0.0,0,0.25,0,0,0,1,0,1,0
CLI-004507,0,13,25,15,60.0,26,9.7,5,4,0,0,7.8,5,0,717.46,0.0,0,0.31,0,0,0,1,0,0,1
CLI-003336,1,8,7,4,57.1,29,15.7,2,2,4,9,31.9,4,1,89.28,0.02,0,0.25,0,0,0,1,0,1,0
CLI-003221,1,3,4,1,25.0,2,1.2,3,1,14,4,11.8,2,0,90.82,0.16,0,0.19,0,0,0,1,1,0,0
CLI-001340,0,1,80,11,13.8,1,0.1,2,2,30,5,10.6,2,4,2883.33,1.0,1,0.08,0,0,0,1,1,0,0
CLI-002451,0,12,7,6,85.7,65,36.4,6,4,0,0,20.6,3,0,85.99,0.0,0,0.75,0,0,0,1,0,1,0
CLI-004334,1,7,6,3,50.0,17,5.7,4,1,1,4,20.4,2,0,149.99,0.0,0,0.25,1,0,0,0,0,1,0
CLI-001145,1,14,149,36,24.2,2,0.1,3,4,5,12,18.9,2,0,3136.15,0.01,0,0.19,1,0,0,0,0,0,1
CLI-003152,0,12,42,30,71.4,47,27.5,9,3,0,5,15.6,3,1,1145.41,0.0,0,0.56,0,0,0,1,0,1,0
CLI-001942,1,17,32,0,0.0,0,0.0,0,0,38,0,4.2,4,0,1587.94,0.07,1,0.0,1,0,0,0,0,0,1
CLI-001722,1,12,24,15,62.5,16,8.3,6,2,1,5,20.5,2,1,638.09,0.0,0,0.38,0,0,0,1,0,1,0
CLI-001186,0,6,57,22,38.6,4,2.0,4,0,1,2,8.5,5,0,1279.7,0.01,0,0.25,0,0,0,1,0,1,0
CLI-003426,0,16,2,1,50.0,1,0.1,4,3,5,2,10.9,5,0,52.69,0.01,0,0.25,0,0,1,0,0,0,1
CLI-003622,1,11,6,3,50.0,8,2.8,3,1,4,3,27.1,2,1,76.45,0.01,0,0.38,0,0,0,1,0,1,0
CLI-003618,1,1,11,9,81.8,52,18.9,13,0,5,8,5.5,3,3,469.77,0.17,0,0.5,1,0,0,0,1,0,0
CLI-004559,0,17,53,18,34.0,1,5.7,4,3,10,0,10.2,3,0,1192.93,0.02,0,0.25,0,1,0,0,0,0,1
CLI-004315,0,26,48,27,56.2,25,1.5,3,9,0,4,38.8,2,0,589.71,0.0,0,0.38,1,0,0,0,0,0,1
CLI-002385,0,3,41,35,85.4,69,25.7,17,0,2,1,10.65,4,0,2114.79,0.02,0,0.65,0,1,0,0,1,0,0
CLI-002005,0,16,37,9,24.3,1,0.1,1,2,5,0,7.5,5,0,473.38,0.01,0,0.12,1,0,0,0,0,0,1
CLI-004674,1,1,366,174,47.5,26,13.6,9,0,2,0,6.1,2,2,14724.81,0.07,0,0.35,1,0,0,0,1,0,0
CLI-003789,0,4,1,1,100.0,45,18.0,12,2,1,2,2.3,4,0,40.26,0.01,0,0.46,0,0,0,1,0,1,0
CLI-001605,0,22,11,9,50.0,79,57.7,10,4,1,4,14.0,4,0,303.54,0.0,0,0.62,0,0,0,1,0,0,1
CLI-004864,0,27,54,29,53.7,21,18.3,6,16,0,2,10.65,2,0,2949.51,0.0,0,0.23,0,0,0,1,0,0,1
CLI-003736,1,10,1,1,100.0,3,1.1,4,2,1,7,15.5,3,0,22.81,0.0,0,0.25,0,0,0,1,0,1,0
CLI-001735,0,10,43,28,65.1,45,24.7,7,0,0,0,11.0,5,0,1117.55,0.0,0,0.44,0,0,0,1,0,1,0
CLI-001142,0,9,25,18,72.0,25,11.8,19,1,3,4,4.3,4,0,1887.46,0.01,0,0.48,0,0,0,1,0,1,0
CLI-003752,1,13,20,4,20.0,6,1.1,4,1,2,5,15.1,2,1,399.21,0.01,0,0.25,1,0,0,0,0,0,1
CLI-003250,0,14,147,92,62.6,47,28.4,7,1,1,0,4.4,5,0,4074.48,0.0,0,0.44,0,1,0,0,0,0,1
CLI-004671,0,10,1,1,100.0,48,11.5,9,2,2,1,11.6,4,0,26.61,0.01,0,0.56,0,0,0,1,0,1,0
CLI-004292,1,15,50,6,12.0,1,0.1,6,1,30,5,4.5,3,0,2618.45,0.07,1,0.23,1,0,0,0,0,0,1
CLI-001838,0,23,83,68,81.9,49,31.1,11,4,0,6,7.5,3,0,4162.98,0.0,0,0.42,0,0,0,1,0,0,1
CLI-002377,0,10,26,15,57.7,1,0.1,5,2,19,0,4.3,3,0,1003.94,0.06,0,0.19,0,1,0,0,0,1,0
CLI-004302,1,9,13,2,15.4,1,0.1,3,1,15,2,4.3,2,0,492.89,0.06,0,0.12,0,0,0,1,0,1,0
CLI-000089,0,19,32,26,81.2,81,53.6,13,4,2,6,14.5,4,0,795.78,0.0,0,0.81,0,0,0,1,0,0,1
CLI-001252,1,1,10,4,40.0,2,0.5,0,0,11,1,6.7,4,0,114.7,0.37,0,0.0,0,1,0,0,1,0,0
CLI-003971,0,23,46,25,54.3,36,15.1,7,4,0,6,16.9,3,0,1202.66,0.0,0,0.44,0,0,0,1,0,0,1
CLI-000572,0,15,3,2,66.7,56,51.6,7,3,0,1,15.6,3,0,97.98,0.0,0,0.44,0,1,0,0,0,0,1
CLI-000525,0,27,2,1,50.0,6,3.5,2,2,1,6,41.7,1,0,30.87,0.0,0,0.25,0,0,0,1,0,0,1
CLI-000924,1,17,59,0,0.0,0,0.0,0,0,82,0,7.0,4,0,1521.28,0.16,1,0.0,0,0,0,1,0,0,1
CLI-000263,1,1,3,1,33.3,7,3.3,2,1,3,1,15.6,4,3,29.54,0.1,0,0.25,0,1,0,0,1,0,0
CLI-000162,0,4,3,2,66.7,23,9.0,4,4,0,1,28.1,3,0,39.91,0.0,0,0.5,0,0,0,1,0,1,0
CLI-002100,0,7,7,4,57.1,17,7.2,6,1,1,2,2.1,3,0,369.48,0.0,0,0.23,0,0,0,1,0,1,0
CLI-002766,0,21,15,14,93.3,85,83.8,26,6,1,0,3.6,5,0,1403.69,0.0,0,0.65,0,0,1,0,0,0,1
CLI-003202,0,1,16,13,81.2,30,24.3,10,0,2,2,10.65,3,0,395.76,0.07,0,0.62,0,1,0,0,1,0,0
CLI-000023,0,10,190,85,44.7,23,17.3,11,1,1,0,5.2,5,2,9682.14,0.0,0,0.42,0,0,0,1,0,1,0
CLI-000615,0,16,40,26,65.0,30,9.7,2,3,0,8,37.6,2,0,532.77,0.0,0,0.25,1,0,0,0,0,0,1
CLI-002315,0,14,33,29,87.9,90,66.3,12,4,0,2,9.7,3,0,1195.86,0.0,0,0.75,0,0,1,0,0,0,1
CLI-000552,0,14,58,28,48.3,37,14.7,5,2,0,1,5.2,4,1,2080.09,0.0,0,0.19,0,1,0,0,0,0,1
CLI-000883,0,13,9,3,33.3,4,1.8,3,7,2,3,17.1,2,0,200.82,0.01,0,0.19,1,0,0,0,0,0,1
CLI-004972,0,12,8,6,75.0,47,40.0,2,3,2,0,7.8,4,0,126.29,0.01,0,0.25,0,0,1,0,0,1,0
CLI-002491,0,18,297,122,41.1,21,9.5,6,5,1,0,1.3,5,0,28749.99,0.0,0,0.15,0,0,1,0,0,0,1
CLI-003098,0,1,18,7,38.9,23,8.9,12,0,3,4,3.5,4,1,1275.87,0.1,0,0.3,0,1,0,0,1,0,0
CLI-001647,1,1,217,98,45.2,29,18.7,5,0,0,4,20.1,2,1,3378.97,0.0,0,0.31,0,0,0,1,1,0,0
CLI-001109,1,12,37,14,37.8,11,1.3,1,2,1,6,24.3,1,1,889.67,0.0,0,0.06,1,0,0,0,0,1,0
CLI-001339,0,13,58,31,53.4,33,15.8,6,2,1,4,13.8,4,0,1385.59,0.0,0,0.38,0,0,0,1,0,0,1
CLI-003922,0,7,26,7,26.9,1,0.7,5,3,4,6,13.7,4,0,674.19,0.02,0,0.31,0,0,0,1,0,1,0
CLI-000530,1,1,24,14,58.3,22,1.2,4,0,1,1,8.2,3,2,600.0,0.03,0,0.25,0,0,0,1,1,0,0
CLI-000187,0,18,39,28,71.8,51,5.7,13,7,1,2,7.3,4,0,1857.91,0.0,0,0.5,0,0,0,1,0,0,1
CLI-004714,0,11,6,2,33.3,1,0.8,7,1,3,0,9.0,3,0,174.68,0.01,0,0.44,0,0,0,1,0,1,0
CLI-001771,0,14,56,11,19.6,1,0.3,3,3,4,3,8.6,3,0,982.67,0.01,0,0.19,0,0,0,1,0,0,1
CLI-003871,1,4,84,19,22.6,2,0.7,6,1,3,4,8.9,3,0,3250.95,0.02,0,0.23,1,0,0,0,0,1,0
CLI-001802,0,9,55,19,34.5,2,5.7,4,3,3,1,9.2,2,0,1283.42,0.01,0,0.25,0,0,0,1,0,1,0
CLI-004404,0,6,173,42,24.3,1,0.3,1,0,30,3,0.8,3,0,10850.55,0.17,1,0.02,0,0,0,1,0,1,0
CLI-003483,0,15,55,45,81.8,58,30.8,4,4,0,2,21.8,4,0,721.39,0.0,0,0.5,0,0,0,1,0,0,1
CLI-001221,0,11,18,9,50.0,6,1.3,2,5,2,1,10.1,4,1,342.3,0.01,0,0.12,0,0,1,0,0,1,0
CLI-001460,0,1,175,66,37.7,7,4.4,7,0,3,2,7.5,3,4,7976.79,0.1,0,0.27,0,1,0,0,1,0,0
CLI-002949,0,5,4,3,75.0,39,25.4,2,0,0,0,19.2,3,1,51.45,0.0,0,0.25,0,1,0,0,0,1,0
CLI-001251,0,17,111,7,6.3,1,0.1,1,4,5,2,0.5,3,0,7167.65,0.01,0,0.02,1,0,0,0,0,0,1
CLI-001372,0,7,8,8,100.0,128,5.7,9,4,0,0,10.4,3,1,202.82,0.0,0,0.56,0,0,1,0,0,1,0
CLI-000863,0,1,18,8,50.0,15,8.6,10,0,1,4,18.7,3,2,429.69,0.03,0,0.62,0,0,0,1,1,0,0
CLI-002790,0,8,1,1,100.0,15,8.0,1,1,1,0,9.6,5,0,10.72,0.0,0,0.12,0,1,0,0,0,1,0
CLI-003805,0,12,8,3,37.5,21,17.5,25,5,0,6,6.6,3,0,630.43,0.0,0,0.62,0,1,0,0,0,1,0
CLI-000688,0,17,7,5,71.4,49,21.9,5,2,2,0,6.7,5,0,222.22,0.0,0,0.31,0,0,0,1,0,0,1
CLI-000034,0,12,5,3,60.0,30,10.1,4,1,1,4,24.0,3,0,64.18,0.0,0,0.5,0,0,0,1,0,1,0
CLI-004902,0,21,8,4,50.0,12,3.5,3,7,2,4,33.8,3,0,96.06,0.0,0,0.38,0,0,0,1,0,0,1
CLI-004580,0,8,50,14,28.0,2,1.1,3,3,20,1,11.8,3,1,873.41,0.08,0,0.19,0,0,0,1,0,1,0
CLI-002393,0,17,7,5,71.4,38,18.6,5,3,0,0,15.7,5,0,93.41,0.0,0,0.62,0,0,1,0,0,0,1
CLI-003479,0,15,6,3,50.0,23,11.3,3,8,1,5,36.5,2,1,63.77,0.0,0,0.38,1,0,0,0,0,0,1
CLI-000496,1,6,4,2,50.0,18,2.1,2,0,0,0,18.1,4,0,38.16,0.0,0,0.25,0,1,0,0,0,1,0
CLI-001383,1,6,22,15,68.2,27,7.3,6,1,1,3,17.2,2,1,581.84,0.01,0,0.38,0,0,0,1,0,1,0
CLI-003596,0,8,54,41,75.9,47,28.1,6,2,3,1,9.9,5,1,1536.66,0.01,0,0.38,0,0,0,1,0,1,0
CLI-003356,0,17,8,3,37.5,1,0.6,6,4,10,0,10.65,5,0,167.04,0.02,0,0.38,0,0,0,1,0,0,1
CLI-004307,1,23,2,0,50.0,0,0.0,0,0,41,5,19.5,2,0,46.93,0.06,1,0.0,1,0,0,0,0,0,1
CLI-002010,0,17,9,5,55.6,34,9.2,5,4,0,2,6.0,4,0,243.7,0.0,0,0.31,0,0,1,0,0,0,1
CLI-000701,0,1,6,3,50.0,20,7.9,6,0,0,0,13.1,5,3,151.22,0.0,0,0.38,0,1,0,0,1,0,0
CLI-003034,0,12,9,8,88.9,55,31.0,4,0,0,0,22.0,4,0,85.05,0.0,0,0.5,0,0,0,1,0,1,0
CLI-001265,1,1,8,2,25.0,1,0.4,2,0,2,0,4.7,5,5,86.43,0.07,0,0.25,0,0,0,1,1,0,0
CLI-000452,0,16,3,1,33.3,1,0.4,2,1,1,0,28.6,3,0,38.99,0.0,0,0.25,0,0,0,1,0,0,1
CLI-003685,0,16,7,3,42.9,17,3.1,9,7,1,1,5.4,4,0,275.31,0.0,0,0.35,0,0,0,1,0,0,1
CLI-001083,0,6,25,20,80.0,29,20.1,21,0,1,2,3.4,5,1,2412.49,0.01,0,0.52,0,0,0,1,0,1,0
CLI-001921,1,9,23,5,21.7,1,0.4,6,3,14,6,4.2,4,1,1049.45,0.05,0,0.23,0,0,0,1,0,1,0
CLI-004527,0,14,26,22,84.6,72,46.2,7,5,3,2,12.5,5,1,630.36,0.01,0,0.44,0,0,1,0,0,0,1
CLI-000784,0,15,70,58,82.9,51,32.2,13,6,1,3,9.5,3,0,3535.31,0.0,0,0.5,0,1,0,0,0,0,1
CLI-003700,0,1,3,2,66.7,53,45.2,5,0,0,2,10.65,4,1,34.04,0.0,0,0.62,0,0,0,1,1,0,0
CLI-003224,1,24,59,48,81.4,67,38.2,11,7,2,9,22.7,1,0,1626.7,0.0,0,0.69,1,0,0,0,0,0,1
CLI-001855,0,1,36,4,11.1,1,5.7,1,0,4,1,4.4,4,1,1522.04,0.13,0,0.04,1,0,0,0,1,0,0
CLI-001108,1,4,35,19,54.3,22,7.1,6,2,0,1,10.65,4,4,972.1,0.0,0,0.38,0,1,0,0,0,1,0
CLI-002854,1,7,29,6,20.7,1,0.1,2,2,30,0,10.65,5,1,303.39,0.14,1,0.25,1,0,0,0,0,1,0
CLI-001046,0,13,27,8,29.6,4,0.2,5,3,0,6,8.3,3,1,1261.24,0.0,0,0.19,0,1,0,0,0,0,1
CLI-001314,0,8,534,267,50.0,6,0.7,6,2,1,4,7.1,4,0,26305.54,0.0,0,0.23,0,0,0,1,0,1,0
CLI-004949,0,10,44,6,13.6,1,0.2,3,2,12,0,5.5,3,0,832.83,0.04,0,0.19,1,0,0,0,0,1,0
CLI-001057,0,14,2,1,50.0,1,5.7,1,4,16,0,19.4,4,0,21.69,0.04,0,0.12,0,0,0,1,0,0,1
CLI-002775,1,9,12,0,0.0,0,0.0,0,0,86,1,13.9,3,2,273.11,0.32,1,0.0,1,0,0,0,0,1,0
CLI-004304,0,21,6,3,50.0,5,0.6,3,3,4,2,15.3,4,0,62.79,0.01,0,0.38,0,0,1,0,0,0,1
CLI-000285,0,17,1,1,100.0,112,60.4,5,2,0,0,19.8,4,0,12.99,0.0,0,0.62,0,0,0,1,0,0,1
CLI-001289,1,1,4,1,25.0,1,0.1,2,0,30,9,18.8,2,1,86.8,1.0,1,0.12,0,0,0,1,1,0,0
CLI-003084,0,14,10,6,60.0,13,5.2,4,3,4,3,12.5,3,0,198.76,0.01,0,0.25,0,1,0,0,0,0,1
CLI-000302,0,25,9,8,88.9,85,78.5,4,6,1,2,21.1,4,0,114.1,0.0,0,0.5,0,0,1,0,0,0,1
CLI-003763,1,1,35,10,28.6,1,5.7,7,1,22,7,11.2,3,0,1309.04,0.73,0,0.27,0,0,0,1,1,0,0
CLI-001829,0,7,35,12,34.3,8,0.4,1,2,2,1,9.9,3,2,664.11,0.01,0,0.06,0,1,0,0,0,1,0
CLI-001272,0,2,38,28,73.7,47,18.6,7,2,1,0,7.5,4,1,931.09,0.02,0,0.44,0,0,0,1,1,0,0
CLI-004087,0,22,13,10,76.9,47,22.9,4,3,1,1,9.5,4,0,345.29,0.0,0,0.25,0,0,0,1,0,0,1
CLI-001427,0,14,26,11,42.3,1,0.4,2,2,24,1,18.2,5,0,329.66,0.06,0,0.25,0,0,0,1,0,0,1
CLI-000467,0,8,34,9,26.5,1,0.3,3,1,0,4,10.65,4,1,408.0,0.0,0,0.38,0,0,0,1,0,1,0
CLI-002629,1,8,57,27,47.4,10,2.5,5,0,1,3,24.2,3,0,723.14,0.0,0,0.62,0,0,0,1,0,1,0
CLI-001070,1,1,198,18,9.1,1,0.1,9,0,7,4,3.9,3,1,11835.33,0.23,0,0.22,1,0,0,0,1,0,0
CLI-004498,1,3,7,1,14.3,1,0.1,3,0,0,2,14.8,3,1,152.7,0.0,0,0.19,1,0,0,0,1,0,0
CLI-003059,0,12,4,2,50.0,11,5.8,4,2,3,2,16.7,5,0,44.24,0.01,0,0.5,0,1,0,0,0,1,0
CLI-002158,0,12,17,4,23.5,4,2.5,8,3,4,2,8.4,3,1,826.28,0.01,0,0.31,1,0,0,0,0,1,0
CLI-001515,0,11,49,10,20.4,4,1.9,7,2,2,2,0.5,5,0,3421.0,0.01,0,0.18,0,0,0,1,0,1,0
CLI-004169,0,18,23,12,52.2,15,0.8,2,2,0,0,15.4,5,0,315.76,0.0,0,0.25,0,0,0,1,0,0,1
CLI-001038,0,22,106,38,35.8,2,0.1,1,0,12,5,4.5,3,1,4098.69,0.02,0,0.04,0,1,0,0,0,0,1
CLI-003405,1,14,3,1,33.3,4,1.4,2,4,1,4,37.7,1,0,35.53,0.0,0,0.25,1,0,0,0,0,0,1
CLI-003183,1,1,8,4,50.0,7,5.7,4,0,16,5,33.6,2,4,86.09,0.53,0,0.5,0,0,0,1,1,0,0
CLI-004648,0,19,169,125,74.0,79,83.3,14,5,2,3,7.5,3,0,7393.14,0.0,0,0.54,0,1,0,0,0,0,1
CLI-004488,1,2,146,84,57.5,28,16.3,9,0,1,3,2.7,3,2,15001.77,0.02,0,0.22,0,1,0,0,1,0,0
CLI-003337,1,6,6,2,33.3,7,2.6,4,2,2,6,10.65,2,1,72.47,0.01,0,0.5,0,0,0,1,0,1,0
CLI-003249,0,13,19,10,52.6,30,7.4,9,2,1,7,9.0,3,0,731.51,0.0,0,0.35,0,0,0,1,0,0,1
CLI-002888,0,4,1,1,100.0,98,91.2,12,2,1,4,6.1,3,0,49.04,0.01,0,0.46,0,1,0,0,0,1,0
CLI-003882,0,15,7,4,57.1,51,39.1,6,2,3,4,16.0,2,0,214.39,0.01,0,0.38,0,0,0,1,0,0,1
CLI-001922,0,1,8,6,75.0,26,10.7,5,0,0,1,11.8,4,3,175.19,0.0,0,0.31,0,0,0,1,1,0,0
CLI-000522,1,13,21,0,0.0,0,0.0,0,0,92,7,22.2,2,0,596.49,0.24,1,0.0,0,0,0,1,0,0,1
CLI-003873,0,6,7,4,57.1,20,7.8,3,4,6,4,10.65,3,1,88.53,0.03,0,0.38,0,0,0,1,0,1,0
CLI-003733,0,33,4,1,25.0,1,0.1,0,11,1,1,10.65,3,0,53.65,0.0,0,0.0,0,1,0,0,0,0,1
CLI-002858,0,10,10,9,90.0,65,60.0,10,0,0,3,9.2,3,1,276.73,0.0,0,0.62,0,1,0,0,0,1,0
CLI-002945,1,15,10,2,20.0,1,0.1,0,2,0,3,14.5,2,1,263.11,0.0,0,0.0,1,0,0,0,0,0,1
CLI-000258,1,2,31,11,35.5,15,5.7,8,0,1,4,11.9,3,1,556.56,0.02,0,0.5,0,0,0,1,1,0,0
CLI-000727,1,14,15,6,40.0,4,2.6,12,3,30,2,10.65,3,0,686.93,0.07,1,0.46,0,0,0,1,0,0,1
CLI-002690,0,4,2,1,50.0,20,5.4,8,1,2,3,12.7,3,1,45.88,0.02,0,0.5,0,0,0,1,0,1,0
CLI-002948,0,15,12,8,66.7,39,20.0,16,5,1,5,2.8,3,0,1137.33,0.0,0,0.4,0,1,0,0,0,0,1
CLI-002029,0,1,11,5,45.5,11,2.5,3,0,1,0,10.65,5,1,285.81,0.03,0,0.19,0,0,0,1,1,0,0
CLI-000217,0,21,7,1,14.3,1,0.2,2,2,30,8,10.0,3,0,313.67,0.05,1,0.08,1,0,0,0,0,0,1
CLI-004264,1,6,42,20,47.6,20,8.3,5,1,0,3,10.65,2,0,688.85,0.0,0,0.31,0,0,0,1,0,1,0
CLI-003832,0,22,545,183,33.6,1,0.4,18,5,16,0,0.5,4,0,45171.44,0.02,0,0.45,0,1,0,0,0,0,1
CLI-001361,0,3,59,40,67.8,43,6.6,6,1,1,4,11.8,5,1,1396.34,0.01,0,0.38,0,0,0,1,1,0,0
CLI-003354,0,12,50,26,52.0,1,0.6,13,4,30,3,10.8,2,1,2408.46,0.08,1,0.5,0,0,0,1,0,1,0
CLI-003644,1,2,59,29,49.2,29,9.6,9,0,3,1,14.0,3,2,1684.27,0.05,0,0.56,0,0,0,1,1,0,0
CLI-002925,0,16,41,22,53.7,5,1.7,3,2,3,4,26.6,3,0,537.17,0.01,0,0.38,0,0,0,1,0,0,1
CLI-000361,0,7,192,177,92.2,112,121.8,17,1,1,0,0.5,5,0,8826.61,0.0,0,0.65,0,1,0,0,0,1,0
CLI-003025,1,2,9,7,77.8,28,17.9,4,0,3,6,35.2,4,0,108.0,0.05,0,0.5,0,0,0,1,1,0,0
CLI-000063,0,20,1,1,100.0,72,22.0,3,5,0,2,31.8,2,0,13.54,0.0,0,0.38,0,0,0,1,0,0,1
CLI-000399,1,2,15,7,46.7,20,9.2,5,1,0,0,3.3,3,2,278.86,0.0,0,0.31,0,1,0,0,1,0,0
CLI-002967,1,12,50,0,0.0,0,0.0,0,0,161,2,4.2,3,0,4288.91,0.45,1,0.0,0,0,0,1,0,1,0
CLI-003342,1,3,678,476,70.2,39,13.5,21,0,2,3,10.65,3,2,50806.56,0.02,0,0.52,0,0,0,1,1,0,0
CLI-001742,0,17,7,1,14.3,1,0.5,3,3,16,0,15.7,4,0,84.63,0.03,0,0.38,0,0,0,1,0,0,1
CLI-000720,1,7,41,20,48.8,8,0.4,2,0,2,4,11.9,4,2,930.88,0.01,0,0.12,0,1,0,0,0,1,0
CLI-001256,0,9,217,149,50.0,49,29.9,16,0,0,1,9.7,3,0,9145.64,0.0,0,0.62,0,0,0,1,0,1,0
CLI-001786,0,21,49,18,36.7,1,0.2,2,3,20,7,13.1,2,0,2057.91,0.03,0,0.08,1,0,0,0,0,0,1
CLI-004764,0,18,148,14,9.5,1,0.1,4,2,8,0,5.2,3,0,6357.74,0.01,0,0.15,1,0,0,0,0,0,1
CLI-001473,0,18,27,11,50.0,2,0.1,5,4,4,0,10.65,5,0,582.48,0.01,0,0.31,0,0,0,1,0,0,1
CLI-000348,0,7,9,4,44.4,11,5.2,5,2,1,1,10.7,4,0,205.22,0.0,0,0.31,0,0,0,1,0,1,0
CLI-001610,0,17,1,1,100.0,34,14.2,7,10,1,3,11.0,3,0,23.83,0.0,0,0.44,0,1,0,0,0,0,1
CLI-000078,0,12,186,12,50.0,1,0.3,5,2,19,0,4.2,3,0,8010.0,0.05,0,0.19,0,0,0,1,0,1,0
CLI-001818,0,17,18,9,50.0,5,2.1,3,2,4,0,24.2,4,0,214.19,0.01,0,0.38,0,0,0,1,0,0,1
CLI-004454,0,11,53,31,58.5,12,2.5,10,5,1,4,13.2,3,0,1437.95,0.0,0,0.62,0,1,0,0,0,1,0
CLI-000926,0,1,47,22,46.8,12,4.5,6,0,4,0,10.65,4,2,924.74,0.13,0,0.38,0,0,0,1,1,0,0
CLI-004702,0,9,9,1,11.1,1,0.1,1,3,16,0,0.7,5,0,233.12,0.06,0,0.06,1,0,0,0,0,1,0
CLI-003670,1,19,8,2,25.0,5,0.6,4,1,13,5,22.0,1,0,232.6,0.02,0,0.25,1,0,0,0,0,0,1
CLI-000093,0,3,43,24,55.8,30,18.2,3,2,0,3,22.9,4,1,544.2,0.0,0,0.38,0,0,0,1,1,0,0
CLI-004749,0,8,6,3,50.0,16,10.5,4,0,0,0,13.0,3,1,125.94,0.0,0,0.25,0,0,0,1,0,1,0
CLI-000691,1,1,25,4,16.0,1,0.3,5,0,5,6,11.2,4,2,566.84,0.17,0,0.31,1,0,0,0,1,0,0
CLI-001834,0,6,19,7,36.8,11,3.9,15,1,1,3,1.3,3,0,1520.0,0.01,0,0.38,0,1,0,0,0,1,0
CLI-000629,0,12,124,85,68.5,35,15.5,3,2,1,2,13.5,5,1,2814.7,0.0,0,0.19,0,1,0,0,0,1,0
CLI-001331,0,26,14,8,57.1,46,23.1,10,3,0,0,9.4,3,0,460.24,0.0,0,0.62,0,0,0,1,0,0,1
CLI-001743,0,1,206,156,75.7,53,28.2,22,0,0,5,4.6,3,2,16593.74,0.0,0,0.55,0,1,0,0,1,0,0
CLI-000124,1,1,188,56,29.8,1,0.1,3,0,24,6,19.0,3,3,3643.39,0.8,0,0.19,0,0,0,1,1,0,0
CLI-003562,1,1,2,1,50.0,8,2.5,3,0,2,3,25.3,3,4,20.68,0.07,0,0.38,0,1,0,0,1,0,0
CLI-004631,0,18,1,1,100.0,35,1.8,2,6,1,6,44.4,2,0,13.91,0.0,0,0.25,1,0,0,0,0,0,1
CLI-003408,0,4,8,6,75.0,83,44.6,6,1,0,7,10.65,4,1,200.0,0.0,0,0.38,1,0,0,0,0,1,0
CLI-003225,0,1,55,26,47.3,16,5.0,6,0,1,0,10.7,3,3,1285.31,0.03,0,0.38,0,0,0,1,1,0,0
CLI-001875,1,1,22,13,59.1,25,16.8,17,1,2,1,1.4,3,3,1788.1,0.07,0,0.42,0,0,0,1,1,0,0
CLI-002557,1,8,3,2,66.7,47,10.8,7,1,0,2,13.8,3,0,75.08,0.0,0,0.44,0,1,0,0,0,1,0
CLI-001763,0,15,41,23,56.1,23,12.3,7,6,0,0,12.5,3,0,916.45,0.0,0,0.44,0,0,0,1,0,0,1
CLI-004168,0,8,86,71,82.6,50,32.3,24,1,0,2,6.7,2,1,8498.41,0.0,0,0.6,1,0,0,0,0,1,0
CLI-004403,0,23,21,4,19.0,1,0.1,5,5,20,4,3.6,1,0,1444.86,0.03,0,0.12,0,0,0,1,0,0,1
CLI-004976,0,16,40,20,50.0,19,5.7,8,1,1,6,13.8,3,0,879.79,0.0,0,0.5,0,0,0,1,0,0,1
CLI-001159,1,3,44,27,61.4,1,0.5,9,1,3,4,8.1,3,3,2209.19,0.03,0,0.35,0,1,0,0,1,0,0
CLI-000421,1,12,8,6,75.0,48,31.3,4,3,0,2,14.6,4,1,98.93,0.0,0,0.5,0,0,0,1,0,1,0
CLI-003302,1,2,12,6,50.0,14,5.0,2,0,0,5,18.9,3,2,115.47,0.0,0,0.25,0,1,0,0,1,0,0
CLI-001740,1,4,12,1,8.3,1,0.1,0,0,17,2,18.7,5,3,140.72,0.14,0,0.0,1,0,0,0,0,1,0
CLI-004926,0,6,10,6,60.0,24,14.4,11,1,5,1,2.5,5,0,416.24,0.03,0,0.42,0,0,0,1,0,1,0
CLI-000314,0,17,45,21,46.7,26,16.5,8,3,0,0,9.3,4,0,1236.68,0.0,0,0.5,0,0,1,0,0,0,1
CLI-000872,1,9,52,22,42.3,4,0.7,10,2,12,3,11.3,2,0,2407.0,0.04,0,0.38,1,0,0,0,0,1,0
CLI-000454,1,11,63,56,88.9,66,32.0,29,0,0,6,7.8,1,0,5201.84,0.0,0,0.72,1,0,0,0,0,1,0
CLI-000150,0,11,168,79,47.0,12,5.3,5,3,1,4,11.1,3,0,6312.13,0.0,0,0.19,0,0,0,1,0,1,0
CLI-003657,0,18,12,8,66.7,44,27.6,5,2,1,7,5.5,3,0,919.37,0.0,0,0.12,1,0,0,0,0,0,1
CLI-003650,0,17,3,2,66.7,41,33.6,3,4,0,0,16.1,5,0,38.27,0.0,0,0.38,0,0,1,0,0,0,1
CLI-000327,1,2,6,1,16.7,1,0.2,3,0,5,4,38.0,2,2,72.0,0.08,0,0.38,1,0,0,0,1,0,0
CLI-000388,0,10,158,136,86.1,49,37.7,7,5,0,0,1.8,5,0,4590.64,0.0,0,0.44,0,0,1,0,0,1,0
CLI-000601,1,2,10,6,60.0,43,12.1,1,1,2,6,28.9,3,1,142.87,0.03,0,0.12,0,1,0,0,1,0,0
CLI-003162,1,1,5,2,40.0,23,5.0,4,0,2,2,30.9,3,2,60.01,0.07,0,0.5,0,1,0,0,1,0,0
CLI-004589,0,18,10,7,70.0,47,5.7,9,9,0,6,14.1,3,0,297.38,0.0,0,0.56,0,0,0,1,0,0,1
CLI-004820,0,9,11,3,27.3,7,2.7,1,0,2,0,4.7,5,0,468.37,0.01,0,0.04,0,0,0,1,0,1,0
CLI-001951,1,7,10,3,30.0,2,1.3,6,1,4,8,16.7,1,0,223.78,0.02,0,0.38,1,0,0,0,0,1,0
CLI-003409,1,4,79,10,12.7,1,5.7,1,1,30,3,9.4,4,3,3103.52,0.25,1,0.04,0,0,0,1,0,1,0
CLI-001593,0,16,173,29,16.8,1,0.1,14,5,26,4,7.8,3,0,8011.66,0.05,0,0.54,1,0,0,0,0,0,1
CLI-004253,1,16,8,3,37.5,1,0.6,2,2,20,3,18.0,3,0,99.81,0.04,0,0.25,0,0,0,1,0,0,1
CLI-003013,0,13,6,4,66.7,38,21.1,12,0,1,0,8.4,3,0,270.0,0.0,0,0.46,0,1,0,0,0,0,1
CLI-002015,0,13,212,16,7.5,1,0.1,0,4,14,5,13.3,3,0,3725.87,0.04,0,0.0,1,0,0,0,0,0,1
CLI-003952,0,28,25,3,12.0,1,0.3,1,4,12,6,21.1,1,0,580.11,0.01,0,0.06,0,0,0,1,0,0,1
CLI-001886,0,10,16,4,25.0,1,0.1,2,4,11,0,21.0,4,0,176.06,0.04,0,0.25,0,0,0,1,0,1,0
CLI-003741,0,12,6,1,50.0,1,0.1,1,1,19,3,8.6,4,0,148.88,0.05,0,0.06,1,0,0,0,0,1,0
CLI-000176,0,5,34,19,55.9,23,6.2,18,0,3,4,5.9,2,0,2570.59,0.02,0,0.45,1,0,0,0,0,1,0
CLI-004540,0,16,403,145,36.0,14,4.8,1,5,2,0,5.8,5,0,20119.23,0.0,0,0.04,0,0,1,0,0,0,1
CLI-002227,0,22,3,2,66.7,37,14.8,4,6,1,4,31.7,3,0,48.05,0.0,0,0.5,0,1,0,0,0,0,1
CLI-003720,0,9,377,336,89.1,80,53.3,16,2,0,1,10.65,3,0,16610.12,0.0,0,0.62,0,0,0,1,0,1,0
CLI-001424,0,16,116,63,50.0,11,2.3,9,3,4,2,5.5,2,0,4889.58,0.01,0,0.35,1,0,0,0,0,0,1
CLI-003577,1,11,127,0,0.0,0,0.0,0,0,67,3,10.65,4,1,1528.52,0.2,1,0.0,0,0,0,1,0,1,0
CLI-003543,0,18,2,2,100.0,69,41.7,27,5,3,1,5.3,5,0,203.64,0.01,0,0.68,0,0,1,0,0,0,1
CLI-003609,0,14,199,41,20.6,1,0.5,9,1,30,4,6.9,2,0,12694.67,0.07,1,0.22,0,0,0,1,0,0,1
CLI-004267,0,19,22,5,22.7,3,0.2,1,4,5,4,9.1,3,0,906.3,0.01,0,0.04,0,0,0,1,0,0,1
CLI-001442,1,1,16,10,62.5,20,5.7,12,0,1,5,10.65,3,2,696.22,0.03,0,0.46,0,0,0,1,1,0,0
CLI-004131,0,2,55,35,63.6,13,6.7,13,0,1,2,6.1,5,5,2793.34,0.02,0,0.5,0,0,0,1,1,0,0
CLI-002819,0,12,32,25,78.1,38,20.0,4,4,0,7,36.7,2,0,370.02,0.0,0,0.5,0,0,0,1,0,1,0
CLI-002260,1,1,7,3,42.9,6,2.5,4,1,2,5,17.6,2,1,166.41,0.07,0,0.25,1,0,0,0,1,0,0
CLI-001564,0,8,27,18,66.7,29,15.1,6,2,0,1,10.65,3,0,664.18,0.0,0,0.38,0,0,0,1,0,1,0
CLI-000440,0,16,15,11,73.3,42,12.4,6,2,0,0,10.9,4,0,392.57,0.0,0,0.38,0,1,0,0,0,0,1
CLI-000709,0,10,18,9,50.0,1,0.1,6,1,5,1,9.1,5,1,496.98,0.02,0,0.38,0,1,0,0,0,1,0
CLI-004453,0,14,130,91,70.0,42,32.8,7,1,1,0,11.3,5,1,3351.88,0.0,0,0.44,0,0,0,1,0,0,1
CLI-000026,0,14,12,7,58.3,26,10.4,8,2,0,0,2.1,5,0,236.06,0.0,0,0.5,0,0,0,1,0,0,1
CLI-003110,0,8,173,18,10.4,1,0.2,4,1,5,3,5.7,3,2,7748.84,0.02,0,0.15,0,0,0,1,0,1,0
CLI-000418,0,1,209,134,64.1,25,5.7,11,0,1,3,2.6,5,0,14564.98,0.03,0,0.28,0,0,0,1,1,0,0
CLI-003015,0,15,10,4,40.0,20,3.3,3,4,2,0,11.1,3,1,315.78,0.0,0,0.19,0,1,0,0,0,0,1
CLI-001681,1,1,5,1,20.0,2,1.0,3,0,11,2,11.9,5,1,42.05,0.37,0,0.38,1,0,0,0,1,0,0
CLI-004831,0,7,20,6,30.0,9,0.4,9,2,0,0,2.9,4,1,877.65,0.0,0,0.35,0,1,0,0,0,1,0
CLI-004089,0,16,39,19,48.7,10,5.7,9,7,7,3,7.0,4,0,1758.72,0.01,0,0.35,0,0,1,0,0,0,1
CLI-003901,1,11,306,82,26.8,1,0.2,11,2,8,9,3.2,1,1,22534.37,0.02,0,0.28,0,0,0,1,0,1,0
CLI-003416,1,7,48,15,31.2,1,0.3,1,2,4,1,18.5,5,2,545.45,0.02,0,0.12,0,0,0,1,0,1,0
CLI-004930,0,16,140,88,62.9,14,5.7,12,2,1,1,4.8,4,0,5661.51,0.0,0,0.46,0,0,0,1,0,0,1
CLI-000141,1,11,19,0,0.0,0,0.0,0,0,39,8,20.8,1,1,464.31,0.12,1,0.0,0,0,0,1,0,1,0
CLI-004588,1,1,3,1,33.3,21,9.6,4,0,0,0,12.1,5,2,43.11,0.0,0,0.5,0,0,0,1,1,0,0
CLI-003294,0,14,2,1,50.0,18,6.7,4,6,1,3,26.2,4,0,25.23,0.0,0,0.5,0,0,0,1,0,0,1
CLI-001514,0,22,35,12,34.3,11,1.5,10,7,4,1,7.9,3,0,3176.51,0.01,0,0.25,1,0,0,0,0,0,1
CLI-003551,1,1,58,10,17.2,1,0.2,1,0,0,2,3.3,2,6,1764.48,0.0,0,0.04,0,0,0,1,1,0,0
CLI-001441,0,5,8,4,50.0,25,8.5,17,3,0,0,0.6,3,1,347.8,0.0,0,0.65,0,0,0,1,0,1,0
CLI-000350,1,3,43,30,69.8,52,32.6,16,0,0,1,6.8,2,4,1835.65,0.0,0,0.62,0,0,0,1,1,0,0
CLI-002213,0,20,178,112,62.9,35,5.7,4,6,3,3,10.65,3,0,4778.62,0.0,0,0.25,0,0,0,1,0,0,1
CLI-002546,1,1,11,3,27.3,1,0.1,4,0,11,3,8.4,2,3,348.45,0.37,0,0.15,1,0,0,0,1,0,0
CLI-001439,0,18,8,6,75.0,69,76.4,11,5,0,0,13.7,3,0,195.6,0.0,0,0.69,0,0,0,1,0,0,1
CLI-000059,0,6,15,5,33.3,8,7.0,10,3,5,3,6.2,3,3,788.5,0.03,0,0.38,0,0,0,1,0,1,0
CLI-000862,0,23,54,43,79.6,58,36.9,10,5,1,2,12.4,3,0,1274.65,0.0,0,0.62,0,0,0,1,0,0,1
CLI-004312,0,1,2,1,50.0,26,25.2,4,2,3,0,14.5,5,0,27.41,0.1,0,0.5,0,0,0,1,1,0,0
CLI-002368,0,21,5,3,60.0,19,6.4,5,11,4,0,7.9,4,0,124.77,0.01,0,0.31,0,0,0,1,0,0,1
CLI-002000,1,2,38,17,44.7,1,0.3,4,1,16,4,13.9,3,4,733.6,0.27,0,0.25,0,1,0,0,1,0,0
CLI-004825,0,13,653,595,91.1,49,43.8,24,4,0,0,10.65,3,0,52240.0,0.0,0,0.6,0,0,1,0,0,0,1
CLI-001904,0,13,216,85,39.4,4,0.2,8,0,9,4,9.9,2,0,9121.49,0.02,0,0.31,1,0,0,0,0,0,1
CLI-003207,0,9,15,14,50.0,50,40.9,10,0,1,2,18.1,2,0,437.59,0.0,0,0.62,1,0,0,0,0,1,0
CLI-000678,1,1,856,537,62.7,31,32.3,17,0,0,5,8.7,3,2,41925.64,0.0,0,0.65,0,0,0,1,1,0,0
CLI-001364,1,1,6,3,50.0,1,0.1,4,0,18,4,14.6,4,1,116.62,0.6,0,0.25,0,0,0,1,1,0,0
CLI-004845,0,9,4,2,50.0,9,5.7,3,2,2,1,6.7,3,0,110.79,0.01,0,0.19,0,0,0,1,0,1,0
CLI-002906,0,11,8,5,62.5,38,20.7,8,3,0,3,11.6,4,0,206.9,0.0,0,0.5,0,0,1,0,0,1,0
CLI-002262,0,10,12,8,66.7,33,15.3,11,2,0,4,12.1,3,0,528.48,0.0,0,0.42,0,0,0,1,0,1,0
CLI-004704,1,6,100,23,23.0,1,5.7,1,2,9,5,13.4,2,1,3420.81,0.05,0,0.04,0,0,0,1,0,1,0
CLI-003758,0,23,32,20,62.5,17,0.8,4,5,1,5,10.65,2,0,428.59,0.0,0,0.5,1,0,0,0,0,0,1
CLI-004288,1,10,24,10,41.7,14,3.2,3,1,0,8,10.65,3,0,262.03,0.0,0,0.38,0,0,0,1,0,1,0
CLI-001666,0,5,27,23,85.2,80,79.1,9,0,0,0,14.8,3,0,595.12,0.0,0,0.56,0,1,0,0,0,1,0
CLI-002673,0,12,185,156,84.3,55,10.7,2,3,1,1,11.3,3,1,4957.73,0.0,0,0.12,0,0,0,1,0,1,0
CLI-001165,0,20,503,285,56.7,39,30.9,8,3,5,0,10.65,3,0,22639.17,0.01,0,0.31,0,0,0,1,0,0,1
CLI-002789,1,5,101,58,57.4,20,14.5,21,1,1,0,6.1,3,2,7287.7,0.01,0,0.52,0,1,0,0,0,1,0
CLI-002444,0,9,39,17,43.6,7,2.6,3,3,1,0,8.6,3,1,1096.75,0.0,0,0.19,0,0,0,1,0,1,0
CLI-003669,0,12,468,101,21.6,2,0.4,7,3,0,1,2.4,4,0,29005.74,0.0,0,0.18,1,0,0,0,0,1,0
CLI-002674,0,3,32,24,75.0,42,26.7,10,0,1,2,13.1,4,2,868.77,0.01,0,0.62,0,1,0,0,1,0,0
CLI-000108,0,6,140,60,42.9,6,0.4,7,0,10,0,3.1,5,3,6578.57,0.06,0,0.27,0,0,0,1,0,1,0
CLI-002591,0,12,47,38,80.9,47,25.1,11,3,2,1,8.6,5,0,1240.67,0.01,0,0.69,0,0,0,1,0,1,0
CLI-003653,0,1,9,4,44.4,24,6.7,5,0,0,3,7.4,3,0,165.96,0.0,0,0.31,0,0,0,1,1,0,0
CLI-000347,1,17,38,9,23.7,9,3.0,5,1,1,11,19.2,1,0,954.45,0.0,0,0.31,0,0,0,1,0,0,1
CLI-003541,1,2,3,2,66.7,15,9.1,4,1,0,3,28.7,3,3,38.55,0.0,0,0.5,0,0,0,1,1,0,0
CLI-004107,0,14,1,1,100.0,84,65.5,5,6,4,2,33.0,3,1,13.2,0.01,0,0.62,0,1,0,0,0,0,1
CLI-004211,0,13,5,2,40.0,18,6.3,1,2,1,0,12.2,5,0,64.15,0.0,0,0.12,0,0,0,1,0,0,1
CLI-001157,0,11,62,28,45.2,5,1.2,6,1,6,0,5.1,5,0,1460.49,0.02,0,0.38,0,0,0,1,0,1,0
CLI-003048,0,6,34,32,94.1,112,68.5,15,0,3,2,14.0,4,0,1013.18,0.02,0,0.94,0,1,0,0,0,1,0
CLI-000379,0,10,34,18,50.0,14,10.6,1,1,0,2,27.7,3,1,432.95,0.0,0,0.12,0,0,0,1,0,1,0
CLI-003830,1,15,66,0,0.0,0,0.0,0,0,144,2,3.3,3,0,6529.01,0.32,1,0.0,0,0,0,1,0,0,1
CLI-002012,0,10,11,4,36.4,25,5.7,2,1,3,1,22.2,4,0,144.09,0.01,0,0.25,0,0,0,1,0,1,0
CLI-002350,1,1,19,9,47.4,3,0.5,5,0,5,3,18.0,3,1,463.0,0.17,0,0.31,0,1,0,0,1,0,0
CLI-003242,0,6,28,4,14.3,4,5.7,1,3,5,0,4.4,4,1,1260.0,0.03,0,0.04,1,0,0,0,0,1,0
CLI-002552,0,15,9,4,44.4,1,0.3,2,5,7,2,29.6,3,0,122.46,0.02,0,0.25,0,0,0,1,0,0,1
CLI-004414,0,10,68,57,83.8,46,40.6,21,1,2,1,0.5,4,0,4974.21,0.01,0,0.52,0,0,0,1,0,1,0
CLI-004185,1,5,207,72,34.8,6,2.2,3,0,4,1,7.9,3,2,4821.58,0.03,0,0.19,0,1,0,0,0,1,0
CLI-004734,0,1,169,39,23.1,1,0.4,6,1,30,0,15.9,4,2,3951.71,1.0,1,0.38,1,0,0,0,1,0,0
CLI-001826,1,9,8,6,75.0,51,41.8,1,3,0,4,25.9,3,1,90.35,0.0,0,0.12,0,0,0,1,0,1,0
CLI-000687,0,12,38,23,60.5,24,16.1,3,0,2,1,30.0,4,0,518.44,0.01,0,0.38,0,0,0,1,0,1,0
CLI-004519,0,1,175,89,50.9,16,5.7,3,0,1,1,4.2,5,5,7294.17,0.03,0,0.12,0,1,0,0,1,0,0
CLI-000375,0,12,191,14,7.3,1,0.1,1,4,23,3,4.0,4,0,8358.03,0.06,0,0.04,1,0,0,0,0,1,0
CLI-002726,0,13,132,77,58.3,30,5.7,19,1,0,0,0.5,3,1,11809.92,0.0,0,0.48,0,0,0,1,0,0,1
CLI-002245,0,12,27,17,63.0,22,9.0,3,2,1,1,20.9,4,1,346.61,0.0,0,0.38,0,0,0,1,0,1,0
CLI-001324,0,7,18,7,38.9,11,0.6,6,2,5,0,4.2,4,2,502.92,0.02,0,0.38,0,0,0,1,0,1,0
CLI-002221,0,18,195,105,53.8,27,23.1,4,10,2,0,8.5,4,0,4875.0,0.0,0,0.25,0,0,1,0,0,0,1
CLI-001216,1,15,2,1,50.0,1,0.1,3,4,7,5,21.6,3,1,22.13,0.02,0,0.38,0,0,0,1,0,0,1
CLI-004362,0,5,39,27,69.2,39,31.7,10,0,1,6,6.3,2,4,1717.07,0.01,0,0.38,0,0,0,1,0,1,0
CLI-001308,0,13,21,3,14.3,1,0.6,1,5,2,2,19.5,4,0,278.09,0.01,0,0.12,1,0,0,0,0,0,1
CLI-000617,1,6,33,15,45.5,32,17.5,11,2,0,6,5.5,3,0,2324.2,0.0,0,0.28,0,1,0,0,0,1,0
CLI-002845,0,5,154,103,66.9,27,8.3,8,2,2,0,8.2,5,1,3908.82,0.01,0,0.5,0,0,0,1,0,1,0
CLI-002027,0,10,22,13,59.1,33,15.5,6,4,2,2,6.8,4,2,650.96,0.01,0,0.38,0,0,1,0,0,1,0
CLI-000856,0,4,9,4,44.4,13,6.6,5,2,3,4,15.5,3,1,222.33,0.02,0,0.31,0,0,0,1,0,1,0
CLI-001405,1,11,18,9,50.0,30,15.0,2,0,1,2,24.3,3,0,264.35,0.0,0,0.25,0,0,0,1,0,1,0
CLI-002630,0,5,12,10,83.3,48,32.0,5,3,1,1,16.8,5,1,148.5,0.01,0,0.62,0,0,0,1,0,1,0
CLI-000422,0,17,7,2,28.6,5,1.5,1,3,3,2,8.5,4,0,149.87,0.01,0,0.06,0,0,0,1,0,0,1
CLI-004117,0,2,29,16,55.2,11,5.9,6,0,1,4,3.0,3,2,1647.66,0.02,0,0.15,0,0,0,1,1,0,0
CLI-000495,0,1,6,3,50.0,30,8.2,2,0,1,2,19.3,3,1,79.05,0.03,0,0.25,0,0,0,1,1,0,0
CLI-004174,0,16,13,2,15.4,1,0.1,2,6,4,4,12.3,3,0,236.83,0.01,0,0.12,1,0,0,0,0,0,1
CLI-001931,1,18,47,0,0.0,0,0.0,0,0,96,3,4.7,4,0,2624.01,0.18,1,0.0,0,0,0,1,0,0,1
CLI-001416,0,21,14,10,71.4,56,23.8,8,7,1,8,13.6,5,0,349.59,0.0,0,0.5,1,0,0,0,0,0,1
CLI-001014,1,1,8,3,37.5,1,0.4,3,0,1,6,12.6,3,2,191.85,0.03,0,0.19,0,0,0,1,1,0,0
CLI-001749,0,21,8,2,25.0,8,0.4,2,2,5,0,31.4,3,0,101.92,0.01,0,0.25,0,1,0,0,0,0,1
CLI-001382,1,5,11,5,45.5,19,7.7,3,1,0,6,38.2,2,2,132.0,0.0,0,0.38,1,0,0,0,0,1,0
CLI-001068,1,10,11,5,45.5,15,5.1,2,2,0,4,37.0,1,0,141.76,0.0,0,0.25,0,0,0,1,0,1,0
CLI-002072,1,11,11,1,9.1,1,0.1,0,0,9,3,28.8,3,0,119.3,0.03,0,0.0,1,0,0,0,0,1,0
CLI-000914,0,15,41,16,39.0,13,4.2,4,3,3,0,7.4,4,0,849.86,0.01,0,0.25,0,0,0,1,0,0,1
CLI-000935,1,1,4,2,50.0,1,0.7,8,0,1,1,12.4,3,1,101.57,0.03,0,0.5,0,0,0,1,1,0,0
CLI-001149,1,6,11,9,81.8,68,34.7,3,3,2,3,10.65,4,1,155.72,0.01,0,0.38,0,0,1,0,0,1,0
CLI-002141,0,20,3,3,100.0,86,51.3,5,5,0,0,16.1,4,0,39.61,0.0,0,0.62,0,0,0,1,0,0,1
CLI-001608,0,16,6,3,50.0,15,0.8,4,2,3,0,3.4,3,0,312.16,0.01,0,0.15,0,1,0,0,0,0,1
CLI-002610,0,32,29,17,58.6,31,12.2,16,6,1,4,9.6,4,0,1756.07,0.0,0,0.62,0,0,0,1,0,0,1
CLI-004073,0,10,8,5,62.5,16,10.6,5,4,2,6,10.65,3,1,102.15,0.01,0,0.62,0,0,0,1,0,1,0
CLI-003362,1,13,50,16,50.0,1,5.7,6,2,30,2,14.8,1,0,1145.11,0.08,1,0.38,0,0,0,1,0,0,1
CLI-002971,0,9,17,9,52.9,25,12.8,16,0,0,1,1.7,3,0,1360.0,0.0,0,0.4,0,0,0,1,0,1,0
CLI-001853,0,1,143,57,39.9,14,5.5,11,0,0,0,6.2,4,0,13582.92,0.0,0,0.28,0,0,0,1,1,0,0
CLI-002776,1,1,2,1,50.0,5,1.0,4,0,1,2,27.6,3,6,17.72,0.03,0,0.5,0,0,0,1,1,0,0
CLI-002353,0,20,56,43,76.8,77,48.3,22,6,1,0,1.8,4,0,5056.94,0.0,0,0.55,0,0,1,0,0,0,1
CLI-004508,1,1,178,48,27.0,3,0.2,5,0,13,5,14.9,2,0,4178.77,0.43,0,0.31,0,0,0,1,1,0,0
CLI-002837,1,2,34,21,61.8,36,21.7,3,1,1,5,34.9,3,5,425.03,0.02,0,0.38,0,0,0,1,1,0,0
CLI-001188,0,20,56,50,50.0,72,47.4,20,6,0,4,7.5,4,0,2499.74,0.0,0,0.77,0,0,1,0,0,0,1
CLI-002567,1,8,5,3,60.0,56,5.7,2,2,0,1,22.9,3,1,63.41,0.0,0,0.25,0,1,0,0,0,1,0
CLI-002089,0,6,13,8,61.5,26,5.2,4,1,1,0,8.9,5,1,325.0,0.01,0,0.25,0,1,0,0,0,1,0
CLI-000438,1,1,11,6,54.5,34,27.7,8,0,1,4,12.1,5,1,229.37,0.03,0,0.5,0,1,0,0,1,0,0
CLI-000364,0,8,10,7,70.0,24,6.1,8,1,1,3,13.1,4,1,484.39,0.0,0,0.31,0,0,0,1,0,1,0
CLI-004811,1,10,6,0,50.0,0,0.0,0,0,37,1,9.5,4,2,175.63,0.12,1,0.0,0,0,0,1,0,1,0
CLI-003232,1,1,218,73,33.5,9,2.4,16,0,1,1,1.3,3,4,16707.69,0.03,0,0.4,0,1,0,0,1,0,0
CLI-004985,0,16,18,8,44.4,14,7.3,6,2,4,5,18.1,3,0,531.0,0.01,0,0.38,0,0,0,1,0,0,1
CLI-003762,0,21,28,7,25.0,1,0.2,3,4,30,1,8.2,5,0,515.13,0.05,1,0.19,0,0,0,1,0,0,1
CLI-003794,0,11,101,81,80.2,86,68.9,6,1,1,3,10.2,4,2,2791.56,0.0,0,0.38,0,1,0,0,0,1,0
CLI-002989,1,7,7,3,42.9,7,1.7,2,0,1,1,34.2,3,2,88.19,0.0,0,0.25,0,0,0,1,0,1,0
CLI-003399,1,8,89,0,0.0,0,0.0,0,0,75,6,4.6,4,0,5364.85,0.31,1,0.0,0,0,0,1,0,1,0
CLI-002254,1,13,13,0,0.0,0,0.0,0,0,57,5,18.0,2,0,308.37,0.15,1,0.0,1,0,0,0,0,0,1
CLI-004329,0,1,17,8,47.1,21,7.0,3,0,0,0,3.9,5,1,320.17,0.0,0,0.19,0,1,0,0,1,0,0
CLI-002249,1,14,11,0,0.0,0,0.0,0,0,33,2,10.65,3,2,117.09,0.08,1,0.0,1,0,0,0,0,0,1
CLI-002342,0,24,9,2,22.2,4,1.2,4,6,7,2,30.2,3,0,101.69,0.01,0,0.5,0,0,0,1,0,0,1
CLI-000884,0,12,13,9,69.2,51,26.6,13,3,2,3,9.0,3,0,706.04,0.01,0,0.5,0,0,0,1,0,1,0
CLI-002013,1,8,49,0,0.0,0,0.0,0,0,52,5,19.1,2,0,1038.23,0.22,1,0.0,1,0,0,0,0,1,0
CLI-001129,0,23,338,27,50.0,1,0.1,6,6,0,0,1.0,5,0,17518.74,0.0,0,0.23,1,0,0,0,0,0,1
CLI-002905,1,22,5,0,0.0,0,0.0,0,0,49,10,45.9,1,0,65.08,0.07,1,0.0,1,0,0,0,0,0,1
CLI-001392,0,11,27,9,33.3,5,2.2,3,1,4,3,19.4,4,0,341.5,0.01,0,0.38,0,1,0,0,0,1,0
CLI-003599,1,3,3,1,33.3,1,0.1,0,2,11,4,19.2,3,3,29.93,0.12,0,0.0,0,0,0,1,1,0,0
CLI-000235,0,24,155,62,40.0,14,0.7,8,2,0,5,9.3,3,0,6560.8,0.0,0,0.31,0,0,0,1,0,0,1
CLI-000695,0,7,8,3,37.5,8,2.2,6,2,0,0,3.5,5,2,166.9,0.0,0,0.38,0,0,0,1,0,1,0
CLI-003859,0,13,350,255,72.9,60,19.4,19,3,1,1,0.5,3,0,30580.97,0.0,0,0.48,0,0,0,1,0,0,1
CLI-001724,0,3,5,2,40.0,23,11.6,3,0,3,0,14.8,4,0,56.49,0.03,0,0.38,0,0,0,1,1,0,0
CLI-003728,0,30,8,5,62.5,24,8.7,7,5,2,4,16.1,2,0,170.39,0.0,0,0.44,0,0,0,1,0,0,1
CLI-003715,0,14,26,19,73.1,67,29.9,15,2,1,0,3.3,3,0,2460.12,0.0,0,0.38,0,1,0,0,0,0,1
CLI-002547,0,12,1,1,100.0,67,10.3,3,4,2,0,15.6,4,0,15.28,0.01,0,0.38,0,0,1,0,0,1,0
CLI-002091,0,10,131,65,49.6,13,5.4,10,2,4,5,2.2,1,0,11420.38,0.01,0,0.25,1,0,0,0,0,1,0
CLI-003285,0,9,1,1,100.0,109,62.6,5,5,0,1,30.2,4,0,14.59,0.0,0,0.62,0,0,1,0,0,1,0
CLI-003198,1,7,9,0,0.0,0,0.0,0,0,55,0,10.65,5,2,122.28,0.26,1,0.0,1,0,0,0,0,1,0
CLI-000857,0,26,43,20,46.5,5,5.7,4,10,7,0,7.9,4,0,888.24,0.01,0,0.25,0,0,1,0,0,0,1
CLI-002379,0,13,28,24,85.7,65,41.6,9,3,0,2,9.4,3,0,699.79,0.0,0,0.56,0,1,0,0,0,0,1
CLI-004142,0,16,54,38,70.4,47,23.5,8,2,0,0,5.8,5,0,2912.05,0.0,0,0.31,0,0,0,1,0,0,1
CLI-002288,0,22,14,10,71.4,15,7.8,4,5,5,3,15.6,4,0,386.76,0.01,0,0.25,0,0,1,0,0,0,1
CLI-001287,0,11,6,4,66.7,48,24.6,7,0,3,1,14.8,3,0,171.03,0.01,0,0.44,0,1,0,0,0,1,0
CLI-001040,1,1,40,9,22.5,1,0.1,1,1,8,3,6.8,2,4,1600.27,0.27,0,0.04,1,0,0,0,1,0,0
CLI-001670,0,6,13,7,53.8,16,2.3,4,0,4,0,8.6,4,0,377.39,0.02,0,0.25,0,0,0,1,0,1,0
CLI-003495,1,1,549,212,38.6,1,0.5,4,0,15,1,10.65,4,7,12407.41,0.5,0,0.25,0,0,0,1,1,0,0
CLI-003546,0,14,11,8,50.0,37,17.9,5,1,2,0,21.3,3,0,149.63,0.0,0,0.62,0,0,0,1,0,0,1
CLI-002559,1,1,6,0,0.0,0,0.0,0,0,30,4,11.7,5,0,128.11,1.0,1,0.0,1,0,0,0,1,0,0
CLI-001225,0,7,22,17,77.3,32,24.5,12,1,0,5,2.7,3,1,918.4,0.0,0,0.46,0,0,0,1,0,1,0
CLI-000845,0,18,36,21,58.3,42,15.7,15,4,0,2,7.3,2,0,2134.27,0.0,0,0.58,1,0,0,0,0,0,1
CLI-001787,1,6,58,0,50.0,0,0.0,0,0,87,3,16.6,4,0,1580.78,0.48,1,0.0,0,0,0,1,0,1,0
CLI-004666,1,1,156,81,50.0,15,9.2,7,0,4,0,8.4,3,1,5369.89,0.13,0,0.27,0,1,0,0,1,0,0
CLI-003974,1,13,4,1,25.0,8,2.1,3,4,1,2,30.5,3,0,48.54,0.0,0,0.38,0,0,0,1,0,0,1
CLI-002450,1,10,8,3,37.5,1,0.4,3,0,6,1,10.5,4,0,104.7,0.02,0,0.38,0,0,0,1,0,1,0
CLI-003844,0,11,144,36,25.0,12,7.2,5,4,1,3,7.5,4,0,6623.75,0.0,0,0.19,0,0,1,0,0,1,0
CLI-001587,0,13,5,3,60.0,39,20.9,4,1,0,1,21.3,4,0,60.8,0.0,0,0.5,0,0,0,1,0,0,1
CLI-002677,1,14,46,0,0.0,0,0.0,0,0,39,4,6.6,3,0,4101.17,0.09,1,0.0,0,0,0,1,0,0,1
CLI-002169,1,7,11,4,36.4,14,1.6,2,1,2,4,28.1,3,1,127.61,0.01,0,0.25,0,0,0,1,0,1,0
CLI-000633,1,7,48,0,0.0,0,0.0,0,0,71,1,6.9,4,3,3854.6,0.34,1,0.0,1,0,0,0,0,1,0
CLI-002675,0,10,147,49,33.3,13,2.2,4,4,1,1,11.5,3,1,4382.02,0.0,0,0.25,0,1,0,0,0,1,0
CLI-003001,0,6,106,36,34.0,5,1.8,4,2,6,0,9.7,4,0,2736.47,0.03,0,0.25,0,0,0,1,0,1,0
CLI-001015,1,10,8,7,87.5,69,48.4,9,1,1,1,11.3,4,0,202.24,0.0,0,0.56,0,1,0,0,0,1,0
CLI-002002,1,12,59,9,15.3,1,0.2,2,6,18,6,16.6,2,1,1351.67,0.05,0,0.12,0,0,0,1,0,1,0
CLI-003781,0,1,10,6,60.0,34,10.9,9,0,0,3,10.65,4,0,254.59,0.0,0,0.56,0,1,0,0,1,0,0
CLI-004426,0,24,53,17,32.1,6,0.8,4,5,1,2,11.4,4,0,1551.29,0.0,0,0.25,0,0,1,0,0,0,1
CLI-004941,0,18,11,8,72.7,43,13.7,14,2,0,4,7.6,3,0,478.15,0.0,0,0.54,0,0,0,1,0,0,1
CLI-001635,0,10,29,23,79.3,42,24.4,13,2,0,0,8.0,4,0,725.0,0.0,0,0.81,0,0,0,1,0,1,0
CLI-003253,1,4,50,35,70.0,48,38.0,17,0,1,0,4.7,5,1,1973.21,0.01,0,0.65,0,0,0,1,0,1,0
CLI-001815,0,6,7,5,50.0,51,34.0,8,1,1,3,10.1,4,1,138.79,0.01,0,0.5,0,0,0,1,0,1,0
CLI-002749,1,6,54,33,61.1,34,16.8,1,0,0,1,10.65,3,2,609.06,0.0,0,0.12,0,1,0,0,0,1,0
CLI-001619,0,15,765,415,50.0,26,12.6,7,0,0,9,11.3,1,0,31201.7,0.0,0,0.27,0,0,0,1,0,0,1
CLI-003683,0,1,5,1,20.0,6,2.6,6,2,2,0,10.3,5,2,112.94,0.07,0,0.38,1,0,0,0,1,0,0
CLI-001377,0,25,5,4,80.0,55,37.6,9,2,0,6,19.1,3,1,125.0,0.0,0,0.56,0,0,1,0,0,0,1
CLI-001792,0,9,80,65,81.2,55,46.4,12,0,1,0,4.7,5,2,4111.14,0.0,0,0.46,0,0,0,1,0,1,0
CLI-001286,0,31,19,7,36.8,6,1.7,5,8,8,5,7.7,3,0,1017.66,0.01,0,0.19,0,0,0,1,0,0,1
CLI-004071,0,1,19,15,50.0,40,7.4,5,0,0,1,19.7,3,0,246.0,0.0,0,0.62,0,0,0,1,1,0,0
CLI-003757,1,10,170,46,27.1,1,0.3,3,4,0,7,10.65,3,0,4457.44,0.0,0,0.19,1,0,0,0,0,1,0
CLI-002903,0,1,36,26,72.2,46,35.6,9,0,0,3,7.1,3,1,1283.62,0.0,0,0.35,0,1,0,0,1,0,0
CLI-003713,0,19,8,2,25.0,3,0.5,12,4,3,6,5.2,3,0,360.0,0.01,0,0.46,0,0,0,1,0,0,1
CLI-003945,0,4,6,2,33.3,19,17.6,3,2,1,1,17.3,4,1,76.65,0.01,0,0.38,0,0,0,1,0,1,0
CLI-002853,0,13,107,29,27.1,5,0.2,6,2,15,2,5.4,4,1,2673.08,0.04,0,0.38,0,1,0,0,0,0,1
CLI-003422,0,8,54,37,68.5,38,5.7,7,0,0,0,0.5,4,1,4177.25,0.0,0,0.18,0,0,0,1,0,1,0
CLI-001200,0,1,3,1,33.3,16,5.7,4,0,3,1,11.7,5,2,56.03,0.1,0,0.25,0,1,0,0,1,0,0
CLI-003254,1,15,5,4,80.0,72,56.6,4,2,1,5,34.1,2,0,73.06,0.0,0,0.5,0,0,0,1,0,0,1
CLI-000172,0,11,29,14,48.3,12,5.7,2,1,6,3,22.7,3,2,336.54,0.02,0,0.25,0,0,0,1,0,1,0
CLI-003625,0,16,10,3,30.0,3,0.8,5,3,1,0,10.65,4,0,213.47,0.0,0,0.31,0,0,0,1,0,0,1
CLI-003060,1,6,26,17,65.4,23,15.4,23,1,2,0,0.5,3,6,1735.53,0.01,0,0.57,0,1,0,0,0,1,0
CLI-004821,1,4,2,0,0.0,0,0.0,0,0,55,4,33.0,2,1,20.92,0.46,1,0.0,0,0,0,1,0,1,0
CLI-003614,0,9,17,9,52.9,29,14.0,10,3,0,0,10.65,5,1,765.55,0.0,0,0.38,0,0,0,1,0,1,0
CLI-004819,0,14,57,27,47.4,17,9.7,4,5,0,6,16.4,3,0,1509.54,0.0,0,0.25,0,1,0,0,0,0,1
CLI-003039,0,20,217,155,71.4,43,14.6,14,7,1,2,2.4,3,0,18877.64,0.0,0,0.35,0,0,0,1,0,0,1
CLI-003833,0,4,48,21,43.8,18,6.6,7,1,0,0,4.2,4,2,1844.98,0.0,0,0.27,0,0,0,1,0,1,0
CLI-004149,0,10,24,11,45.8,20,4.5,3,1,1,0,6.3,4,1,483.38,0.0,0,0.19,0,0,0,1,0,1,0
CLI-001233,1,16,10,3,30.0,6,3.3,4,6,10,9,22.8,3,0,114.89,0.02,0,0.5,0,0,0,1,0,0,1
CLI-004549,1,1,3,1,33.3,8,5.6,9,0,6,0,2.5,5,4,106.85,0.2,0,0.35,0,1,0,0,1,0,0
CLI-004544,0,1,182,56,30.8,3,0.7,4,0,2,1,5.5,4,4,6536.71,0.07,0,0.15,0,0,0,1,1,0,0
CLI-001212,0,3,499,257,51.5,13,0.6,10,1,1,1,6.5,3,0,20598.2,0.01,0,0.38,0,1,0,0,1,0,0
CLI-004400,0,22,10,3,30.0,10,6.6,4,6,2,2,20.3,4,0,118.83,0.0,0,0.5,0,0,1,0,0,0,1
CLI-004384,0,20,113,90,79.6,63,44.1,14,2,1,5,6.0,2,0,9206.91,0.0,0,0.35,0,0,0,1,0,0,1
CLI-001550,0,10,11,8,72.7,26,5.7,3,2,0,2,15.1,4,0,137.74,0.0,0,0.38,0,1,0,0,0,1,0
CLI-001078,1,1,8,5,62.5,22,7.1,3,0,1,3,24.7,4,1,86.67,0.03,0,0.38,0,1,0,0,1,0,0
CLI-004248,0,13,146,43,29.5,9,4.6,14,3,1,0,1.2,5,0,11497.46,0.0,0,0.35,0,0,1,0,0,0,1
CLI-000785,1,8,42,9,21.4,4,2.1,7,5,0,1,3.7,4,0,1890.0,0.0,0,0.27,0,0,0,1,0,1,0
CLI-004882,0,21,9,4,44.4,23,9.6,2,6,0,0,18.3,3,0,129.33,0.0,0,0.25,0,0,1,0,0,0,1
CLI-001526,1,1,633,282,44.5,1,0.1,6,0,26,0,10.65,5,3,27125.25,0.87,0,0.23,0,0,0,1,1,0,0
CLI-000320,0,19,4,1,25.0,5,0.5,6,5,4,1,10.65,5,0,191.04,0.01,0,0.23,0,0,1,0,0,0,1
CLI-000451,0,14,48,20,41.7,12,7.2,7,6,0,3,14.3,2,0,1243.77,0.0,0,0.44,0,0,0,1,0,0,1
CLI-004477,0,5,15,4,26.7,6,5.7,5,2,0,1,3.7,5,0,376.08,0.0,0,0.31,0,1,0,0,0,1,0
CLI-000462,0,6,7,4,57.1,24,10.3,4,0,1,2,12.0,4,0,144.87,0.01,0,0.25,0,1,0,0,0,1,0
CLI-001976,0,7,26,22,84.6,40,27.6,6,2,2,3,12.8,4,1,694.36,0.01,0,0.38,0,1,0,0,0,1,0
CLI-000964,0,22,102,20,19.6,1,0.4,3,6,17,2,10.5,5,0,2461.31,0.03,0,0.19,1,0,0,0,0,0,1
CLI-001462,0,14,387,194,50.1,17,5.7,8,2,3,2,3.4,3,0,17013.43,0.01,0,0.31,0,0,0,1,0,0,1
CLI-003464,0,8,10,7,70.0,18,4.2,7,2,3,3,11.0,4,0,311.14,0.01,0,0.44,0,1,0,0,0,1,0
CLI-003980,0,1,149,33,22.1,11,0.6,8,0,0,0,10.65,5,4,6792.25,0.0,0,0.31,0,0,0,1,1,0,0
CLI-001836,1,1,9,0,0.0,0,0.0,0,0,30,6,35.0,2,0,80.0,1.0,1,0.0,1,0,0,0,1,0,0
CLI-003583,0,5,9,8,88.9,76,30.0,6,2,1,1,27.0,3,3,118.27,0.01,0,0.75,0,1,0,0,0,1,0
CLI-001119,1,15,22,0,0.0,0,0.0,0,0,60,0,8.9,5,0,551.5,0.13,1,0.0,1,0,0,0,0,0,1
CLI-001193,0,1,208,146,70.2,48,44.9,13,0,0,0,1.0,4,5,9163.84,0.0,0,0.5,0,1,0,0,1,0,0
CLI-004190,1,16,7,3,42.9,12,5.3,8,0,1,1,8.2,3,0,328.86,0.0,0,0.31,0,0,0,1,0,0,1
CLI-004272,0,7,124,39,31.5,2,0.4,2,1,30,1,6.1,5,1,3403.91,0.14,1,0.12,0,0,0,1,0,1,0
CLI-003881,0,1,187,115,61.5,27,11.1,2,0,0,0,3.7,5,0,9184.37,0.0,0,0.08,0,0,0,1,1,0,0
CLI-001053,0,15,7,6,85.7,63,27.3,8,1,0,2,14.6,4,0,172.94,0.0,0,0.5,0,0,0,1,0,0,1
CLI-002522,0,32,27,13,48.1,4,5.7,1,6,7,1,10.65,5,1,409.23,0.01,0,0.12,0,0,0,1,0,0,1
CLI-004765,1,13,53,22,41.5,11,1.7,4,2,1,1,29.6,4,0,605.07,0.0,0,0.5,0,0,0,1,0,0,1
CLI-002490,0,23,10,5,50.0,1,5.7,5,3,30,3,11.0,4,0,257.56,0.04,1,0.31,0,0,0,1,0,0,1
CLI-003981,1,12,24,13,54.2,16,6.8,13,2,0,3,9.2,3,1,1073.14,0.0,0,0.5,0,0,0,1,0,1,0
CLI-002398,1,9,41,20,48.8,9,4.0,3,1,4,9,35.2,2,0,595.5,0.01,0,0.38,0,0,0,1,0,1,0
CLI-002280,0,1,2,1,50.0,18,5.8,3,0,3,1,10.9,5,3,50.0,0.1,0,0.19,0,0,0,1,1,0,0
CLI-002635,0,15,559,158,28.3,15,10.8,9,1,1,3,7.7,3,0,24260.32,0.0,0,0.35,0,0,0,1,0,0,1
CLI-002914,0,13,199,96,48.2,4,0.5,11,3,0,0,4.4,3,0,13484.78,0.0,0,0.28,0,1,0,0,0,0,1
CLI-002851,0,6,11,9,81.8,62,55.2,6,2,3,0,14.3,5,1,176.08,0.02,0,0.75,0,0,0,1,0,1,0
CLI-003866,1,1,47,0,0.0,0,0.0,0,0,30,6,10.65,3,1,516.06,1.0,1,0.0,1,0,0,0,1,0,0
CLI-000627,0,12,5,4,80.0,37,25.9,4,2,1,3,26.7,4,0,60.85,0.0,0,0.5,0,0,0,1,0,1,0
CLI-001488,0,19,618,54,8.7,1,0.1,1,2,10,4,6.1,2,0,24345.66,0.02,0,0.04,0,0,0,1,0,0,1
CLI-004642,0,9,46,27,58.7,26,14.6,10,1,1,3,8.7,3,1,2192.31,0.0,0,0.38,0,0,0,1,0,1,0
CLI-002345,0,1,14,10,71.4,8,2.1,4,0,2,3,10.3,5,0,382.93,0.07,0,0.25,0,0,0,1,1,0,0
CLI-002846,0,9,2,1,50.0,4,1.5,3,0,0,0,19.8,4,0,18.73,0.0,0,0.38,0,0,0,1,0,1,0
CLI-001048,0,26,47,26,55.3,29,7.4,6,5,1,0,13.9,4,0,1196.27,0.0,0,0.38,0,0,0,1,0,0,1
CLI-002829,0,20,866,201,23.2,5,3.2,8,3,0,4,3.0,4,0,56725.27,0.0,0,0.2,1,0,0,0,0,0,1
CLI-002565,0,9,11,7,63.6,29,11.7,4,2,6,5,27.3,3,1,145.53,0.02,0,0.5,0,0,0,1,0,1,0
CLI-003371,0,10,24,18,75.0,49,9.3,14,2,1,0,3.4,4,1,926.84,0.0,0,0.54,0,1,0,0,0,1,0
CLI-003179,0,9,68,21,30.9,13,2.0,4,1,3,0,3.1,4,1,1873.22,0.01,0,0.25,0,0,0,1,0,1,0
CLI-002046,0,4,844,533,63.2,14,3.5,22,1,0,2,3.7,4,2,68015.99,0.0,0,0.55,0,0,0,1,0,1,0
CLI-002664,0,14,557,72,50.0,1,0.1,1,4,5,0,0.6,4,1,33504.58,0.01,0,0.02,0,0,0,1,0,0,1
CLI-004401,0,7,18,13,72.2,67,23.7,6,1,1,1,5.4,3,0,465.59,0.0,0,0.38,0,1,0,0,0,1,0
CLI-002983,0,17,3,1,33.3,17,7.2,7,7,2,0,3.8,4,0,121.33,0.0,0,0.27,0,0,0,1,0,0,1
CLI-002986,0,9,7,2,28.6,1,5.7,4,1,30,0,4.1,5,2,175.0,0.11,1,0.25,0,0,0,1,0,1,0
CLI-003147,0,13,26,4,15.4,1,0.1,0,10,17,5,18.1,1,0,556.54,0.04,0,0.0,0,0,0,1,0,0,1
CLI-004463,0,6,6,3,50.0,25,11.5,3,1,0,3,23.4,2,2,78.62,0.0,0,0.38,1,0,0,0,0,1,0
CLI-001426,0,14,36,31,86.1,59,50.8,10,2,0,3,17.3,2,1,984.86,0.0,0,0.62,0,0,0,1,0,0,1
CLI-004031,1,1,7,3,42.9,1,0.1,0,0,1,2,23.5,3,5,86.12,0.03,0,0.0,0,0,0,1,1,0,0
CLI-003306,1,15,48,0,0.0,0,0.0,0,0,31,3,14.4,3,0,1137.15,0.07,1,0.0,0,0,0,1,0,0,1
CLI-002400,0,22,42,13,31.0,1,0.1,5,6,30,0,0.5,5,0,1723.95,0.05,1,0.19,0,0,0,1,0,0,1
CLI-002518,0,9,9,9,100.0,120,89.4,4,0,2,1,19.5,4,1,124.48,0.01,0,0.5,0,0,0,1,0,1,0
CLI-004844,0,11,58,12,20.7,1,0.1,5,4,11,7,11.2,3,0,2335.99,0.03,0,0.19,0,0,0,1,0,1,0
CLI-003463,0,10,9,5,50.0,32,24.7,7,2,2,5,8.2,3,1,242.47,0.01,0,0.44,0,0,0,1,0,1,0
CLI-002115,0,9,8,5,62.5,27,1.4,3,1,1,0,23.2,4,0,108.43,0.0,0,0.38,0,0,0,1,0,1,0
CLI-004032,1,12,45,24,53.3,1,0.5,4,2,9,12,23.0,2,0,909.24,0.02,0,0.25,0,0,0,1,0,1,0
CLI-002624,1,6,50,32,64.0,26,14.8,15,1,4,8,1.2,1,0,3616.5,0.02,0,0.38,1,0,0,0,0,1,0
CLI-002632,0,5,38,21,55.3,47,25.0,8,2,0,0,10.65,3,2,1000.23,0.0,0,0.5,0,1,0,0,0,1,0
CLI-004435,0,11,102,80,78.4,53,46.6,12,0,1,0,3.2,5,0,5576.93,0.0,0,0.46,0,0,0,1,0,1,0
CLI-004586,0,11,9,4,44.4,7,4.3,2,2,1,1,0.5,5,0,115.29,0.0,0,0.25,0,0,0,1,0,1,0
CLI-004151,1,1,22,18,81.8,68,57.3,16,0,3,1,10.65,5,2,1120.68,0.1,0,0.62,0,1,0,0,1,0,0
CLI-002483,0,13,32,10,31.2,3,1.9,4,3,5,1,10.65,5,0,772.91,0.01,0,0.25,0,0,1,0,0,0,1
CLI-000281,1,6,6,3,50.0,15,5.7,2,0,7,3,18.6,5,1,76.8,0.04,0,0.25,0,0,0,1,0,1,0
CLI-001099,1,4,52,16,30.8,7,3.3,5,1,4,0,5.2,3,1,1336.57,0.03,0,0.31,0,1,0,0,0,1,0
CLI-002561,0,19,5,3,60.0,18,11.1,3,2,1,5,41.4,3,0,60.0,0.0,0,0.38,0,1,0,0,0,0,1
CLI-004204,1,17,3,2,66.7,1,0.5,2,2,6,10,32.5,3,0,36.53,0.01,0,0.25,0,0,0,1,0,0,1
CLI-004390,0,16,5,4,80.0,62,19.6,3,5,0,0,20.6,4,0,55.79,0.0,0,0.38,0,0,0,1,0,0,1
CLI-004469,0,8,4,2,50.0,16,7.6,2,1,4,0,10.65,4,0,49.98,0.02,0,0.25,0,1,0,0,0,1,0
CLI-000747,0,11,3,1,33.3,1,0.3,2,4,1,0,17.6,4,0,31.53,0.0,0,0.25,0,0,0,1,0,1,0
CLI-004102,0,23,527,171,32.4,10,5.7,9,7,7,1,0.5,5,0,27554.34,0.01,0,0.35,0,0,1,0,0,0,1
CLI-004922,0,18,6,2,33.3,16,7.3,12,5,5,9,8.9,2,0,275.73,0.01,0,0.46,0,0,0,1,0,0,1
CLI-003497,0,19,190,58,30.5,10,0.8,9,7,0,7,6.7,2,0,7718.74,0.0,0,0.35,1,0,0,0,0,0,1
CLI-002036,1,1,6,1,16.7,1,0.7,3,0,25,6,7.1,3,2,216.68,0.83,0,0.12,0,0,0,1,1,0,0
CLI-003774,0,9,25,18,72.0,51,21.5,5,1,1,1,12.7,4,1,545.89,0.0,0,0.31,0,1,0,0,0,1,0
CLI-003875,0,1,11,9,81.8,45,29.9,11,0,0,1,0.5,5,3,315.55,0.0,0,0.69,0,1,0,0,1,0,0
CLI-000916,1,12,41,18,43.9,5,1.9,3,1,1,9,43.8,2,0,585.64,0.0,0,0.38,1,0,0,0,0,1,0
CLI-003439,1,7,27,5,18.5,5,2.0,6,2,6,4,12.3,3,2,567.54,0.03,0,0.38,0,0,0,1,0,1,0
CLI-004024,0,8,5,3,60.0,40,24.1,4,1,0,1,14.0,5,1,49.35,0.0,0,0.5,0,0,0,1,0,1,0
CLI-000464,1,10,11,5,45.5,18,10.7,3,1,1,13,47.7,2,0,148.2,0.0,0,0.38,0,0,0,1,0,1,0
CLI-000134,0,12,71,50,70.4,40,22.5,9,0,0,0,5.8,3,0,2749.96,0.0,0,0.35,0,0,0,1,0,1,0
CLI-001218,0,3,30,14,46.7,24,14.3,7,0,1,10,11.9,1,2,1394.34,0.01,0,0.27,1,0,0,0,1,0,0
CLI-001843,1,1,31,10,32.3,20,3.4,6,0,0,5,10.8,3,1,646.28,0.0,0,0.38,0,0,0,1,1,0,0
CLI-002176,0,21,39,23,59.0,11,1.7,9,5,2,2,2.8,4,0,1710.76,0.0,0,0.35,0,0,1,0,0,0,1
CLI-001790,1,11,39,19,48.7,5,1.8,1,1,0,8,38.2,3,0,469.07,0.0,0,0.12,1,0,0,0,0,1,0
CLI-004934,0,21,3,2,66.7,24,7.8,3,5,3,0,14.2,4,0,37.53,0.0,0,0.38,0,0,1,0,0,0,1
CLI-003989,0,5,7,1,50.0,2,0.6,8,1,0,1,11.3,4,1,160.22,0.0,0,0.5,0,0,0,1,0,1,0
CLI-003647,1,1,32,0,0.0,0,0.0,0,0,30,1,10.7,4,1,827.75,1.0,1,0.0,1,0,0,0,1,0,0
CLI-001130,0,18,2,2,100.0,100,64.2,6,2,1,2,20.5,3,0,33.07,0.0,0,0.75,1,0,0,0,0,0,1
CLI-004008,0,6,1,1,100.0,41,11.2,1,2,0,0,15.8,5,0,12.45,0.0,0,0.12,0,0,1,0,0,1,0
CLI-002349,0,13,56,47,83.9,76,5.7,18,2,2,0,4.2,3,0,2238.41,0.01,0,0.69,0,0,0,1,0,0,1
CLI-000853,0,10,170,103,60.6,39,23.2,15,1,2,0,10.65,5,0,14498.82,0.01,0,0.38,0,0,0,1,0,1,0
CLI-002897,1,13,11,3,27.3,3,0.2,3,2,6,8,25.9,3,0,93.37,0.02,0,0.38,1,0,0,0,0,0,1
CLI-001378,0,15,5,2,40.0,14,5.7,8,3,2,3,3.0,4,0,213.38,0.0,0,0.31,0,0,1,0,0,0,1
CLI-000371,0,20,4,1,25.0,9,6.6,3,4,8,4,33.9,2,0,46.42,0.01,0,0.38,1,0,0,0,0,0,1
CLI-003760,0,10,2,1,50.0,16,7.0,5,5,1,0,10.0,4,1,50.96,0.0,0,0.31,0,0,1,0,0,1,0
CLI-003513,1,17,41,11,26.8,8,0.5,7,1,3,1,7.7,4,0,1188.1,0.01,0,0.44,0,0,0,1,0,0,1
CLI-002326,0,21,30,24,80.0,81,45.1,18,7,1,4,7.9,3,0,1744.53,0.0,0,0.69,0,1,0,0,0,0,1
CLI-004478,0,25,24,21,87.5,81,50.4,19,5,2,1,3.4,5,0,2401.2,0.0,0,0.48,0,0,0,1,0,0,1
CLI-001675,0,10,46,38,82.6,59,46.0,7,1,1,9,18.0,2,0,1108.28,0.0,0,0.44,1,0,0,0,0,1,0
CLI-000132,1,9,47,22,46.8,6,0.3,1,1,4,6,18.5,3,1,994.13,0.01,0,0.06,0,1,0,0,0,1,0
CLI-001452,1,1,10,3,30.0,17,5.7,4,1,0,7,36.2,2,2,112.63,0.0,0,0.5,0,0,0,1,1,0,0
CLI-004740,0,26,30,13,43.3,9,5.6,5,8,0,8,16.5,3,0,776.71,0.0,0,0.31,0,0,0,1,0,0,1
CLI-002007,1,17,468,50,50.0,1,0.3,2,3,20,8,7.9,2,0,19042.01,0.04,0,0.08,1,0,0,0,0,0,1
CLI-001027,0,17,2,1,50.0,11,2.4,4,2,5,8,10.65,3,0,24.62,0.01,0,0.5,0,0,0,1,0,0,1
CLI-004173,0,11,211,56,26.5,7,4.7,1,3,9,1,10.65,4,1,8350.81,0.03,0,0.04,0,0,1,0,0,1,0
CLI-000229,0,17,45,15,33.3,1,0.2,1,6,8,10,2.2,2,0,1849.26,0.02,0,0.04,1,0,0,0,0,0,1
CLI-004562,0,15,10,4,40.0,6,1.0,6,2,8,4,10.65,3,0,285.43,0.02,0,0.38,0,1,0,0,0,0,1
CLI-001266,0,7,32,26,81.2,67,49.7,3,1,0,3,27.0,4,1,367.88,0.0,0,0.38,0,0,0,1,0,1,0
CLI-000567,1,2,7,3,42.9,6,1.2,11,0,1,0,10.65,4,3,253.9,0.02,0,0.42,0,1,0,0,1,0,0
CLI-004137,0,14,10,8,80.0,43,29.2,5,4,1,5,28.0,5,1,116.69,0.0,0,0.62,0,0,0,1,0,0,1
CLI-002487,1,11,23,17,73.9,55,26.5,5,5,0,5,37.7,2,0,320.43,0.0,0,0.62,1,0,0,0,0,1,0
CLI-002961,0,10,38,13,34.2,4,1.0,5,3,2,3,10.65,3,1,1669.85,0.01,0,0.19,0,1,0,0,0,1,0
CLI-001691,1,1,131,56,42.7,2,1.4,12,0,14,3,4.9,3,6,4492.88,0.47,0,0.46,0,1,0,0,1,0,0
CLI-000903,0,8,1,1,100.0,26,9.8,4,1,0,1,10.65,4,0,11.67,0.0,0,0.5,0,0,0,1,0,1,0
CLI-002295,1,20,44,20,45.5,11,6.8,2,4,7,6,37.3,3,0,446.46,0.01,0,0.25,0,0,0,1,0,0,1
CLI-002863,0,15,203,66,32.5,1,0.3,6,4,0,6,15.7,2,0,3940.29,0.0,0,0.38,1,0,0,0,0,0,1
CLI-003387,1,1,10,0,0.0,0,0.0,0,0,30,0,12.6,5,3,99.69,1.0,1,0.0,1,0,0,0,1,0,0
CLI-000632,0,12,43,9,20.9,1,0.5,2,1,30,0,4.9,3,0,2245.7,0.08,1,0.08,0,0,0,1,0,1,0
CLI-003247,0,1,14,8,57.1,24,14.2,5,0,0,2,27.4,3,1,153.16,0.0,0,0.62,0,0,0,1,1,0,0
CLI-002075,1,14,37,3,8.1,1,0.2,0,2,7,0,10.5,5,0,375.86,0.02,0,0.0,1,0,0,0,0,0,1
CLI-002841,0,1,7,4,57.1,23,5.5,4,1,1,0,16.8,5,1,67.75,0.03,0,0.5,0,0,0,1,1,0,0
CLI-004724,0,30,21,10,47.6,18,5.7,6,9,1,0,10.65,5,0,492.21,0.0,0,0.38,0,0,1,0,0,0,1
CLI-004700,1,3,9,0,0.0,0,0.0,0,0,84,3,11.1,3,0,206.57,0.93,1,0.0,1,0,0,0,1,0,0
CLI-000981,0,4,827,513,62.0,48,46.0,19,1,0,0,4.6,4,1,60181.41,0.0,0,0.48,0,0,0,1,0,1,0
CLI-001022,0,13,2,1,50.0,15,8.4,3,2,1,0,19.0,4,1,22.06,0.0,0,0.38,0,0,0,1,0,0,1
CLI-001042,0,23,50,20,40.0,24,15.6,8,6,3,2,16.6,3,0,1407.36,0.0,0,0.5,0,0,0,1,0,0,1
CLI-001915,1,4,8,4,50.0,8,0.9,4,0,1,1,10.65,4,2,194.3,0.01,0,0.25,0,0,0,1,0,1,0
CLI-001903,1,5,5,3,60.0,21,9.1,9,1,1,12,9.4,1,0,230.16,0.01,0,0.35,1,0,0,0,0,1,0
CLI-004606,0,23,1,1,100.0,52,24.9,4,7,0,6,10.7,4,0,39.77,0.0,0,0.15,0,0,1,0,0,0,1
CLI-004577,1,9,10,5,50.0,14,7.0,11,1,0,9,6.5,3,0,435.91,0.0,0,0.42,1,0,0,0,0,1,0
CLI-002238,1,17,5,2,40.0,2,0.5,3,7,3,2,25.3,3,0,61.59,0.01,0,0.38,0,0,0,1,0,0,1
CLI-000965,0,15,391,142,36.3,13,7.9,4,6,3,8,11.4,3,0,9797.15,0.01,0,0.25,1,0,0,0,0,0,1
CLI-002371,0,20,31,25,80.6,48,33.6,8,3,5,8,19.3,2,0,859.71,0.01,0,0.5,1,0,0,0,0,0,1
CLI-001817,0,4,16,14,87.5,81,30.1,18,1,4,0,0.6,4,1,822.2,0.03,0,0.69,0,0,0,1,0,1,0
CLI-002889,0,14,218,155,71.1,37,15.1,5,4,1,0,7.3,3,0,4482.77,0.0,0,0.31,0,0,0,1,0,0,1
CLI-002821,0,9,10,8,80.0,41,5.7,3,3,0,0,22.1,5,0,113.36,0.0,0,0.38,0,0,1,0,0,1,0
CLI-000597,0,15,41,23,56.1,35,23.5,13,7,0,1,5.0,5,0,2031.89,0.0,0,0.5,0,0,0,1,0,0,1
CLI-000930,0,18,7,3,42.9,7,0.4,3,3,3,2,10.2,2,0,165.86,0.01,0,0.19,1,0,0,0,0,0,1
CLI-002534,0,15,19,7,36.8,15,3.4,1,2,1,0,10.6,4,0,263.37,0.0,0,0.12,0,1,0,0,0,0,1
CLI-004923,0,21,94,49,50.0,11,1.6,6,2,6,2,4.5,5,0,4815.03,0.01,0,0.23,0,1,0,0,0,0,1
CLI-004601,1,8,61,0,0.0,0,0.0,0,2,51,8,17.7,1,0,1448.6,0.21,1,0.0,1,0,0,0,0,1,0
CLI-001026,1,1,24,4,16.7,4,1.6,3,0,0,5,16.2,2,3,515.23,0.0,0,0.19,1,0,0,0,1,0,0
CLI-003902,0,3,9,6,66.7,13,5.3,6,1,0,0,3.8,5,1,423.21,0.0,0,0.23,0,1,0,0,1,0,0
CLI-001510,0,16,44,15,34.1,7,2.9,16,3,11,0,6.4,3,0,1801.75,0.02,0,0.62,0,1,0,0,0,0,1
CLI-004763,0,1,128,43,33.6,1,0.3,1,0,6,3,9.7,3,2,5721.05,0.2,0,0.04,0,1,0,0,1,0,0
CLI-002692,0,26,2,1,50.0,3,0.6,5,9,14,6,10.65,2,0,49.96,0.02,0,0.31,0,0,0,1,0,0,1
CLI-000860,0,6,176,116,65.9,21,8.1,7,4,4,9,14.5,3,0,4614.72,0.02,0,0.44,1,0,0,0,0,1,0
CLI-001907,0,21,13,6,46.2,19,5.5,6,8,2,0,4.8,3,0,585.0,0.0,0,0.23,0,0,0,1,0,0,1
CLI-004856,0,1,3,2,66.7,35,5.2,4,0,1,2,8.4,5,1,60.65,0.03,0,0.25,0,0,0,1,1,0,0
CLI-002587,1,2,72,8,11.1,1,0.1,1,0,30,3,2.9,4,2,4708.04,0.5,1,0.02,0,0,0,1,1,0,0
CLI-003992,0,10,7,2,28.6,4,5.7,5,3,4,0,5.2,4,0,343.02,0.01,0,0.19,0,0,1,0,0,1,0
CLI-000306,1,1,36,9,25.0,1,0.2,0,0,23,3,21.9,3,3,410.91,0.77,0,0.0,0,0,0,1,1,0,0
CLI-002106,0,24,30,19,63.3,49,39.1,7,5,0,0,10.9,4,0,852.73,0.0,0,0.44,0,0,1,0,0,0,1
CLI-004881,1,1,46,9,19.6,1,0.6,1,0,30,0,12.3,5,3,381.07,1.0,1,0.12,1,0,0,0,1,0,0
CLI-001457,0,11,8,6,75.0,56,32.9,9,2,1,2,12.1,3,0,194.22,0.0,0,0.56,0,1,0,0,0,1,0
CLI-002820,0,8,7,3,42.9,24,3.4,8,2,1,0,7.7,4,2,305.67,0.0,0,0.31,0,1,0,0,0,1,0
CLI-001310,1,1,8,0,0.0,0,0.0,0,0,30,9,40.3,2,0,97.62,1.0,1,0.0,0,0,0,1,1,0,0
CLI-004686,1,6,40,30,75.0,61,19.2,7,0,0,4,5.0,3,3,1649.66,0.0,0,0.27,0,1,0,0,0,1,0
CLI-001336,0,21,21,7,33.3,24,15.4,5,8,2,2,14.2,3,0,493.11,0.0,0,0.31,0,1,0,0,0,0,1
CLI-002884,0,1,46,32,69.6,43,29.7,9,0,2,2,10.65,3,0,1081.92,0.07,0,0.56,0,0,0,1,1,0,0
CLI-001618,1,6,55,34,61.8,43,18.7,5,0,0,6,30.6,3,0,561.9,0.0,0,0.62,0,0,0,1,0,1,0
CLI-002593,1,4,18,9,50.0,42,8.8,14,1,1,10,8.6,3,0,837.38,0.01,0,0.54,1,0,0,0,0,1,0
CLI-000918,0,21,112,53,47.3,9,6.6,3,7,1,4,17.0,1,0,2548.9,0.0,0,0.19,0,0,0,1,0,0,1
CLI-000810,1,2,9,7,77.8,17,3.5,5,0,2,10,17.1,1,0,244.02,0.03,0,0.31,1,0,0,0,1,0,0
CLI-002658,0,21,362,127,35.1,1,0.3,1,1,15,1,3.2,3,0,30088.63,0.02,0,0.02,0,0,0,1,0,0,1
CLI-001806,0,15,53,30,56.6,29,10.3,18,3,2,1,10.65,5,0,2350.36,0.0,0,0.69,0,0,0,1,0,0,1
CLI-004486,0,11,32,18,50.0,19,1.1,8,2,0,0,8.5,3,1,958.97,0.0,0,0.5,0,0,0,1,0,1,0
CLI-004064,0,22,27,22,81.5,20,9.2,9,4,1,5,10.65,3,0,723.53,0.0,0,0.56,0,1,0,0,0,0,1
CLI-000645,0,14,11,6,54.5,22,11.4,4,1,0,2,26.1,5,0,107.53,0.0,0,0.5,0,1,0,0,0,0,1
CLI-000754,0,12,29,18,62.1,44,24.4,3,2,1,1,18.6,4,0,421.49,0.0,0,0.38,0,0,0,1,0,1,0
CLI-002412,0,19,38,7,18.4,1,0.3,0,5,2,2,14.6,4,0,888.32,0.0,0,0.0,1,0,0,0,0,0,1
CLI-002173,0,18,41,38,92.7,96,43.4,6,1,1,1,10.65,2,0,445.72,0.0,0,0.75,1,0,0,0,0,0,1
CLI-002261,0,16,66,13,19.7,3,0.3,4,2,0,2,14.3,3,0,1332.68,0.0,0,0.25,0,0,0,1,0,0,1
CLI-002558,0,14,23,18,78.3,49,19.1,6,3,2,4,10.1,3,0,690.62,0.0,0,0.38,0,1,0,0,0,0,1
CLI-001695,0,19,10,4,40.0,18,1.8,2,4,5,3,27.9,2,0,134.17,0.01,0,0.25,0,0,0,1,0,0,1
CLI-004936,1,1,3,1,33.3,17,11.9,3,0,4,1,21.4,5,3,29.32,0.13,0,0.38,0,1,0,0,1,0,0
CLI-003835,1,1,48,20,41.7,22,7.6,3,0,1,0,25.2,4,0,521.92,0.03,0,0.38,0,0,0,1,1,0,0
CLI-003045,0,6,194,78,40.2,7,5.7,19,0,9,1,1.0,2,0,12981.8,0.05,0,0.48,1,0,0,0,0,1,0
CLI-000663,0,15,206,73,35.4,17,14.1,4,4,0,0,7.7,5,0,5402.99,0.0,0,0.25,0,0,0,1,0,0,1
CLI-000755,0,8,32,0,0.0,0,0.0,0,0,31,1,7.6,5,1,1035.72,0.13,1,0.0,1,0,0,0,0,1,0
CLI-003210,0,14,75,57,76.0,45,22.7,27,1,2,2,5.3,4,0,5888.41,0.0,0,0.68,0,1,0,0,0,0,1
CLI-000613,0,11,530,268,50.6,1,5.7,14,2,29,5,7.4,3,2,25998.25,0.09,0,0.54,1,0,0,0,0,1,0
CLI-003764,0,17,9,8,88.9,95,46.1,5,1,1,0,12.3,5,0,113.62,0.0,0,0.62,0,1,0,0,0,0,1
CLI-003135,0,10,161,113,70.2,84,33.6,16,3,1,0,5.9,5,1,7455.05,0.0,0,0.62,0,0,0,1,0,1,0
CLI-003820,0,9,63,52,82.5,47,30.6,18,3,0,2,5.7,3,1,2810.04,0.0,0,0.69,0,1,0,0,0,1,0
CLI-001224,1,3,28,8,28.6,8,3.0,9,0,2,1,5.6,5,2,1065.84,0.02,0,0.35,0,1,0,0,1,0,0
CLI-000372,0,19,57,29,50.9,31,16.6,8,5,0,1,13.8,3,0,1628.95,0.0,0,0.5,0,1,0,0,0,0,1
CLI-000605,1,1,5,4,80.0,30,17.0,7,0,1,5,16.8,3,2,151.48,0.03,0,0.44,0,1,0,0,1,0,0
CLI-003089,0,9,25,14,56.0,11,9.7,9,1,3,5,20.2,2,0,503.12,0.01,0,0.56,0,0,0,1,0,1,0
CLI-000081,0,18,95,65,50.0,15,6.4,16,3,0,4,2.1,5,0,10041.03,0.0,0,0.4,0,0,0,1,0,0,1
CLI-000308,1,15,8,0,0.0,0,0.0,0,0,77,11,44.9,2,0,70.59,0.17,1,0.0,0,0,0,1,0,0,1
CLI-002855,1,3,9,5,55.6,15,7.2,7,0,1,8,22.4,2,0,253.92,0.01,0,0.44,0,0,0,1,1,0,0
CLI-000036,1,1,12,10,83.3,57,29.6,17,0,1,10,12.4,3,0,547.95,0.03,0,0.65,0,0,0,1,1,0,0
CLI-003470,0,19,6,2,33.3,10,4.4,5,2,2,1,4.6,5,0,163.85,0.0,0,0.31,0,0,0,1,0,0,1
CLI-003297,0,15,334,135,40.4,7,4.5,3,7,5,3,5.4,5,0,14301.76,0.01,0,0.12,0,0,0,1,0,0,1
CLI-004385,0,6,63,12,50.0,5,3.6,11,3,0,2,6.3,3,3,2781.02,0.0,0,0.42,1,0,0,0,0,1,0
CLI-002859,0,11,688,545,79.2,61,37.7,25,1,1,14,6.7,1,0,53272.41,0.0,0,0.62,0,0,0,1,0,1,0
CLI-004568,0,21,69,36,52.2,27,13.3,10,1,0,2,6.4,4,0,3508.82,0.0,0,0.38,0,0,0,1,0,0,1
CLI-003606,1,7,628,145,23.1,1,0.5,5,0,14,0,10.65,3,0,37769.54,0.07,0,0.12,1,0,0,0,0,1,0
CLI-004889,0,16,99,77,77.8,25,4.3,16,4,1,0,10.65,5,0,7907.4,0.0,0,0.4,0,0,1,0,0,0,1
CLI-001739,0,22,1,1,100.0,42,24.4,4,2,1,0,7.9,4,0,25.15,0.0,0,0.25,0,0,1,0,0,0,1
CLI-002957,0,19,2,1,50.0,1,0.2,2,2,18,7,28.6,3,0,21.44,0.03,0,0.25,1,0,0,0,0,0,1
CLI-004978,0,23,33,31,93.9,110,71.7,11,8,0,0,6.6,5,0,906.53,0.0,0,0.69,0,0,0,1,0,0,1
CLI-003323,0,7,9,4,44.4,1,0.5,6,1,6,0,7.4,4,0,208.24,0.03,0,0.38,0,0,0,1,0,1,0
CLI-000684,0,22,10,6,60.0,19,7.5,5,4,4,3,16.2,3,0,263.02,0.01,0,0.31,0,1,0,0,0,0,1
CLI-004408,0,5,4,3,75.0,81,82.9,4,1,0,0,9.7,4,0,105.42,0.0,0,0.25,0,1,0,0,0,1,0
CLI-004944,0,14,53,32,60.4,19,8.8,10,5,1,3,12.7,3,0,1575.24,0.0,0,0.62,0,1,0,0,0,0,1
CLI-000717,1,1,49,10,20.4,1,0.1,2,0,8,8,10.65,3,4,1256.54,0.27,0,0.12,1,0,0,0,1,0,0
CLI-000750,1,5,103,50,48.5,8,2.6,11,1,7,6,10.9,2,0,4648.77,0.05,0,0.42,0,0,0,1,0,1,0
CLI-004900,0,21,9,6,66.7,14,2.2,7,4,1,2,12.8,3,0,251.7,0.0,0,0.44,0,1,0,0,0,0,1
CLI-001872,0,12,386,165,42.7,6,1.6,9,3,9,5,6.6,2,1,12638.26,0.02,0,0.35,0,0,0,1,0,1,0
CLI-003345,1,1,45,13,28.9,1,0.1,2,0,16,0,26.7,2,1,415.43,0.53,0,0.25,1,0,0,0,1,0,0
CLI-001840,0,11,162,116,71.6,41,24.3,8,3,2,4,3.8,3,0,7502.83,0.01,0,0.31,0,0,0,1,0,1,0
CLI-004911,0,20,1,1,100.0,1,0.1,3,4,4,0,10.65,4,0,21.44,0.01,0,0.19,0,0,1,0,0,0,1
CLI-001354,0,17,41,17,41.5,14,8.1,4,3,2,2,13.8,3,0,1094.27,0.0,0,0.25,0,0,0,1,0,0,1
CLI-002563,0,25,44,18,40.9,13,3.4,5,4,1,1,14.5,3,0,1147.89,0.0,0,0.31,0,1,0,0,0,0,1
CLI-001213,0,4,6,5,83.3,49,21.1,8,0,2,3,10.65,2,1,158.91,0.02,0,0.5,0,0,0,1,0,1,0
CLI-003776,0,12,9,4,44.4,17,2.3,2,1,3,4,29.0,3,0,117.23,0.01,0,0.25,0,0,0,1,0,1,0
CLI-000064,0,10,3,2,66.7,33,15.0,9,1,2,0,10.65,3,0,62.66,0.01,0,0.56,0,0,0,1,0,1,0
CLI-000483,0,12,41,8,19.5,1,0.4,4,3,15,0,1.2,4,0,3444.27,0.04,0,0.1,0,0,0,1,0,1,0
CLI-002272,0,1,51,32,62.7,1,0.8,6,0,11,0,2.0,4,2,1971.33,0.37,0,0.23,0,0,0,1,1,0,0
CLI-004644,1,1,6,3,50.0,13,5.1,2,0,3,4,27.7,3,0,67.87,0.1,0,0.25,0,0,0,1,1,0,0
CLI-001972,0,19,143,87,60.8,41,20.9,9,6,0,6,10.2,4,0,3847.31,0.0,0,0.56,0,0,1,0,0,0,1
CLI-003420,1,11,8,1,12.5,1,0.3,2,3,5,8,32.9,3,0,84.47,0.02,0,0.25,1,0,0,0,0,1,0
CLI-001720,0,5,195,59,30.3,8,4.5,1,0,1,0,13.9,5,0,2597.1,0.01,0,0.12,0,0,0,1,0,1,0
CLI-002128,0,10,8,5,62.5,18,7.0,5,2,1,0,5.3,3,1,434.87,0.0,0,0.19,0,1,0,0,0,1,0
CLI-001759,0,5,48,13,27.1,1,0.3,6,2,9,0,0.6,5,0,1202.27,0.06,0,0.38,0,1,0,0,0,1,0
CLI-003307,0,19,11,1,9.1,1,0.1,1,7,30,0,2.3,5,0,517.79,0.05,1,0.04,1,0,0,0,0,0,1
CLI-001374,0,18,8,4,50.0,34,20.5,5,4,8,0,14.1,4,0,115.41,0.01,0,0.62,0,0,1,0,0,0,1
CLI-004085,0,7,22,18,81.8,59,59.7,18,0,1,5,8.8,3,0,1046.03,0.0,0,0.69,1,0,0,0,0,1,0
CLI-003240,1,6,8,3,37.5,19,4.2,3,2,5,2,25.8,3,0,93.94,0.03,0,0.38,0,0,0,1,0,1,0
CLI-002001,1,2,52,28,53.8,27,12.8,7,1,1,6,17.2,3,3,1155.36,0.02,0,0.44,0,1,0,0,1,0,0
CLI-004965,0,10,1,1,100.0,1,0.3,7,2,30,0,0.5,5,1,41.5,0.1,1,0.27,0,0,0,1,0,1,0
CLI-000869,1,9,138,17,12.3,1,0.1,1,1,30,3,21.9,3,2,1337.47,0.11,1,0.12,0,0,0,1,0,1,0
CLI-002872,1,13,9,5,55.6,3,0.5,4,2,25,5,6.0,4,0,414.95,0.06,0,0.15,0,0,0,1,0,0,1
CLI-001919,0,9,135,85,63.0,37,18.6,6,1,2,1,2.6,4,0,6252.27,0.01,0,0.23,0,1,0,0,0,1,0
CLI-001541,1,7,30,0,0.0,0,0.0,0,0,103,3,7.1,4,1,1147.16,0.49,1,0.0,0,0,0,1,0,1,0
CLI-004975,0,12,33,22,66.7,18,5.7,7,3,1,2,15.9,3,0,750.75,0.0,0,0.44,0,1,0,0,0,1,0
CLI-002374,0,1,11,7,63.6,34,7.7,4,0,1,0,11.9,4,1,134.74,0.03,0,0.5,0,1,0,0,1,0,0
CLI-004550,1,2,29,13,44.8,16,9.1,12,1,1,5,6.9,2,1,1335.77,0.02,0,0.46,1,0,0,0,1,0,0
CLI-004693,0,1,8,4,50.0,21,7.9,6,0,1,1,17.4,3,1,213.59,0.03,0,0.38,0,0,0,1,1,0,0
CLI-004524,1,1,757,0,0.0,0,0.0,0,0,30,0,5.1,4,0,15590.37,1.0,1,0.0,1,0,0,0,1,0,0
CLI-003269,0,10,13,8,61.5,45,23.4,18,1,1,1,2.5,3,0,988.43,0.0,0,0.45,0,0,0,1,0,1,0
CLI-002423,1,23,9,0,50.0,0,0.0,0,0,45,6,22.1,4,0,122.79,0.07,1,0.0,0,0,0,1,0,0,1
CLI-001255,0,16,9,7,77.8,58,5.7,8,2,1,8,18.9,3,0,273.57,0.0,0,0.5,1,0,0,0,0,0,1
CLI-003252,0,13,259,101,39.0,1,0.4,14,1,30,0,0.5,3,0,20082.97,0.08,1,0.35,0,0,0,1,0,0,1
CLI-003186,0,2,57,45,78.9,56,45.6,8,0,1,0,13.2,5,1,1389.54,0.02,0,0.5,0,1,0,0,1,0,0
CLI-002930,1,6,704,398,56.5,21,10.5,13,2,0,3,8.4,3,2,33331.66,0.0,0,0.5,0,0,0,1,0,1,0
CLI-000280,0,11,1,1,100.0,32,19.4,3,2,1,0,11.7,4,0,11.49,0.0,0,0.38,0,0,0,1,0,1,0
CLI-003704,0,21,11,9,81.8,33,5.7,2,3,0,1,15.0,4,0,141.93,0.0,0,0.25,0,0,0,1,0,0,1
CLI-004081,0,8,27,21,77.8,54,30.7,6,0,3,2,13.7,3,0,756.39,0.01,0,0.38,0,0,0,1,0,1,0
CLI-002090,0,5,458,95,20.7,2,0.2,17,2,1,2,0.5,5,0,37304.99,0.01,0,0.42,1,0,0,0,0,1,0
CLI-002993,1,6,53,18,34.0,22,11.0,7,1,0,5,16.2,1,3,1119.98,0.0,0,0.44,0,0,0,1,0,1,0
CLI-003035,1,1,9,3,33.3,1,0.2,1,0,4,1,23.3,3,0,108.0,0.13,0,0.12,0,0,0,1,1,0,0
CLI-004153,1,10,143,43,30.1,1,0.7,10,1,30,9,7.3,3,0,6212.26,0.1,1,0.38,0,0,0,1,0,1,0
CLI-002026,1,1,8,5,62.5,21,9.3,4,0,0,3,18.4,4,3,65.41,0.0,0,0.5,0,0,0,1,1,0,0
CLI-004247,0,13,36,19,52.8,25,10.6,5,2,1,5,10.65,3,0,941.17,0.0,0,0.31,0,0,0,1,0,0,1
CLI-002343,0,1,8,6,75.0,64,39.9,4,1,0,0,2.5,5,1,380.82,0.0,0,0.15,0,0,0,1,1,0,0
CLI-003748,0,11,15,4,26.7,1,0.2,5,1,23,4,4.7,3,1,675.0,0.07,0,0.19,0,1,0,0,0,1,0
CLI-004391,0,15,6,1,16.7,1,0.1,1,5,24,7,31.5,2,0,67.56,0.05,0,0.12,1,0,0,0,0,0,1
CLI-001002,0,1,61,41,67.2,29,22.6,5,0,1,0,12.1,5,0,673.01,0.03,0,0.62,0,0,0,1,1,0,0
CLI-002750,0,1,7,0,0.0,0,0.0,0,0,30,3,13.9,2,3,75.22,1.0,1,0.0,1,0,0,0,1,0,0
CLI-003744,0,15,48,34,70.8,36,15.4,4,6,1,5,12.4,3,0,1380.64,0.0,0,0.25,0,0,0,1,0,0,1
CLI-001139,0,15,1,1,100.0,12,5.6,4,2,0,1,16.1,3,0,17.95,0.0,0,0.25,1,0,0,0,0,0,1
CLI-002877,0,28,398,212,53.3,14,8.6,5,6,1,4,18.1,2,0,9950.0,0.0,0,0.31,0,0,0,1,0,0,1
CLI-003895,0,1,31,13,41.9,13,5.2,3,0,3,3,10.65,3,1,720.31,0.1,0,0.19,0,0,0,1,1,0,0
CLI-001827,1,21,47,22,46.8,21,11.8,13,2,2,6,10.1,2,0,2288.12,0.0,0,0.5,0,0,0,1,0,0,1
CLI-002200,1,6,242,51,21.1,7,3.6,17,1,1,2,6.5,2,0,16631.2,0.01,0,0.42,0,0,0,1,0,1,0
CLI-004298,0,25,107,38,35.5,17,11.2,15,4,1,0,7.5,3,0,9790.13,0.0,0,0.38,0,0,0,1,0,0,1
CLI-000704,1,1,6,0,0.0,0,0.0,0,0,30,7,14.1,3,0,120.66,1.0,1,0.0,1,0,0,0,1,0,0
CLI-000537,0,18,9,6,66.7,33,1.8,5,3,2,1,7.9,3,0,204.0,0.0,0,0.31,0,1,0,0,0,0,1
CLI-001240,1,19,200,0,0.0,0,0.0,0,0,54,2,17.4,1,0,4353.57,0.09,1,0.0,0,0,0,1,0,0,1
CLI-003074,0,19,10,3,30.0,1,0.5,12,4,9,1,5.3,3,0,442.78,0.02,0,0.46,0,1,0,0,0,0,1
CLI-000675,0,14,201,153,76.1,54,31.1,19,2,2,0,0.5,4,0,15370.25,0.0,0,0.48,0,0,0,1,0,0,1
CLI-000589,0,2,10,8,80.0,33,14.9,12,1,3,1,5.6,3,2,503.67,0.05,0,0.46,0,0,0,1,1,0,0
CLI-000879,0,19,40,13,32.5,17,5.1,21,6,1,2,4.5,4,0,3082.21,0.0,0,0.52,0,0,0,1,0,0,1
CLI-002440,1,18,50,0,0.0,0,0.0,0,0,92,1,5.9,4,0,2439.4,0.17,1,0.0,0,0,0,1,0,0,1
CLI-002952,0,12,25,13,52.0,21,9.7,9,3,1,0,13.6,4,0,635.96,0.0,0,0.56,0,0,0,1,0,1,0
CLI-004767,0,21,8,5,62.5,1,0.1,4,2,20,1,16.9,4,0,105.36,0.03,0,0.5,0,1,0,0,0,0,1
CLI-001459,0,1,647,365,56.4,18,4.4,19,0,3,1,10.65,4,5,32091.86,0.1,0,0.48,0,0,0,1,1,0,0
CLI-002296,1,18,43,0,0.0,0,0.0,0,0,115,1,10.65,3,0,842.43,0.21,1,0.0,0,0,0,1,0,0,1
CLI-004263,0,1,11,8,72.7,72,24.7,8,1,3,3,17.0,3,0,261.13,0.1,0,0.5,0,1,0,0,1,0,0
CLI-001433,0,21,845,779,92.2,93,90.2,29,5,2,5,3.7,2,0,89402.85,0.0,0,0.72,1,0,0,0,0,0,1
CLI-003538,0,19,43,27,62.8,33,24.6,6,5,1,0,2.3,5,0,1139.87,0.0,0,0.38,0,0,0,1,0,0,1
CLI-003072,1,8,468,100,21.4,7,4.1,5,2,2,2,20.7,1,2,11530.27,0.01,0,0.31,0,0,0,1,0,1,0
CLI-003485,0,6,25,5,20.0,5,1.8,3,1,11,0,10.65,5,1,558.52,0.06,0,0.19,1,0,0,0,0,1,0
CLI-000168,0,13,9,2,22.2,1,0.4,11,2,4,3,9.4,4,0,426.89,0.01,0,0.42,0,0,0,1,0,0,1
CLI-004422,0,9,56,18,32.1,17,6.3,4,2,1,1,11.6,4,0,754.24,0.0,0,0.5,0,0,0,1,0,1,0
CLI-004354,0,18,158,41,25.9,4,0.9,9,2,17,6,7.4,3,0,8541.47,0.03,0,0.35,1,0,0,0,0,0,1
CLI-002608,0,12,11,5,45.5,1,0.7,3,4,30,5,27.9,3,0,121.7,0.08,1,0.38,0,1,0,0,0,1,0
CLI-000283,1,14,166,10,6.0,1,0.1,2,3,1,6,7.1,2,0,6932.4,0.0,0,0.08,1,0,0,0,0,0,1
CLI-004542,0,9,317,133,42.0,10,1.3,10,1,4,1,2.7,4,2,27867.02,0.01,0,0.25,0,0,0,1,0,1,0
CLI-004614,0,1,105,54,51.4,25,14.8,9,1,0,5,10.65,3,6,4335.25,0.0,0,0.35,0,0,0,1,1,0,0
CLI-000986,1,7,3,2,66.7,19,1.8,8,0,3,4,13.8,3,1,76.28,0.01,0,0.5,0,0,0,1,0,1,0
CLI-001128,1,6,34,15,44.1,25,1.2,6,1,3,4,20.5,3,1,973.05,0.02,0,0.38,0,0,0,1,0,1,0
CLI-004599,0,14,2,1,50.0,37,24.1,4,3,0,0,25.0,4,0,26.78,0.0,0,0.5,0,0,0,1,0,0,1
CLI-004948,1,1,2,1,50.0,18,4.5,4,0,0,0,25.1,3,4,20.74,0.0,0,0.5,0,1,0,0,1,0,0
CLI-003893,1,12,25,12,50.0,26,10.4,4,4,1,2,26.3,3,0,320.71,0.0,0,0.5,0,0,0,1,0,1,0
CLI-001467,0,8,25,5,20.0,1,0.2,12,5,4,0,3.5,5,1,1975.85,0.02,0,0.3,0,0,0,1,0,1,0
CLI-000328,0,10,55,24,43.6,29,10.7,15,5,4,0,4.3,3,1,4764.53,0.01,0,0.38,0,0,0,1,0,1,0
CLI-001267,0,12,51,34,66.7,71,60.5,10,3,1,1,12.5,4,0,1405.36,0.0,0,0.62,0,0,0,1,0,1,0
CLI-001018,0,16,5,3,60.0,9,5.5,4,3,0,0,16.7,3,0,59.87,0.0,0,0.5,0,0,0,1,0,0,1
CLI-001511,0,19,30,20,66.7,16,6.5,4,5,1,6,12.3,4,0,767.33,0.0,0,0.25,0,0,0,1,0,0,1
CLI-004026,0,17,49,42,85.7,32,21.4,6,4,0,1,10.65,5,0,1263.77,0.0,0,0.38,0,0,0,1,0,0,1
CLI-000813,1,1,11,1,9.1,1,0.1,0,0,2,3,25.9,3,3,93.65,0.07,0,0.0,0,0,0,1,1,0,0
CLI-003956,1,11,214,0,0.0,0,0.0,0,0,72,2,6.6,3,0,10388.83,0.22,1,0.0,0,0,0,1,0,1,0
CLI-003768,0,11,814,422,51.8,36,26.2,10,3,1,1,7.6,4,0,29250.97,0.0,0,0.38,0,0,0,1,0,1,0
CLI-002177,0,1,199,94,47.2,19,5.7,4,0,2,0,6.6,5,3,5212.24,0.07,0,0.25,0,0,0,1,1,0,0
CLI-001011,0,6,654,362,55.4,30,16.8,13,1,1,0,3.6,3,0,29720.7,0.01,0,0.5,0,1,0,0,0,1,0
CLI-001243,0,13,37,10,27.0,1,0.7,17,4,30,1,0.5,3,0,2195.4,0.08,1,0.42,0,1,0,0,0,0,1
CLI-000598,1,10,7,5,71.4,48,20.5,2,0,1,7,42.3,2,0,88.2,0.0,0,0.25,0,0,0,1,0,1,0
CLI-004066,0,23,130,56,43.1,4,0.2,16,1,1,0,2.5,4,0,9693.99,0.0,0,0.4,0,0,0,1,0,0,1
CLI-002038,0,11,164,70,42.7,25,23.4,6,1,0,7,6.2,4,0,8259.22,0.0,0,0.23,1,0,0,0,0,1,0
CLI-000526,0,5,2,1,50.0,21,3.7,4,3,1,0,8.3,5,0,26.3,0.01,0,0.5,0,0,0,1,0,1,0
CLI-004723,0,10,15,13,86.7,57,42.4,3,1,8,1,26.4,3,0,186.25,0.03,0,0.38,0,1,0,0,0,1,0
CLI-001080,1,12,7,5,71.4,25,1.3,7,2,3,4,20.4,1,0,169.55,0.01,0,0.44,1,0,0,0,0,1,0
CLI-001609,0,5,43,25,58.1,14,3.9,3,0,1,0,6.9,5,1,538.66,0.01,0,0.38,0,1,0,0,0,1,0
CLI-002095,0,10,5,1,20.0,1,0.2,1,4,10,4,14.9,3,1,75.0,0.03,0,0.06,1,0,0,0,0,1,0
CLI-001160,0,26,3,1,33.3,1,0.1,1,7,19,1,10.65,4,0,34.57,0.02,0,0.12,0,0,0,1,0,0,1
CLI-000866,1,8,7,1,14.3,1,0.4,2,1,30,3,18.7,2,1,155.96,0.12,1,0.12,1,0,0,0,0,1,0
CLI-003933,1,11,54,17,31.5,11,2.3,11,3,6,2,10.2,2,0,2736.14,0.02,0,0.42,1,0,0,0,0,1,0
CLI-003636,0,17,10,3,30.0,4,0.2,4,5,4,0,5.6,3,0,203.87,0.01,0,0.25,0,1,0,0,0,0,1
CLI-001274,0,10,130,59,45.4,27,10.4,5,1,2,0,4.7,3,1,5808.44,0.01,0,0.19,0,1,0,0,0,1,0
CLI-002066,0,5,5,3,60.0,20,9.9,1,2,0,0,18.3,5,0,66.62,0.0,0,0.12,0,0,0,1,0,1,0
CLI-004684,1,1,37,17,45.9,1,0.2,0,0,30,2,13.5,3,3,819.35,1.0,1,0.0,0,0,0,1,1,0,0
CLI-001090,1,13,32,17,53.1,33,13.6,8,4,2,5,15.5,1,0,862.37,0.01,0,0.5,0,0,0,1,0,0,1
CLI-004525,0,1,32,22,68.8,21,14.0,11,0,0,0,9.6,5,2,1530.35,0.0,0,0.42,0,1,0,0,1,0,0
CLI-003643,1,1,42,16,38.1,1,0.5,1,0,14,0,19.2,4,0,546.46,0.47,0,0.12,0,0,0,1,1,0,0
CLI-000077,1,11,45,5,11.1,1,5.7,1,2,30,6,18.5,2,0,1137.79,0.09,1,0.06,0,0,0,1,0,1,0
CLI-001168,1,2,4,2,50.0,27,7.7,6,0,0,8,19.8,1,5,84.45,0.0,0,0.38,1,0,0,0,1,0,0
CLI-001599,0,12,8,4,50.0,27,8.2,8,2,1,1,3.7,4,0,320.63,0.0,0,0.31,0,1,0,0,0,1,0
CLI-003912,0,2,1,1,100.0,22,12.3,4,0,0,1,11.4,3,1,17.5,0.0,0,0.25,0,0,0,1,1,0,0
CLI-000792,0,17,8,4,50.0,21,10.6,6,6,4,2,11.6,2,0,192.5,0.01,0,0.38,0,0,0,1,0,0,1
CLI-002117,0,5,1,1,100.0,51,22.4,4,2,1,3,23.2,3,3,11.74,0.01,0,0.5,0,0,0,1,0,1,0
CLI-003486,1,7,12,5,41.7,6,2.6,4,2,2,3,15.8,4,3,248.78,0.01,0,0.25,0,0,0,1,0,1,0
CLI-001327,1,1,9,7,77.8,45,15.9,2,0,0,5,26.8,4,0,109.08,0.0,0,0.25,0,1,0,0,1,0,0
CLI-003746,0,19,8,5,62.5,32,13.4,1,5,2,1,23.4,3,0,108.14,0.0,0,0.12,0,0,0,1,0,0,1
CLI-001479,0,19,10,4,40.0,12,4.8,3,5,2,4,33.7,3,0,112.22,0.0,0,0.38,0,0,0,1,0,0,1
CLI-002530,0,16,56,47,83.9,76,25.9,17,6,1,0,10.65,5,0,2585.66,0.0,0,0.65,0,0,0,1,0,0,1
CLI-001751,0,14,47,41,87.2,51,33.8,11,3,1,1,10.65,4,0,1083.45,0.0,0,0.69,0,0,0,1,0,0,1
CLI-002751,0,7,23,14,60.9,23,13.7,13,3,1,2,5.9,4,1,1004.3,0.0,0,0.5,0,0,0,1,0,1,0
CLI-001941,0,20,7,5,71.4,32,14.3,10,3,0,4,17.6,4,0,178.71,0.0,0,0.62,0,0,0,1,0,0,1
CLI-003339,0,13,6,4,66.7,38,19.4,5,2,0,0,16.2,4,0,72.5,0.0,0,0.62,0,0,0,1,0,0,1
CLI-003914,0,1,689,296,43.0,20,8.5,2,0,1,1,4.3,3,2,24732.91,0.03,0,0.08,0,0,0,1,1,0,0
CLI-003677,0,1,120,75,62.5,37,26.6,24,0,0,2,2.6,4,2,9056.13,0.0,0,0.6,0,0,0,1,1,0,0
CLI-004132,0,14,47,24,51.1,38,16.9,9,5,2,1,18.5,2,0,1351.94,0.0,0,0.56,0,0,0,1,0,0,1
CLI-000463,0,16,3,3,100.0,89,24.4,4,4,0,0,23.3,4,0,39.27,0.0,0,0.5,0,0,1,0,0,0,1
CLI-004668,0,16,41,13,31.7,1,0.1,1,2,15,0,12.4,5,0,383.21,0.03,0,0.12,0,0,0,1,0,0,1
CLI-001734,0,17,48,24,50.0,22,1.1,3,2,0,3,14.1,2,0,1331.15,0.0,0,0.19,1,0,0,0,0,0,1
CLI-003192,0,16,433,311,71.8,64,12.0,11,2,0,0,5.3,5,1,19660.42,0.0,0,0.42,0,1,0,0,0,0,1
CLI-000960,1,2,52,0,0.0,0,0.0,0,0,60,2,10.5,3,1,1106.1,1.0,1,0.0,0,0,0,1,1,0,0
CLI-002152,0,11,142,44,31.0,9,2.0,9,0,1,0,5.4,4,0,6337.93,0.0,0,0.35,0,1,0,0,0,1,0
CLI-001582,0,16,84,74,88.1,97,85.0,24,1,1,4,2.1,3,0,6963.51,0.0,0,0.6,0,0,0,1,0,0,1
CLI-004109,0,27,11,5,45.5,19,8.2,2,10,1,0,14.6,3,0,143.28,0.0,0,0.25,0,0,0,1,0,0,1
CLI-000245,1,2,860,83,9.7,1,5.7,6,1,2,4,5.2,2,0,29159.91,0.03,0,0.23,0,0,0,1,1,0,0
CLI-002473,0,11,2,1,50.0,7,2.6,3,2,3,3,10.65,4,0,23.94,0.01,0,0.38,0,1,0,0,0,1,0
CLI-004226,0,14,339,317,93.5,135,5.7,23,1,0,4,6.2,4,0,19631.69,0.0,0,0.88,0,1,0,0,0,0,1
CLI-002457,0,7,42,22,52.4,22,5.7,4,0,3,5,11.9,4,1,1180.34,0.01,0,0.25,0,1,0,0,0,1,0
CLI-003489,0,18,425,77,18.1,1,0.2,6,0,1,1,2.6,5,0,27677.65,0.0,0,0.15,1,0,0,0,0,0,1
CLI-003121,1,13,51,40,78.4,111,72.3,11,1,2,3,18.1,2,1,1398.82,0.01,0,0.69,0,0,0,1,0,0,1
CLI-001796,0,13,29,8,27.6,7,5.1,11,2,3,3,9.7,3,0,1184.65,0.01,0,0.42,0,0,0,1,0,0,1
CLI-004250,0,9,11,2,18.2,2,1.2,5,2,2,0,10.4,3,0,289.44,0.01,0,0.31,0,0,0,1,0,1,0
CLI-003145,0,4,56,8,14.3,1,0.1,4,2,5,0,10.4,4,3,1202.55,0.04,0,0.25,0,0,0,1,0,1,0
CLI-003548,0,1,10,3,30.0,4,2.0,3,0,26,2,11.1,3,3,257.77,0.87,0,0.19,0,1,0,0,1,0,0
CLI-004982,1,15,10,4,40.0,9,2.0,16,0,4,13,8.9,1,0,865.25,0.01,0,0.4,0,0,0,1,0,0,1
CLI-003654,0,21,45,14,31.1,3,0.5,9,4,10,3,12.8,3,0,1010.19,0.02,0,0.56,0,1,0,0,0,0,1
CLI-002436,1,10,116,57,49.1,16,6.1,8,1,1,6,5.8,4,1,5756.1,0.0,0,0.31,0,0,0,1,0,1,0
CLI-001929,1,2,149,28,18.8,1,0.1,5,0,5,2,7.3,2,3,9729.89,0.08,0,0.12,1,0,0,0,1,0,0
CLI-000110,0,12,36,14,38.9,3,1.1,6,5,2,0,0.5,5,0,854.75,0.01,0,0.38,0,0,1,0,0,1,0
CLI-003125,1,4,574,512,89.2,70,48.9,12,2,0,2,1.9,4,2,26413.26,0.0,0,0.46,0,0,0,1,0,1,0
CLI-000030,0,15,95,70,73.7,42,27.9,2,4,1,5,22.0,5,0,1487.34,0.0,0,0.25,0,0,0,1,0,0,1
CLI-000102,1,1,23,0,0.0,0,0.0,0,0,30,1,16.8,5,3,272.64,1.0,1,0.0,0,0,0,1,1,0,0
CLI-001725,0,15,38,2,5.3,1,0.1,0,3,7,4,17.7,3,1,930.41,0.02,0,0.0,0,0,0,1,0,0,1
CLI-001196,0,7,56,39,69.6,39,18.6,9,0,0,0,2.8,4,0,2696.08,0.0,0,0.35,0,1,0,0,0,1,0
CLI-001525,0,10,22,19,86.4,58,28.3,9,2,0,3,15.1,3,0,637.57,0.0,0,0.56,0,0,0,1,0,1,0
CLI-002640,0,10,10,7,70.0,40,5.7,2,2,1,3,29.9,4,1,104.48,0.0,0,0.25,0,1,0,0,0,1,0
CLI-004319,0,16,54,20,37.0,20,7.5,15,6,3,1,3.3,5,0,5392.16,0.01,0,0.38,0,0,1,0,0,0,1
CLI-004433,1,6,430,0,0.0,0,0.0,0,0,45,0,10.65,4,1,36056.85,0.25,1,0.0,0,0,0,1,0,1,0
CLI-004632,1,9,7,7,50.0,101,108.0,6,1,0,0,17.8,4,0,98.29,0.0,0,0.75,0,1,0,0,0,1,0
CLI-002918,0,8,8,2,25.0,1,5.7,5,2,25,2,5.9,4,1,351.29,0.1,0,0.19,0,0,0,1,0,1,0
CLI-004371,0,15,49,32,65.3,27,18.3,7,5,1,1,11.4,3,0,1093.84,0.0,0,0.44,0,0,0,1,0,0,1
CLI-004310,0,1,41,37,50.0,80,41.1,12,0,0,2,9.0,4,2,1250.18,0.0,0,0.75,0,0,0,1,1,0,0
CLI-002086,1,1,11,7,63.6,25,16.6,10,0,0,6,5.3,2,4,435.74,0.0,0,0.38,0,0,0,1,1,0,0
CLI-000578,1,7,140,70,50.0,42,12.6,6,1,3,3,9.5,3,1,2883.24,0.01,0,0.38,0,0,0,1,0,1,0
CLI-000479,0,10,6,5,83.3,100,110.9,6,1,0,0,17.9,5,0,74.12,0.0,0,0.75,0,1,0,0,0,1,0
CLI-000973,0,7,191,134,70.2,41,17.1,13,3,0,2,4.1,3,1,8978.92,0.0,0,0.5,0,0,0,1,0,1,0
CLI-003857,0,8,653,476,72.9,45,24.0,8,2,1,5,5.7,3,3,30640.09,0.0,0,0.31,0,1,0,0,0,1,0
CLI-001709,0,23,7,3,42.9,23,17.8,13,5,4,3,9.1,5,0,386.23,0.01,0,0.5,0,0,1,0,0,0,1
CLI-000536,0,7,41,34,82.9,61,36.2,10,0,0,1,3.3,4,1,2414.54,0.0,0,0.38,0,0,0,1,0,1,0
CLI-003111,0,30,11,3,27.3,1,0.4,3,2,0,8,35.3,3,0,103.81,0.0,0,0.38,1,0,0,0,0,0,1
CLI-000746,0,5,9,6,66.7,56,42.2,8,1,0,5,13.2,3,1,277.97,0.0,0,0.5,0,1,0,0,0,1,0
CLI-001961,0,6,78,37,47.4,24,8.2,14,0,1,2,2.3,2,0,6541.18,0.01,0,0.35,1,0,0,0,0,1,0
CLI-002799,1,3,442,0,0.0,0,0.0,0,0,90,2,4.9,3,2,30284.5,1.0,1,0.0,0,0,0,1,1,0,0
CLI-003133,0,6,7,6,85.7,77,42.7,12,2,3,0,9.4,5,2,184.56,0.02,0,0.75,0,0,0,1,0,1,0
CLI-000519,0,1,51,7,13.7,1,0.2,4,2,0,0,5.6,5,4,1074.54,0.0,0,0.25,0,0,0,1,1,0,0
CLI-002282,0,9,10,9,90.0,80,51.4,15,0,0,0,3.0,5,2,522.37,0.0,0,0.58,0,1,0,0,0,1,0
CLI-003411,0,18,20,18,50.0,84,93.7,15,6,1,0,12.5,3,0,563.48,0.0,0,0.94,0,0,1,0,0,0,1
CLI-004189,1,1,42,5,11.9,1,0.3,2,0,8,5,8.9,3,2,1548.44,0.27,0,0.08,0,0,0,1,1,0,0
CLI-002676,0,3,10,4,40.0,12,7.1,11,0,1,2,8.4,3,1,473.07,0.01,0,0.42,0,0,0,1,1,0,0
CLI-000891,1,1,12,9,75.0,91,46.0,19,0,0,2,5.5,4,3,477.35,0.0,0,0.73,0,1,0,0,1,0,0
CLI-000156,1,10,172,14,8.1,1,0.1,3,2,18,5,10.65,1,1,6012.79,0.06,0,0.12,1,0,0,0,0,1,0
CLI-002378,1,10,13,4,30.8,1,0.3,2,2,15,0,10.65,4,2,271.81,0.05,0,0.12,0,0,0,1,0,1,0
CLI-002357,0,21,9,4,44.4,26,13.9,13,5,1,2,4.3,3,0,749.12,0.0,0,0.32,0,0,0,1,0,0,1
CLI-001955,0,18,137,80,58.4,27,22.2,7,2,1,5,14.8,4,0,2887.72,0.0,0,0.44,0,0,0,1,0,0,1
CLI-000228,0,10,766,306,39.9,1,0.1,17,1,3,0,5.4,5,1,63785.75,0.01,0,0.42,0,1,0,0,0,1,0
CLI-000300,0,9,8,2,25.0,12,8.5,16,1,0,1,2.7,3,1,689.7,0.0,0,0.4,0,1,0,0,0,1,0
CLI-004955,0,5,161,117,72.7,53,37.8,8,5,1,1,10.1,5,2,4183.85,0.01,0,0.5,0,0,1,0,0,1,0
CLI-004874,0,16,7,2,50.0,14,4.0,9,6,2,1,4.9,5,0,310.0,0.0,0,0.35,0,0,0,1,0,0,1
CLI-001748,1,8,80,9,11.2,1,0.1,2,0,19,8,38.1,3,0,960.0,0.08,0,0.25,0,0,0,1,0,1,0
CLI-002865,0,6,88,81,92.0,66,54.2,11,0,1,1,18.0,2,1,2379.4,0.01,0,0.69,1,0,0,0,0,1,0
CLI-004701,0,6,27,13,48.1,16,7.4,11,2,1,1,8.4,1,0,1205.32,0.01,0,0.42,0,0,0,1,0,1,0
CLI-002127,0,19,3,2,66.7,10,3.2,4,5,4,2,10.8,4,0,75.34,0.01,0,0.25,0,0,0,1,0,0,1
CLI-000700,0,10,8,6,75.0,54,42.7,10,1,0,0,1.3,5,2,386.62,0.0,0,0.38,0,0,0,1,0,1,0
CLI-000238,0,23,1,1,100.0,19,1.0,3,5,4,0,16.6,5,0,10.44,0.01,0,0.38,0,0,1,0,0,0,1
CLI-004325,1,8,52,32,61.5,21,6.9,3,1,0,2,10.65,3,2,511.23,0.0,0,0.38,0,1,0,0,0,1,0
CLI-001064,0,11,53,34,64.2,36,7.6,11,5,2,2,6.3,4,0,2545.38,0.01,0,0.42,0,0,1,0,0,1,0
CLI-003648,1,9,29,0,0.0,0,0.0,0,0,104,3,24.3,4,0,424.01,0.39,1,0.0,1,0,0,0,0,1,0
CLI-002087,0,23,10,9,90.0,90,85.4,9,8,4,2,14.4,4,0,307.81,0.01,0,0.56,0,0,0,1,0,0,1
CLI-004653,0,16,11,2,18.2,1,0.2,2,2,3,3,25.5,3,0,148.25,0.01,0,0.25,0,0,0,1,0,0,1
CLI-002900,0,4,5,5,100.0,80,61.9,11,0,1,0,6.0,5,1,136.76,0.01,0,0.69,0,0,0,1,0,1,0
CLI-001869,0,6,9,5,55.6,28,11.4,14,0,1,4,2.0,4,0,612.77,0.01,0,0.35,0,1,0,0,0,1,0
CLI-003357,0,7,30,23,76.7,38,23.4,18,0,2,5,4.2,4,1,2861.4,0.01,0,0.45,0,0,0,1,0,1,0
CLI-004037,0,15,6,4,66.7,30,5.7,2,4,1,4,36.4,2,0,83.93,0.0,0,0.25,0,0,0,1,0,0,1
CLI-000664,0,22,8,3,37.5,4,1.3,2,4,15,0,15.1,3,0,92.17,0.02,0,0.25,0,0,0,1,0,0,1
CLI-000898,0,25,38,0,0.0,0,0.0,0,0,32,2,19.8,4,0,417.84,0.04,1,0.0,0,0,0,1,0,0,1
CLI-000731,1,6,22,6,27.3,5,3.3,5,3,9,9,5.9,2,2,922.75,0.05,0,0.19,1,0,0,0,0,1,0
CLI-000906,0,7,2,2,100.0,45,13.9,2,0,1,2,24.1,3,1,22.08,0.0,0,0.25,0,1,0,0,0,1,0
CLI-003632,0,10,11,5,45.5,4,0.2,5,3,5,1,10.6,4,1,309.99,0.02,0,0.31,0,0,0,1,0,1,0
CLI-003153,1,5,6,3,50.0,20,1.0,9,0,3,3,10.65,3,0,116.03,0.02,0,0.56,0,0,0,1,0,1,0
CLI-003934,0,12,43,26,50.0,3,1.8,7,3,20,2,5.8,3,0,1527.12,0.06,0,0.27,0,0,0,1,0,1,0
CLI-004933,0,9,10,5,50.0,21,10.7,4,2,1,3,29.1,2,0,128.96,0.0,0,0.5,1,0,0,0,0,1,0
CLI-004741,1,14,10,7,70.0,31,7.9,3,3,0,5,29.6,3,1,115.05,0.0,0,0.38,0,0,0,1,0,0,1
CLI-004564,0,21,9,7,77.8,61,43.7,7,4,1,7,11.6,3,1,280.43,0.0,0,0.44,1,0,0,0,0,0,1
CLI-002982,0,22,13,4,30.8,12,8.2,6,4,1,1,7.2,3,0,372.86,0.0,0,0.38,0,0,0,1,0,0,1
CLI-003885,0,3,5,3,50.0,26,15.1,5,0,0,2,14.2,4,2,120.07,0.0,0,0.31,0,1,0,0,1,0,0
CLI-004321,0,13,1,1,100.0,89,37.8,9,2,0,7,7.7,2,1,58.14,0.0,0,0.35,1,0,0,0,0,0,1
CLI-004574,0,17,11,9,81.8,43,21.1,7,2,0,5,16.1,4,0,297.5,0.0,0,0.44,0,0,1,0,0,0,1
CLI-004755,0,24,860,359,41.7,1,0.2,5,7,22,0,3.0,5,0,37956.17,0.03,0,0.19,0,0,0,1,0,0,1
CLI-002713,0,1,57,18,31.6,7,3.0,9,0,5,2,4.6,3,2,2617.56,0.17,0,0.35,0,0,0,1,1,0,0
CLI-004448,1,7,4,2,50.0,20,8.7,4,1,0,3,10.65,4,2,55.61,0.0,0,0.5,0,0,0,1,0,1,0
CLI-001700,0,11,194,90,46.4,24,15.9,8,0,1,1,5.0,3,1,8850.22,0.0,0,0.31,0,0,0,1,0,1,0
CLI-002499,1,8,6,3,50.0,7,1.9,3,1,2,1,13.5,3,0,182.82,0.01,0,0.19,0,1,0,0,0,1,0
CLI-003094,1,2,1,0,0.0,0,0.0,0,0,58,0,5.6,3,2,45.0,0.97,1,0.0,0,0,0,1,1,0,0
CLI-001207,0,17,78,55,70.5,48,23.1,14,3,0,0,10.65,4,0,6762.39,0.0,0,0.35,0,0,1,0,0,0,1
CLI-000628,0,10,1,1,100.0,20,4.2,3,2,0,4,32.6,2,0,10.41,0.0,0,0.38,0,0,0,1,0,1,0
CLI-003923,0,13,20,2,10.0,1,0.4,3,4,18,3,12.6,4,0,443.83,0.05,0,0.19,1,0,0,0,0,0,1
CLI-000976,1,9,141,27,19.1,1,0.4,6,3,14,4,10.65,3,2,6089.37,0.05,0,0.23,0,0,0,1,0,1,0
CLI-000431,1,14,23,0,0.0,0,0.0,0,0,53,6,25.9,1,0,276.0,0.13,1,0.0,1,0,0,0,0,0,1
CLI-003957,1,21,10,0,0.0,0,5.7,0,0,88,3,6.0,4,0,874.94,0.14,1,0.0,0,0,0,1,0,0,1
CLI-002399,1,9,21,3,14.3,1,0.3,2,0,3,1,8.3,2,2,744.23,0.01,0,0.08,0,0,0,1,0,1,0
CLI-001783,1,4,10,1,10.0,1,0.2,1,1,10,1,23.9,3,4,100.21,0.08,0,0.12,1,0,0,0,0,1,0
CLI-001477,0,9,204,112,50.0,2,0.2,14,5,2,3,4.3,2,0,13833.55,0.01,0,0.35,1,0,0,0,0,1,0
CLI-001097,0,23,8,3,37.5,17,10.2,4,6,6,4,26.4,3,0,120.35,0.01,0,0.5,0,0,0,1,0,0,1
CLI-002725,1,22,55,20,36.4,1,0.2,6,3,1,9,10.2,2,0,2580.47,0.0,0,0.23,1,0,0,0,0,0,1
CLI-004282,0,14,13,7,53.8,33,13.4,11,2,1,3,6.4,4,0,450.62,0.0,0,0.42,0,0,0,1,0,0,1
CLI-001029,0,15,15,0,0.0,0,0.0,0,0,32,5,21.0,2,0,252.15,0.07,1,0.0,1,0,0,0,0,0,1
CLI-001890,1,2,33,13,39.4,13,6.3,4,0,1,5,23.4,2,1,942.04,0.02,0,0.25,1,0,0,0,1,0,0
CLI-003187,0,8,54,26,48.1,16,7.1,10,1,2,2,5.1,3,0,2377.64,0.01,0,0.38,0,0,0,1,0,1,0
CLI-004639,0,1,151,45,29.8,10,7.0,5,0,1,4,5.6,3,0,5995.72,0.03,0,0.19,0,0,0,1,1,0,0
CLI-003334,0,7,43,28,65.1,7,4.0,10,2,3,1,3.8,3,0,2053.74,0.01,0,0.38,0,1,0,0,0,1,0
CLI-004727,0,9,49,4,8.2,1,0.3,8,2,11,4,7.7,2,0,1868.27,0.04,0,0.31,1,0,0,0,0,1,0
CLI-003081,0,15,57,14,24.6,3,1.7,5,4,4,0,10.65,5,0,1591.57,0.01,0,0.19,1,0,0,0,0,0,1
CLI-004140,1,4,190,0,0.0,0,0.0,0,0,120,1,4.8,3,3,7783.43,1.0,1,0.0,1,0,0,0,0,1,0
CLI-003600,0,2,5,4,80.0,85,5.7,5,0,1,1,19.2,5,2,62.28,0.02,0,0.62,0,0,0,1,1,0,0
CLI-002330,1,6,20,4,20.0,1,0.4,1,0,16,5,18.5,2,0,438.18,0.09,0,0.06,0,0,0,1,0,1,0
CLI-000196,0,10,38,15,39.5,4,1.3,1,1,1,3,12.0,3,1,1496.93,0.0,0,0.04,0,1,0,0,0,1,0
CLI-004238,0,17,32,28,87.5,82,5.7,19,6,2,0,1.5,5,0,2485.8,0.0,0,0.48,0,0,0,1,0,0,1
CLI-001781,0,24,6,1,16.7,1,0.1,0,5,8,8,34.5,2,0,68.16,0.01,0,0.0,1,0,0,0,0,0,1
CLI-004968,0,13,49,17,34.7,14,5.7,2,5,2,2,21.3,4,1,482.8,0.01,0,0.25,0,0,1,0,0,0,1
CLI-004962,0,13,15,2,13.3,1,0.2,0,1,7,1,6.3,5,1,325.43,0.02,0,0.0,0,0,0,1,0,0,1
CLI-004476,0,7,89,21,23.6,5,1.4,10,1,3,0,3.1,5,0,3992.53,0.01,0,0.38,1,0,0,0,0,1,0
CLI-001993,0,21,45,4,8.9,1,0.2,3,6,8,0,6.5,3,0,1135.2,0.01,0,0.19,0,0,0,1,0,0,1
CLI-003112,1,3,8,4,50.0,17,10.7,3,1,0,2,27.2,4,3,90.72,0.0,0,0.38,0,1,0,0,1,0,0
CLI-004513,1,23,36,0,0.0,0,0.0,0,0,46,2,3.9,3,0,1397.83,0.07,1,0.0,1,0,0,0,0,0,1
CLI-000565,0,7,134,82,61.2,12,6.9,11,1,9,0,1.8,2,2,10791.47,0.04,0,0.28,0,0,0,1,0,1,0
CLI-004511,0,2,1,1,100.0,48,5.7,4,1,0,0,9.4,4,2,11.55,0.0,0,0.5,0,0,0,1,1,0,0
CLI-001493,0,10,11,3,27.3,4,1.3,2,3,14,1,16.4,3,0,133.89,0.05,0,0.25,0,0,0,1,0,1,0
CLI-002631,0,10,5,3,60.0,41,5.7,3,1,0,1,10.65,3,1,59.67,0.0,0,0.38,0,0,0,1,0,1,0
CLI-004339,0,5,90,53,58.9,26,6.4,23,1,1,0,0.7,4,1,7183.72,0.01,0,0.57,0,1,0,0,0,1,0
CLI-001177,1,3,1,1,50.0,56,36.9,3,0,1,7,37.4,2,0,14.92,0.01,0,0.38,0,0,0,1,1,0,0
CLI-001642,0,19,17,14,82.4,29,13.6,17,5,0,0,0.5,5,0,1523.03,0.0,0,0.42,0,0,1,0,0,0,1
CLI-003559,0,13,153,108,70.6,39,18.3,14,4,0,3,5.3,3,1,6606.75,0.0,0,0.54,0,0,0,1,0,0,1
CLI-004899,0,2,46,42,91.3,90,58.3,15,0,0,0,3.0,3,2,2072.32,0.0,0,0.58,0,1,0,0,1,0,0
CLI-001606,0,8,5,4,80.0,75,31.0,6,2,0,4,15.9,2,1,112.68,0.0,0,0.38,1,0,0,0,0,1,0
CLI-001560,0,16,2,1,50.0,8,3.2,4,5,1,6,10.65,3,0,25.24,0.0,0,0.5,0,0,0,1,0,0,1
CLI-000192,0,17,22,15,68.2,50,33.8,9,1,1,3,5.9,4,0,1080.25,0.0,0,0.35,0,1,0,0,0,0,1
CLI-003512,0,14,163,66,40.5,10,0.5,6,2,1,1,8.7,5,0,4628.24,0.0,0,0.38,0,0,0,1,0,0,1
CLI-001162,1,1,1,1,100.0,58,37.8,9,1,1,7,10.65,4,5,19.41,0.03,0,0.56,1,0,0,0,1,0,0
CLI-001438,0,18,106,61,57.5,28,13.9,7,1,1,4,7.1,4,0,5764.21,0.0,0,0.27,0,0,0,1,0,0,1
CLI-000955,1,8,4,3,75.0,36,5.7,4,0,0,3,40.6,3,0,49.53,0.0,0,0.5,0,1,0,0,0,1,0
CLI-003191,0,23,202,32,15.8,1,0.3,6,6,22,4,8.9,1,0,9090.0,0.03,0,0.23,0,0,0,1,0,0,1
CLI-003722,0,1,8,6,75.0,46,22.5,6,0,0,3,14.5,3,1,167.53,0.0,0,0.38,0,0,0,1,1,0,0
CLI-002503,0,17,139,20,14.4,1,0.1,11,5,11,1,0.5,4,0,9397.92,0.02,0,0.28,0,0,0,1,0,0,1
CLI-003261,0,17,28,24,85.7,76,74.7,40,2,2,1,10.65,3,0,2500.82,0.0,0,1.0,0,0,0,1,0,0,1
CLI-003913,1,1,11,3,27.3,2,5.7,8,1,13,2,3.1,4,2,526.0,0.43,0,0.31,0,1,0,0,1,0,0
CLI-003592,0,9,154,63,40.9,10,1.2,10,1,1,1,3.9,4,0,9145.62,0.0,0,0.25,0,0,0,1,0,1,0
CLI-001418,0,11,31,14,45.2,16,7.2,3,3,2,1,11.1,3,1,788.51,0.01,0,0.19,0,0,0,1,0,1,0
CLI-002999,0,19,44,21,47.7,11,4.0,10,3,1,5,8.4,3,0,2159.6,0.0,0,0.38,0,1,0,0,0,0,1
CLI-003924,1,7,181,61,33.7,9,4.0,2,2,5,5,36.2,2,0,2008.85,0.02,0,0.25,1,0,0,0,0,1,0
CLI-002769,0,24,6,1,16.7,1,0.3,2,6,24,0,20.5,3,0,65.07,0.03,0,0.25,0,0,0,1,0,0,1
CLI-003723,0,10,13,6,46.2,11,5.7,3,3,1,7,28.8,3,0,168.92,0.0,0,0.38,1,0,0,0,0,1,0
CLI-002723,1,9,6,2,33.3,1,0.1,2,3,30,1,15.5,4,0,71.87,0.11,1,0.25,0,1,0,0,0,1,0
CLI-004553,0,1,11,5,45.5,20,8.6,5,0,0,3,18.5,3,0,322.5,0.0,0,0.31,0,1,0,0,1,0,0
CLI-004935,0,2,783,550,70.2,49,52.8,9,2,1,1,2.5,4,0,35235.0,0.02,0,0.35,0,0,0,1,1,0,0
CLI-003376,1,9,11,6,54.5,12,0.9,7,0,7,6,20.4,3,1,238.57,0.03,0,0.44,0,0,0,1,0,1,0
CLI-002018,0,8,211,58,50.0,6,0.3,14,2,3,1,0.5,4,0,12537.74,0.01,0,0.35,0,0,0,1,0,1,0
CLI-004745,0,14,56,28,50.0,18,3.0,4,7,0,5,25.4,3,1,568.82,0.0,0,0.5,0,0,0,1,0,0,1
CLI-004928,1,1,37,1,2.7,1,0.2,1,0,12,4,0.7,2,2,2459.3,0.4,0,0.02,1,0,0,0,1,0,0
CLI-001447,0,14,6,6,50.0,100,65.7,7,1,2,4,10.65,4,1,165.28,0.0,0,0.44,0,1,0,0,0,0,1
CLI-002032,1,5,10,3,30.0,8,5.5,5,1,8,2,18.6,3,2,89.53,0.05,0,0.62,0,1,0,0,0,1,0
CLI-001528,1,1,3,1,33.3,5,1.8,1,0,5,4,17.3,4,2,62.35,0.17,0,0.06,0,1,0,0,1,0,0
CLI-004271,0,3,29,8,27.6,1,0.3,8,1,23,0,2.2,5,0,1361.52,0.26,0,0.31,0,0,0,1,1,0,0
CLI-004387,0,2,15,12,80.0,72,43.3,5,0,2,0,10.65,5,1,155.69,0.03,0,0.62,0,0,0,1,1,0,0
CLI-004147,0,16,18,15,83.3,53,40.5,8,3,0,1,10.65,4,0,495.95,0.0,0,0.5,0,0,0,1,0,0,1
CLI-004806,1,1,57,13,22.8,1,0.4,1,0,2,5,24.0,1,2,589.63,0.07,0,0.12,1,0,0,0,1,0,0
CLI-000558,0,16,35,11,31.4,1,5.7,3,4,21,1,15.2,2,0,1058.41,0.04,0,0.19,0,0,0,1,0,0,1
CLI-004797,1,16,21,0,50.0,0,0.0,0,0,84,1,14.0,4,0,529.25,0.18,1,0.0,0,0,0,1,0,0,1
CLI-000989,0,9,57,12,21.1,1,0.2,1,1,1,2,7.0,3,1,1983.34,0.0,0,0.04,1,0,0,0,0,1,0
CLI-001494,0,27,92,21,22.8,1,0.6,9,6,2,4,6.8,3,0,4140.0,0.0,0,0.35,0,0,0,1,0,0,1
CLI-000800,0,1,11,5,45.5,1,0.3,9,0,11,4,6.7,2,0,464.47,0.37,0,0.35,1,0,0,0,1,0,0
CLI-000639,0,17,202,180,89.1,65,50.3,13,5,1,5,0.5,4,0,15746.24,0.0,0,0.32,0,0,0,1,0,0,1
CLI-004077,0,9,10,3,30.0,14,7.5,11,2,2,0,1.2,4,1,527.3,0.01,0,0.42,0,0,0,1,0,1,0
CLI-003717,0,17,136,71,52.2,10,2.0,5,5,5,3,7.9,3,1,6328.29,0.01,0,0.19,0,0,0,1,0,0,1
CLI-004225,0,13,46,17,37.0,3,1.4,3,4,2,1,11.8,4,0,520.95,0.01,0,0.38,0,0,1,0,0,0,1
CLI-000988,1,2,4,3,75.0,69,30.0,4,2,0,5,35.8,3,0,46.07,0.0,0,0.5,0,0,0,1,1,0,0
CLI-004229,0,15,56,25,44.6,15,4.0,4,1,4,0,20.1,2,0,1635.14,0.01,0,0.25,1,0,0,0,0,0,1
CLI-002215,1,2,96,21,21.9,8,1.3,25,1,5,6,3.4,1,4,7379.53,0.08,0,0.62,1,0,0,0,1,0,0
CLI-001408,1,5,4,2,50.0,23,10.9,4,0,3,7,12.2,3,1,96.95,0.02,0,0.25,1,0,0,0,0,1,0
CLI-002157,0,14,20,9,45.0,20,3.0,8,2,1,8,7.4,3,0,913.07,0.0,0,0.31,1,0,0,0,0,0,1
CLI-000123,0,6,6,1,16.7,2,0.7,6,2,4,3,10.65,3,2,279.39,0.02,0,0.23,0,0,0,1,0,1,0
CLI-002454,0,5,53,34,64.2,35,13.6,3,0,0,0,4.5,5,2,1241.98,0.0,0,0.19,0,0,0,1,0,1,0
CLI-004605,1,1,22,0,0.0,0,0.0,0,0,30,5,35.8,3,1,226.29,1.0,1,0.0,0,0,0,1,1,0,0
CLI-001726,0,14,8,2,25.0,1,0.1,2,1,11,0,11.8,4,0,100.9,0.03,0,0.25,0,0,0,1,0,0,1
CLI-001365,0,14,12,7,58.3,33,7.9,6,1,1,1,11.3,5,0,263.63,0.0,0,0.38,0,0,0,1,0,0,1
CLI-004842,0,2,17,10,58.8,36,21.5,8,0,1,2,11.1,4,0,414.14,0.02,0,0.5,0,0,0,1,1,0,0
CLI-001019,0,15,52,16,30.8,5,5.7,9,6,1,0,3.6,5,0,1258.13,0.0,0,0.56,0,0,0,1,0,0,1
CLI-001999,0,14,28,6,21.4,1,0.1,5,2,3,1,6.2,3,1,999.91,0.01,0,0.19,1,0,0,0,0,0,1
CLI-003384,0,1,11,3,27.3,9,2.1,3,0,2,2,10.8,5,3,240.73,0.07,0,0.19,0,0,0,1,1,0,0
CLI-000648,1,18,76,45,59.2,15,5.5,4,3,8,3,15.7,3,0,2080.96,0.01,0,0.25,0,1,0,0,0,0,1
CLI-001601,1,10,28,16,50.0,42,13.5,2,1,2,3,24.7,4,0,364.76,0.01,0,0.25,0,1,0,0,0,1,0
CLI-004274,0,20,10,1,10.0,1,0.1,2,4,2,0,8.1,3,0,167.03,0.0,0,0.12,0,0,0,1,0,0,1
CLI-000696,1,9,547,84,15.4,1,0.2,6,1,30,6,14.5,1,1,14424.51,0.11,1,0.38,0,0,0,1,0,1,0
CLI-004210,0,5,10,9,90.0,55,34.3,3,0,1,0,13.9,5,1,128.04,0.01,0,0.38,0,1,0,0,0,1,0
CLI-003211,1,1,95,60,63.2,22,16.2,9,0,0,4,10.65,3,2,3883.46,0.0,0,0.35,0,0,0,1,1,0,0
CLI-000213,0,10,6,4,66.7,20,6.5,11,3,1,5,12.6,2,0,276.13,0.0,0,0.42,1,0,0,0,0,1,0
CLI-000065,0,9,29,13,44.8,17,9.8,8,1,6,0,3.8,5,0,622.99,0.02,0,0.5,0,0,0,1,0,1,0
CLI-002416,1,3,56,41,73.2,54,21.5,10,1,0,2,9.0,3,2,1432.87,0.0,0,0.62,0,1,0,0,1,0,0
CLI-000284,0,25,8,5,62.5,21,6.2,13,7,0,7,10.1,4,0,362.5,0.0,0,0.5,1,0,0,0,0,0,1
CLI-004379,0,24,212,17,8.0,1,0.1,4,2,6,2,14.5,3,0,6017.69,0.01,0,0.25,0,0,0,1,0,0,1
CLI-000547,0,18,5,2,40.0,15,4.6,6,4,0,0,17.6,3,0,118.01,0.0,0,0.38,0,0,0,1,0,0,1
CLI-001637,0,2,38,15,39.5,10,2.7,2,0,1,2,12.3,4,3,1128.49,0.02,0,0.12,0,0,0,1,1,0,0
CLI-001001,1,1,42,22,52.4,32,16.7,10,0,0,1,10.65,4,5,1668.16,0.0,0,0.38,0,1,0,0,1,0,0
CLI-001246,0,18,37,26,70.3,63,55.5,13,3,0,1,5.5,3,0,1651.73,0.0,0,0.5,0,0,0,1,0,0,1
CLI-002131,0,16,10,6,50.0,34,10.7,4,4,1,8,44.7,1,0,126.44,0.0,0,0.5,0,0,0,1,0,0,1
CLI-002528,0,23,174,68,39.1,6,5.7,15,11,3,4,7.2,3,0,15354.18,0.0,0,0.38,0,0,0,1,0,0,1
CLI-004113,1,10,19,6,31.6,11,3.4,8,1,4,6,8.0,2,2,870.46,0.01,0,0.31,0,0,0,1,0,1,0
CLI-001056,1,1,133,12,9.0,1,0.1,4,1,8,5,6.8,3,2,4760.24,0.27,0,0.15,1,0,0,0,1,0,0
CLI-000699,0,21,29,21,72.4,35,13.2,5,3,1,3,28.7,3,0,436.34,0.0,0,0.62,0,0,0,1,0,0,1
CLI-001507,0,1,6,1,16.7,1,0.1,1,0,12,0,11.7,4,0,64.63,0.4,0,0.12,1,0,0,0,1,0,0
CLI-002653,1,6,30,16,53.3,38,15.6,7,1,0,6,12.5,3,2,864.04,0.0,0,0.44,0,1,0,0,0,1,0
CLI-000509,1,7,44,21,47.7,3,1.3,6,1,2,6,16.8,1,0,1070.54,0.01,0,0.38,1,0,0,0,0,1,0
CLI-002742,0,6,453,333,73.5,62,45.5,17,1,0,5,1.7,3,0,35791.12,0.0,0,0.42,0,0,0,1,0,1,0
CLI-001183,0,1,8,5,62.5,46,23.2,9,0,2,0,7.8,3,4,217.99,0.07,0,0.56,0,0,0,1,1,0,0
CLI-000406,0,6,3,2,66.7,33,12.7,4,2,1,4,25.4,4,3,41.61,0.01,0,0.5,0,0,0,1,0,1,0
CLI-002485,0,15,97,65,67.0,53,24.1,27,2,1,0,4.7,5,0,9563.95,0.0,0,0.68,0,0,0,1,0,0,1
CLI-002543,0,12,26,13,50.0,29,10.0,8,4,3,1,4.6,5,0,1112.64,0.01,0,0.31,0,0,1,0,0,1,0
CLI-003456,0,21,10,2,20.0,2,0.2,1,3,23,5,26.4,3,0,127.18,0.04,0,0.12,1,0,0,0,0,0,1
CLI-004616,0,10,8,6,75.0,59,20.5,25,0,2,2,0.5,3,1,697.2,0.01,0,0.62,0,0,0,1,0,1,0
CLI-001684,0,1,96,62,64.6,25,19.9,8,0,1,6,7.5,3,1,3081.7,0.03,0,0.31,0,0,0,1,1,0,0
CLI-000075,0,16,33,14,42.4,7,5.7,7,5,2,2,8.6,5,0,852.5,0.0,0,0.44,0,0,0,1,0,0,1
CLI-000482,1,1,203,80,39.4,5,1.6,12,1,27,10,5.6,2,0,9495.82,0.9,0,0.46,0,0,0,1,1,0,0
CLI-000668,0,12,9,2,22.2,1,0.5,2,2,11,5,35.0,2,0,82.74,0.03,0,0.25,1,0,0,0,0,1,0
CLI-003510,0,9,38,31,81.6,79,75.6,6,2,0,0,8.5,5,1,1121.66,0.0,0,0.38,0,0,0,1,0,1,0
CLI-000439,0,8,34,24,70.6,33,20.4,24,2,0,0,0.5,5,2,2627.51,0.0,0,0.6,0,0,0,1,0,1,0
CLI-000270,0,12,42,31,73.8,65,52.6,4,2,1,0,13.2,4,1,500.95,0.0,0,0.5,0,0,0,1,0,1,0
CLI-001613,0,3,206,152,73.8,26,9.5,12,0,0,3,6.1,4,1,9583.21,0.0,0,0.46,0,0,0,1,1,0,0
CLI-001970,0,26,241,123,51.0,15,8.5,13,6,3,1,1.5,5,0,10703.71,0.0,0,0.5,0,0,1,0,0,0,1
CLI-001845,0,1,23,0,0.0,0,0.0,0,0,30,0,11.1,4,1,551.74,1.0,1,0.0,1,0,0,0,1,0,0
CLI-000079,0,6,405,325,80.2,33,10.7,8,2,1,4,5.9,2,0,32400.0,0.01,0,0.2,1,0,0,0,0,1,0
CLI-000231,1,4,4,2,50.0,1,0.6,6,1,6,4,19.1,2,0,100.62,0.05,0,0.38,1,0,0,0,0,1,0
CLI-001594,0,2,47,35,74.5,27,11.2,3,1,1,2,26.9,2,2,600.17,0.02,0,0.38,0,0,0,1,1,0,0
CLI-004141,0,12,7,2,28.6,6,3.0,3,5,15,0,10.65,3,0,88.01,0.04,0,0.38,0,0,0,1,0,1,0
CLI-002135,0,4,10,7,70.0,42,23.3,8,3,2,2,11.9,4,0,277.88,0.02,0,0.5,0,0,1,0,0,1,0
CLI-002924,0,12,22,12,54.5,19,11.6,7,6,0,1,10.65,4,0,676.33,0.0,0,0.44,0,0,1,0,0,1,0
CLI-000025,1,1,26,7,26.9,1,0.2,3,0,2,3,10.65,2,3,551.71,0.07,0,0.19,1,0,0,0,1,0,0
CLI-000820,0,15,56,26,46.4,22,12.2,12,4,1,3,4.7,3,0,3364.39,0.0,0,0.46,0,0,0,1,0,0,1
CLI-003265,0,16,200,119,59.5,27,4.7,7,3,0,0,1.8,5,0,5565.88,0.0,0,0.44,0,0,1,0,0,0,1
CLI-000242,0,12,2,1,50.0,4,2.4,8,0,5,3,10.65,3,0,50.28,0.01,0,0.5,0,1,0,0,0,1,0
CLI-001765,0,7,45,18,40.0,9,1.7,5,1,0,0,6.4,5,0,1064.52,0.0,0,0.31,0,1,0,0,0,1,0
CLI-000139,1,17,3,1,33.3,18,11.3,4,0,1,3,10.65,4,0,31.02,0.0,0,0.5,0,1,0,0,0,0,1
CLI-002840,1,18,51,0,0.0,0,0.0,0,0,84,5,16.2,3,0,1340.16,0.16,1,0.0,0,0,0,1,0,0,1
CLI-000896,0,10,11,6,54.5,23,11.5,2,10,6,1,20.4,5,0,127.66,0.02,0,0.25,0,0,0,1,0,1,0
CLI-000013,1,2,44,6,13.6,1,0.2,3,0,14,3,14.9,3,1,1064.77,0.23,0,0.19,1,0,0,0,1,0,0
CLI-003442,0,4,1,1,100.0,67,5.7,13,1,1,3,6.1,3,0,51.75,0.01,0,0.5,0,1,0,0,0,1,0
CLI-001661,0,9,22,14,63.6,23,4.5,1,2,2,8,17.5,1,1,581.57,0.01,0,0.06,1,0,0,0,0,1,0
CLI-001085,1,3,117,13,11.1,1,0.4,5,1,8,3,10.65,3,2,2732.49,0.09,0,0.31,1,0,0,0,1,0,0
CLI-000291,0,27,42,12,28.6,8,2.4,8,4,2,5,6.3,3,0,2202.05,0.0,0,0.31,0,0,0,1,0,0,1
CLI-001220,1,11,116,25,21.6,1,0.4,8,1,5,0,2.9,3,2,5963.38,0.02,0,0.31,1,0,0,0,0,1,0
CLI-003960,0,1,3,1,33.3,11,3.7,2,0,0,0,11.9,5,6,36.96,0.0,0,0.25,0,0,0,1,1,0,0
CLI-001013,0,2,162,101,62.3,39,29.6,19,0,1,0,10.65,4,0,14244.09,0.02,0,0.48,0,1,0,0,1,0,0
CLI-003126,0,13,4,2,50.0,10,2.3,3,1,3,5,13.7,3,0,99.28,0.01,0,0.19,0,0,0,1,0,0,1
CLI-002277,0,9,180,85,47.2,11,2.9,7,0,1,0,8.1,4,1,7938.97,0.0,0,0.27,0,0,0,1,0,1,0
CLI-000400,0,8,56,29,51.8,13,1.1,6,1,0,3,16.3,3,0,1240.71,0.0,0,0.38,0,0,0,1,0,1,0
CLI-003304,0,1,50,28,56.0,19,3.4,6,0,1,1,8.5,5,0,1214.49,0.03,0,0.38,0,0,0,1,1,0,0
CLI-000499,0,11,44,26,59.1,8,3.3,17,2,3,6,5.5,4,1,3520.0,0.01,0,0.42,0,0,0,1,0,1,0
CLI-000247,0,12,32,20,50.0,18,0.9,6,3,0,3,10.65,3,0,480.0,0.0,0,0.38,0,0,0,1,0,1,0
CLI-003178,0,1,24,7,29.2,9,0.4,8,0,1,0,1.6,5,2,1037.37,0.03,0,0.31,0,1,0,0,1,0,0
CLI-001614,0,20,3,2,66.7,50,6.9,4,4,1,3,32.4,2,0,40.17,0.0,0,0.5,0,0,0,1,0,0,1
CLI-003536,0,9,32,5,15.6,4,1.1,3,3,7,0,27.2,3,0,296.92,0.03,0,0.38,1,0,0,0,0,1,0
CLI-001106,1,2,39,26,66.7,31,15.5,5,0,1,2,19.0,4,1,467.55,0.02,0,0.62,0,0,0,1,1,0,0
CLI-000811,0,5,14,3,21.4,1,0.1,16,2,2,5,4.9,2,0,1170.41,0.01,0,0.4,1,0,0,0,0,1,0
CLI-001878,0,10,114,57,50.0,28,13.9,7,4,0,1,4.9,3,0,4343.55,0.0,0,0.27,0,0,1,0,0,1,0
CLI-002850,1,18,2,1,50.0,18,11.2,4,2,0,6,32.6,2,0,22.56,0.0,0,0.5,1,0,0,0,0,0,1
CLI-000532,1,10,206,76,36.9,20,8.8,8,2,0,3,13.3,2,1,6176.21,0.0,0,0.5,1,0,0,0,0,1,0
CLI-003394,1,1,106,51,48.1,30,27.1,9,0,0,2,7.5,4,3,4752.64,0.0,0,0.35,0,1,0,0,1,0,0
CLI-001590,0,6,22,12,54.5,31,18.6,13,2,4,0,4.2,5,2,972.33,0.02,0,0.5,0,0,0,1,0,1,0
CLI-001302,1,3,215,98,50.0,3,1.1,8,0,30,2,7.1,4,2,11350.58,0.33,1,0.31,0,1,0,0,1,0,0
CLI-000466,0,5,13,6,46.2,22,4.5,14,3,3,3,4.6,3,4,966.43,0.02,0,0.35,0,0,0,1,0,1,0
CLI-000355,0,1,9,3,33.3,6,1.9,3,0,6,9,20.0,2,1,223.96,0.2,0,0.19,0,0,0,1,1,0,0
CLI-004539,0,22,6,3,50.0,14,14.1,9,9,2,1,8.3,5,0,152.57,0.0,0,0.56,0,0,1,0,0,0,1
CLI-000104,1,3,36,9,25.0,3,0.4,7,0,3,3,3.5,2,2,1745.29,0.03,0,0.27,1,0,0,0,1,0,0
CLI-001994,0,14,87,50,50.0,34,19.8,11,6,0,9,6.1,1,0,7102.34,0.0,0,0.28,0,0,0,1,0,0,1
CLI-002185,0,18,6,3,50.0,35,36.0,6,3,1,2,13.8,4,0,180.1,0.0,0,0.38,0,0,0,1,0,0,1
CLI-000832,0,16,174,68,39.1,15,7.8,10,3,1,0,0.5,5,0,14130.73,0.0,0,0.25,0,0,1,0,0,0,1
CLI-004235,1,11,1,0,0.0,0,0.0,0,0,39,4,23.6,4,0,12.35,0.12,1,0.0,1,0,0,0,0,1,0
CLI-004421,0,1,9,7,77.8,54,35.5,3,0,0,1,24.0,5,0,93.05,0.0,0,0.38,0,0,0,1,1,0,0
CLI-004139,1,12,10,0,0.0,0,5.7,0,0,79,0,8.9,4,0,197.9,0.22,1,0.0,0,0,0,1,0,1,0
CLI-000044,0,13,161,123,76.4,54,5.7,8,2,0,0,7.1,4,0,4601.55,0.0,0,0.5,0,0,0,1,0,0,1
CLI-000397,1,12,47,8,17.0,7,1.9,4,4,7,4,11.8,4,0,1163.48,0.02,0,0.25,1,0,0,0,0,1,0
CLI-000177,0,8,54,41,75.9,56,32.9,12,0,1,5,11.8,4,0,2940.98,0.0,0,0.46,0,1,0,0,0,1,0
CLI-000808,0,10,534,364,68.2,53,22.9,15,1,0,0,3.5,5,0,22229.74,0.0,0,0.58,0,0,0,1,0,1,0
CLI-003205,1,1,2,0,0.0,0,0.0,0,0,30,4,30.4,2,5,18.67,1.0,1,0.0,0,0,0,1,1,0,0
CLI-003151,1,13,33,3,9.1,1,0.1,2,0,30,4,4.8,4,0,1485.0,0.08,1,0.08,0,0,0,1,0,0,1
CLI-001870,1,6,11,6,54.5,22,2.0,3,0,2,5,37.4,1,1,118.85,0.01,0,0.38,1,0,0,0,0,1,0
CLI-001241,0,8,10,8,80.0,70,56.7,10,2,1,0,10.65,5,1,282.92,0.0,0,0.62,0,0,0,1,0,1,0
CLI-000202,0,22,34,18,52.9,18,10.1,9,4,2,2,7.7,4,0,1691.7,0.0,0,0.35,0,0,0,1,0,0,1
CLI-004774,0,12,64,37,57.8,31,15.1,4,6,0,4,29.2,2,0,893.18,0.0,0,0.5,0,0,0,1,0,1,0
CLI-002192,0,10,51,30,58.8,27,5.7,2,2,1,4,10.65,2,0,612.29,0.0,0,0.25,0,0,0,1,0,1,0
CLI-001804,0,12,34,18,52.9,36,21.2,19,4,1,0,2.1,3,0,2042.2,0.0,0,0.48,0,0,1,0,0,1,0
CLI-002209,0,14,50,14,28.0,2,0.1,5,5,10,3,8.7,2,0,1216.46,0.02,0,0.31,1,0,0,0,0,0,1
CLI-004118,1,10,8,1,12.5,1,0.1,0,3,17,4,34.3,2,0,80.47,0.06,0,0.0,1,0,0,0,0,1,0
CLI-000790,1,21,33,0,0.0,0,0.0,0,0,163,0,9.3,5,0,796.31,0.26,1,0.0,0,0,0,1,0,0,1
CLI-002737,1,14,572,302,52.8,4,0.4,11,4,2,5,3.8,2,0,51497.59,0.0,0,0.28,1,0,0,0,0,0,1
CLI-000936,0,1,417,229,54.9,14,6.3,12,2,2,0,1.2,5,4,41273.89,0.07,0,0.3,0,0,0,1,1,0,0
CLI-002352,0,11,27,4,14.8,1,0.2,1,3,10,1,26.1,3,1,324.0,0.03,0,0.12,1,0,0,0,0,1,0
CLI-004044,0,10,440,341,77.5,39,28.0,21,1,0,1,5.2,3,1,29685.5,0.0,0,0.52,0,1,0,0,0,1,0
CLI-003590,0,13,9,6,66.7,26,10.8,3,4,2,1,29.0,3,0,96.74,0.01,0,0.38,0,1,0,0,0,0,1
CLI-004020,0,4,8,5,62.5,24,10.3,3,3,2,3,22.5,4,1,110.61,0.02,0,0.38,0,0,0,1,0,1,0
CLI-002354,0,8,40,29,72.5,41,25.9,6,3,1,1,9.0,3,1,1094.58,0.0,0,0.38,0,0,0,1,0,1,0
CLI-000643,0,12,22,12,54.5,24,5.7,11,3,1,4,10.6,3,0,891.5,0.0,0,0.42,0,1,0,0,0,1,0
CLI-004691,0,7,52,46,88.5,71,66.5,8,0,0,2,14.6,4,1,1288.66,0.0,0,0.5,0,0,0,1,0,1,0
CLI-001688,0,22,43,26,60.5,13,9.1,9,2,8,0,0.5,4,0,2208.1,0.01,0,0.35,0,0,1,0,0,0,1
CLI-003382,0,29,46,21,45.7,24,12.7,13,3,1,3,7.1,4,0,2584.52,0.0,0,0.5,0,0,0,1,0,0,1
CLI-000877,0,14,134,67,50.0,22,10.9,5,1,0,5,26.6,3,0,3549.95,0.0,0,0.31,0,1,0,0,0,0,1
CLI-002920,0,6,45,37,82.2,65,44.4,10,1,0,0,7.5,5,1,1271.36,0.0,0,0.62,0,0,0,1,0,1,0
CLI-003087,0,13,438,139,31.7,11,4.1,11,2,0,1,1.9,5,0,18445.29,0.0,0,0.42,0,0,0,1,0,0,1
CLI-003020,0,19,13,4,30.8,7,3.7,2,2,1,1,10.65,5,0,324.22,0.0,0,0.12,0,0,0,1,0,0,1
CLI-000517,0,10,42,13,31.0,8,3.7,4,1,2,3,5.6,2,0,1590.55,0.01,0,0.15,1,0,0,0,0,1,0
CLI-001909,0,14,55,47,85.5,39,15.8,5,3,0,0,7.8,4,0,1322.53,0.0,0,0.31,0,0,1,0,0,0,1
CLI-003279,1,1,30,18,60.0,40,5.2,6,0,0,0,10.65,3,4,628.8,0.0,0,0.38,0,0,0,1,1,0,0
CLI-002532,1,6,167,69,41.3,11,5.7,12,1,2,3,6.4,4,0,8488.3,0.01,0,0.46,0,0,0,1,0,1,0
CLI-000531,0,19,5,1,20.0,3,1.7,4,4,6,2,7.7,4,0,101.79,0.01,0,0.25,1,0,0,0,0,0,1
CLI-001304,1,16,7,4,57.1,33,19.3,4,3,2,2,19.3,5,0,79.23,0.0,0,0.5,0,0,1,0,0,0,1
CLI-004145,0,27,6,4,66.7,39,15.5,7,3,1,0,7.2,5,0,174.47,0.0,0,0.44,0,0,0,1,0,0,1
CLI-000647,0,12,5,2,40.0,31,17.4,17,1,0,1,3.9,3,0,293.03,0.0,0,0.65,0,0,0,1,0,1,0
CLI-004440,1,8,52,45,86.5,72,42.1,18,0,1,6,13.0,2,0,2446.67,0.0,0,0.69,0,0,0,1,0,1,0
CLI-003142,1,11,31,10,32.3,10,2.3,13,1,0,1,5.8,3,1,1395.0,0.0,0,0.5,0,0,0,1,0,1,0
CLI-004761,0,16,25,6,24.0,1,0.1,4,5,13,0,1.4,5,0,1334.48,0.03,0,0.15,0,0,0,1,0,0,1
CLI-001152,0,19,276,71,25.7,1,0.3,2,4,8,0,2.0,4,0,20600.81,0.01,0,0.05,0,0,1,0,0,0,1
CLI-004343,0,18,501,310,61.9,6,2.8,12,2,3,3,8.1,5,0,42893.88,0.01,0,0.3,0,0,0,1,0,0,1
CLI-001451,0,20,3,2,66.7,12,2.3,6,2,0,8,10.65,3,0,83.53,0.0,0,0.38,0,0,0,1,0,0,1
CLI-004775,1,17,45,0,0.0,0,0.0,0,0,77,7,10.1,1,0,2045.99,0.15,1,0.0,1,0,0,0,0,0,1
CLI-003563,0,14,10,5,50.0,17,12.0,4,5,3,0,8.0,3,1,248.47,0.01,0,0.25,0,0,1,0,0,0,1
CLI-004411,0,14,7,6,85.7,57,24.7,5,3,3,2,19.1,3,0,186.47,0.01,0,0.31,0,1,0,0,0,0,1
CLI-002273,0,21,35,19,54.3,25,16.5,4,7,2,5,17.0,2,0,1020.98,0.0,0,0.25,1,0,0,0,0,0,1
CLI-002875,0,4,193,68,35.2,1,5.7,8,0,12,5,10.4,2,1,8643.54,0.1,0,0.31,0,0,0,1,0,1,0
CLI-003915,0,23,30,26,86.7,62,27.8,24,5,0,3,4.8,4,0,2829.45,0.0,0,0.6,0,0,1,0,0,0,1
CLI-003164,0,16,43,27,62.8,27,17.7,6,5,1,4,10.65,3,0,1062.98,0.0,0,0.38,0,0,0,1,0,0,1
CLI-003745,1,7,10,3,30.0,15,6.8,1,0,1,4,21.0,1,1,191.3,0.0,0,0.06,0,0,0,1,0,1,0
CLI-000644,0,13,10,1,10.0,1,0.3,0,7,1,0,9.0,5,0,99.4,0.0,0,0.0,0,0,0,1,0,0,1
CLI-003492,0,13,8,5,62.5,24,10.5,2,2,0,2,28.3,4,0,94.17,0.0,0,0.25,0,0,0,1,0,0,1
CLI-001034,1,15,54,0,50.0,0,0.0,0,0,60,2,10.2,3,0,2457.24,0.13,1,0.0,0,0,0,1,0,0,1
CLI-001387,0,6,10,3,30.0,6,5.7,8,0,1,0,7.4,4,1,205.1,0.01,0,0.5,0,1,0,0,0,1,0
CLI-004407,1,7,10,5,50.0,17,10.5,3,2,1,1,19.5,4,0,129.95,0.0,0,0.38,0,0,0,1,0,1,0
CLI-001690,1,10,2,1,50.0,1,0.3,2,1,30,8,21.3,1,2,38.14,0.1,1,0.12,1,0,0,0,0,1,0
CLI-004219,0,1,93,75,80.6,71,25.1,9,0,2,0,8.9,4,4,2173.71,0.07,0,0.56,0,1,0,0,1,0,0
CLI-003105,1,4,193,115,59.6,20,5.7,8,0,1,1,10.65,3,2,8911.93,0.01,0,0.31,0,0,0,1,0,1,0
CLI-000420,0,15,5,2,40.0,14,4.9,5,7,1,2,11.1,3,0,101.36,0.0,0,0.31,0,0,0,1,0,0,1
CLI-001036,1,17,7,0,0.0,0,0.0,0,2,42,3,11.8,2,0,191.29,0.08,1,0.0,0,0,0,1,0,0,1
CLI-002170,1,1,154,30,19.5,1,0.7,1,0,23,2,11.0,3,6,3608.63,0.77,0,0.06,0,0,0,1,1,0,0
CLI-001318,0,10,589,226,38.4,10,2.5,5,2,0,2,18.2,2,0,13368.38,0.0,0,0.31,0,0,0,1,0,1,0
CLI-000175,1,1,47,0,0.0,0,0.0,0,0,30,2,10.7,4,2,837.88,1.0,1,0.0,0,0,0,1,1,0,0
CLI-003230,0,18,31,18,58.1,36,16.8,16,3,1,2,6.1,3,0,1327.32,0.0,0,0.62,0,0,0,1,0,0,1
CLI-001958,0,16,6,4,66.7,47,39.0,12,2,2,2,13.1,3,0,158.31,0.0,0,0.75,0,0,1,0,0,0,1
CLI-002078,0,14,2,1,50.0,18,10.0,5,1,5,3,25.9,3,0,27.91,0.01,0,0.62,0,0,0,1,0,0,1
CLI-004884,0,4,17,8,47.1,21,5.7,3,2,1,0,21.9,3,0,223.48,0.01,0,0.38,0,0,0,1,0,1,0
CLI-001917,0,11,42,32,76.2,77,27.8,19,2,0,7,1.5,4,0,3440.25,0.0,0,0.48,0,0,0,1,0,1,0
CLI-001794,0,13,53,7,13.2,1,0.1,2,3,23,1,6.6,1,0,2185.58,0.06,0,0.08,0,0,0,1,0,0,1
CLI-004551,1,15,39,15,38.5,18,4.6,3,1,4,4,16.8,3,1,949.17,0.01,0,0.19,0,0,0,1,0,0,1
CLI-000016,0,1,136,20,14.7,1,0.2,4,0,26,2,4.9,3,3,3693.38,0.87,0,0.15,0,0,0,1,1,0,0
CLI-001752,0,18,2,1,50.0,10,4.0,5,6,1,0,1.5,5,0,49.05,0.0,0,0.31,0,0,1,0,0,0,1
CLI-000419,0,9,11,7,63.6,33,19.5,3,3,2,2,10.65,4,1,100.31,0.01,0,0.38,0,0,0,1,0,1,0
CLI-003219,0,14,56,45,80.4,74,55.3,5,1,0,2,24.8,4,0,695.36,0.0,0,0.62,0,1,0,0,0,0,1
CLI-004608,0,6,35,19,54.3,19,11.2,5,2,1,0,7.0,5,3,979.2,0.01,0,0.31,0,1,0,0,0,1,0
CLI-003123,0,10,22,3,13.6,1,0.1,1,8,6,2,10.65,3,0,583.14,0.02,0,0.06,1,0,0,0,0,1,0
CLI-000963,0,12,101,26,25.7,7,1.0,14,3,4,2,4.3,3,1,8681.21,0.01,0,0.35,0,0,0,1,0,1,0
CLI-001021,0,1,4,1,25.0,1,0.3,1,0,8,1,33.6,2,1,32.68,0.27,0,0.12,0,0,0,1,1,0,0
CLI-001094,1,6,57,0,0.0,0,0.0,0,0,57,1,6.7,4,4,2939.08,0.32,1,0.0,1,0,0,0,0,1,0
CLI-003493,0,4,6,4,66.7,41,29.9,3,1,2,3,33.0,2,1,74.86,0.02,0,0.38,1,0,0,0,0,1,0
CLI-002271,0,8,5,4,80.0,34,5.7,4,2,2,4,30.3,3,0,64.66,0.01,0,0.5,0,1,0,0,0,1,0
CLI-001925,0,4,26,10,38.5,5,0.9,5,0,15,1,14.5,5,2,571.87,0.12,0,0.31,0,0,0,1,0,1,0
CLI-004619,0,35,4,2,50.0,14,7.9,5,8,0,2,16.6,1,0,116.65,0.0,0,0.31,0,0,0,1,0,0,1
CLI-001143,0,21,7,2,28.6,1,0.1,1,7,8,0,13.3,4,0,86.26,0.01,0,0.12,0,0,1,0,0,0,1
CLI-001905,0,16,11,6,54.5,14,5.7,2,3,1,0,11.7,4,0,129.8,0.0,0,0.25,0,0,0,1,0,0,1
CLI-000702,0,13,120,47,39.2,7,0.4,5,2,2,1,6.7,4,0,3262.24,0.01,0,0.31,0,0,0,1,0,0,1
CLI-002366,0,8,26,12,46.2,6,2.5,21,1,2,1,3.3,4,0,2308.87,0.01,0,0.52,0,1,0,0,0,1,0
CLI-001996,0,4,23,14,60.9,32,13.1,3,0,1,0,8.7,4,2,616.85,0.01,0,0.19,0,0,0,1,0,1,0
CLI-004130,0,9,54,11,20.4,1,0.3,1,1,2,1,16.9,5,0,613.21,0.01,0,0.12,1,0,0,0,0,1,0
CLI-000527,0,5,54,43,79.6,63,49.1,10,0,1,6,16.0,4,1,1401.41,0.01,0,0.62,0,0,0,1,0,1,0
CLI-002311,1,1,32,12,37.5,1,0.1,9,0,30,2,10.65,2,3,1591.43,1.0,1,0.35,1,0,0,0,1,0,0
CLI-002972,0,11,34,24,70.6,49,22.4,3,2,1,0,20.8,5,0,416.14,0.0,0,0.38,0,0,0,1,0,1,0
CLI-002612,0,5,54,23,42.6,18,15.7,8,1,3,1,9.0,2,1,2507.4,0.02,0,0.31,1,0,0,0,0,1,0
CLI-003890,1,15,8,3,37.5,17,8.0,2,5,1,4,32.1,3,0,72.56,0.0,0,0.25,0,0,0,1,0,0,1
CLI-001261,0,19,184,160,87.0,79,5.7,12,4,4,0,1.8,3,0,9183.04,0.01,0,0.46,0,0,0,1,0,0,1
CLI-003134,0,7,44,16,36.4,6,1.0,10,6,5,6,8.1,3,1,1933.17,0.02,0,0.38,0,0,0,1,0,1,0
CLI-003218,0,8,14,10,71.4,46,9.0,5,2,2,1,13.2,3,1,383.52,0.01,0,0.31,0,0,0,1,0,1,0
CLI-003069,1,8,47,0,0.0,0,0.0,0,0,42,5,26.7,3,1,494.44,0.18,1,0.0,1,0,0,0,0,1,0
CLI-000334,0,11,35,23,65.7,30,5.7,7,2,0,4,13.7,4,1,984.17,0.0,0,0.44,0,1,0,0,0,1,0
CLI-003435,0,12,7,2,28.6,1,0.5,2,1,26,0,13.9,5,1,68.9,0.07,0,0.25,0,0,0,1,0,1,0
CLI-003756,0,11,131,96,73.3,47,35.9,16,4,1,5,2.9,4,1,11570.21,0.0,0,0.4,0,0,0,1,0,1,0
CLI-000088,0,23,51,38,74.5,71,42.8,14,5,2,2,8.3,4,0,2285.88,0.0,0,0.54,0,0,0,1,0,0,1
CLI-000728,1,5,156,16,10.3,1,0.4,6,2,30,7,2.7,3,1,10370.87,0.2,1,0.15,0,0,0,1,0,1,0
CLI-003355,0,23,12,7,58.3,35,24.1,3,2,1,3,12.8,3,0,385.71,0.0,0,0.19,0,1,0,0,0,0,1
CLI-001733,1,1,2,0,0.0,0,5.7,0,0,30,1,24.3,3,2,26.44,1.0,1,0.0,0,0,0,1,1,0,0
CLI-000459,1,4,51,0,0.0,0,0.0,0,0,42,0,17.9,3,2,496.83,0.35,1,0.0,0,0,0,1,0,1,0
CLI-000046,1,13,6,1,16.7,1,0.1,3,2,2,2,25.5,3,0,72.0,0.01,0,0.38,0,0,0,1,0,0,1
CLI-003280,1,23,130,0,0.0,0,0.0,0,2,70,3,6.6,5,0,6007.5,0.1,1,0.0,0,0,0,1,0,0,1
CLI-000442,0,14,217,157,72.4,53,37.4,9,3,1,0,5.2,5,1,17360.0,0.0,0,0.22,0,0,0,1,0,0,1
CLI-000711,0,15,15,5,33.3,5,0.3,2,7,1,4,32.7,3,0,180.66,0.0,0,0.25,0,0,0,1,0,0,1
CLI-001891,1,6,37,31,83.8,55,29.5,6,0,4,7,13.1,3,0,991.91,0.02,0,0.38,1,0,0,0,0,1,0
CLI-000583,0,15,267,134,50.2,23,10.3,16,3,1,1,6.1,5,0,14780.41,0.0,0,0.62,0,0,1,0,0,0,1
CLI-001864,0,16,450,247,54.9,31,4.0,9,3,1,5,6.6,3,0,19063.05,0.0,0,0.35,0,0,0,1,0,0,1
CLI-003916,0,15,33,22,66.7,27,11.9,8,3,2,2,9.2,3,0,1681.1,0.0,0,0.31,0,0,0,1,0,0,1
CLI-003117,0,11,2,1,50.0,13,10.2,6,1,0,1,10.65,5,1,46.14,0.0,0,0.38,0,0,0,1,0,1,0
CLI-003568,0,1,1,1,50.0,37,9.9,7,1,1,0,10.65,4,2,39.83,0.03,0,0.27,0,0,0,1,1,0,0
CLI-002599,1,13,2,1,50.0,27,16.4,3,3,1,1,24.8,3,0,23.16,0.0,0,0.38,0,1,0,0,0,0,1
CLI-004028,0,1,13,0,0.0,0,0.0,0,0,30,0,3.9,4,1,304.13,1.0,1,0.0,0,0,0,1,1,0,0
CLI-003160,1,16,55,0,0.0,0,0.0,0,0,47,0,5.5,5,0,2138.58,0.1,1,0.0,0,0,0,1,0,0,1
CLI-002602,0,4,49,33,67.3,28,21.9,3,1,0,1,23.1,4,1,626.4,0.0,0,0.38,0,0,0,1,0,1,0
CLI-002879,0,15,618,394,63.8,31,14.8,13,2,1,2,5.7,3,0,28656.13,0.0,0,0.5,0,0,0,1,0,0,1
CLI-003443,0,20,3,2,66.7,35,17.8,3,5,1,1,23.3,5,0,41.19,0.0,0,0.38,0,0,1,0,0,0,1
CLI-001421,1,11,6,0,0.0,0,0.0,0,0,54,3,14.9,4,0,167.16,0.16,1,0.0,1,0,0,0,0,1,0
CLI-002743,1,1,11,4,36.4,1,0.1,1,0,20,5,49.2,1,1,128.37,0.67,0,0.12,0,0,0,1,1,0,0
CLI-002105,0,17,22,10,45.5,16,8.9,4,6,0,0,11.2,2,0,583.78,0.0,0,0.25,1,0,0,0,0,0,1
CLI-000923,0,13,10,8,80.0,56,10.4,15,2,0,5,9.6,3,0,450.64,0.0,0,0.58,0,0,0,1,0,0,1
CLI-002866,0,17,1,1,100.0,61,37.3,5,2,1,4,19.5,1,0,32.11,0.0,0,0.31,1,0,0,0,0,0,1
CLI-002085,0,18,12,4,33.3,4,0.2,7,4,2,2,8.5,3,0,310.4,0.0,0,0.44,0,1,0,0,0,0,1
CLI-001391,0,19,10,6,60.0,30,8.6,3,2,0,1,25.3,2,0,157.2,0.0,0,0.38,0,0,0,1,0,0,1
CLI-001166,0,17,171,119,69.6,36,5.7,15,2,2,0,8.1,5,0,8140.19,0.0,0,0.58,0,1,0,0,0,0,1
CLI-001273,1,18,10,3,30.0,2,0.1,5,2,1,5,10.65,3,0,484.84,0.0,0,0.19,0,1,0,0,0,0,1
CLI-003707,0,26,32,17,53.1,30,17.8,6,3,1,5,18.1,2,0,1007.09,0.0,0,0.38,0,0,0,1,0,0,1
CLI-004659,0,5,132,51,38.6,11,2.9,23,2,1,0,0.7,4,1,9905.71,0.01,0,0.57,0,1,0,0,0,1,0
CLI-001809,0,29,675,490,72.6,54,28.8,10,4,1,0,3.1,5,0,37686.36,0.0,0,0.38,0,0,0,1,0,0,1
CLI-002856,1,1,34,12,35.3,1,0.3,4,0,19,6,16.8,4,1,647.44,0.63,0,0.25,0,0,0,1,1,0,0
CLI-000972,0,7,14,8,57.1,35,23.1,4,0,1,0,12.1,5,0,169.04,0.0,0,0.5,0,1,0,0,0,1,0
CLI-000461,0,2,16,14,87.5,57,5.7,15,0,1,2,7.8,3,1,765.76,0.02,0,0.58,0,0,0,1,1,0,0
CLI-004061,0,10,9,6,66.7,45,29.6,8,2,1,1,8.1,4,0,236.09,0.0,0,0.5,0,1,0,0,0,1,0
CLI-001816,0,11,29,25,86.2,55,5.7,13,2,1,2,10.65,5,0,1605.58,0.0,0,0.5,0,0,0,1,0,1,0
CLI-002898,0,21,29,21,72.4,74,41.9,8,5,1,1,3.1,4,0,1216.86,0.0,0,0.31,0,0,1,0,0,0,1
CLI-004633,0,9,26,17,65.4,47,5.0,26,1,0,0,4.6,4,2,2183.41,0.0,0,0.65,0,0,0,1,0,1,0
CLI-000779,0,17,1,1,50.0,15,0.8,10,4,5,3,6.0,2,0,50.66,0.01,0,0.38,0,0,0,1,0,0,1
CLI-003848,0,10,29,13,50.0,10,3.4,2,2,2,1,11.1,5,2,744.59,0.01,0,0.12,0,0,0,1,0,1,0
CLI-000640,0,6,11,10,50.0,89,35.6,8,0,1,4,16.1,4,0,316.91,0.01,0,0.5,0,0,0,1,0,1,0
CLI-002069,0,1,52,42,80.8,56,44.2,13,0,1,0,7.0,4,1,1985.35,0.03,0,0.5,0,0,0,1,1,0,0
CLI-000508,1,1,715,141,19.7,3,1.3,2,0,1,4,12.0,3,2,17286.54,0.03,0,0.12,0,0,0,1,1,0,0
CLI-004888,0,4,54,13,24.1,1,0.1,5,1,3,0,5.1,5,1,2422.62,0.02,0,0.19,1,0,0,0,0,1,0
CLI-000991,0,8,59,35,59.3,17,7.6,7,2,1,2,10.8,4,2,1697.06,0.0,0,0.44,0,0,0,1,0,1,0
CLI-004523,1,8,7,1,14.3,1,0.1,2,1,6,2,29.8,3,0,68.0,0.02,0,0.25,0,0,0,1,0,1,0
CLI-003628,1,10,43,18,50.0,7,5.7,3,2,2,0,13.2,3,0,437.33,0.01,0,0.38,0,1,0,0,0,1,0
CLI-004807,0,19,894,108,12.1,1,0.1,3,1,30,3,1.1,2,0,67990.64,0.05,1,0.08,1,0,0,0,0,0,1
CLI-001032,1,20,460,130,28.3,4,0.5,18,4,8,6,4.2,2,0,41945.48,0.01,0,0.45,1,0,0,0,0,0,1
CLI-002596,0,27,3,2,50.0,80,68.4,13,8,1,0,1.1,4,0,176.4,0.0,0,0.5,0,0,1,0,0,0,1
CLI-001575,0,1,110,52,47.3,20,4.3,15,0,1,2,6.8,3,0,8067.11,0.03,0,0.38,0,0,0,1,1,0,0
CLI-003940,0,23,42,29,50.0,59,23.5,6,3,0,0,10.65,5,0,1163.33,0.0,0,0.38,0,0,1,0,0,0,1
CLI-003630,0,16,57,38,66.7,31,17.2,8,0,0,1,5.7,5,1,1395.89,0.0,0,0.5,0,1,0,0,0,0,1
CLI-001589,0,7,26,11,42.3,9,3.2,1,2,10,3,4.5,3,1,954.77,0.05,0,0.04,0,1,0,0,0,1,0
CLI-000169,1,5,154,20,13.0,1,0.3,6,0,0,4,8.2,3,1,6448.26,0.0,0,0.23,0,0,0,1,0,1,0
CLI-004420,0,9,7,6,50.0,51,29.1,8,1,0,1,18.2,3,3,162.37,0.0,0,0.5,0,0,0,1,0,1,0
CLI-001940,0,14,421,294,69.8,42,33.1,6,3,3,0,7.8,4,0,11403.25,0.01,0,0.38,0,0,1,0,0,0,1
CLI-004772,0,18,2,1,50.0,14,1.3,7,1,1,3,10.65,4,0,51.66,0.0,0,0.44,0,1,0,0,0,0,1
CLI-004717,0,17,15,6,40.0,31,18.9,10,4,0,0,9.3,3,0,703.81,0.0,0,0.38,0,1,0,0,0,0,1
CLI-003004,0,10,30,5,16.7,1,0.2,1,3,2,1,8.6,4,0,772.64,0.01,0,0.06,0,0,0,1,0,1,0
CLI-004503,0,12,6,3,50.0,16,4.1,2,2,1,4,26.5,4,0,47.92,0.0,0,0.25,0,0,1,0,0,1,0
CLI-001758,0,12,43,6,14.0,1,0.1,3,1,19,5,9.7,2,0,1987.42,0.05,0,0.12,0,0,0,1,0,1,0
CLI-003137,0,16,51,16,31.4,14,4.7,5,2,0,5,11.3,2,0,1412.86,0.0,0,0.31,1,0,0,0,0,0,1
CLI-000927,0,9,32,12,37.5,16,8.0,6,0,3,2,9.4,4,0,739.13,0.01,0,0.38,0,1,0,0,0,1,0
CLI-001914,1,18,4,1,25.0,2,0.8,2,3,28,0,20.5,4,0,54.0,0.05,0,0.25,0,1,0,0,0,0,1
CLI-000838,1,6,2,1,50.0,6,1.6,3,0,5,6,40.2,1,1,20.96,0.03,0,0.38,1,0,0,0,0,1,0
CLI-001570,1,7,8,3,37.5,3,0.9,0,1,15,1,8.0,4,0,204.35,0.07,0,0.0,0,0,0,1,0,1,0
CLI-002970,0,15,219,51,23.3,1,0.4,3,4,8,0,1.9,3,0,11039.41,0.02,0,0.12,1,0,0,0,0,0,1
CLI-002482,0,11,4,1,25.0,1,0.2,0,4,4,2,10.8,5,3,93.07,0.01,0,0.0,0,0,0,1,0,1,0
CLI-003903,0,16,7,4,57.1,29,14.6,2,5,1,1,31.4,3,0,85.26,0.0,0,0.25,0,1,0,0,0,0,1
CLI-003668,0,24,57,25,43.9,15,7.9,2,3,2,2,18.1,4,0,1525.67,0.0,0,0.12,0,0,1,0,0,0,1
CLI-001126,0,5,2,1,50.0,6,1.6,1,3,7,1,7.2,3,0,78.34,0.05,0,0.04,0,0,0,1,0,1,0
CLI-000179,1,14,671,211,31.4,1,0.1,7,1,11,7,10.65,4,0,54958.69,0.03,0,0.18,1,0,0,0,0,0,1
CLI-002217,1,36,55,0,0.0,0,0.0,0,0,73,0,4.9,3,0,3019.79,0.07,1,0.0,1,0,0,0,0,0,1
CLI-002438,1,10,11,0,0.0,0,0.0,0,0,147,0,16.1,4,0,133.33,0.49,1,0.0,0,0,0,1,0,1,0
CLI-000341,0,18,8,5,62.5,30,20.1,4,5,2,4,28.6,3,0,118.77,0.0,0,0.5,0,0,0,1,0,0,1
CLI-003969,1,12,10,4,40.0,1,0.2,1,3,12,7,37.3,2,0,130.59,0.03,0,0.12,1,0,0,0,0,1,0
CLI-001631,0,14,11,2,18.2,6,2.2,1,3,1,1,10.65,4,1,127.58,0.0,0,0.12,0,0,0,1,0,0,1
CLI-003412,1,16,8,6,75.0,39,18.1,2,0,2,10,39.3,2,0,74.82,0.0,0,0.25,1,0,0,0,0,0,1
CLI-003808,0,5,29,16,55.2,22,11.2,6,1,0,1,10.8,3,1,895.74,0.0,0,0.38,0,1,0,0,0,1,0
